-0.9975,2.,0.,0.,0.,0.,0.,0.,0.
-0.9925,2.,0.,0.,0.,0.,0.,0.,0.
-0.9875,2.,0.,0.,0.,0.,0.,0.,0.
-0.9825,2.,0.,0.,0.,0.,0.,0.,0.
-0.9775,2.,0.,0.,0.,0.,0.,0.,0.
-0.9725,2.,0.,0.,0.,0.,0.,0.,0.
-0.9675,2.,0.,0.,0.,0.,0.,0.,0.
-0.9625,2.,0.,0.,0.,0.,0.,0.,0.
-0.9575,2.,0.,0.,0.,0.,0.,0.,0.
-0.9525,2.,0.,0.,0.,0.,0.,0.,0.
-0.9475,2.,0.,0.,0.,0.,0.,0.,0.
-0.9425,2.,0.,0.,0.,0.,0.,0.,0.
-0.9375,2.,0.,0.,0.,0.,0.,0.,0.
-0.9325,2.,0.,0.,0.,0.,0.,0.,0.
-0.9275,2.,0.,0.,0.,0.,0.,0.,0.
-0.9225,2.,0.,0.,0.,0.,0.,0.,0.
-0.9175,2.,0.,0.,0.,0.,0.,0.,0.
-0.9125,2.,0.,0.,0.,0.,0.,0.,0.
-0.9075,2.,0.,0.,0.,0.,0.,0.,0.
-0.9025,2.,0.,0.,0.,0.,0.,0.,0.
-0.8975,2.,0.,0.,0.,0.,0.,0.,0.
-0.8925,2.,0.,0.,0.,0.,0.,0.,0.
-0.8875,2.,0.,0.,0.,0.,0.,0.,0.
-0.8825,2.,0.,0.,0.,0.,0.,0.,0.
-0.8775,2.,0.,0.,0.,0.,0.,0.,0.
-0.8725,2.,0.,0.,0.,0.,0.,0.,0.
-0.8674999999999999,2.,0.,0.,0.,0.,0.,0.,0.
-0.8625,2.,0.,0.,0.,0.,0.,0.,0.
-0.8574999999999999,2.,0.,0.,0.,0.,0.,0.,0.
-0.8525,2.,0.,0.,0.,0.,0.,0.,0.
-0.8475,2.,0.,0.,0.,0.,0.,0.,0.
-0.8425,2.,0.,0.,0.,0.,0.,0.,0.
-0.8375,2.,0.,0.,0.,0.,0.,0.,0.
-0.8325,2.,0.,0.,0.,0.,0.,0.,0.
-0.8275,2.,0.,0.,0.,0.,0.,0.,0.
-0.8225,2.,0.,0.,0.,0.,0.,0.,0.
-0.8175,2.,0.,0.,0.,0.,0.,0.,0.
-0.8125,2.,0.,0.,0.,0.,0.,0.,0.
-0.8075,2.,0.,0.,0.,0.,0.,0.,0.
-0.8025,2.,0.,0.,0.,0.,0.,0.,0.
-0.7975,2.,0.,0.,0.,0.,0.,0.,0.
-0.7925,2.,0.,0.,0.,0.,0.,0.,0.
-0.7875,2.,0.,0.,0.,0.,0.,0.,0.
-0.7825,2.,0.,0.,0.,0.,0.,0.,0.
-0.7775,2.,6.685314506541898e-17,-3.9627472519556803e-20,-3.765852874479036e-20,-3.486277450039364e-20,-3.141170146808961e-20,-2.750698844988044e-20,-2.3362006329343305e-20
-0.7725,1.999999999999999,6.098678259117689e-16,-6.244898257965838e-19,-5.840105088826905e-19,-5.277682637501808e-19,-4.6042288982403115e-19,-3.871472335249386e-19,-3.1299257034627987e-19
-0.7675,1.9999999999999967,1.855784653706316e-15,-2.5313269812287332e-18,-2.347939184148193e-18,-2.09552234430358e-18,-1.797280842476662e-18,-1.4784041078680045e-18,-1.162701151049196e-18
-0.7625,1.9999999999999911,5.747748159297922e-15,-8.23407370849494e-18,-7.607640612430175e-18,-6.750263714057815e-18,-5.745173379571763e-18,-4.681286573018171e-18,-3.6407283378598115e-18
-0.7575000000000001,1.9999999999999645,2.441266645291443e-14,-3.207479090875245e-17,-2.970224660293051e-17,-2.6445413265461002e-17,-2.261257533879948e-17,-1.853643970728303e-17,-1.452792981238605e-17
-0.7525,1.9999999999998317,1.1804327020106565e-13,-1.5195687045892573e-16,-1.400819821331946e-16,-1.240428799465046e-16,-1.0553787263751929e-16,-8.626287152683498e-17,-6.765517360828694e-17
-0.7475,1.999999999999102,6.333405647540576e-13,-7.781288059852653e-16,-7.214571230375478e-16,-6.436663739522574e-16,-5.520864928772026e-16,-4.54589481060477e-16,-3.585014525361909e-16
-0.7424999999999999,1.9999999999951092,3.454503385538262e-12,-4.1986955876382074e-15,-3.894210849133244e-15,-3.4764439485166e-15,-2.9847740531111923e-15,-2.461278134198174e-15,-1.944924484869846e-15
-0.7375,1.9999999999732823,1.8877416865612278e-11,-2.291736187043857e-14,-2.1256455226748983e-14,-1.8977685147667837e-14,-1.6295825657970256e-14,-1.344025089627941e-14,-1.0623289581630936e-14
-0.7324999999999999,1.99999999985436,1.0290641080890826e-10,-1.2497690440368054e-13,-1.1592568006744012e-13,-1.0350496243539292e-13,-8.888369620125345e-14,-7.331147498924318e-14,-5.794634519465002e-14
-0.7275,1.9999999992077644,5.597813573148701e-10,-6.805578533142268e-13,-6.312432405618982e-13,-5.635753387559538e-13,-4.839264348059567e-13,-3.9910644935326136e-13,-3.154242449401478e-13
-0.7224999999999999,1.9999999957012489,3.0374308327555786e-9,-3.696986829414339e-12,-3.4289503708041397e-12,-3.0611781286573413e-12,-2.628321337568361e-12,-2.1674068839892566e-12,-1.7127309401407578e-12
-0.7175,1.9999999767268593,1.6444434921095024e-8,-2.0036200376232626e-11,-1.858277303290524e-11,-1.658864129045827e-11,-1.424179352325909e-11,-1.1743074939200662e-11,-9.278476493532031e-12
-0.7124999999999999,1.9999998742489904,8.885363581051485e-8,-1.0836179839501358e-10,-1.0049749480816578e-10,-8.97080544520763e-11,-7.701110044273091e-11,-6.349370128818842e-11,-5.016232541177576e-11
-0.7075,1.999999321742741,4.79245385412033e-7,-5.849294024148766e-10,-5.424625649228182e-10,-4.842023228760942e-10,-4.1564559369019076e-10,-3.4266384198661846e-10,-2.7069241899576846e-10
-0.7025,1.999996347305403,2.5809324982090216e-6,-3.1510818106835596e-9,-2.9223144970461155e-9,-2.6084636446203207e-9,-2.239137677574396e-9,-1.8459648957552987e-9,-1.4582272746446265e-9
-0.6975,1.9999803461523147,0.000013887073106311311,-1.6916872387217145e-8,-1.5691488589664423e-8,-1.400985388075775e-8,-1.2030170892408572e-8,-9.921597059007553e-9,-7.840952522391829e-9
-0.6925,1.9998943929169473,0.0000746200598713881,-8.969973543424929e-8,-8.328682190901062e-8,-7.447156358377252e-8,-6.407028309304354e-8,-5.296032195339034e-8,-4.196098524776615e-8
-0.6875,1.9994436234266635,0.0003931171969267115,-4.513863731506042e-7,-4.208038299612512e-7,-3.784696678932217e-7,-3.2804106692038364e-7,-2.7353959228674697e-7,-2.188416189845082e-7
-0.6825,1.9981434587421436,0.0013119637093044832,-1.8693842830928874e-6,-1.732050594589368e-6,-1.5431640281442119e-6,-1.3202578328847312e-6,-1.0823702529879446e-6,-8.474828051826128e-7
-0.6775,1.9960057502512316,0.0028226001823945523,-5.335200449365503e-6,-4.8898036310498186e-6,-4.2851661329668776e-6,-3.584723915779269e-6,-2.855084518692235e-6,-2.1560917247611714e-6
-0.6725,1.9931570897599398,0.004836063838703806,-0.000011550004943559826,-0.000010470801514634577,-9.025086377626832e-6,-7.381472779714537e-6,-5.710806276610138e-6,-4.1584712340262366e-6
-0.6675,1.9897831160264303,0.007221507260200975,-0.000021057302284113727,-0.000018889188253283094,-0.00001602146276699277,-0.000012819424997274007,-9.640530339471566e-6,-6.7726716249242704e-6
-0.6625,1.9860958966105224,0.009829240186991108,-0.0000341505751058189,-0.000030321161046666925,-0.00002531775740984341,-0.000019827454014163828,-0.000014499900545756196,-9.829635708655608e-6
-0.6575,1.982287790533966,0.012523232859414594,-0.00005091902052372895,-0.00004475474276841619,-0.000036796317169813584,-0.00002821067970831958,-0.0000200640511830582,-0.000013121768481828749
-0.6525,1.9784979281894555,0.01520487393746314,-0.00007128565484371572,-0.0000620343298608985,-0.00005022913098578175,-0.00003770424261046094,-0.000026079064083498266,-0.00001644634096357592
-0.6475,1.9747968325014638,0.017824016635782553,-0.00009507428400675247,-0.00008192805890581639,-0.00006534337758650549,-0.00004803310703764373,-0.00003231145669732455,-0.00001964109338849458
-0.6425000000000001,1.9711941347407385,0.0203736952520876,-0.0001220848971626164,-0.00010419741637638749,-0.00008188186347960811,-0.000058959998711893136,-0.00003858123346533164,-0.00002260197236805872
-0.6375,1.9676610754287749,0.022874272151655054,-0.00015214994732671555,-0.0001286456679258656,-0.00009964040405152314,-0.00007030963385163785,-0.000044772564351743015,-0.00002528199835638456
-0.6325000000000001,1.9641573329963982,0.025354402418948797,-0.00018515655418130926,-0.00015513398067566574,-0.00011847579407454724,-0.00008196768751341651,-0.00005082452981741784,-0.000027676293129069246
-0.6275,1.9606515802971913,0.027836394689131,-0.00022104050489848038,-0.00018357212134006182,-0.00013829239240815532,-0.0000938634313235056,-0.00005671116499291238,-0.000029801952625664626
-0.6225,1.957130490561162,0.030329769813600107,-0.0002597661601601452,-0.00021389743108175092,-0.00015902027094641613,-0.00010594778467480157,-0.00006242082612422915,-0.00003168059861574894
-0.6174999999999999,1.95359632043394,0.03283294936210551,-0.0003013054444201155,-0.0002460546191652993,-0.0001805963515469496,-0.00011817652705733845,-0.00006794243608904525,-0.000033328661585420836
-0.6125,1.9500584522450328,0.035339259924302334,-0.0003456248530832509,-0.0002799841434678274,-0.00020295469328444058,-0.0001305029349547548,-0.00007326086789041442,-0.00003475577589096281
-0.6074999999999999,1.9465253254333326,0.03784268487596453,-0.00039268278859452247,-0.0003156204328142458,-0.00022602586370577094,-0.00014287843454584777,-0.00007835893017910588,-0.00003596803377623587
-0.6025,1.9430005349843849,0.040340661797995725,-0.00044243347049893815,-0.00035289596668685864,-0.00024974115204234285,-0.000155256853002908,-0.00008322157466241408,-0.000036972073089321756
-0.5974999999999999,1.939483334256553,0.042833734398555964,-0.0004948319446676507,-0.0003917459930402006,-0.0002740367989601182,-0.0001675979918078892,-0.00008783876534091453,-0.00003777730932904831
-0.5925,1.9359713035367658,0.04532364582772636,-0.0005498369611542694,-0.00043211091757523577,-0.00029885570116944303,-0.0001798685632377709,-0.00009220574800432459,-0.000038395778976505954
-0.5874999999999999,1.9324626688203297,0.04781167529784216,-0.0006074112516029571,-0.000473936135940636,-0.00032414668764803106,-0.0001920409513352682,-0.00009632152491801733,-0.00003884065636318933
-0.5825,1.9289570682698183,0.05029808563149813,-0.0006675202591906701,-0.0005171705443674103,-0.0003498627854478959,-0.0002040913277461851,-0.00010018705949576358,-0.00003912483099390929
-0.5775,1.9254550382384998,0.052782490056629106,-0.0007301307431931429,-0.0005617651353963129,-0.00037595982365690964,-0.00021599834384125312,-0.00010380422516577094,-0.00003926028707912683
-0.5725,1.9219571699670541,0.055264457696299195,-0.000795210151503259,-0.0006076724116668861,-0.00040239590590379,-0.00022774271144657024,-0.00010717559921799243,-0.00003925820153008198
-0.5675,1.9184636638030033,0.05774383718228038,-0.000862726744200868,-0.0006548464875801461,-0.00042913148851419494,-0.00023930728937121153,-0.000110304639056783,-0.00003912927491466178
-0.5625,1.9149744091027971,0.06022070437551263,-0.0009326499230938542,-0.000703243337459488,-0.0004561295300446221,-0.00025067716147349797,-0.00011319577227864318,-0.000038883905507350715
-0.5575,1.911489317454094,0.06269512502923677,-0.0010049503137624523,-0.0007528207927266635,-0.00048335538331518014,-0.00026183945240799386,-0.00011585422639121278,-0.000038532114353917885
-0.5525,1.908008604716784,0.0651669484321965,-0.0010795994958550685,-0.0008035382264861849,-0.000510776420666055,-0.00027278292443100945,-0.00011828568652772739,-0.000038083341183648995
-0.5475,1.904532862425901,0.06763574952394728,-0.0011565695298161364,-0.0008553560820541584,-0.000538361561559382,-0.0002834975348974179,-0.00012049596084734947,-0.00003754627578409693
-0.5425,1.9010628334121966,0.07010098716245941,-0.0012358325294697051,-0.000908235480144564,-0.0005660809214195516,-0.0002939741537222601,-0.0001224908242703434,-0.00003692885690497193
-0.5375,1.8975987682144395,0.07256247218645043,-0.0013173605865372806,-0.0009621382000238646,-0.0005939058538255301,-0.00030420467408465233,-0.00012427622169214792,-0.00003623856254210899
-0.5325,1.894139289213976,0.07502119786457713,-0.001401126441821849,-0.0010170274220993737,-0.0006218097365793466,-0.0003141827982094285,-0.0001258590268629539,-0.00003548310588628943
-0.5275,1.8906800899681384,0.07748029200643006,-0.0014871053403572355,-0.00107286960044491,-0.0006497697647196877,-0.00032390563792242483,-0.00012724838407478418,-0.000034671485003494405
-0.5225,1.8872136034348932,0.07994526431013628,-0.0015752782078974595,-0.0011296373809727635,-0.0006777694380039875,-0.00033337565230213875,-0.00012845708674076828,-0.000033814863697175044
-0.5175000000000001,1.8837315966005885,0.08242212202835401,-0.0016656352547434305,-0.001187312296418122,-0.0007058001805691216,-0.0003426012755449757,-0.00012950148207758441,-0.000032926056815175194
-0.5125,1.8802325904517967,0.08491196288744907,-0.0017581772422659886,-0.00124588417211888,-0.000733858940751118,-0.0003515933374417273,-0.0001303975418163299,-0.000032015920373943654
-0.5075000000000001,1.876733953200072,0.08740213905151965,-0.001852909578464216,-0.0013053427007852052,-0.0007619378403688171,-0.00036035424208454546,-0.00013115107491282923,-0.000031085545752480024
-0.5025,1.8732839733879216,0.08985739799047485,-0.0019498238047692502,-0.0013656573109701877,-0.0007900038006726461,-0.0003688594610828065,-0.00013174282059084767,-0.000030115648267387463
-0.49749999999999994,1.8699634652716581,0.09221863329893029,-0.0020488643003258276,-0.0014267463389297846,-0.0008179721405987563,-0.00037703719271560095,-0.0001321147587748442,-0.00002905889864582631
-0.49249999999999994,1.8668633215256345,0.09441922708281363,-0.002149887125401748,-0.001488446422114359,-0.0008456880266533465,-0.00038476073679054887,-0.00013217064692433477,-0.000027845357219408325
-0.48750000000000004,1.864029480916586,0.09642532229210553,-0.002252632233609958,-0.001550505415781862,-0.0008729391808040802,-0.0003918743301405187,-0.00013180683204670404,-0.00002641175471496907
-0.48250000000000004,1.8613837266179498,0.09829394760537757,-0.002356744083039307,-0.0016126296238114198,-0.0008995241756004121,-0.00039826903897836137,-0.00013098241275675898,-0.000024757647266232074
-0.47750000000000004,1.8586532255907398,0.10022490123504937,-0.0024618771269799763,-0.0016746078906688092,-0.0009253840712225237,-0.0004040045757214523,-0.00012981737418745365,-0.000023014310481555525
-0.47250000000000003,1.8553572361200912,0.1025709030711777,-0.0025678981352679374,-0.0017365035798568235,-0.0009507698526370765,-0.0004094392416362061,-0.0001286797488968147,-0.000021492746607406125
-0.4675,1.8508847024826118,0.10578139298876875,-0.0026751444621577595,-0.0017988580150522804,-0.0009763796240560639,-0.0004153030393277046,-0.00012820721509561978,-0.000020671188226877707
-0.4625,1.844647763456806,0.11029100902258838,-0.002784640572725699,-0.0018628142680547188,-0.0010033878649031384,-0.00042265546101381184,-0.00012922583517223384,-0.00002110387090843729
-0.4575,1.836243988306842,0.11640161282582179,-0.0028981607489570417,-0.0019300833077649418,-0.0010333260620685992,-0.00043271908638153867,-0.00013257902737719173,-0.0000232758666910327
-0.4525,1.8255494704807738,0.12421411135466495,-0.003018083429393765,-0.0020027421202482585,-0.0010678453224664613,-0.0004466454699934947,-0.00013893171532255782,-0.000027464062646616403
-0.4475,1.812708313158956,0.13363485381930962,-0.003147083899337642,-0.00208293510518913,-0.0011084492689351084,-0.00046530362494399014,-0.00014862812774903817,-0.00003366292104853519
-0.4425,1.79804445215012,0.14443812637793813,-0.0032877856170280793,-0.00217258873013113,-0.001156289817635796,-0.0004891607590484992,-0.00016164794959206048,-0.00004159662201017858
-0.4375,1.7819520992083298,0.15634462119325584,-0.0034424881314667937,-0.00227322393564024,-0.0012120738255087032,-0.0005182715897546137,-0.00017765397947829367,-0.000050796542890243156
-0.4325,1.7648100118697405,0.16908347800810158,-0.003613028106339987,-0.002385890602018801,-0.0012760735985996,-0.0005523470215719531,-0.00019609118477103345,-0.00006070275678363385
-0.4275,1.7469354597509628,0.18242621537169365,-0.003800763087358279,-0.00251119810512945,-0.0013482022399307794,-0.0005908572451455648,-0.0002162940441351386,-0.00007075419471022279
-0.4225,1.7285713972222037,0.1961968290937631,-0.00400663259990593,-0.0026493971272279226,-0.0014281119029194848,-0.0006331332422160833,-0.00023757476522748506,-0.00008045022765996394
-0.4175,1.7098928609025943,0.21026786166550832,-0.004231249779277977,-0.0028004742877578456,-0.001515286341333832,-0.000678447992629144,-0.00025928295432488106,-0.00008938238295713914
-0.4125,1.6910208714836052,0.22455080648162953,-0.004474992155840007,-0.002964236884714584,-0.0016091145582004022,-0.0007260727445902882,-0.00028083890758848293,-0.00009724311666759085
-0.4075,1.6720370638672766,0.2389857621193169,-0.004738077138522275,-0.003140378940676106,-0.0017089430080840804,-0.0007753112474541371,-0.00030174725267904955,-0.00010382027335028058
-0.40249999999999997,1.6529961598097436,0.253532483320382,-0.005020619310224476,-0.003328528202339061,-0.0018141090809431757,-0.0008255173639442881,-0.0003215979224988534,-0.00010898433983755134
-0.39749999999999996,1.6339355281793855,0.2681634359738037,-0.005322672149643566,-0.003528277408861722,-0.0019239602872699946,-0.000876101411753817,-0.00034006001062395256,-0.00011267329070733351
-0.39249999999999996,1.6148819838672674,0.28285879739384606,-0.005644257976586443,-0.0037392038514342933,-0.0020378634791726044,-0.0009265296115244239,-0.00035687239409097626,-0.0001148778481866071
-0.38749999999999996,1.595856281738092,0.2976031100737779,-0.005985388941567948,-0.003960880602355036,-0.0021552077062219717,-0.0009763199231024157,-0.0003718336306959089,-0.00011562859070971877
-0.38249999999999995,1.576875836246507,0.31238323104788085,-0.006346080503560778,-0.004192881857858613,-0.0022754034584875457,-0.0010250365794991253,-0.0003847926057899175,-0.00011498544766708565
-0.37749999999999995,1.5579561960136987,0.327187206817044,-0.006726358122899494,-0.004434784158091244,-0.0023978802882925867,-0.0010722848033629592,-0.0003956406443480719,-0.00011302956071886257
-0.37249999999999994,1.5391117867813993,0.3420037002721885,-0.007126258174067596,-0.0046861649733082305,-0.0025220841670950123,-0.0011177064897580887,-0.0004043052411571357,-0.00010985715603726936
-0.36749999999999994,1.52035645030821,0.3568215663259802,-0.007545825167015496,-0.004946600213684822,-0.002647475419995172,-0.0011609770413448118,-0.0004107451332891407,-0.00010557486880045648
-0.36249999999999993,1.5017043976918778,0.37162907835561315,-0.007985108858428647,-0.005215662500761268,-0.0027735276745322794,-0.0012018030221431645,-0.0004149460800834644,-0.0001002958143690154
-0.35750000000000004,1.4831723892967072,0.3864121238036399,-0.008444166416441974,-0.005492922428096096,-0.0028997279345994538,-0.001239919805259563,-0.00041691635607967294,-0.00009413554653887033
-0.35250000000000004,1.4647842172446277,0.4011504364937204,-0.00892307664609825,-0.005777955652290793,-0.0030255776600426314,-0.0012750878712206423,-0.0004166805329365291,-0.00008720683920196708
-0.34750000000000003,1.4465787793692644,0.4158107128387321,-0.009421975595101032,-0.006070359521248328,-0.003150594506281963,-0.001307085763865515,-0.00041426958575612556,-0.00007961200086868182
-0.3425,1.428622970584099,0.4303354605672399,-0.009941118601743596,-0.006369779496693441,-0.003274311978344775,-0.0013356964507161323,-0.0004097050921015302,-0.00007143177636159356
-0.3375,1.41102993094339,0.4446269599945239,-0.010480951352909126,-0.0066759311002362026,-0.003396267604179784,-0.0013606828608673013,-0.00040297709538952755,-0.0000627121023809938
-0.3325,1.393981400512655,0.4585272629170816,-0.011042240104985224,-0.006988651657730921,-0.003515999716864407,-0.0013817624900180118,-0.00039401867583579303,-0.000053447530507605596
-0.3275,1.3777493187896352,0.4717982144413849,-0.011626634901310627,-0.007308232673567459,-0.003633178679709642,-0.0013986129454943538,-0.00038265876708097656,-0.00004353033423037771
-0.3225,1.3627062306871285,0.48411050541971534,-0.01223648294871121,-0.0076351399599599405,-0.0037472794250936834,-0.001410576327494239,-0.00036842723421705477,-0.000032679396532403785
-0.3175,1.3493105346580458,0.49505877820742683,-0.012866445676168587,-0.00796389654626474,-0.0038539530726073115,-0.0014151523888399787,-0.00035046346504897857,-0.000021000831998850425
-0.3125,1.3380328479343067,0.5042105451421197,-0.013510635694260809,-0.008291048671995475,-0.003953331270330699,-0.0014154663953740735,-0.00033285030342069134,-0.000011506461382940203
-0.3075,1.3291861853110398,0.511300144459818,-0.014209790098638056,-0.008645664196348369,-0.0040614288435207885,-0.0014154960768523305,-0.0003107451537078263,4.494702922923062e-6
-0.3025,1.3226425558829593,0.5163689877453951,-0.014941976920311802,-0.009003792125406876,-0.004155048054804069,-0.0013970919823770834,-0.0002748253482004336,0.000026561010170546946
-0.2975,1.3181291825506447,0.5196910090594843,-0.015670039371787424,-0.009339732158082847,-0.004224780176111192,-0.00136699439541282,-0.00024159839473323697,0.00003831571425807535
-0.2925,1.3150719013998033,0.5217546289524173,-0.016406853205133104,-0.009668529859898207,-0.004284445350705303,-0.0013323331374750593,-0.00020791342162257247,0.00005144230854753199
-0.2875,1.3127502828288187,0.5231753170331059,-0.017140441110209924,-0.009984351736194514,-0.0043321429160091554,-0.0012920834353910252,-0.00017298584396272356,0.00006466467537383442
-0.2825,1.3105215799910208,0.52451300620092,-0.017860989932545805,-0.010280917468942968,-0.0043651044555665635,-0.001246130254614567,-0.00013840323245059962,0.00007575089320750023
-0.27749999999999997,1.3079745353489645,0.5261332763195462,-0.018563971280257684,-0.010557118084353497,-0.00438493975431146,-0.0011969426131029437,-0.00010593419072897712,0.00008416904561116354
-0.27249999999999996,1.3049652953844437,0.5281614893587124,-0.019249070086091436,-0.010814112029494718,-0.0043938178340047805,-0.0011465514709467156,-0.00007668454443597204,0.0000897538507629303
-0.26749999999999996,1.3015479513795498,0.53054787218903,-0.019918748892879604,-0.011054546081947954,-0.004394131428890481,-0.0010963365160973466,-0.000050856990275129424,0.00009291744742788476
-0.26249999999999996,1.2978704837102055,0.5331641729137367,-0.0205767680704676,-0.011281384066238988,-0.0043879025913198255,-0.0010471029001064875,-0.000028233085025162162,0.00009424332958035036
-0.25749999999999995,1.2940898665035392,0.535872940008445,-0.02122663096500762,-0.011497055270186188,-0.004376510354007023,-0.00099917013385114,-8.428366132854064e-6,0.00009423392925472611
-0.25249999999999995,1.2903319426033082,0.5385640567660424,-0.021870662399082506,-0.011703265782779297,-0.004360950746785825,-0.0009526708138258701,9.010027059947433e-6,0.00009338522785827118
-0.24749999999999994,1.2866725453610575,0.5411691859975711,-0.02251028679627726,-0.011901040133944081,-0.004341734546137389,-0.0009074979030648843,0.000024503497544995593,0.00009200382211970023
-0.24249999999999994,1.2831361037718243,0.5436670472183057,-0.0231458603588056,-0.012090884161507777,-0.004319246086188697,-0.0008636033063103973,0.00003837872684468984,0.00009034191624714182
-0.23749999999999993,1.2797017504368928,0.5460758711054848,-0.02377736886580996,-0.012272922518313164,-0.004293576009625428,-0.0008208347026025611,0.000050866403481944576,0.00008846324428534195
-0.23249999999999993,1.2763231262721284,0.5484357117769723,-0.02440450074252873,-0.01244701393096907,-0.004264738689734629,-0.0007791492685221882,0.0000620248503968115,0.00008632317051267702
-0.22750000000000004,1.2729543652209987,0.5507873575872076,-0.02502678746227694,-0.012613030465428514,-0.0042329403998910995,-0.0007386836814253367,0.00007189108838153054,0.00008397692372102603
-0.22250000000000003,1.269568999313804,0.5531544568655766,-0.025643802514002577,-0.012770922656409897,-0.004198448368124509,-0.0006996000152084286,0.00008047462319192046,0.00008143997513394168
-0.21750000000000003,1.266163692185975,0.5555399585567584,-0.026254805393270894,-0.012920770977382255,-0.0041616676103415455,-0.0006620732357922056,0.00008780976943613102,0.00007874439809480685
-0.21250000000000002,1.262750360694579,0.5579334324406474,-0.026858438224986663,-0.013062822158153933,-0.004123181337171208,-0.0006262575738909129,0.0000940050901834721,0.00007596732600338913
-0.20750000000000002,1.2593438514321307,0.5603220209196363,-0.027452958229060808,-0.013197471343004821,-0.004083639919716756,-0.0005922322469642514,0.00009922634604750315,0.00007319340276763179
-0.2025,1.255952890167133,0.5626981234849392,-0.028037131194953692,-0.013325274226930544,-0.004043585968002464,-0.0005599627291308414,0.00010365646765137567,0.00007048381786799846
-0.1975,1.2525778189527816,0.5650610907678529,-0.028611250125043765,-0.01344697084670246,-0.004003311582895962,-0.0005292939419755463,0.00010746086551011386,0.00006786731945005267
-0.1925,1.2492137426922587,0.5674145503711157,-0.02917734972434923,-0.013563412059755909,-0.0039628278013887595,-0.0004999898267989129,0.0001107645535690302,0.00006534529000293255
-0.1875,1.2458555570983227,0.5697625138820165,-0.02973817974468529,-0.013675356950687475,-0.003921977389801888,-0.0004718142938439523,0.00011364336349814963,0.00006290178681064135
-0.1825,1.2425016731758962,0.572106642252806,-0.030295571099307975,-0.013783272247734821,-0.0038806418370603245,-0.0004446195009783897,0.00011613549450992721,0.000060520368432222986
-0.1775,1.2391547956070679,0.574445469411838,-0.030849477384164374,-0.013887308421336016,-0.0038389018554913657,-0.00041838018512153343,0.00011826970250532459,0.00005820143787931215
-0.1725,1.235819928378864,0.5767751920156389,-0.031398428470912815,-0.01398747501639246,-0.003797018077592065,-0.00039313586698866204,0.00012008515983899428,0.00005595479526353253
-0.16749999999999998,1.2325008834657687,0.5790912555895149,-0.031940817879335934,-0.014083889374472573,-0.003755313970814342,-0.0003689062322531247,0.00012165128775246158,0.000053802468096452805
-0.16249999999999998,1.229198113399983,0.5813902797263518,-0.03247592467094627,-0.01417689751897198,-0.0037140617512929014,-0.00034564976336467265,0.00012306648538626917,0.00005178309502495916
-0.15749999999999997,1.2259084314494562,0.5836717941344542,-0.03300424282053202,-0.014266981961629205,-0.0036733262126473114,-0.00032322695645599885,0.0001243957231901174,0.000049877681020020145
-0.15249999999999997,1.2226276359038195,0.585939924452832,-0.03352701424937525,-0.014354707227094725,-0.0036331019477651195,-0.0003014901978371375,0.00012569857301504908,0.00004808120573067008
-0.14749999999999996,1.2193539627172711,0.588203374120949,-0.034045827065334114,-0.01444063114491895,-0.003593328419379247,-0.00028029803341308307,0.00012700787764572362,0.00004637401887280573
-0.14249999999999996,1.216089692663764,0.5904730481519245,-0.03456222667262957,-0.014525258139615436,-0.0035539541604975,-0.0002595378795636422,0.00012834830983106523,0.00004473938901781733
-0.13749999999999996,1.2128384493208104,0.5927564396240166,-0.0350773602941348,-0.014608933685583688,-0.0035149466502055454,-0.00023913658960305348,0.00012974366455010189,0.00004317023843317287
-0.13249999999999995,1.209598493090433,0.5950505591528304,-0.03559162005451609,-0.014691729354252028,-0.0034763008412154292,-0.00021908151040428425,0.00013122712598092343,0.00004169935428935661
-0.12749999999999995,1.2063571278873602,0.597337560467084,-0.036104378423086274,-0.014773373098873336,-0.0034380177358559645,-0.00019942250738484062,0.00013281788220983982,0.00004039017781325193
-0.12249999999999994,1.2030906054845718,0.5995875382997718,-0.036613707793539174,-0.014853333482607211,-0.0034001660464848286,-0.0001802530242784998,0.00013452267976312186,0.000039302049933345826
-0.11749999999999994,1.1997752758784683,0.6017716896376061,-0.037115946732825526,-0.014931100355717184,-0.0033632012626621318,-0.00016176617872319275,0.00013643435092852013,0.00003854197964291411
-0.11249999999999993,1.1964077739696637,0.6038822943671442,-0.03760593751769653,-0.015006192332392206,-0.0033278637744943254,-0.00014432922138313872,0.00013847802165758896,0.000038097665636946994
-0.10749999999999993,1.1930254930167645,0.6059533012590919,-0.03807736528648828,-0.0150784222440119,-0.0032954465079792043,-0.00012867534899372495,0.00014047558453447566,0.00003810581542524954
-0.10250000000000004,1.189709604874604,0.6080641765460003,-0.038522781010876125,-0.01514663782251865,-0.0032665644744113266,-0.00011582906641743754,0.00014119407352323988,0.000037987594662508214
-0.09750000000000003,1.1865585154618634,0.6102953627423511,-0.038945855187242945,-0.015214645421556951,-0.003240673833496845,-0.0001030101812402374,0.0001416622817033337,0.000036150577662910546
-0.09250000000000003,1.1836212434551332,0.6127131552599657,-0.03934621171592307,-0.015292885410340625,-0.003226545828476671,-0.00009096593379479944,0.0001467907589366899,0.00003680836123904664
-0.08750000000000002,1.1810324856677998,0.6154563830325495,-0.039691700917209194,-0.015368298742931745,-0.003226390470121196,-0.00008915528576763487,0.00014966723658784136,0.000040774824943336663
-0.08250000000000002,1.1789343521045696,0.6186374310557232,-0.03998834587078858,-0.015434294153646506,-0.00322764318765549,-0.0000901183605576221,0.00014826595066337166,0.00004095847237181854
-0.07750000000000001,1.1773121638218975,0.6222469832209815,-0.04026820622135322,-0.01551209738490291,-0.003238000844417047,-0.0000916048464805223,0.00014837134993134866,0.00004145489525608
-0.07250000000000001,1.1761013468852783,0.6262295212764662,-0.04052456517263818,-0.015597426324892848,-0.003256599818362023,-0.00009480445508382477,0.00014897318234908955,0.000042295511525870626
-0.0675,1.1752076199891968,0.6304932559028886,-0.04075866390026155,-0.015687110882352043,-0.003280941010753437,-0.0000993481593008637,0.00014954444302965348,0.00004312276440858725
-0.0625,1.1745265531312075,0.6349381643924448,-0.04097701745269286,-0.015780120155850584,-0.0033090497272109196,-0.0001045122613820091,0.00015015089493569623,0.00004388121124404738
-0.057499999999999996,1.1739646195677729,0.6394753444076077,-0.04118616052240346,-0.01587534999983412,-0.003339260554992384,-0.00010982493513765667,0.00015085872906377487,0.000044597111743623855
-0.05249999999999999,1.1734509768940906,0.6440384256877495,-0.04139161627143639,-0.015971416565338056,-0.0033701725957336667,-0.00011507531240805132,0.0001516462808859656,0.0000452902391029175
-0.04749999999999999,1.1729404406881447,0.6485870047786098,-0.04159778302703088,-0.016066945090065128,-0.003400741706437658,-0.00012024940278062939,0.00015244846993521695,0.00004597457732679992
-0.04249999999999998,1.1724102157224057,0.6531037948362415,-0.04180785778211851,-0.016160706177409737,-0.0034302920154876317,-0.00012547430822111225,0.00015318501960927787,0.00004666253150388761
-0.03749999999999998,1.1718532636824703,0.6575882573633298,-0.04202386117409014,-0.016251631620518132,-0.003458454833361983,-0.00013096541323794064,0.00015377400257659928,0.000047365380564659814
-0.03249999999999997,1.1712711701029064,0.6620493315407406,-0.0422467059401459,-0.016338784475424688,-0.0034850908096179943,-0.0001369827390308026,0.00015413989524246195,0.000048094030873708365
-0.02749999999999997,1.1706686434211209,0.6664990784549427,-0.04247623551790625,-0.016421332304267598,-0.0035102290495130314,-0.0001437992330350175,0.00015421871764711992,0.00004886050520389127
-0.022499999999999964,1.1700505560302872,0.6709481428431272,-0.04271127181406145,-0.0164985559090786,-0.003534027530836954,-0.00015167571261037044,0.00015396153485363988,0.00004967903367322085
-0.01749999999999996,1.16942121315172,0.6754032085629288,-0.042949783911503406,-0.01656989219149447,-0.003556738309704602,-0.00016083739098112903,0.00015333629454671299,0.00005056574674477824
-0.012499999999999956,1.1687847861346035,0.6798661938111477,-0.04318925835636053,-0.016634974882262805,-0.0035786575427921067,-0.00017145355317662366,0.00015232644278351075,0.000051536775130266426
-0.007499999999999951,1.1681457315652,0.6843348508605649,-0.043427236235359545,-0.01669362692071194,-0.0036000545445663426,-0.00018362781884477975,0.00015092473811024326,0.000052605402441208236
-0.0024999999999999467,1.1675083109300934,0.6888046534770272,-0.04366185076543708,-0.01674577800747312,-0.0036210951934698057,-0.00019740678310759506,0.00014912221156346012,0.00005377915513418664
0.0024999999999999467,1.1668748310898922,0.6932719886192948,-0.043892135999573846,-0.01679131616302363,-0.003641788215305022,-0.00021280959110753922,0.00014689396653849978,0.000055057334243946605
0.007500000000000062,1.1662431830316728,0.6977376945956236,-0.044117951476980416,-0.016829921470958503,-0.0036619787124993657,-0.00022987179664342265,0.00014418502999865006,0.000056429569786734055
0.012499999999999956,1.1656072654519538,0.7022073145919863,-0.044339616739531344,-0.01686097772615913,-0.0036813936752295665,-0.0002486848016178614,0.00014090205402965492,0.0000578775656591376
0.01750000000000007,1.1649672038995185,0.706680313585771,-0.044557685587775606,-0.016883686155947965,-0.0036997127441251647,-0.0002693979594311424,0.00013692298994740556,0.000059385604301153295
0.022499999999999964,1.1643522786593277,0.711128352950033,-0.044773237871358576,-0.016897387710344124,-0.003716609920227581,-0.00029215887934301663,0.00013213277870388618,0.00006096044184965505
0.02750000000000008,1.1638188076831828,0.7154957947554587,-0.044987597833878165,-0.016901588804684856,-0.00373169959264469,-0.00031703850242599703,0.00012644949498666087,0.00006263437129683464
0.03249999999999997,1.163342524612183,0.7198063801536622,-0.0451984324131009,-0.016894656520720086,-0.0037443880278475467,-0.00034414516798749167,0.00011969324256003427,0.00006436810995295167
0.03750000000000009,1.1626168404733757,0.724353832066377,-0.045394593288231075,-0.016871836221231947,-0.0037537899312178645,-0.00037401721616101436,0.00011126469416451387,0.00006585578335001558
0.04249999999999998,1.1611378605301068,0.7295794599891522,-0.04556075035613959,-0.016827638710189434,-0.003759601790675929,-0.0004076544487281626,0.00010030057760076604,0.00006659776172604319
0.0475000000000001,1.1592035344108456,0.7353468508346238,-0.045681109589585475,-0.016762145333363513,-0.003762331644733773,-0.00044429004947445054,0.00008704353370833119,0.00006655119050278258
0.05249999999999999,1.1583509141983555,0.7398472157332052,-0.04587906028913099,-0.016712886602751647,-0.003770754705171267,-0.0004894375121450249,0.00006959085090192055,0.00006764560375544567
0.05750000000000011,1.1638802581220655,0.7392705493888415,-0.04646534171509359,-0.016739081540127175,-0.0037769791186150524,-0.0005289857480641107,0.00005919060643530278,0.00007403682278502586
0.0625,1.198365621478139,0.7094334868636735,-0.047850538373874374,-0.01707085630828737,-0.0038042984245093485,-0.0005141467362276622,0.00009006249650440976,0.00010129435147063518
0.06750000000000012,1.3176406596848553,0.6060123011786528,-0.05384856397965487,-0.018909238564026765,-0.004030603837930001,-0.0003859681236177059,0.0002826767591306628,0.0002553910721968043
0.07250000000000001,1.4627504046327466,0.4818259083162729,-0.05935079741454971,-0.01996783225517758,-0.0036954365851628946,0.00004377003287647221,0.0006145447977995789,0.0004406606664941223
0.07750000000000012,1.5170755894450327,0.44591973437113713,-0.05887442125570569,-0.01846719002823677,-0.002754840269992043,0.0002869713870980767,0.0005957297153687622,0.0003922085004669743
0.08250000000000002,1.5272661826444538,0.44463680997555893,-0.05775812233510593,-0.017119476297208412,-0.002040549703281062,0.00038408444436457924,0.00047792378928268294,0.0002923509539707338
0.08750000000000013,1.5253340352175728,0.4484899699992361,-0.056496262520766546,-0.01589905972931823,-0.001380714296656684,0.000568335701338608,0.0004386188619443024,0.00018550955366916796
0.09250000000000003,1.5222687479742874,0.45455682194204206,-0.0548859865716939,-0.014170038190479007,-0.0005076682902682979,0.000650631470903692,0.0002285637868421255,-1.928115345997076e-6
0.09749999999999992,1.5249445850884005,0.46146396401298506,-0.05286034492111425,-0.012357212291553931,0.00024123131094588943,0.0006357637105712886,5.818033293131589e-6,-0.00017209343237241555
0.10250000000000004,1.5288974262627475,0.46668295996509407,-0.050716933442703546,-0.01097595689660605,0.0007295758103467147,0.0006375089507986579,-0.00011540740554212038,-0.0002774450252365625
0.10749999999999993,1.527720267489401,0.4675114292825431,-0.04871704649558524,-0.009967370708531483,0.0010290750444017648,0.0006454883283540341,-0.0001707197503338152,-0.0003268729957876511
0.11250000000000004,1.5082563728340441,0.45605857975563274,-0.045254627242592674,-0.008605624289448891,0.0012782694486452497,0.0006032931999271022,-0.0002029375765964913,-0.0003212491429083607
0.11749999999999994,1.4052621720500955,0.3736317232268094,-0.039866904204990894,-0.006651865860907798,0.001794160047305861,0.0007391281720945777,-0.00014192404974347223,-0.00026079069442797877
0.12250000000000005,1.228943852143547,0.2220204790949436,-0.03461252299478675,-0.005561561662830068,0.0017879020043644993,0.0007998039681707601,2.9025111425021784e-6,-0.0001194611868738421
0.12749999999999995,1.1490715164811989,0.14972882574037835,-0.03143671325230392,-0.004991176763340224,0.0016586016526405393,0.0007475036499620768,0.000041989913518928994,-0.00006351107442950524
0.13250000000000006,1.1396115810036305,0.1434180719419803,-0.030598867802819854,-0.004866218735242906,0.001583920439471693,0.000703375999808182,0.00003819426986198667,-0.000054903164019375365
0.13749999999999996,1.1379355858001614,0.14553067661332225,-0.029904217126249404,-0.004799047780818659,0.0014877657524541234,0.0006499782786614654,0.000028521866206101414,-0.00005030273904142865
0.14250000000000007,1.1384110900170863,0.1495445406913399,-0.029243319762477366,-0.004797951521308237,0.0013724787653013157,0.0006032307329532165,0.00002372693557061898,-0.00004544761827387513
0.14749999999999996,1.1396477833068681,0.15419651099450046,-0.028685791880695928,-0.004813205010276541,0.0012643310008051412,0.0005608473962279665,0.00001896745918407612,-0.00004185169431730968
0.15250000000000008,1.1417318529850746,0.15962438718503247,-0.028155115088714124,-0.004843285287653244,0.0011543412023349371,0.0005204265664370317,0.000014563688278375255,-0.00003913356270418913
0.15749999999999997,1.1442367614302273,0.16551167012002374,-0.02763530185961751,-0.0048830014390721325,0.0010432786858896258,0.000483074882840725,0.00001171576009365927,-0.000036683441730006334
0.1625000000000001,1.1455170015027103,0.17115051109577156,-0.027092993701914966,-0.004925052531214113,0.0009314208650313844,0.0004490283603957746,0.000011001098889385462,-0.00003379319869118195
0.16749999999999998,1.1450898600849246,0.17609623365371863,-0.026490251430236686,-0.004962963133316572,0.0008160374249884578,0.0004157532717257307,0.000011517524710427402,-0.000030363367633363578
0.1725000000000001,1.1447300640186366,0.18038772564102065,-0.025820514944903634,-0.005033453397096439,0.0006761710621688666,0.0003799633948657266,0.000013098466524845247,-0.00002610095131860791
0.1775,1.1498186410137126,0.1800657474360534,-0.025369223091003944,-0.0051142780608558844,0.0005642780028147412,0.00035698898361487394,0.000019883032490665593,-0.000019541995708156966
0.1825000000000001,1.1845622460983896,0.15242121119519061,-0.02559516128830347,-0.005284810027542044,0.000515093725689886,0.0003752785502666513,0.000050011878185423774,4.0202136165254886e-6
0.1875,1.362307066666359,-0.0025315603170331775,-0.03019233019540198,-0.006267272276793492,0.0007326104298475561,0.0006432029177176341,0.0002474806525239625,0.00015374909780784148
0.19250000000000012,1.5906561112673319,-0.18486029983630867,-0.03434953791574638,-0.006325414878999201,0.0016300958805132092,0.0013056889520552974,0.0006828445540034223,0.00041696424594445136
0.1975,1.6571171024486,-0.2285838884361673,-0.030905711772056657,-0.005426270884545972,0.0020280801881653768,0.0017596265705320596,0.0009581206786355226,0.00048161009728282214
0.20250000000000012,1.668130044562051,-0.234066615655221,-0.0276818881037516,-0.0051101918090204245,0.002118354804273269,0.001986804344265839,0.0010391668490490407,0.00047809415396759354
0.20750000000000002,1.6730358289224534,-0.2300002033021341,-0.02524909251489416,-0.004743921149643724,0.002203093042771379,0.0021072888228387656,0.0010825766103604705,0.00046156165433333413
0.21250000000000013,1.6784402148312152,-0.224824307827782,-0.02260045462235699,-0.0042373612581578304,0.002234710945495681,0.0021876116166353885,0.0011133022051855357,0.0004058269420164117
0.21750000000000003,1.6846284794454613,-0.22125448610173173,-0.020407248198150773,-0.0038035989125097783,0.0022821647698770134,0.002221551192826291,0.001104379301046662,0.00036736983886664475
0.22249999999999992,1.6892073986417668,-0.2190342176278665,-0.018555216345384342,-0.003419978185861351,0.0023314675530986353,0.00224987174137678,0.0010667151348006704,0.0003216364525322718
0.22750000000000004,1.6927759267049043,-0.2171390237929293,-0.017112296996667067,-0.0030256782157550574,0.002361723702570176,0.00225027667100947,0.0010460381576953947,0.0002737793563653795
0.23249999999999993,1.6970337166658556,-0.21451868135196928,-0.015928317212440125,-0.002729684765495324,0.0023999755065073863,0.0022598095284026153,0.0010175478123660862,0.00022550415110292885
0.23750000000000004,1.702189488237175,-0.21101966725432075,-0.015102144751366783,-0.002519064811617281,0.002483926627114739,0.0022765820522921837,0.0009661131917773542,0.00018147443368434976
0.24249999999999994,1.7078931790800431,-0.20725704705554765,-0.014591365341391117,-0.0023051054679277174,0.0025689977260135266,0.002277493765234639,0.0009226073783413242,0.00014518971591206617
0.24750000000000005,1.7128834686904253,-0.2038990103401272,-0.014206209330994061,-0.0021149033800450827,0.002646679402521897,0.002273286750744032,0.0008808414765668932,0.00011341613368584188
0.25249999999999995,1.7169160098813476,-0.20118788435685386,-0.01389192889412362,-0.0019378527628345769,0.0027122414627184215,0.002259840773018461,0.0008403840829751305,0.00008704428566494438
0.25750000000000006,1.720637988128549,-0.1987487987979002,-0.01359239032640503,-0.0017787604738589333,0.0027599080472899495,0.0022389793208883644,0.0008021936222339932,0.00006505993742752126
0.26249999999999996,1.724942569462146,-0.19592909788806318,-0.013289018395911865,-0.0016431604439567263,0.0027903497550934337,0.0022144838658478094,0.0007668153780351745,0.00004622768833839304
0.26750000000000007,1.7301329855520244,-0.19244234108787123,-0.012992706021496526,-0.0015283785453853924,0.0028086523771604192,0.002188985020076073,0.000734525244080436,0.00002984555756969313
0.27249999999999996,1.7356289621958894,-0.18870205971855353,-0.012712367343066397,-0.0014310165819116667,0.0028192017770409827,0.0021643708630496076,0.0007054748058177866,0.00001560160122782324
0.2775000000000001,1.7405388538987148,-0.18537000471059575,-0.012450933436154391,-0.001353961607099946,0.0028219078304195276,0.0021418540114929137,0.0006802531789006282,3.5166005700486194e-6
0.2825,1.7445842380773575,-0.18265293686083783,-0.012208606698817653,-0.0013054244844916945,0.0028121603948900783,0.0021217730376424347,0.000660066278514496,-6.18176791541416e-6
0.2875000000000001,1.7483195357520886,-0.18013330202537506,-0.011976360149060292,-0.0012915563935720236,0.002783774891506491,0.00210343352875012,0.0006461571150403244,-0.000013224773246283132
0.2925,1.7524885276724098,-0.177268982448955,-0.011729894730511517,-0.0013092340226713785,0.002732124988067912,0.0020847594629943025,0.0006390429692433672,-0.000017257991236530696
0.2975000000000001,1.7573193157791456,-0.17391595947120966,-0.011435411121082404,-0.0013448493099181254,0.0026559932978601577,0.002062286173315562,0.0006379752193138409,-0.000017875509630169975
0.3025,1.7624525286647073,-0.17036434280791837,-0.011065306057067284,-0.0013796447261063373,0.0025582780411829336,0.0020322275030906283,0.0006408661016651638,-0.000014966747823139072
0.3075000000000001,1.7673766335520573,-0.1670005243266051,-0.010613519755812106,-0.0013978368582919843,0.002445618360971264,0.0019923130196110184,0.0006448682606447644,-9.090975506831898e-6
0.3125,1.7718578641639218,-0.1639835471408976,-0.010102064057797653,-0.0013930131462733053,0.00232688996152898,0.0019432699404662475,0.0006474277343973044,-1.4986093359269353e-6
0.3175000000000001,1.7760646151769148,-0.16116156116196284,-0.009576308546441998,-0.001369999895314284,0.0022110010198742552,0.0018890027678939536,0.0006472754762337803,6.282165167725666e-6
0.3225,1.780376911103659,-0.15822620314302405,-0.009091323478626692,-0.001341947860401608,0.00210470586656535,0.0018352804158384963,0.0006448334983217502,0.000013076932025600898
0.3275000000000001,1.7850502418508152,-0.15497477765655762,-0.008694092662093183,-0.001324423316401508,0.002011038066315307,0.001787494059389356,0.0006418328336109657,0.000018561712840123464
0.3325,1.7899935746691984,-0.15148048330088892,-0.008407936058967686,-0.0013291849253082545,0.0019288023069155779,0.0017485035972928137,0.0006403391611859569,0.000023319797209447922
0.33750000000000013,1.7948541210053062,-0.14802563208300637,-0.008225464679513413,-0.001360068811611446,0.0018534218109802917,0.0017176136298706593,0.0006416916230054888,0.000028412182092250795
0.3425,1.7993379831747673,-0.14485341242492092,-0.008113619645473944,-0.0014124213727298733,0.0017790282534321594,0.0016912261728280567,0.0006459179280375063,0.00003473758540541963
0.3474999999999999,1.803468170299573,-0.1419652292110169,-0.00802891810012512,-0.0014761063384211928,0.0017009652844266173,0.001664820311562402,0.0006519136609758982,0.0000425928354204167
0.35250000000000004,1.8075485009975547,-0.13913999701732854,-0.007935332637052293,-0.0015404719177197377,0.0016174232907728721,0.001635095336652713,0.0006581930173308638,0.00005167065681734419
0.35749999999999993,1.8118970339862133,-0.13613124882125577,-0.007815654926685562,-0.001598645294014903,0.0015293870648824177,0.001601061239380603,0.000663679067096474,0.0000614035592772928
0.36250000000000004,1.8166088022436608,-0.13284966864580988,-0.0076718282388034235,-0.0016491215115485335,0.0014392225189065546,0.001563684498209113,0.0006680664019657019,0.00007135289436738831
0.36749999999999994,1.8215268800782898,-0.12939505673827834,-0.007516828213913508,-0.0016944825323777523,0.001349023966858682,0.001524670392646432,0.0006716641961559563,0.00008139455531490575
0.37250000000000005,1.8263920964467428,-0.12595436376158856,-0.007364605950504934,-0.0017387081513211425,0.0012596895074102293,0.0014853108557744668,0.0006749673036229143,0.00009165760604937364
0.37749999999999995,1.8310271489951435,-0.12266776944614449,-0.007223631130294993,-0.0017848836390072318,0.0011709597860898803,0.0014459908445543326,0.0006782871137465399,0.00010233833710122779
0.38250000000000006,1.8354345003162194,-0.1195504845254032,-0.007095830118402239,-0.001834312726117223,0.0010820308976273922,0.001406376873919459,0.0006816365386821177,0.00011355046089699702
0.38749999999999996,1.83976699353275,-0.11650387473236981,-0.006979241036561692,-0.0018869332326041642,0.0009921796115811197,0.0013659265956019815,0.0006848550086372819,0.00012530043863690909
0.39250000000000007,1.8442053887587093,-0.1133971743098547,-0.006871443895100326,-0.0019422896524815883,0.000901048817725088,0.001324312591790488,0.0006878175362729347,0.00013756474856898193
0.39749999999999996,1.848828486331088,-0.11016213685124623,-0.006771777441665622,-0.002000375179577151,0.0008085681414094081,0.0012815587226917267,0.0006905656819728355,0.0001503759605418813
0.4025000000000001,1.8535653434937962,-0.10683534325836451,-0.0066820119222882725,-0.0020620660851028236,0.0007146988861260494,0.001237934397019485,0.0006932992754503539,0.00016384106716555694
0.4075,1.858261344000939,-0.10352003448065887,-0.006606055926945602,-0.002129172051402517,0.0006192237854956192,0.0011937762142455832,0.0006962810389580283,0.00017809010749716427
0.4125000000000001,1.862805411943214,-0.10029910115512751,-0.006549219030221086,-0.0022041839945660274,0.0005217111798859573,0.0011493802144618677,0.000699750335236062,0.0001932140676592231
0.4175,1.8672194587451512,-0.09716735754204468,-0.006517228926583315,-0.002289799242233959,0.000421643749741612,0.0011049966993812547,0.0007039028634161369,0.0002092533618811539
0.4225000000000001,1.8716389491717533,-0.09403708805982738,-0.006515166341397619,-0.0023883992463640106,0.00031856405237300667,0.0010608417499547685,0.0007089109377439045,0.00022624826966996514
0.4275,1.876191781221062,-0.09081850819801142,-0.006546589493748849,-0.0025017202430321454,0.00021204956448828182,0.0010169916969716452,0.0007148925589920555,0.00024429373041408655
0.4325000000000001,1.8808579491818125,-0.08752128001428414,-0.006612888659266972,-0.002630681261973288,0.00010158211034217682,0.0009731915403732052,0.0007218013216624393,0.00026353173120543394
0.4375,1.8854201337742733,-0.08429812096560664,-0.006712818920972809,-0.002775174798094366,-0.000013450508651439356,0.0009287392541451778,0.0007292720048930041,0.0002840135484479504
0.4425000000000001,1.889571249688995,-0.08137392436829213,-0.006844403665343935,-0.0029356337909574137,-0.0001350377127741126,0.0008813694502954879,0.0007356146197295035,0.0003048367290821248
0.4475,1.8931552545800945,-0.07886242719226093,-0.006999798835327956,-0.0031077394258311967,-0.00026145458869851235,0.0008316894952055201,0.0007412970639917313,0.0003266206787597145
0.4525000000000001,1.8964412364871055,-0.07657751095134638,-0.0071750076023340895,-0.0032903968506827067,-0.0003934946449750959,0.0007783793714784845,0.0007452915915567388,0.0003488425439673215
0.4575,1.9001502402212824,-0.0739968714958809,-0.007373947984851571,-0.0034893858346039556,-0.000537586929453978,0.0007156666732249037,0.0007431710576388268,0.00036857394796371677
0.46250000000000013,1.905258693911543,-0.0703932430747943,-0.007589376073515083,-0.0037001366697122272,-0.000691239172272106,0.000644697725375847,0.0007351439737456457,0.0003853622400234762
0.4675,1.9127308141197465,-0.06507719313245386,-0.007812361760761296,-0.0039153979154031154,-0.0008486654657489394,0.0005699054073459364,0.0007242246378333237,0.00040086774864804445
0.4724999999999999,1.9231033545117704,-0.057669811582449805,-0.00804928725156849,-0.004141974750758752,-0.0010160610530606962,0.00048650121517775135,0.0007072401259995399,0.00041339485401635544
0.47750000000000004,1.9364293805152735,-0.04815856502370043,-0.008294658518734564,-0.004376419164423597,-0.0011916438013428138,0.00039515073897376774,0.000684114961181267,0.0004224110994231202
0.48249999999999993,1.952388336374364,-0.03679877509735385,-0.008541527278826103,-0.004613645383311167,-0.0013719894840342915,0.00029803848997945163,0.0006561426811099159,0.00042859494283747755
0.48750000000000004,1.9704594903856785,-0.023975732617357876,-0.008784964752566734,-0.004850239193320425,-0.001555033521161381,0.00019628588304059462,0.0006238743733565366,0.0004321984159875646
0.49249999999999994,1.9900910410549082,-0.010085015831525023,-0.00902083945906661,-0.00508326203100996,-0.0017389744994210378,0.00009084661470393581,0.0005877416517837504,0.00043339706753272916
0.49750000000000005,2.0108142300855305,0.0045351051146235504,-0.00924603964677136,-0.005310370428064514,-0.001922289239439837,-0.00001745050151230566,0.0005481026828407558,0.00043231319525961667
0.5025,2.0322903394888874,0.01962647436872334,-0.00945847846878109,-0.005529878262867001,-0.0021037923150938865,-0.00012792176712865639,0.0005052494746448813,0.00042902221740597195
0.5075000000000001,2.054300846291711,0.035009769105314524,-0.009656800433909887,-0.00574060959604925,-0.002282589560883899,-0.00024001989975677853,0.0004594137911444225,0.00042356111193493135
0.5125,2.0767078876110796,0.05057406733295241,-0.0098401096838436,-0.005941713061634157,-0.002457971396041997,-0.00035327958227586876,0.0004107976720012183,0.0004159537901167285
0.5175000000000001,2.0994154283860174,0.06626015727642524,-0.010007763112484903,-0.006132527881132601,-0.0026293438491730124,-0.0004672908136413417,0.0003595774711557209,0.0004062040045940529
0.5225,2.1223495685219884,0.082036802999971,-0.010159264847251315,-0.006312508001815428,-0.002796184204861036,-0.0005816770931609413,0.0003059146641060242,0.0003943012602681053
0.5275000000000001,2.145456169642964,0.09787632006642435,-0.010294277160540932,-0.006481212418974576,-0.0029580186471788597,-0.0006960684090110389,0.00024998433276768263,0.00038024960515640365
0.5325,2.16869951269671,0.11374146607332832,-0.010412637170740917,-0.006638306662735856,-0.003114414323271103,-0.000810090399660422,0.00019198572945473608,0.0003640769287560418
0.5375000000000001,2.192050172214193,0.12958985595270137,-0.010514305387624556,-0.00678352813913639,-0.003264961913156101,-0.0009233590278413626,0.00013214216570875436,0.0003458337119850541
0.5425,2.215468822708556,0.1453881204017742,-0.010599278349588674,-0.0069166339613466335,-0.003409256745007478,-0.0010354836831056899,0.00007068866046557076,0.00032557998298636336
0.5475000000000001,2.238904217442566,0.16111998191937657,-0.010667552482996926,-0.007037382297124948,-0.003546896329923155,-0.0011460753202535607,7.859508702858951e-6,0.00030337323581482005
0.5525,2.2623124811750968,0.17678018562196582,-0.01071917135845606,-0.007145565882099005,-0.003677498839703278,-0.0012547531328353687,-0.00005611173728519933,0.0002792708436402773
0.5575000000000001,2.2856806991424317,0.19236258065798037,-0.010754276915706637,-0.007241047141846158,-0.003800718602889344,-0.0013611426813485985,-0.00012097962772120922,0.0002533461234022666
0.5625,2.3090282063210283,0.20785708995917904,-0.010773056213944391,-0.007323724773592503,-0.003916226922856385,-0.0014648617035431363,-0.00018647187847763797,0.0002257043037552
0.5675000000000001,2.3323785886513084,0.22325791500646644,-0.010775584587405448,-0.007393430672400839,-0.0040236583459252115,-0.0015654979389990963,-0.00025228080453919104,0.0001964879122750942
0.5725,2.3557248593998414,0.23856756705861776,-0.010761697661602865,-0.0074498425683752565,-0.00412256337470436,-0.001662590540033624,-0.00031805939741232146,0.00016587643329045757
0.5775000000000001,2.379014749810579,0.2537807269883296,-0.010731010930017975,-0.007492491658933431,-0.004212406683200027,-0.0017556239513393554,-0.00038341447432080626,0.00013409314182233985
0.5825,2.4021544899283294,0.2688526475038707,-0.01068303959825209,-0.0075208367154945745,-0.004292598392378418,-0.0018440305716560198,-0.0004478954723687956,0.00010142114359509846
0.5875000000000001,2.4250020530568768,0.28367599171878355,-0.010617247910886984,-0.007534293283328403,-0.0043625056559666656,-0.0019271913015428573,-0.0005109891728087108,0.00006821242817849494
0.5925,2.447333446319118,0.2980833266131493,-0.01053295066726233,-0.007532168300243761,-0.00442142391322544,-0.0020044360570826243,-0.0005721354837817409,0.00003487048899702223
0.5975000000000001,2.4688099540144384,0.3118663467328713,-0.010429213907600425,-0.007513602593061922,-0.004468565525105222,-0.00207506917532947,-0.0006307718009657404,1.8048380049651147e-6
0.6025,2.4889961018806384,0.3247906161473091,-0.01030497710373081,-0.007477674908252464,-0.004503147251673943,-0.0021384447037064206,-0.0006863983947827605,-0.000030623526679388275
0.6074999999999999,2.5074415029156367,0.3366044275449693,-0.010159417781730302,-0.007423678849027296,-0.004524575706212311,-0.0021940792130329206,-0.0007386451807013031,-0.000062144561106648
0.6125,2.523779367879451,0.3470660942477176,-0.009992321899214587,-0.007351400063659008,-0.004532625080137587,-0.0022417493026417705,-0.0007873195306921498,-0.00009260451581293645
0.6174999999999999,2.537782078791871,0.3560035069220915,-0.009804225617843262,-0.007261221308265729,-0.004527503061301204,-0.0022815271677390585,-0.0008324258073733133,-0.0001219821833751281
0.6225,2.54936744835011,0.36337490428885855,-0.009596348861154767,-0.007154067500474232,-0.0045098107494296056,-0.0023137572984985224,-0.0008741591397784256,-0.0001503978723548711
0.6275,2.558599637082041,0.36927738265343807,-0.009370505255839698,-0.007031326371852776,-0.0044804781065123644,-0.002339009602734022,-0.0009128771177892765,-0.00017810195968916771
0.6325000000000001,2.5657069240345036,0.37389286646629377,-0.00912903584382576,-0.006894784779910954,-0.004440702758624614,-0.0023580215689492797,-0.0009490479189800435,-0.00020543224192633549
0.6375,2.5710762841693264,0.3774296885484672,-0.008874612385528623,-0.006746472357242572,-0.004391832329907629,-0.0023716084794799283,-0.000983177948723142,-0.00023275419445710596
0.6425000000000001,2.5751826924311967,0.3801218259065613,-0.008609843082783772,-0.006588362740062778,-0.004335164261138335,-0.002380540897870055,-0.0010157391980469095,-0.0002604168176933168
0.6475,2.578491517246945,0.3822671623632854,-0.008336905918354644,-0.006422094772492755,-0.004271761976924892,-0.0023854406911023953,-0.0010471204903726831,-0.00028873649696837633
0.6525000000000001,2.5814222693803153,0.38421932306137296,-0.008057477398074088,-0.0062489096997080445,-0.004202403387302032,-0.002386742187442099,-0.001077601046158104,-0.00031798143311892284
0.6575,2.584381893584072,0.386294017108974,-0.007772851221503215,-0.006069726695959484,-0.004127609389457527,-0.0023846812188056793,-0.0011073137159717716,-0.0003483232894300689
0.6625000000000001,2.587756311943564,0.38866439599913716,-0.0074838292369947676,-0.005885048513277948,-0.0040475640873505045,-0.002379225059265223,-0.0011361786415199362,-0.0003797714615018674
0.6675,2.5917796606235077,0.3913464587913476,-0.007190293935441364,-0.005694633618293304,-0.003961897950182084,-0.0023699505589501193,-0.00116384500031076,-0.0004121470102818117
0.6725000000000001,2.596386971993231,0.394269233892301,-0.006891050549912141,-0.00549737851185365,-0.0038696199266258936,-0.002356024900962401,-0.0011897097649932475,-0.0004451239540057873
0.6775,2.6012433192235407,0.39733085259526824,-0.006584458448212414,-0.005291804027959824,-0.0037694471222062017,-0.0023364061086746353,-0.0012130346352227331,-0.00047830464181852794
0.6825000000000001,2.605968400400649,0.4003996373911499,-0.0062693532854218486,-0.005076777900941386,-0.003660302107633628,-0.002310140840634376,-0.0012330996279722565,-0.0005112884163266148
0.6875,2.6103589145105777,0.4033378139675935,-0.00594532252938764,-0.004851759742856149,-0.003541514277539891,-0.0022765132443042535,-0.0012492974577266614,-0.0005437181854641088
0.6925000000000001,2.6144550300686897,0.4060986971345744,-0.005612197682817244,-0.004616428741650331,-0.0034125948267118857,-0.002234941394481411,-0.0012611066105088606,-0.0005752878251498734
0.6975,2.6184914502509793,0.4087952808333346,-0.0052694196237056835,-0.0043701631648774344,-0.0032728520511009183,-0.0021847235544552998,-0.0012679456015512501,-0.0006056744511902558
0.7025000000000001,2.622778119539153,0.41161523044753395,-0.004916229070544088,-0.0041121090164716895,-0.0031213326691810965,-0.0021248852617565825,-0.0012689795303384272,-0.0006343561780462431
0.7075,2.62741337545339,0.4146074449196197,-0.004552908215931989,-0.003842063221347493,-0.0029572978662389,-0.002054297179318567,-0.001262992570411521,-0.0006603692286223965
0.7125000000000001,2.631992895963287,0.4175444471067415,-0.00418120783312299,-0.0035608155372928363,-0.0027804514993857417,-0.0019717793323798167,-0.0012483808362880192,-0.0006822238509224118
0.7175,2.635991717389267,0.4201727606602662,-0.003802221781389754,-0.0032685950179837074,-0.0025900290098984534,-0.0018757485213079538,-0.0012231820744288578,-0.0006981269558066112
0.7225000000000001,2.639848402825753,0.42280213661435634,-0.0034130521820683966,-0.0029626220662887417,-0.002383366237036156,-0.0017636923766997476,-0.0011851790538137687,-0.0007063904509951714
0.7275,2.645074425374311,0.4263324579387482,-0.003006524412745789,-0.0026367224970855075,-0.0021554176351007153,-0.0016316311867209284,-0.0011313590961671313,-0.0007049379164580198
0.7324999999999999,2.651747293117464,0.4306897476087423,-0.002558308667699,-0.0022709189253967864,-0.0018914429035890965,-0.0014699294038513873,-0.001056312630415405,-0.0006913691901560813
0.7375,2.6554012382947043,0.43326606431794107,-0.002123789472348642,-0.0019060224060793935,-0.0016145822979091915,-0.0012847238544982553,-0.0009531094970397975,-0.0006515502569255549
0.7424999999999999,2.65519742898665,0.43318764680987953,-0.0017496123788011365,-0.0015877417676091977,-0.0013675506524687539,-0.0011127782760641915,-0.0008495622713551943,-0.0006023641012901009
0.7475,2.647221035509788,0.428253926076986,-0.001195104731175384,-0.001117708777768506,-0.0010050046450808398,-0.0008630533609015178,-0.0007017654228428536,-0.0005342938733365092
0.7525,2.5865633317540997,0.39224838527949174,-0.00040815194729682674,-0.00042078800270679536,-0.00042822393982446926,-0.00042139583926865346,-0.0003942861278056504,-0.0003460962699983624
0.7575000000000001,2.3415370326830165,0.2350433017912568,-0.00003404067128683075,-0.000052589369741279715,-0.00007462160451802958,-0.00009485158640080613,-0.00010854281512724467,-0.00011266257736000391
0.7625,2.0831775540875057,0.05926520158677692,-0.00003947805074060607,-0.000037531931780289906,-0.00003485115386046107,-0.00003163881527223764,-0.000028070495528513507,-0.00002427498632182572
0.7675000000000001,2.0087343939159035,0.006179691878970211,-5.493915867052076e-6,-5.140614508351046e-6,-4.6541694274321465e-6,-4.0775594018336e-6,-3.455638139585526e-6,-2.8291466134118708e-6
0.7725,2.0008626636428586,0.0006097040344256249,-5.572867224319288e-7,-5.218306579590094e-7,-4.7264425686187885e-7,-4.1382869143649065e-7,-3.498639168812088e-7,-2.8504958369650016e-7
0.7775000000000001,2.0000849650433885,0.00006004526337495955,-5.5097097757020306e-8,-5.160960928249754e-8,-4.676173178929792e-8,-4.095085508853584e-8,-3.461630310615272e-8,-2.8185542601561758e-8
0.7825,2.000008368148781,5.913766743276814e-6,-5.427361802584879e-9,-5.084147255313569e-9,-4.606874548376193e-9,-4.034548724939253e-9,-3.4103904301682373e-9,-2.7765592882568998e-9
0.7875000000000001,2.000000823111736,5.816923391196463e-7,-5.336119839736937e-10,-4.998778929048272e-10,-4.52963718415723e-10,-3.967010175276933e-10,-3.353374199937257e-10,-2.7301830395294956e-10
0.7925,2.000000080858834,5.7142879044272945e-8,-5.2391080091967093e-11,-4.907996971036847e-11,-4.4475015130259294e-11,-3.8952165103795794e-11,-3.292825953845867e-11,-2.6810179893946924e-11
0.7975000000000001,2.0000000079322087,5.605688783800597e-9,-5.1360257117729816e-12,-4.811544385341462e-12,-4.3602526157219525e-12,-3.818978877548471e-12,-3.228562299761215e-12,-2.6288724650122668e-12
0.8025,2.000000000776846,5.489982228895436e-10,-5.025882683614527e-13,-4.708495690833583e-13,-4.267050475382098e-13,-3.737553942198525e-13,-3.159940457589437e-13,-2.573203968265331e-13
0.8075000000000001,2.000000000075932,5.3662686802748946e-11,-4.9077693911688476e-14,-4.5980222762638406e-14,-4.167173299620695e-14,-3.650339144631162e-14,-3.0864767117666253e-14,-2.513637290049293e-14
0.8125,2.0000000000074047,5.2341442330614144e-12,-4.777275607618684e-15,-4.476546093033011e-15,-4.058051004797538e-15,-3.55574508524582e-15,-3.00737272747123e-15,-2.449893586787222e-15
0.8175000000000001,2.0000000000007185,5.08676633548311e-13,-4.653294495704014e-16,-4.3579300166411803e-16,-3.947510970527653e-16,-3.4558560399150697e-16,-2.920326813798511e-16,-2.377211128994591e-16
0.8225,2.000000000000067,4.804133331113188e-14,-4.147045254825628e-17,-3.894812805809337e-17,-3.5427986395776105e-17,-3.1185810060274727e-17,-2.653033190780749e-17,-2.1766857094379265e-17
0.8275000000000001,2.0000000000000044,3.7563642974515724e-15,-1.8291272182967048e-18,-1.7925617373629897e-18,-1.7324387491834867e-18,-1.6444386527092694e-18,-1.5255812979629565e-18,-1.375629682586082e-18
0.8325,2.,1.6707183885553488e-16,-1.5739224029738715e-18,-1.4057742220432646e-18,-1.1794676952598085e-18,-9.211166810951633e-19,-6.583547343487546e-19,-4.1613686722123266e-19
0.8375000000000001,2.,0.,0.,0.,0.,0.,0.,0.
0.8425,2.,0.,0.,0.,0.,0.,0.,0.
0.8475000000000001,2.,0.,0.,0.,0.,0.,0.,0.
0.8525,2.,0.,0.,0.,0.,0.,0.,0.
0.8574999999999999,2.,0.,0.,0.,0.,0.,0.,0.
0.8625,2.,0.,0.,0.,0.,0.,0.,0.
0.8674999999999999,2.,0.,0.,0.,0.,0.,0.,0.
0.8725,2.,0.,0.,0.,0.,0.,0.,0.
0.8775,2.,0.,0.,0.,0.,0.,0.,0.
0.8825000000000001,2.,0.,0.,0.,0.,0.,0.,0.
0.8875,2.,0.,0.,0.,0.,0.,0.,0.
0.8925000000000001,2.,0.,0.,0.,0.,0.,0.,0.
0.8975,2.,0.,0.,0.,0.,0.,0.,0.
0.9025000000000001,2.,0.,0.,0.,0.,0.,0.,0.
0.9075,2.,0.,0.,0.,0.,0.,0.,0.
0.9125000000000001,2.,0.,0.,0.,0.,0.,0.,0.
0.9175,2.,0.,0.,0.,0.,0.,0.,0.
0.9225000000000001,2.,0.,0.,0.,0.,0.,0.,0.
0.9275,2.,0.,0.,0.,0.,0.,0.,0.
0.9325000000000001,2.,0.,0.,0.,0.,0.,0.,0.
0.9375,2.,0.,0.,0.,0.,0.,0.,0.
0.9425000000000001,2.,0.,0.,0.,0.,0.,0.,0.
0.9475,2.,0.,0.,0.,0.,0.,0.,0.
0.9525000000000001,2.,0.,0.,0.,0.,0.,0.,0.
0.9575,2.,0.,0.,0.,0.,0.,0.,0.
0.9625000000000001,2.,0.,0.,0.,0.,0.,0.,0.
0.9675,2.,0.,0.,0.,0.,0.,0.,0.
0.9725000000000001,2.,0.,0.,0.,0.,0.,0.,0.
0.9775,2.,0.,0.,0.,0.,0.,0.,0.
0.9825000000000002,2.,0.,0.,0.,0.,0.,0.,0.
0.9875,2.,0.,0.,0.,0.,0.,0.,0.
0.9924999999999999,2.,0.,0.,0.,0.,0.,0.,0.
0.9975,2.,0.,0.,0.,0.,0.,0.,0.
