-0.9975,1.0141416827280878,0.05136275488335373,-0.03731289123070593,-0.010078591148282995,0.0014833676749810168,0.0001716820010635496
-0.9925,1.0143281069618981,0.05119261644104503,-0.037215495052282485,-0.010037372879840491,0.0014884397059802873,0.0001720365573363068
-0.9875,1.014530140802662,0.051019199349356024,-0.03710847621112355,-0.00999794468845984,0.0014905856941307997,0.00017216494621507587
-0.9825,1.0147473255665802,0.05084288617958027,-0.03699875027759052,-0.009958366075042703,0.0014924249142136794,0.00017235748975428603
-0.9775,1.0149799041532301,0.0506635937247106,-0.03688715882835946,-0.00991818449606935,0.0014942846711497278,0.00017257122669317562
-0.9725,1.0152282104745265,0.05048119346876969,-0.03677377032324589,-0.009877292476712934,0.0014962187501172874,0.00017279611910142842
-0.9675,1.0154926038880698,0.050295552721723674,-0.036658533042629914,-0.009835644145849642,0.0014982396257830438,0.00017303042970096295
-0.9625,1.0157734588260579,0.0501065410864667,-0.036541375431500836,-0.0097932057751348,0.0015003523590671817,0.0001732740705767221
-0.9575,1.016071162722511,0.0499140318063168,-0.03642222404668263,-0.009749946796229054,0.0015025605464017882,0.00017352731143473147
-0.9525,1.016386115432707,0.04971790218943631,-0.03630100728675175,-0.009705838010896143,0.0015048675255716771,0.0001737905168678578
-0.9475,1.0167187289549997,0.04951803384541624,-0.03617765634336895,-0.009660851208468846,0.0015072766566230562,0.00017406408709087187
-0.9425,1.0170694272158223,0.049314312883651956,-0.03605210554375898,-0.00961495909249687,0.0015097913988109729,0.00017434844302615743
-0.9375,1.0174386458631457,0.04910663010866854,-0.035924292547460206,-0.009568135284617694,0.001512415337183822,0.00017464402219938358
-0.9325,1.0178268320542188,0.048894881222218224,-0.03579415850891661,-0.009520354350853317,0.0015151521956455814,0.00017495127757043936
-0.9275,1.0182344442335638,0.048678967035725725,-0.035661648236836443,-0.009471591835772543,0.0015180058465582183,0.00017527067722086765
-0.9225,1.018661951900198,0.04845879369504506,-0.03552671036093154,-0.009421824300036913,0.0015209803201916279,0.00017560270426166476
-0.9175,1.0191098353642154,0.04823427291919909,-0.035389297511423445,-0.009371029359525405,0.0015240798155613344,0.00017594785670831703
-0.9125,1.0195785854936084,0.048005322254974586,-0.035249366515861656,-0.009319185724847507,0.0015273087138627827,0.00017630664716321258
-0.9075,1.0200687034529847,0.047771865349761196,-0.035106878618667486,-0.009266273239959965,0.0015306715959171476,0.0001766796021437008
-0.9025,1.0205807004368772,0.04753383224587826,-0.03496179973078835,-0.00921227291815915,0.0015341732655731008,0.00017706726085219403
-0.8975,1.021115097401871,0.04729115970096182,-0.03481410071995827,-0.009157166973014911,0.0015378187818512988,0.00017747017312132448
-0.8925,1.0216724248040776,0.0470437915410215,-0.034663757756606246,-0.009100938840871736,0.0015416135038336274,0.0001778888961974089
-0.8875,1.022253222351994,0.04679167905591999,-0.03451075273688952,-0.009043573190436981,0.0015455631539760635,0.00017832398997785824
-0.8825000000000001,1.0228580387901742,0.04653478145189841,-0.034355073813217125,-0.0089850559138934,0.0015496739077445086,0.00017877601034873897
-0.8775,1.0234874317374096,0.04627306638333649,-0.0341967160745545,-0.00892537409335348,0.0015539525202574818,0.00017924550048009858
-0.8725,1.0241419676157792,0.046006510597660796,-0.034035682434237165,-0.00886451593716194,0.001558406503841768,0.00017973298049561687
-0.8674999999999999,1.0248222217260543,0.0457351007452735,-0.03387198480201027,-0.008802470683984275,0.0015630443736340937,0.00018023893706968491
-0.8625,1.025528778553156,0.04545883443322858,-0.033705645638661616,-0.008739228480933472,0.0015678759806508707,0.0001807638164826463
-0.8575,1.0262622324252468,0.0451777216399539,-0.033536700013304846,-0.008674780257934096,0.0015729129514002302,0.00018130802767708784
-0.8525,1.0270231887029644,0.04489178666040918,-0.03336519829973443,-0.00860911764690979,0.001578169247505693,0.00018187196583766888
-0.8475,1.0278122657388749,0.04460107081515289,-0.03319120965013871,-0.008542233032839932,0.001583661844487769,0.00018245607136142954
-0.8425,1.028630097911655,0.04430563622441879,-0.03301482635825669,-0.008474119872673037,0.0015894115021269212,0.00018306094237347445
-0.8375,1.0294773400831885,0.04400557099974137,-0.0328361691524931,-0.00840477347011158,0.0015954435571748679,0.0001836875188047603
-0.8325,1.030354673813083,0.04370099620644339,-0.032655393324508425,-0.008334192433931784,0.0016017886134234954,0.0001843373494371885
-0.8275,1.0312628155434391,0.043392074851532556,-0.032472695387629716,-0.008262381050826485,0.0016084829411210175,0.000185012937396237
-0.8225,1.032202526681485,0.043079022897980664,-0.03228831967383208,-0.008189352741655434,0.0016155683423606578,0.00018571813324426035
-0.8175,1.033174625018421,0.04276212185472738,-0.0321025639447837,-0.008115134616567942,0.0016230912142798524,0.00018645851062197853
-0.8125,1.0341799962336093,0.04244173183908232,-0.0319157827713786,-0.00803977289010972,0.001631100574763115,0.00018724162482604433
-0.8075,1.0352196034248478,0.042118303223063466,-0.03172838722031063,-0.007963338583239075,0.0016396449286645986,0.00018807703214058084
-0.8025,1.0362944918545816,0.0417923842184131,-0.03154083938842578,-0.007885932586651627,0.0016487680532500726,0.0001889759516694446
-0.7975,1.03740578567041,0.0414646212723709,-0.031353640649612206,-0.007807688888294667,0.0016585040493310552,0.00018995049334480144
-0.7925,1.0385546735384588,0.041135749219945256,-0.03116731317897065,-0.007728774694622617,0.0016688722868386267,0.00019101245784554938
-0.7875,1.0397423811462594,0.040806568997258784,-0.030982375358920806,-0.007649386398403539,0.0016798730918122637,0.00019217182421086022
-0.7825,1.040970130433046,0.040477912430714046,-0.03079931290225227,-0.007569740901738775,0.0016914850912658438,0.00019343515218994966
-0.7775,1.0422390879660288,0.04015059599371941,-0.030618548695539014,-0.007490062631119728,0.00170366499171194,0.0001948042033682078
-0.7725,1.0435503075958288,0.03982536801214861,-0.030440415169304767,-0.0074105675190930765,0.0017163502070833142,0.00019627509527803577
-0.7675,1.0449046747002797,0.03950285595830085,-0.030265133168894273,-0.007331446041312567,0.0017294642311224775,0.0001978382296305863
-0.7625,1.0463028602756057,0.03918352154384339,-0.03009280068804416,-0.007252847850732548,0.0017429240871568961,0.0001994790885758871
-0.7575000000000001,1.0477452924078345,0.0388676308529442,-0.029923393483144545,-0.0071748704792952206,0.0017566487320743863,0.0002011798065582347
-0.7525,1.0492321502298718,0.038555244681504244,-0.029756777758967422,-0.007097553955549509,0.001770567070314066,0.00020292125102995163
-0.7475,1.0507633817987267,0.0382462309527803,-0.029592733199415137,-0.007020882144413837,0.0017846243140503572,0.00020468523323637704
-0.7424999999999999,1.0523387432472104,0.03794029731332455,-0.029430983038739537,-0.006944790404811347,0.0017987857870212529,0.00020645645223291972
-0.7375,1.053957853043311,0.03763703867116053,-0.029271226971262585,-0.006869178078884875,0.0018130378109478898,0.00020822385363871275
-0.7324999999999999,1.0556202530379153,0.03733599229004347,-0.02911317263969791,-0.00679392362300189,0.0018273858885784421,0.00020998123252845331
-0.7275,1.0573254676126704,0.03703669251892968,-0.02895656216504048,-0.006718899997360499,0.0018418508617922783,0.0002117270818800762
-0.7224999999999999,1.0590730535782935,0.03673871828405557,-0.028801191442676642,-0.006643988232785897,0.0018564639786509023,0.00021346383648043952
-0.7175,1.0608626360190139,0.03644172867372173,-0.02864692139049245,-0.006569087750415515,0.001871261821224613,0.00021519675265690522
-0.7125,1.0626939282978993,0.036145484646187734,-0.0284936816623038,-0.006494122815371185,0.0018862818654762407,0.00021693268412758648
-0.7075,1.0645667372017886,0.03584985742014589,-0.02834146829307338,-0.006419045254107339,0.001901559148674727,0.00021867897308271186
-0.7025,1.0664809561854227,0.03555482596780161,-0.028190337216344057,-0.006343834109393542,0.0019171242033429246,0.00022044259743608392
-0.6975,1.068436550644765,0.03526046699423424,-0.028040395616796075,-0.006268493183622782,0.001933002156293947,0.00022222962828713914
-0.6925,1.0704335391730206,0.03496694089128527,-0.027891792772359876,-0.00619304744707556,0.0019492127288526602,0.00022404497907464963
-0.6875,1.072471974093379,0.03467447662518988,-0.027744711559327888,-0.0061175391332847695,0.0019657708153052052,0.00022589238228956797
-0.6825,1.074551923560712,0.03438335765691492,-0.027599361287000912,-0.006042024098611367,0.0019826873394222736,0.0002277745126278071
-0.6775,1.0766734564889537,0.034093910082151194,-0.027455972098859974,-0.005966568767838255,0.001999970159607028,0.00022969318091667796
-0.6725,1.0788366307022532,0.03380649340876988,-0.02731479087532895,-0.0058912477758915815,0.002017624878787384,0.0002316495414360557
-0.6675,1.0810414841217217,0.03352149385536393,-0.027176078403645658,-0.005816142271531311,0.0020356554917760183,0.00023364427725176208
-0.6625,1.0832880284860895,0.03323931976101226,-0.027040107518881435,-0.005741338771640332,0.0020540648583903228,0.0002356777475317642
-0.6575,1.085576245006586,0.03296039859599278,-0.02690716193075611,-0.005666928429987994,0.002072855023069593,0.00023775009450440615
-0.6525000000000001,1.0879060813963857,0.03268517508837517,-0.026777535499027328,-0.005593006592811752,0.002092027415139051,0.00023986131541600978
-0.6475,1.090277449822066,0.03241411006934237,-0.02665153177983038,-0.005519672537955181,0.0021115829647015047,0.00024201130778861535
-0.6425000000000001,1.0926902254474706,0.03214767974471453,-0.02652946372060878,-0.005447029322366655,0.0021315221634936026,0.0002441998962121887
-0.6375,1.0951442453498146,0.03188637519470228,-0.02641165342512392,-0.005375183687619357,0.0021518450923721216,0.00024642684738953897
-0.6325000000000001,1.097639307671983,0.03163070197726142,-0.026298431941220477,-0.005304245992087095,0.002172551429960466,0.0002486918782647949
-0.6275,1.1001751709330871,0.03138117976147354,-0.026190139044361804,-0.005234330151429576,0.002193640451449971,0.0002509946603882485
-0.6225,1.1027515534561216,0.03113834194994587,-0.02608712300226831,-0.005165553577234624,0.0022151110227501933,0.000253334822415047
-0.6174999999999999,1.1053681328931004,0.030902735268524457,-0.025989740312989687,-0.005098037108457641,0.0022369615928082365,0.00025571195180053546
-0.6125,1.1080245458397469,0.03067491931234615,-0.025898355412512338,-0.005031904932928023,0.002259190185549636,0.0002581255962499487
-0.6074999999999999,1.1107203875377007,0.03045546604291249,-0.025813340349956217,-0.004967284497558776,0.0022817943921598703,0.00026057526519752413
-0.6025,1.1134552116648773,0.03024495923374918,-0.025735074429419087,-0.0049043064065804704,0.0023047713640566856,0.00026306043144297853
-0.5974999999999999,1.1162285302156454,0.03004399386368392,-0.025663943818068198,-0.004843104307463999,0.0023281178067281116,0.00026558053300092856
-0.5925,1.1190398134727204,0.029853175457574037,-0.02560034112041159,-0.00478381476437883,0.002351829974530693,0.000268134975184585
-0.5875,1.1218884900725077,0.029673119374813883,-0.02554466491892602,-0.0047265771191458,0.0023759036665071853,0.0002707231329295941
-0.5825,1.1247739471653286,0.029504450046333744,-0.02549731928142988,-0.004671533339729171,0.002400334223264564,0.0002733443533559169
-0.5775,1.127695530671545,0.02934780016113604,-0.025458713235793434,-0.004618827856387347,0.0024251165249442037,0.0002759979585613344
-0.5725,1.1306525456341732,0.029203809803733435,-0.025429260212778106,-0.004568607385674129,0.0024502449903084384,0.00027868324863716376
-0.5675,1.1336442566681104,0.029073125544166873,-0.025409377457996665,-0.004521020742554249,0.0024757135769612327,0.00028139950489379723
-0.5625,1.1366698885056254,0.028956399482590812,-0.0253994854141869,-0.004476218640968288,0.0025015157827147087,0.00028414599328147836
-0.5575,1.139728626637282,0.028854288250716766,-0.025400007075189007,-0.0044343534832537385,0.00252764464810699,0.00028692196798922766
-0.5525,1.1428196180469867,0.028767451972701866,-0.025411367313210875,-0.004395579138898622,0.0025540927600704324,0.00028972667520241045
-0.5475,1.145941972039363,0.02869655318835379,-0.02543399218115417,-0.004360050713172671,0.0025808522567433586,0.0002925593569972917
-0.5425,1.149094761157185,0.028642255741794218,-0.025468308191954486,-0.004327924306247238,0.0026079148334119694,0.0002954192553487077
-0.5375,1.1522770221861298,0.028605223638977943,-0.025514741577061278,-0.004299356763478028,0.002635271749563476,0.00029830561622514015
-0.5325,1.1554877572436748,0.028586119877697325,-0.025573717526341605,-0.004274505417583936,0.002662913837025425,0.0003012176937435858
-0.5275000000000001,1.1587259349485086,0.028585605253917405,-0.025645659411840233,-0.004253527823510606,0.002690831509160827,0.0003041547543550203
-0.5225,1.1619904916664412,0.028604337148471104,-0.02573098799795933,-0.004236581486817005,0.002719014771083507,0.000307116081030012
-0.5175000000000001,1.165280332828396,0.028642968298308223,-0.025830120640737433,-0.0042238235864680805,0.002747453230853419,0.00031010097741284267
-0.5125,1.1685943343157281,0.028702145556622635,-0.02594347047900503,-0.00421541069295552,0.002776136111606909,0.0003131087719117524
-0.5075000000000001,1.1719313439077823,0.028782508646284923,-0.026071445620273737,-0.004211498482700466,0.0028050522645736505,0.0003161388216924124
-0.5025,1.175290182786327,0.028884688911080793,-0.026214448324275445,-0.004212241449718729,0.0028341901829277284,0.00031919051654144873
-0.49750000000000005,1.1786696470912503,0.02900930806929262,-0.026372874187106855,-0.004217792615547282,0.0028635380164179,0.00032226328256697073
-0.49250000000000005,1.1820685095216992,0.029156976974169448,-0.026547111328953408,-0.004228303238442557,0.0028930835867197126,0.0003253565857035827
-0.48750000000000004,1.185485520976675,0.02932829438580442,-0.026737539588362898,-0.004243922522866309,0.002922814403449884,0.0003284699349900092
-0.48250000000000004,1.1889194122289806,0.02952384575888189,-0.02694452972601585,-0.004264797330272127,0.0029527176807820957,0.00033160288558849773
-0.47750000000000004,1.1923688956263256,0.029744202050666052,-0.02716844264089421,-0.00429107189219609,0.0029827803546024906,0.00033475504151661545
-0.47250000000000003,1.1958326668133676,0.029989918553482608,-0.027409628601684312,-0.004322887526638869,0.003012989100142636,0.00033792605806369074
-0.4675,1.199309406468461,0.03026153375579687,-0.027668426496165334,-0.004360382358703279,0.0030433303500279093,0.00034111564386612417
-0.4625,1.2027977820489402,0.03055956823581401,-0.027945163101229607,-0.004403691046421867,0.003073790312679472,0.0003443235626178419
-0.4575,1.2062964495388397,0.030884523591326325,-0.0282401523760605,-0.004452944512674117,0.003104354991009055,0.00034754963439482536
-0.4525,1.209804055193086,0.03123688140930789,-0.028553694780855083,-0.0045082696840517454,0.0031350102013465854,0.0003507937365750322
-0.4475,1.2133192372723436,0.03161710227850886,-0.028886076623325544,-0.004569789237484297,0.0031657415925426774,0.00035405580433796503
-0.4425,1.216840627762901,0.032025624848039794,-0.029237569435047704,-0.004637621355387113,0.003196534665189438,0.00035733583073113093
-0.4375,1.2203668540761952,0.032462864934657304,-0.02960842937954714,-0.00471187949003946,0.003227374790904863,0.0003606338662934941
-0.4325,1.223896540722832,0.03292921468116977,-0.029998896693825806,-0.004792672137842534,0.0032582472316285954,0.00036395001822933035
-0.4275,1.2274283109562274,0.033425041768081025,-0.03040919516483706,-0.0048801026240465634,0.003289137158878713,0.0003672844491289282
-0.4225,1.2309607883812945,0.03395068868028262,-0.03083953164221496,-0.0049742688984739285,0.0033200296729216892,0.00037063737523580206
-0.4175,1.2344925985239175,0.03450647203029308,-0.031290095588359955,-0.005075263342700806,0.0033509098218103585,0.0003740090642634191
-0.4125,1.2380223703572735,0.03509268193923059,-0.03176105866677357,-0.0051831725890946,0.0033817626202463638,0.00037739983276696275
-0.4075,1.2415487377814132,0.03570958147639529,-0.0322525743693281,-0.005298077352039993,0.0034125730682265094,0.00038081004307935327
-0.40249999999999997,1.2450703410528519,0.03635740615802969,-0.03276477768295144,-0.005420052271619947,0.0034433261694349466,0.00038424009982316617
-0.39749999999999996,1.2485858281612738,0.03703636350552801,-0.03329778479600181,-0.005549165769955036,0.003474006949344505,0.00038769044601294944
-0.39249999999999996,1.2520938561508115,0.03774663266307305,-0.033851692844411245,-0.0056854799203404464,0.003504600472993697,0.00039116155876511063
-0.38749999999999996,1.255593092383708,0.038488364074400844,-0.03442657969748173,-0.005829050329259367,0.0035350918624071407,0.0003946539446348533
-0.38249999999999995,1.2590822157445185,0.039261679218127475,-0.03502250378303532,-0.005979926031292269,0.0035654663136293657,0.00039816813460175727
-0.37749999999999995,1.2625599177833529,0.040066670400818634,-0.03563950395144221,-0.006138149396884601,0.0035957091133440476,0.00040170467872786104
-0.37250000000000005,1.2660249037969842,0.04090340060674699,-0.03627759937788382,-0.006303756052882256,0.003625805655051991,0.0004052641405135999
-0.36750000000000005,1.2694758938469761,0.0417719034030648,-0.03693678950205416,-0.006476774815693561,0.003655741454782881,0.00040884709097860616
-0.36250000000000004,1.2729116237142877,0.04267218289891538,-0.03761705400435681,-0.006657227636888868,0.0036855021663174488,0.00041245410249571643
-0.35750000000000004,1.276330845790101,0.043604213756825556,-0.038318352817523015,-0.006845129561005959,0.0037150735958977883,0.0004160857424075861
-0.35250000000000004,1.2797323299029069,0.0445679412545582,-0.03904062617245725,-0.007040488695289057,0.0037444417164047743,0.00041974256645605233
-0.34750000000000003,1.283114864082129,0.04556328139545673,-0.03978379467700862,-0.0072433061910531695,0.0037735926809830127,0.0004234251120552578
-0.3425,1.2864772552588217,0.04659012106519094,-0.04054775942627327,-0.007453576236333178,0.0038025128360944984,0.00042713389143970277
-0.3375,1.2898183299041939,0.04764831823270528,-0.04133240214295065,-0.0076712860594489694,0.0038311887339830108,0.00043086938471863717
-0.3325,1.2931369346069204,0.0487377021930833,-0.04213758534620937,-0.007896415943092434,0.00385960714453292,0.0004346320328684377
-0.3275,1.296431936590388,0.04985807384997386,-0.042963152547461476,-0.008128939248522146,0.0038877550665058903,0.00043842223069394425
-0.3225,1.2997022241711889,0.05100920603517121,-0.04380892847140203,-0.008368822449433336,0.003915619738141212,0.00044224031978992186
-0.3175,1.3029467071603293,0.05219084386290783,-0.04467471930063697,-0.008616025175058111,0.0039431886471048404,0.0004460865815328175
-0.3125,1.306164317208749,0.053402705116399794,-0.04556031294220543,-0.008870500262039232,0.003970449539774558,0.0004499612301325913
-0.3075,1.3093540080988575,0.05464448066417989,-0.04646547931429004,-0.009132193814614635,0.003997390429848449,0.0004538644057734396
-0.3025,1.312514755983898,0.055915834903767045,-0.04738997065141313,-0.009401045272645417,0.004023999606265447,0.00045779616787135
-0.2975,1.3156455595770227,0.057216406230241615,-0.048333521826424516,-0.009676987487018831,0.004050265640427352,0.00046175648847556763
-0.2925,1.318745440292028,0.05854580752733535,-0.049295850687609284,-0.009959946801959314,0.004076177392712762,0.0004657452458395056
-0.2875,1.321813442337757,0.059903626678688725,-0.05027665840926862,-0.01024984314378432,0.004101724018274494,0.00046976221818603974
-0.2825,1.3248486327681985,0.06128942709698834,-0.05127562985416591,-0.01054659011564825,0.004126894972113158,0.0004738070776904049
-0.27749999999999997,1.3278501014903465,0.0627027482687631,-0.05229243394626937,-0.01085009509782609,0.004151680013420071,0.00047787938470276927
-0.27249999999999996,1.330816961231891,0.06414310631268881,-0.05332672405227335,-0.011160259353097342,0.004176069209185299,0.0004819785822314955
-0.26749999999999996,1.3337483474708118,0.06560999454933607,-0.05437813837043245,-0.011476978136804376,0.0042000529370660655,0.00048610399070636855
-0.26249999999999996,1.3366434183289366,0.06710288408037995,-0.05544630032530294,-0.011800140811170635,0.00422362188751363,0.0004902548030399566
-0.25749999999999995,1.3395013544315095,0.06862122437538291,-0.05653081896704644,-0.012129630963479996,0.004246767065156876,0.0004944300800038842
-0.25249999999999995,1.3423213587347855,0.0701644438643576,-0.057631289374018554,-0.012465326527732745,0.004269479789443278,0.0004986287459355068
-0.24750000000000005,1.3451026563236361,0.07173195053441443,-0.05874729305743264,-0.012807099909410903,0.0042917516945386045,0.0005028495847889725
-0.24250000000000005,1.3478444941811123,0.07332313252890066,-0.05987839836695957,-0.013154818113002276,0.004313574728488507,0.0005070912365436871
-0.23750000000000004,1.3505461409318613,0.07493735874753918,-0.06102416089619809,-0.013508342871949597,0.004334941151647021,0.0005113521939815859
-0.23250000000000004,1.3532068865612534,0.07657397944617923,-0.06218412388702145,-0.013867530780710395,0.004355843534377576,0.0005156307998434727
-0.22750000000000004,1.355826042112009,0.07823232683487566,-0.0633578186318835,-0.014232233428630059,0.0043762747540351775,0.0005199252443737407
-0.22250000000000003,1.3584029393600747,0.07991171567311262,-0.06454476487323664,-0.014602297535349688,0.004396227991238304,0.0005242335632611941
-0.21750000000000003,1.360936930471427,0.08161144386109537,-0.0657444711992947,-0.014977565087488041,0.004415696725443152,0.0005285536359830882
-0.21250000000000002,1.363427387641426,0.08333079302613011,-0.0669564354354401,-0.015357873476356228,0.004434674729831198,0.0005328831845578053
-0.20750000000000002,1.365873702718288,0.0850690291032132,-0.0681801450306531,-0.01574305563648028,0.004453156065526246,0.0005372197727111399
-0.2025,1.3682752868121646,0.0868254029090471,-0.06941507743840881,-0.016132940184725934,0.0044711350751563145,0.0005415608054599014
-0.1975,1.3706315698912794,0.08859915070879493,-0.07066070049155859,-0.016527351559836426,0.00448860637577846,0.0005459035291154955
-0.1925,1.372942000366489,0.09038949477497714,-0.07191647277078127,-0.016926110162211506,0.004505564851186635,0.0005502450317096724
-0.1875,1.3752060446655872,0.09219564393800232,-0.0731818439662546,-0.017329032493772066,0.004522005643623238,0.0005545822438431659
-0.1825,1.3774231867986093,0.09401679412791107,-0.074456255232264,-0.017735931297771408,0.004537924144918111,0.0005589119399577065
-0.1775,1.379592927915331,0.09585212890699087,-0.07573913953452531,-0.01814661569842846,0.004553315987079378,0.0005632307400307903
-0.1725,1.3817147858561005,0.09770081999300327,-0.07702992199006067,-0.018560891340274176,0.004568177032362812,0.0005675351116919596
-0.16749999999999998,1.3837882946970945,0.09956202777283578,-0.07832802019952302,-0.01897856052711585,0.0045825033628476815,0.0005718213727585913
-0.16249999999999998,1.3858130042910226,0.10143490180646561,-0.07963284457192198,-0.019399422360537155,0.00459629126954957,0.0005760856941887442
-0.15749999999999997,1.3877884798042681,0.1033185813211888,-0.08094379864175362,-0.019823272877865932,0.004609537241100791,0.000580324103447579
-0.15249999999999997,1.3897143012513944,0.10521219569613588,-0.08226027937859254,-0.02024990518955214,0.004622237952032494,0.0005845324882836894
-0.14749999999999996,1.391590063027906,0.1071148649371527,-0.08358167748924787,-0.020679109615910983,0.004634390250692899,0.0005887066009108232
-0.14249999999999996,1.3934153734421106,0.10902570014218668,-0.0849073777126343,-0.021110673823196913,0.004645991146837851,0.0005928420625900488
-0.13749999999999996,1.3951898542468812,0.11094380395736947,-0.08623675910755267,-0.02154438295898277,0.004657037798933067,0.0005969343686069952
-0.13249999999999995,1.3969131401720953,0.11286827102404141,-0.08756919533361371,-0.021980019786830136,0.004667527501206476,0.0006009788936379703
-0.12749999999999995,1.3985848784584742,0.11479818841701064,-0.08890405492558154,-0.022417364820243393,0.004677457670492849,0.000604970897498533
-0.12250000000000005,1.4002047283935315,0.1167326360743812,-0.09024070156144721,-0.022856196455909326,0.004686825832913599,0.0006089055312677202
-0.11750000000000005,1.4017723608503,0.1186706872193305,-0.09157849432458076,-0.023296291106230615,0.004695629610436724,0.0006127778437804705
-0.11250000000000004,1.4032874578294905,0.12061140877425298,-0.0929167879603394,-0.02373742333116922,0.004703866707362158,0.0006165827884800625
-0.10750000000000004,1.4047497120057013,0.12255386176772205,-0.09425493312754506,-0.024179365969420337,0.004711534896781998,0.0006203152306230178
-0.10250000000000004,1.4061588262782945,0.12449710173475831,-0.09559227664526984,-0.02462189026894498,0.004718632007063373,0.0006239699548269776
-0.09750000000000003,1.4075145133275242,0.12644017911092043,-0.0969281617353971,-0.02506476601689242,0.004725155908406017,0.000627541672952986
-0.09250000000000003,1.408816495176498,0.12838213962076372,-0.09826192826145234,-0.025507761668949046,0.004731104499527038,0.0006310250323125914
-0.08750000000000002,1.4100645027595426,0.13032202466123755,-0.09959291296421839,-0.02595064447815392,0.004736475694526439,0.0006344146241895307
-0.08250000000000002,1.4112582754975331,0.13225887168061748,-0.10092044969467773,-0.026393180623224308,0.004741267409989872,0.0006377049926660849
-0.07750000000000001,1.4123975608807495,0.13419171455358658,-0.10224386964483909,-0.026835135336437898,0.004745477552385127,0.0006408906437432321
-0.07250000000000001,1.413482114059818,0.13611958395310342,-0.10356250157702979,-0.027276273031120152,0.004749104005811496,0.0006439660547432828
-0.0675,1.4145116974453016,0.13804150771970852,-0.1048756720522507,-0.027716357428787745,0.004752144620161832,0.0006469256839838815
-0.0625,1.4154860803165077,0.13995651122893932,-0.1061827056582087,-0.02815515168600061,0.004754597199759204,0.0006497639807111978
-0.057499999999999996,1.416405038440094,0.1418636177575368,-0.10748292523765501,-0.02859241852097575,0.004756459492530553,0.0006524753952798977
-0.05249999999999999,1.417268353699061,0.14376184884913978,-0.10877565211767536,-0.029027920340017832,0.004757729179782217,0.0006550543895673912
-0.04749999999999999,1.418075813732742,0.14565022468017183,-0.1100602063405851,-0.02946141936382095,0.004758403866642038,0.0006574954476090427
-0.04249999999999998,1.4188272115884126,0.14752776442663898,-0.11133590689710082,-0.029892677753697385,0.004758481073235496,0.0006597930864407599
-0.03749999999999998,1.4195223453851715,0.14939348663256102,-0.11260207196246455,-0.03032145773778794,0.004757958226662928,0.0006619418671349917
-0.03249999999999997,1.4201610179907622,0.15124640958076827,-0.11385801913620881,-0.030747521737310084,0.004756832653846632,0.000663936406015405
-0.02749999999999997,1.4207430367120395,0.1530855516668,-0.11510306568626005,-0.03117063249289684,0.0047551015753177755,0.0006657713860358514
-0.022499999999999964,1.4212682129998098,0.15490993177664614,-0.11633652879807967,-0.03159055319108241,0.004752762100011968,0.0006674415683072095
-0.01749999999999996,1.4217363621688122,0.1567185696690767,-0.11755772582955502,-0.03200704759098591,0.004749811221145983,0.0006689418037571886
-0.012499999999999956,1.4221473031336427,0.15851048636330417,-0.11876597457234933,-0.03241988015124737,0.004746245813244719,0.0006702670449059121
-0.007499999999999951,1.4225008581614622,0.16028470453272767,-0.1199605935204284,-0.03282881615726583,0.004742062630390765,0.0006714123577405097
-0.0024999999999999467,1.4227968526423718,0.16204024890550725,-0.12114090214648143,-0.033233621848791806,0.0047372583057666,0.0006723729336712918
0.0024999999999999467,1.4230351148783817,0.1637761466727134,-0.12230622118695278,-0.03363406454792225,0.004731829352560051,0.0006731441015507913
0.007500000000000062,1.4232154758919502,0.16549142790479854,-0.12345587293640282,-0.03402991278754737,0.00472577216630301,0.0006737213397376411
0.012499999999999956,1.4233377692551126,0.1671851259771306,-0.12458918155191023,-0.03442093644029653,0.004719083028711483,0.0006741002881851885
0.01750000000000007,1.4234018309402745,0.16885627800532782,-0.12570547336822666,-0.034806906848030325,0.004711758113094031,0.0006742767605349971
0.022499999999999964,1.4234074991937953,0.17050392529112798,-0.1268040772243872,-0.035187596951924194,0.004703793491394853,0.000674246756194477
0.02750000000000008,1.423354614433537,0.17212711377951795,-0.12788432480247064,-0.0355627814231898,0.00469518514293268,0.0006740064723768376
0.03249999999999997,1.423243019171615,0.17372489452784473,-0.12894555097919777,-0.03593223679447843,0.004685928964897262,0.0006735523160811503
0.03750000000000009,1.4230725579636367,0.1752963241876185,-0.1299870941910388,-0.03629574159201155,0.004676020784659127,0.0006728809159892991
0.04249999999999998,1.4228430773857683,0.17684046549971133,-0.13100829681348922,-0.03665307646848258,0.004665456373945788,0.0006719891342556602
0.0475000000000001,1.422554426041031,0.17835638780364121,-0.13200850555515714,-0.03700402433677558,0.00465423146493285,0.0006708740781647989
0.05249999999999999,1.4222064545962767,0.17984316756162363,-0.1329870718672834,-0.03734837050454559,0.004642341768292747,0.0006695331116309248
0.05750000000000011,1.4217990158513432,0.18129988889805546,-0.13394335236929494,-0.037685902809707364,0.004629782993238703,0.0006679638665125585
0.0625,1.4213319648419478,0.182725644155083,-0.1348767092909661,-0.0380164117568795,0.0046165508695941776,0.0006661642537142192
0.0674999999999999,1.420805158977919,0.1841195344648897,-0.13578651093173363,-0.038339690654833086,0.004602641171911549,0.000664132474046546
0.07250000000000001,1.4202184582184092,0.18548067033931992,-0.1366721321376793,-0.03865553575499533,0.004588049745654284,0.0006618670288141787
0.0774999999999999,1.4195717252857774,0.18680817227743607,-0.1375329547966599,-0.03896374639106121,0.004572772535449411,0.000659366730100872
0.08250000000000002,1.4188648259198597,0.18810117139158306,-0.13836836835201974,-0.03926412511976847,0.004556805615405308,0.0006566307107188789
0.08749999999999991,1.4180976291743717,0.18935881005250899,-0.1391777703352847,-0.03955647786289379,0.004540145221481145,0.0006536584337893658
0.09250000000000003,1.4172700077572158,0.19058024255406758,-0.13996056691818282,-0.03984061405053212,0.004522787785880442,0.0006504497019190659
0.09749999999999992,1.4163818384164695,0.19176463579799138,-0.14071617348428442,-0.04011634676572294,0.004504729973429939,0.0006470046659368044
0.10250000000000004,1.4154330023738364,0.1929111699991982,-0.14144401522050218,-0.040383492890492964,0.004485968719890823,0.0006433238331530208
0.10749999999999993,1.4144233858073352,0.19401903941205334,-0.14214352772862113,-0.04064187325338609,0.004466501272135077,0.0006394080751035608
0.11250000000000004,1.4133528803849769,0.1950874530779692,-0.1428141576569679,-0.04089131277855768,0.004446325230103355,0.0006352586347379225
0.11749999999999994,1.4122213838511504,0.1961156355946835,-0.1434553633522503,-0.04113164063651207,0.0044254385904462425,0.000630877133011306
0.12250000000000005,1.41102880066738,0.19710282790750314,-0.144066615531521,-0.04136269039656756,0.0044038397917311655,0.0006262655748379343
0.12749999999999995,1.4097750427090607,0.198048288122752,-0.1446473979741321,-0.04158430018113537,0.004381527761081298,0.0006214263543627559
0.13250000000000006,1.4084600300196848,0.19895129234359682,-0.1451972082334578,-0.041796312821902847,0.004358501962092535,0.0006163622595069818
0.13749999999999996,1.4070836916239704,0.19981113552836266,-0.14571555836806135,-0.04199857601801309,0.004334762443856719,0.0006110764757426226
0.14250000000000007,1.4056459664011831,0.20062713237137458,-0.14620197569187848,-0.042190942496335274,0.004310309890897378,0.0006055725890496092
0.14749999999999996,1.4041468040197826,0.20139861820628624,-0.1466560035428784,-0.04237327017392061,0.004285145673806038,0.0005998545880090482
0.15250000000000008,1.4025861659343621,0.20212494993176278,-0.14707720206954217,-0.04254542232273726,0.004259271900344514,0.0005939268649851665
0.15749999999999997,1.4009640264456422,0.20280550695929364,-0.14746514903437327,-0.04270726773677704,0.004232691466759904,0.0005877942163486626
0.1625000000000001,1.3992803738240613,0.20343969218280264,-0.14781944063352073,-0.042858680901621066,0.00420540810903572,0.0005814618416935675
0.16749999999999998,1.3975352114972415,0.20402693296960447,-0.14813969233145524,-0.04299954216654581,0.004177426453785652,0.0005749353420004564
0.1725000000000001,1.3957285593013251,0.2045666821721348,-0.14842553970948724,-0.04312973791924328,0.004148752068472275,0.0005682207166984545
0.1775,1.3938604547958682,0.20505841915973455,-0.14867663932676234,-0.04324916076321588,0.004119391510617571,0.0005613243595803839
0.1825000000000001,1.3919309546416108,0.20550165086962274,-0.14889266959220746,-0.043357709697892724,0.004089352375652275,0.0005542530535259953
0.1875,1.3899401360400785,0.20589591287602257,-0.1490733316457244,-0.04345529030149505,0.0040586433430335285,0.0005470139639890594
0.1924999999999999,1.387888098233543,0.20624077047622857,-0.14921835024675936,-0.04354181491665683,0.00402727422024676,0.0005396146312078555
0.1975,1.3857749640634205,0.20653581979220603,-0.14932747466818355,-0.04361720283877922,0.0039952559842922186,0.0005320629610993923
0.2024999999999999,1.3836008815847076,0.20678068888610332,-0.149400479593238,-0.043681380507065,0.003962600820247366,0.0005243672148015827
0.20750000000000002,1.3813660257335316,0.2069750388878325,-0.1494371660130945,-0.04373428169814374,0.003929322156486391,0.000516535996831197
0.2124999999999999,1.3790706000443433,0.2071185651326298,-0.14943736212238715,-0.043775847722155745,0.003895434696132707,0.0005085782418292338
0.21750000000000003,1.376714838412701,0.20721099830624665,-0.14940092420986212,-0.043806027621114005,0.003860954444317687,0.0005005031998703797
0.22249999999999992,1.374299006898981,0.20725210559514812,-0.1493277375410883,-0.043824778369309036,0.0038258987308206773,0.0004923204203188787
0.22750000000000004,1.3718234055677134,0.20724169183879998,-0.14921771722995741,-0.04383206507546288,0.003790286227669119,0.0004840397342189348
0.23249999999999993,1.3692883703565788,0.2071796006808155,-0.14907080909549514,-0.04382786118626938,0.0037541369612874138,0.00047567123521490587
0.23750000000000004,1.3666942749684188,0.20706571571541282,-0.14888699050029244,-0.04381214869088576,0.003717472318797403,0.0004672252590043428
0.24249999999999994,1.3640415327789113,0.20689996162528887,-0.14866627116665834,-0.04378491832586099,0.003680315048090308,0.0004587123613347756
0.24750000000000005,1.361330598751854,0.20668230530666865,-0.14840869396639247,-0.04374616977990041,0.0036426892513145956,0.0004501432945646931
0.25249999999999995,1.3585619713532788,0.20641275697692293,-0.14811433567987825,-0.04369591189777349,0.003604620371452443,0.0004415289828189011
0.25750000000000006,1.3557361944549022,0.2060913712597778,-0.1477833077200055,-0.04363416288257656,0.0035661351716906003,0.00043288049577859305
0.26249999999999996,1.35285385921671,0.2057182482427634,-0.14741575681625763,-0.04356095049545824,0.0035272617073312303,0.00042420902115817107
0.26750000000000007,1.3499156059377755,0.20529353450116816,-0.14701186565413044,-0.04347631225180988,0.003488029290032618,0.00041552583593219985
0.27249999999999996,1.3469221258637443,0.20481742408238957,-0.14657185346490145,-0.04338029561281513,0.003448468444218529,0.0004068422763883191
0.2775000000000001,1.3438741629387736,0.20429015944420378,-0.14609597656064446,-0.043272958171140206,0.0034086108555502165,0.00039816970709479735
0.2825,1.34077251548913,0.2037120323401126,-0.14558452880927356,-0.04315436782943482,0.003368489311414285,0.0003895194888843798
0.2875000000000001,1.3376180378250933,0.20308338464459003,-0.14503784204432746,-0.0430246029702028,0.003328137633443657,0.0003809029459696961
0.2925,1.3344116417473517,0.20240460911072936,-0.14445628640415228,-0.04288375261549251,0.003287590602155999,0.00037233133231832184
0.2975000000000001,1.3311542979436604,0.2016761500525056,-0.14384027059513074,-0.04273191657475231,0.0032468838738661373,0.0003638157974302239
0.3025,1.3278470372612274,0.2008985039436172,-0.1431902420736262,-0.04256920557909841,0.003206053890102207,0.00035536735167189174
0.3075000000000001,1.3244909518400783,0.2000722199246675,-0.142506687141378,-0.04239574140015225,0.0031651377798324687,0.00034699683133579976
0.3125,1.3210871960925383,0.19919790021029235,-0.1417901309491916,-0.04221165695152552,0.003124173254885549,0.0003387148636047781
0.3174999999999999,1.317636987513999,0.19827620038775354,-0.1410411374039308,-0.04201709637096399,0.003083198499026695,0.00033053183161321233
0.3225,1.3141416073102814,0.19730782959849247,-0.14026030897402714,-0.04181221508111129,0.003042252051227354,0.00032245783980625
0.3274999999999999,1.3106024008272077,0.19629355059419976,-0.13944828638899073,-0.04159717982682012,0.0030013726837426636,0.00031450267980814324
0.3325,1.3070207777684384,0.19523417965909548,-0.1386057482287321,-0.04137216868692474,0.0029605992756829486,0.0003066757970177351
0.3374999999999999,1.3033982121882404,0.1941305863903516,-0.1377334103988881,-0.04113737105839955,0.0029199706828337705,0.0002989862581547261
0.3425,1.2997362422466308,0.1929836933289207,-0.13683202548879375,-0.04089298761086045,0.0028795256045431993,0.0002914427199846272
0.3474999999999999,1.2960364697152875,0.19179447543347913,-0.13590238200925076,-0.040639230209428244,0.002839302448551208,0.00028405339945108304
0.35250000000000004,1.2923005592237349,0.19056395939073836,-0.13494530350781445,-0.040376321804059645,0.0027993391946859385,0.00027682604544390535
0.35749999999999993,1.2885302372366223,0.18929322275604502,-0.13396164755995568,-0.040104496283571454,0.0027596732583933586,0.00026976791242733857
0.36250000000000004,1.2847272907543656,0.18798339291897,-0.1329523046351473,-0.03982399829273072,0.0027203413550971212,0.00026288573614694145
0.36749999999999994,1.2808935657310745,0.18663564588947965,-0.13191819683767284,-0.039535083010963215,0.002681379366407326,0.00025618571162457993
0.37250000000000005,1.277030965205473,0.18525120490129535,-0.1308602765227612,-0.03923801589144327,0.0026428222092069126,0.00024967347363868796
0.37749999999999995,1.2731414471424698,0.18383133883016337,-0.12977952478949387,-0.03893307235956809,0.0026047037086409674,0.00024335407987251638
0.38250000000000006,1.2692270219851076,0.1823773604259838,-0.1286769498528304,-0.03862053747009052,0.0025670564760220177,0.00023723199689536616
0.38749999999999996,1.2652897499188203,0.18089062435906358,-0.12755358529800923,-0.03830070552248006,0.0025299117926349873,0.0002313110891207938
0.39250000000000007,1.261331737852207,0.17937252508216775,-0.12641048822153683,-0.03797387963440655,0.002493299500387256,0.0002255946108633256
0.39749999999999996,1.2573551361209037,0.17782449451151305,-0.12524873726393201,-0.03764037127358433,0.0024572479001965155,0.0002200852015893602
0.4025000000000001,1.2533621349235262,0.17624799953138676,-0.12406943054035711,-0.03730049974857807,0.0024217836589446647,0.00021478488443029363
0.4075,1.2493549605010978,0.17464453932864157,-0.12287368347621974,-0.036954591659549944,0.002386931725750583,0.000209695067996668
0.4125000000000001,1.2453358710737725,0.17301564256491142,-0.12166262655575931,-0.03660298031031477,0.002352715258226413,0.00020481655150072746
0.4175,1.2413071525510355,0.1713628643959848,-0.1204374029925333,-0.03624600508346166,0.002319155559288534,0.00020014953316404294
0.4225000000000001,1.237271114033854,0.16968778334933407,-0.11919916633155773,-0.03588401078069141,0.0022862720249874906,0.00019569362185312063
0.4275,1.2332300831294167,0.16799199807232731,-0.11794907799365172,-0.035517346930904074,0.002254082103711313,0.00019144785185476796
0.4325000000000001,1.2291864011011446,0.166277123965093,-0.11668830477323895,-0.03514636706894013,0.0022226012669997364,0.0001874107006703861
0.4375,1.2251424178784924,0.16454478971336955,-0.11541801630149257,-0.03477142798823422,0.002191842992087274,0.00018358010967787326
0.4424999999999999,1.221100486952724,0.1627966337379065,-0.11413938248722613,-0.03439288897096394,0.0021618187561716065,0.00017995350748069842
0.4475,1.217062960186242,0.16103430057808735,-0.11285357094835798,-0.03401111099957708,0.0021325380422827925,0.0001765278357363071
0.4524999999999999,1.2130321825642096,0.159259437228386,-0.11156174444707037,-0.033626455953838334,0.002104008356510338,0.00017329957723168535
0.4575,1.2090104869180698,0.15747368944702858,-0.11026505834195881,-0.03323928579775817,0.002076235256230326,0.0001702647859522377
0.4624999999999999,1.2050001886511308,0.15567869805680648,-0.10896465807050927,-0.032849961760941244,0.0020492223888663036,0.00016741911887178617
0.4675,1.201003580496656,0.1538760952583482,-0.1076616766751475,-0.032458843519016976,0.002022971540617255,0.00016475786917736316
0.4724999999999999,1.1970229273388175,0.15206750097630523,-0.10635723238587735,-0.03206628837789028,0.0019974826944937274,0.00016227600063139982
0.47750000000000004,1.1930604611265105,0.15025451925883743,-0.10505242627215954,-0.03167265046657063,0.00197275409692237,0.00015996818276786478
0.48249999999999993,1.189118375909301,0.1484387347504843,-0.10374833997619018,-0.03127827994330518,0.0019487823321097143,0.00015782882661605072
0.48750000000000004,1.18519882302379,0.1466217092579952,-0.1024460335391163,-0.030883522219653674,0.0019255624032992222,0.0001558521206482307
0.49249999999999994,1.1813039064573585,0.1448049784279564,-0.10114654333098615,-0.030488717207002313,0.001903087820011566,0.0001540320666523326
0.49750000000000005,1.1774356784146716,0.14299004855411993,-0.09985088009438664,-0.030094198589821396,0.0018813506903285367,0.00015236251524164984
0.5025,1.173596135110495,0.14117839353120862,-0.09856002711077348,-0.029700293129732387,0.0018603418172629972,0.0001508372007257617
0.5075000000000001,1.1697872128103046,0.13937145197067027,-0.09727493849747501,-0.02930732000416409,0.0018400507982557445,0.00014944977508447489
0.5125,1.1660107841379095,0.1375706244923963,-0.09599653764225026,-0.02891559018305442,0.0018204661268477148,0.0001481938408056704
0.5175000000000001,1.1622686546668994,0.13577727120482908,-0.09472571578113387,-0.02852540584669405,0.0018015752955993821,0.00014706298237016424
0.5225,1.1585625598101694,0.13399270938418506,-0.09346333072411009,-0.02813705984742049,0.0017833648993609177,0.00014605079619059707
0.5275000000000001,1.1548941620191506,0.13221821136173842,-0.09221020573194876,-0.027750835217460742,0.0017658207380404746,0.00014515091883719356
0.5325,1.1512650483016786,0.13045500262627294,-0.09096712854632395,-0.027367004724792407,0.0017489279180702589,0.00014435705340973344
0.5375000000000001,1.147676728064741,0.1287042601469431,-0.08973485057412894,-0.02698583047845688,0.001732670951829276,0.00014366299394223564
0.5425,1.1441306312856618,0.12696711091991625,-0.08851408622572808,-0.026607563584317633,0.001717033854347946,0.00014306264775404746
0.5475000000000001,1.1406281070126512,0.1252446307403194,-0.08730551240575014,-0.026232443851818436,0.0017020002366910907,0.00014255005568799016
0.5525,1.1371704221931298,0.12353784319921453,-0.08610976815394421,-0.02586069955186829,0.0016875533954885693,0.00014211941020209263
0.5575000000000001,1.1337587608258022,0.12184771890359676,-0.08492745443260748,-0.02549254722556588,0.0016736763981604805,0.0001417650713060933
0.5625,1.1303942234301887,0.12017517491576739,-0.08375913405615336,-0.025128191543080606,0.0016603521634590544,0.0001414815803574989
0.5674999999999999,1.1270778268252144,0.1185210744069014,-0.08260533175753475,-0.024767825211638825,0.001647563537026235,0.0001412636717531395
0.5725,1.123810504206525,0.11688622651821684,-0.08146653438547465,-0.024411628931219887,0.00163529336173924,0.00014110628257173557
0.5774999999999999,1.1205931055104743,0.11527138642187916,-0.08034319122578933,-0.0240597713962557,0.001623524542688173,0.00014100456024021473
0.5825,1.1174263980512047,0.11367725557264212,-0.07923571443952372,-0.023712409341350906,0.001612240106696573,0.00014095386831154683
0.5874999999999999,1.1143110674159424,0.11210448214024184,-0.07814447961014907,-0.023369687628797,0.00160142325635952,0.00014094979045444452
0.5925,1.1112477186025362,0.1105536616117414,-0.0770698263917109,-0.023031739375449393,0.0015910574186305902,0.00014098813276544676
0.5974999999999999,1.108236877382401,0.1090253375523436,-0.07601205924954468,-0.02269868611636628,0.0015811262880425225,0.0001410649245222399
0.6025,1.1052789918713692,0.10752000251267521,-0.07497144828500456,-0.02237063800247651,0.0015716138646921084,0.0001411764175024249
0.6074999999999999,1.1023744342905002,0.1060380990701787,-0.073948230135572,-0.022047694029446913,0.001562504487161027,0.00014131908399593176
0.6125,1.0995235028986399,0.10458002099201809,-0.07294260894171069,-0.0217299422948571,0.0015537828605780202,0.0001414896136407716
0.6174999999999999,1.0967264240784562,0.10314611450681883,-0.07195475737192177,-0.021417460280760754,0.001545434080057907,0.0001416849092119934
0.6225,1.0939833545577675,0.10173667967259754,-0.07098481769760588,-0.02111031515871294,0.0015374436497744212,0.0001419020814917487
0.6275,1.0912943837482465,0.100351971828392,-0.07003290290955955,-0.020808564114372968,0.0015297974979422717,0.00014213844334553133
0.6325000000000001,1.088659536183967,0.09899220311735935,-0.06909909786821117,-0.02051225468884703,0.0015224819879954333,0.00014239150312507897
0.6375,1.0860787740427944,0.09765754406946082,-0.06818346048002755,-0.0202214251340115,0.0015154839262575322,0.00014265895751342018
0.6425000000000001,1.083551999734237,0.09634812523228806,-0.06728602289288907,-0.019936104779156482,0.00150879056640162,0.0001429386839210963
0.6475,1.0810790585381067,0.09506403883908561,-0.0664067927036343,-0.01965631440640309,0.0015023896109973404,0.00014322873253574074
0.6525000000000001,1.0786597412791217,0.09380534050358438,-0.06554575417140118,-0.019382066632475957,0.0014962692104392803,0.00014352731812043823
0.6575,1.0762937870234512,0.09257205093186736,-0.06470286943083776,-0.01911336629455307,0.0014904179595422403,0.00014383281164769387
0.6625000000000001,1.073980885784089,0.09136415764212724,-0.06387807969971644,-0.018850210838062983,0.0014848248920809946,0.00014414373184926127
0.6675,1.0717206812228859,0.09018161668384118,-0.06307130647594865,-0.01859259070445391,0.0014794794735393465,0.00014445873675317098
0.6725000000000001,1.069512773338012,0.08902435434856612,-0.062282452719464844,-0.01834048971711837,0.0014743715923205285,0.00014477661527244071
0.6775,1.067356721126582,0.0878922688652424,-0.06151140401488491,-0.0180938854638157,0.001469491549656217,0.00014509627890170286
0.6825000000000001,1.0652520452131216,0.08678523207357627,-0.06075802971135823,-0.01785274967409577,0.0014648300484359639,0.00014541675357113455
0.6875,1.0631982304355012,0.08570309106974336,-0.06002218403639294,-0.017617048590383908,0.0014603781811627866,0.0001457371717000163
0.6924999999999999,1.061194728380874,0.08464566981931283,-0.059303707180917806,-0.01738674333154137,0.0014561274172244496,0.00014605676448541685
0.6975,1.0592409598650465,0.0836127707329297,-0.058602426353228564,-0.017161790247865332,0.0014520695896530578,0.00014637485445557742
0.7024999999999999,1.05733631734957,0.08260417620089999,-0.05791815679985357,-0.016942141266635163,0.0014481968815301587,0.00014669084831186687
0.7075,1.0554801672916598,0.08161965008340531,-0.05725070279173884,-0.01672774422744729,0.001444501812178734,0.00014700423007794864
0.7124999999999999,1.0536718524228283,0.08065893915361433,-0.056599858574488716,-0.016518543206708976,0.0014409772232696957,0.00014731455457053582
0.7175,1.0519106939528797,0.07972177449145741,-0.0559654092817106,-0.016314478830776635,0.0014376162649584652,0.00014762144120296304
0.7224999999999999,1.0501959936966423,0.07880787282626497,-0.05534713181079105,-0.01611548857732564,0.0014344123821610512,0.00014792456813125554
0.7275,1.0485270361215757,0.07791693782680661,-0.05474479566066782,-0.01592150706461368,0.0014313593010818774,0.0001482236667546428
0.7324999999999999,1.0469030903152419,0.07704866133744734,-0.05415816373133908,-0.01573246632833502,0.0014284510161275638,0.0001485185165904308
0.7375,1.0453234118727035,0.07620272455903648,-0.05358699308493419,-0.015548296085723652,0.0014256817773971354,0.00014880894056204728
0.7424999999999999,1.0437872447054477,0.07537879917257481,-0.053031035668087464,-0.015368923986399132,0.0014230460790537235,0.00014909480077436113
0.7475,1.0422938227757728,0.07457654840235675,-0.052490038995007406,-0.015194275849073405,0.001420538649092225,0.00014937599491122734
0.7525,1.0408423717642068,0.07379562801275291,-0.051963746789844355,-0.015024275882539434,0.001418154441360228,0.00014965245348235655
0.7575000000000001,1.0394321106830207,0.07303568722861296,-0.05145189958551894,-0.014858846888208611,0.001415888631200865,0.0001499241382713387
0.7625,1.0380622534567427,0.07229636956304823,-0.05095423527381586,-0.014697910439744815,0.0014137366167620302,0.00015019104247781173
0.7675000000000001,1.0367320105008095,0.07157731352814622,-0.05047048959809619,-0.01454138703306632,0.0014116940287699905,0.00015045319316047076
0.7725,1.0354405903412274,0.07087815319485577,-0.05000039657544219,-0.014389196197393957,0.0014097567521708728,0.00015071065659009295
0.7775000000000001,1.034187201328845,0.07019851856018884,-0.049543688829907485,-0.01424125655577435,0.0014079209630846073,0.00015096354688963742
0.7825,1.032971053507002,0.06953803567712769,-0.04910009781400587,-0.014097485822777363,0.0014061831834006552,0.0001512120377311662
0.7875000000000001,1.0317913606843065,0.06889632651099939,-0.048669353893761605,-0.013957800729543543,0.0014045403524092423,0.00015145637577506472
0.7925,1.030647342737636,0.06827300851198399,-0.048251186276557036,-0.013822116873925677,0.0014029899096400452,0.00015169689300466522
0.7975000000000001,1.0295382281182723,0.06766769394150822,-0.047845322773965394,-0.013690348507528677,0.0014015298756974303,0.00015193401338793185
0.8025,1.0284632564559415,0.06707998906010869,-0.04745148941624171,-0.01356240829191522,0.0014001589094772106,0.00015216824793654567
0.8075000000000001,1.0274216810602923,0.06650949336698771,-0.047069409971219,-0.013438207080470286,0.0013988763131215617,0.0001524001720226052
0.8125,1.0264127710276452,0.06595579915767553,-0.046698805463915666,-0.013317653804603374,0.0013976819538420247,0.00015263038057075152
0.8174999999999999,1.0254358126033092,0.06541849170828061,-0.04633939383502766,-0.013200655554662417,0.0013965760778877794,0.00015285942093983172
0.8225,1.0244901094602465,0.06489715037330587,-0.04599088990311595,-0.013087117938033535,0.0013955590086892895,0.00015308770964733164
0.8274999999999999,1.0235749816583677,0.06439135077863323,-0.04565300579181115,-0.012976945763057603,0.0013946307477822458,0.00015331544623608642
0.8325,1.0226897632482057,0.06390066810272078,-0.045325451938520604,-0.012870044037824884,0.0013937905286374075,0.0001535425432777471
0.8374999999999999,1.0218337987495747,0.06342468119660927,-0.04500793871304766,-0.01276631919696808,0.0013930364013494078,0.00015376859317856533
0.8425,1.0210064390107978,0.06296297705313426,-0.04470017855469003,-0.012665680395371389,0.0013923649400392538,0.00015399288822855287
0.8474999999999999,1.0202070371606669,0.0625151549673336,-0.044401888409568616,-0.012568040657868906,0.0013917711565926733,0.00015421450006996806
0.8525,1.019434945433666,0.06208082969404683,-0.04411279214902548,-0.012473317668309414,0.0013912486716071261,0.00015443241057667964
0.8574999999999999,1.0186895135421532,0.06165963303338003,-0.04383262260618999,-0.012381434028845596,0.0013907901418217644,0.00015464567205363027
0.8625,1.0179700890003476,0.061251213541491024,-0.043561122900053255,-0.01229231691412232,0.0013903878858404937,0.00015485356530919915
0.8674999999999999,1.0172760194374624,0.06085523440957725,-0.04329804682310462,-0.012205897162919385,0.0013900346030401485,0.00015505572297486368
0.8725,1.0166066565657017,0.06047136988889941,-0.04304315822674584,-0.012122107960577378,0.0013897240582934492,0.00015525219324755073
0.8775,1.0159613611875244,0.06009930087888414,-0.04279622951023642,-0.012040883339525663,0.0013894516141213756,0.0001554434337021544
0.8825000000000001,1.0153395084990122,0.059738710385295844,-0.04255703946263387,-0.011962156744328342,0.0013892145287988935,0.00015563024138757163
0.8875,1.0147404929867454,0.05938927948952824,-0.04232537079152489,-0.01188585987096606,0.001389011991983368,0.00015581363900454105
0.8925000000000001,1.01416373239034,0.059050684285654485,-0.04210100768419929,-0.011811921912902399,0.0013888449229741036,0.00015599474390330442
0.8975,1.0136086704471778,0.05872259400255706,-0.04188373369344702,-0.011740269253688958,0.0013887155968767394,0.00015617464586473254
0.9025000000000001,1.0130747783797647,0.05840467029994623,-0.041673330143753434,-0.011670825562565853,0.0013886271829350115,0.0001563543126911825
0.9075,1.0125615552760323,0.05809656755718319,-0.04146957514287741,-0.011603512193305115,0.0013885832767761394,0.00015653453270898486
0.9125000000000001,1.0120685276231118,0.057797933882972656,-0.04127224318419338,-0.011538248763751296,0.0013885874899587935,0.00015671589374832769
0.9175,1.0115952482872868,0.05750841255708985,-0.04108110525322268,-0.011474953800116785,0.0013886431344602604,0.0001568987914090604
0.9225000000000001,1.0111412952067036,0.05722764365120995,-0.0408959293130921,-0.011413545355778865,0.0013887530145220857,0.00015708345633015178
0.9275,1.0107062700052012,0.056955265638693575,-0.04071648103491299,-0.01135394154738372,0.001388919318857358,0.00015726999031270532
0.9325000000000001,1.0102897966685738,0.056690916870817926,-0.040542524651836394,-0.011296060982095067,0.0013891435946240902,0.00015745840331428892
0.9375,1.0098915203642422,0.05643423685539943,-0.0403738238401285,-0.011239823073453104,0.0013894267802001643,0.00015764864624459975
0.9424999999999999,1.009511106439048,0.05618486731701677,-0.04021014255877498,-0.011185148257992935,0.001389769274651546,0.00015784063718277854
0.9475,1.0091482395988083,0.055942453045896186,-0.040051245805301186,-0.011131958131588923,0.0013901710255685641,0.00015803428061214947
0.9524999999999999,1.0088026232551295,0.055706642557770004,-0.03989690026677397,-0.01108017552569612,0.0013906316217572054,0.0001582294804373246
0.9575,1.008473979016305,0.055477088593357995,-0.03974687486049767,-0.011029724541597983,0.0013911503818838879,0.00015842614805486113
0.9624999999999999,1.0081620462966119,0.055253448486868355,-0.039600941169135324,-0.010980530557282025,0.0013917264339727586,0.00015862420681832349
0.9675,1.007866582019419,0.055035384430573396,-0.039458873780870464,-0.010932520217851469,0.0013923587834664898,0.00015882359407472265
0.9724999999999999,1.0075873603924463,0.05482256365876207,-0.039320450547912375,-0.010885621417071408,0.0013930463694570056,0.00015902426169856604
0.9775,1.0073241727371223,0.05461465857023837,-0.039185452777172405,-0.01083976327499734,0.0013937881098434746,0.00015922617579528024
0.9824999999999999,1.0070768273576234,0.054411346804594425,-0.03905366536613626,-0.010794876114660946,0.0013945829367773537,0.00015942931602784714
0.9875,1.0068451494384911,0.054212311284021715,-0.0389248768954462,-0.010750891439412017,0.0013954298239805827,0.00015963367485125857
0.9924999999999999,1.0066289809625195,0.05401724022954714,-0.03879887968791631,-0.01070774191161559,0.0013963278075117185,0.00015983925681592413
0.9975,1.0064281806429571,0.05382582715822409,-0.03867546984190254,-0.010665361332845935,0.0013972760014203949,0.0001600460780241142
