-0.9975,1.5,2.2756622858117045e-69,-7.55771117580618e-71
-0.9925,1.5,3.421113395783587e-67,-1.1422380378883827e-68
-0.9875,1.5,4.601125914460553e-65,-1.5416837366904042e-66
-0.9825,1.5,5.7878709202872e-63,-1.943657346088539e-64
-0.9775,1.5,7.021579293767404e-61,-2.360969521479892e-62
-0.9725,1.5,7.033003991614364e-59,-2.3823562037189353e-60
-0.9675,1.5,5.784640486294148e-57,-1.9777638021284038e-58
-0.9625,1.5,4.41204435568449e-55,-1.514809499784031e-56
-0.9575,1.5,3.545312637556794e-53,-1.2139353298782102e-54
-0.9525,1.5,2.697515395823896e-51,-9.26303551311584e-53
-0.9475,1.5,1.8667056138028062e-49,-6.445710295634376e-51
-0.9425,1.5,1.289938384873103e-47,-4.455119820713193e-49
-0.9375,1.5,8.27613839443723e-46,-2.8717135677757987e-47
-0.9325,1.5,4.899660342483062e-44,-1.7095823667467047e-45
-0.9275,1.5,2.6233637298564526e-42,-9.22279768058182e-44
-0.9225,1.5,1.3652219937070354e-40,-4.8114514296802214e-42
-0.9175,1.5,8.11860386538843e-39,-2.8330789885790017e-40
-0.9125,1.5,4.5425492702709865e-37,-1.5916913035759038e-38
-0.9075,1.5,2.435862921029255e-35,-8.563720254901103e-37
-0.9025,1.5,1.1455334425887023e-33,-4.0713458697140874e-35
-0.8975,1.5,5.426902198786578e-32,-1.9282842005006794e-33
-0.8925,1.5,2.318742307991043e-30,-8.316638554670374e-32
-0.8875,1.5,1.0689650529691504e-28,-3.8085980486535154e-30
-0.8825000000000001,1.5,4.3147463246066265e-27,-1.5563771265932584e-28
-0.8775,1.5,2.0243259904918827e-25,-7.20270536638046e-27
-0.8725,1.5,7.602348714837436e-24,-2.7626898399214016e-25
-0.8674999999999999,1.5,3.7504547420586746e-22,-1.3290254006620404e-23
-0.8625,1.5,1.2689160004070497e-20,-4.664649252720547e-22
-0.8575,1.5,3.049789079507085e-19,-1.1776100491918588e-20
-0.8525,1.5,1.4622255749722152e-17,-5.205702554077104e-19
-0.8475,1.4999999999999998,1.9280362905588691e-16,-8.393574462986182e-18
-0.8425,1.499999999999999,9.171824206288454e-16,-4.4633863875945537e-17
-0.8375,1.4999999999999956,3.677751304264833e-15,-1.980998137363268e-16
-0.8325,1.4999999999999831,1.3652057703149203e-14,-7.708087069829127e-16
-0.8275,1.4999999999999398,4.829965443229336e-14,-2.7987440796726285e-15
-0.8225,1.499999999999795,1.6473382113121555e-13,-9.760182465481013e-15
-0.8175,1.499999999999325,5.420992875696968e-13,-3.282476406174489e-14
-0.8125,1.4999999999978526,1.7236440318190643e-12,-1.0664928628619675e-13
-0.8075,1.4999999999933975,5.298326511575465e-12,-3.3509227880004233e-13
-0.8025,1.4999999999803653,1.5751869261912434e-11,-1.0187712586589638e-12
-0.7975,1.4999999999435016,4.5312037767896956e-11,-2.9983698812258203e-12
-0.7925,1.4999999998426328,1.26170250033117e-10,-8.546252547237511e-12
-0.7875,1.4999999995755486,3.4019522642862085e-10,-2.3600710023570137e-11
-0.7825,1.4999999988909882,8.885601736442092e-10,-6.316861859310092e-11
-0.7775,1.4999999971920275,2.2489825700550546e-09,-1.6393297332080522e-10
-0.7725,1.4999999931079826,5.51789827808219e-09,-4.126448078536851e-10
-0.7675,1.4999999835963584,1.3127818400650258e-08,-1.0078213665586005e-09
-0.7625,1.499999962128367,3.0295731307539616e-08,-2.389108525308335e-09
-0.7575000000000001,1.4999999151593997,6.783840437532654e-08,-5.4989289912444295e-09
-0.7525,1.4999998155227474,1.4743740775076068e-07,-1.2292847022686584e-08
-0.7475,1.4999996105399862,3.111058957818225e-07,-2.6699266685741762e-08
-0.7424999999999999,1.4999992014641605,6.375389992384743e-07,-5.635830317825231e-08
-0.7375,1.4999984093750667,1.2692068953412638e-06,-1.1565570662548431e-07
-0.7324999999999999,1.4999969209684376,2.4553596617175e-06,-2.308161087179448e-07
-0.7275,1.4999942061599743,4.617282749753688e-06,-4.4812140609191656e-07
-0.7224999999999999,1.4999893986545692,8.442694856066266e-06,-8.466398624066439e-07
-0.7175,1.4999811314629465,1.5015436935969473e-05,-1.5571177542069987e-06
-0.7125,1.4999673227880321,2.598376718450227e-05,-2.788783125504286e-06
-0.7075,1.4999449146555215,4.376494884803103e-05,-4.865587386648912e-06
-0.7025,1.4999095775180116,7.177511447677529e-05,-8.2726978895974e-06
-0.6975,1.4998554081997062,0.00011466214799223216,-1.3712718971983622e-05
-0.6925,1.499774663918564,0.0001785072259979719,-2.2169125970248095e-05
-0.6875,1.4996575881446186,0.0002709505924186808,-3.497188412987738e-05
-0.6825,1.4994923900827162,0.00040119281283607636,-5.3857552315070716e-05
-0.6775,1.4992654340387046,0.0005798277589577457,-8.101391721470643e-05
-0.6725,1.4989616750052137,0.0008184800586020789,-0.00011909807412734546
-0.6675,1.4985653430408974,0.0011292471096768484,-0.0001712175287219774
-0.6625,1.4980608362819368,0.0015239799486767985,-0.0002408667369925317
-0.6575,1.4974337394203703,0.002013471229369404,-0.0003318164556913455
-0.6525000000000001,1.4966718516860547,0.0026066439464157605,-0.0004479597072015178
-0.6475,1.4957660948998877,0.003309844184583932,-0.0005931249479366935
-0.6425000000000001,1.4947111827455188,0.004126331554131482,-0.0007708728065535965
-0.6375,1.49350596563206,0.005056033467765393,-0.00098429628144181
-0.6325000000000001,1.492153414205749,0.006095589961426804,-0.0012358447651316365
-0.6275,1.490660257988727,0.007238673005068159,-0.0015271895697871525
-0.6225,1.4890363427092215,0.008476526984291344,-0.0018591433137664119
-0.6174999999999999,1.4872938021518665,0.0097986519047256,-0.002231638649966584
-0.6125,1.4854461536236239,0.011193541052084015,-0.0026437646463068577
-0.6074999999999999,1.483507420776909,0.012649389890527994,-0.003093852857806916
-0.6025,1.4814913675254224,0.014154709635646755,-0.003579600631718788
-0.5974999999999999,1.479410898107463,0.01569880237133306,-0.004098216897330502
-0.5925,1.4772776473508478,0.017272079697354083,-0.0046465756023784995
-0.5875,1.4751017573056107,0.018866229355881288,-0.005221363701831007
-0.5825,1.472891815346581,0.02047425113582586,-0.0058192135922229766
-0.5775,1.4706549163090317,0.02209039325432096,-0.006436813450252576
-0.5725,1.4683968070438902,0.023710023526613225,-0.007070992466445372
-0.5675,1.4661220743939891,0.0253294672553656,-0.007718780997403189
-0.5625,1.4638343446400854,0.026945837829715553,-0.008377447918482325
-0.5575,1.4615364714218517,0.028556878583170114,-0.009044518859580818
-0.5525,1.4592306978153737,0.030160827300389218,-0.009717779625469852
-0.5475,1.456918785077061,0.03175630915754237,-0.01039526912006456
-0.5425,1.4546021046650242,0.033342260535192535,-0.01107526574212119
-0.5375,1.4522816912344363,0.034917885278325324,-0.011756270731184664
-0.5325,1.4499582525100563,0.03648264646919889,-0.012436991520042694
-0.5275000000000001,1.447632127701176,0.03803630025708512,-0.01311632794804827
-0.5225,1.4453031801613154,0.039578983155070066,-0.013793364305125521
-0.5175000000000001,1.4429706034424674,0.041111369530128415,-0.01446737063789174
-0.5125,1.4406326145324173,0.04263492031584225,-0.015137817500240711
-0.5075000000000001,1.43828600652231,0.04415224511575116,-0.015804409200352244
-0.5025,1.4359255386771954,0.04566759502760246,-0.016467141268786904
-0.49750000000000005,1.4335431586282086,0.04718748965918183,-0.01712638787150692
-0.49250000000000005,1.4311270820341822,0.04872145663527734,-0.017783023609176118
-0.48750000000000004,1.4286607996683602,0.05028282542262668,-0.018438580948603806
-0.48250000000000004,1.4261221356597875,0.051889473583245235,-0.01909543897782562
-0.47750000000000004,1.4234825323848752,0.05356438187209581,-0.01975703129531054
-0.47250000000000003,1.4207067703099452,0.05533582885535411,-0.02042805144570923
-0.4675,1.4177533259771087,0.057237061358684706,-0.021114625148155125
-0.4625,1.4145755143190988,0.05930532518944932,-0.021824412168846032
-0.4575,1.411123451692073,0.06158023141912876,-0.022566599831649575
-0.4525,1.4073467309605319,0.06410155214493803,-0.023351756899867807
-0.4475,1.4031975540141397,0.06690665761567946,-0.024191531266429582
-0.4425,1.3986339614259353,0.07002789035629874,-0.02509819563466976
-0.4375,1.3936227663754077,0.07349019531881948,-0.02608406813605652
-0.4325,1.3881418514883537,0.07730928010986524,-0.02716085456034875
-0.4275,1.382181607522569,0.08149047945425746,-0.02833897105622907
-0.4225,1.37574544663988,0.08602837243424104,-0.029626908262942946
-0.4175,1.3688494693368976,0.09090708299693144,-0.03103068999361013
-0.4125,1.3615214704757292,0.09610110964375551,-0.03255346433447503
-0.4075,1.3537995206958415,0.10157649109136005,-0.034195246366432376
-0.40249999999999997,1.3457303565484249,0.10729211906019172,-0.03595281155868987
-0.39749999999999996,1.3373677692650872,0.11320104631718939,-0.03781974140729208
-0.39249999999999996,1.3287711172712735,0.11925169202244357,-0.039786570510909704
-0.38749999999999996,1.3200040145078678,0.12538890626968613,-0.04184100424090145
-0.38249999999999995,1.311133179619,0.13155491116688506,-0.043968214698565246
-0.37749999999999995,1.302227378491016,0.13769018018699622,-0.0461511926495324
-0.37250000000000005,1.2933563549812415,0.14373434908029462,-0.048371126472646755
-0.36750000000000005,1.284589625721507,0.14962726720972996,-0.050607798917303055
-0.36250000000000004,1.2759950197720236,0.1553102933293901,-0.05284000790713085
-0.35750000000000004,1.2676368776415596,0.1607279095631708,-0.05504602339165494
-0.35250000000000004,1.2595738909309138,0.1658296672675646,-0.057204092946568426
-0.34750000000000003,1.2518566634148138,0.1705723883283263,-0.05929300570557564
-0.3425,1.2445251966009254,0.17492243433428764,-0.06129271583813317
-0.3375,1.237606622768405,0.17885774685373274,-0.06318501209881644
-0.3325,1.2311135867678982,0.1823692911031518,-0.06495419987704537
-0.3275,1.2250436700804985,0.18546154368465934,-0.06658774028249319
-0.3225,1.21938012689552,0.1881517803126846,-0.06807677341138933
-0.3175,1.2140939693983903,0.19046813460542514,-0.06941644775307515
-0.3125,1.2091471537558123,0.19244666204444977,-0.07060599098513999
-0.3075,1.2044963709230678,0.19412786921184894,-0.07164849044314668
-0.3025,1.2000968270157366,0.19555327490703378,-0.07255039826016824
-0.2975,1.1959054502252575,0.19676251754523072,-0.07332082401013955
-0.2925,1.1918831594605745,0.1977913374908929,-0.07397071221019762
-0.2875,1.1879960927783804,0.1986705197180718,-0.07451201307989805
-0.2825,1.1842159262808571,0.19942566906792225,-0.07495694100516295
-0.27749999999999997,1.180519551465518,0.20007756658388426,-0.07531738339526918
-0.27249999999999996,1.1768884066416108,0.2006428330747649,-0.07560448493390588
-0.26749999999999996,1.1733077043274365,0.2011346781759363,-0.07582839976056689
-0.26249999999999996,1.169765707757505,0.20156359675835506,-0.07599818339883499
-0.25749999999999995,1.1662531257447912,0.2019379528281464,-0.07612178825379465
-0.25249999999999995,1.1627626375174571,0.2022644447673447,-0.07620612824125227
-0.24750000000000005,1.1592885308816316,0.20254847248212132,-0.07625718512653078
-0.24250000000000005,1.1558264304883743,0.20279443417702778,-0.07628013752462157
-0.23750000000000004,1.1523730977691757,0.20300597776131557,-0.07627950078972608
-0.23250000000000004,1.1489262921929146,0.20318622662665875,-0.07625927117088319
-0.22750000000000004,1.145484690441855,0.20333799529627203,-0.0762230705412938
-0.22250000000000003,1.1420478641909844,0.20346400779739865,-0.07617428906099943
-0.21750000000000003,1.1386163179742976,0.2035671294208705,-0.0761162227464819
-0.21250000000000002,1.1351915859770498,0.20365061909381257,-0.0760522015147295
-0.20750000000000002,1.131776380326293,0.20371840337331032,-0.07598570125393646
-0.2025,1.1283747736356577,0.203775363266394,-0.07592043132802966
-0.1975,1.1249923860574347,0.20382761209704556,-0.07586038726469117
-0.1925,1.121636534045351,0.2038827284370616,-0.07580985795636191
-0.1875,1.118316287969529,0.2039498962357588,-0.07577337828282242
-0.1825,1.115042383073791,0.20403989927731767,-0.07575562217928164
-0.1775,1.111826937120765,0.2041649232891741,-0.07576123784891121
-0.1725,1.1086829505085096,0.20433813881864357,-0.07579463534109793
-0.16749999999999998,1.1056235991418637,0.20457307027099494,-0.0758597456097076
-0.16249999999999998,1.1026613711162456,0.20488279591313607,-0.07595977743541488
-0.15749999999999997,1.099807136147096,0.2052790613870287,-0.07609700224016255
-0.15249999999999997,1.0970692615529904,0.20577141540463334,-0.076272595462821
-0.14749999999999996,1.0944528927385675,0.20636648292132942,-0.07648655657594
-0.14249999999999996,1.091959496970224,0.20706747517563162,-0.07673771910804293
-0.13749999999999996,1.089586730514824,0.20787400057585742,-0.07702384935897064
-0.13249999999999995,1.087328639779164,0.20878219367301912,-0.07734182045390134
-0.12749999999999995,1.0851761580756656,0.20978513200545465,-0.07768783926583071
-0.12250000000000005,1.0831178210817713,0.21087347226692207,-0.07805769896269298
-0.11750000000000005,1.0811406023241612,0.21203621451494903,-0.07844702981484487
-0.11250000000000004,1.0792307667824088,0.21326149801811797,-0.07885152475410943
-0.10750000000000004,1.077374653479294,0.2145373427913987,-0.07926712268924466
-0.10250000000000004,1.0755593215467916,0.21585227215725075,-0.07969014021348274
-0.09750000000000003,1.073773022655882,0.21719577806354756,-0.08011734967905978
-0.09250000000000003,1.072005490349995,0.21855861707490312,-0.08054600761249119
-0.08750000000000002,1.0702480596525967,0.21993294694212162,-0.08097384150350516
-0.08250000000000002,1.0684936460497787,0.22131232914037596,-0.08139900495017953
-0.07750000000000001,1.0667366210039146,0.22269163106931172,-0.08182001115024255
-0.07250000000000001,1.064972622302225,0.2240668633406398,-0.08223565317045674
-0.0675,1.0631983334022086,0.22543498418409585,-0.08264491675399457
-0.0625,1.0614112584581954,0.22679369625819198,-0.08304688804525887
-0.057499999999999996,1.059609510735284,0.2281412527102543,-0.08344065478944264
-0.05249999999999999,1.0577916230137452,0.2294762803314319,-0.0838251953718511
-0.04749999999999999,1.0559563800686764,0.2307976184079371,-0.08419924535997264
-0.04249999999999998,1.0541026653590813,0.23210416157060804,-0.08456112567561092
-0.03749999999999998,1.0522293060131593,0.23339468132880223,-0.08490850972333669
-0.03249999999999997,1.0503348909867056,0.23466757989272868,-0.08523809833674956
-0.02749999999999997,1.0484175259052373,0.23592049478185606,-0.08554516114434811
-0.022499999999999964,1.0464744744385532,0.23714961418301306,-0.08582289140059489
-0.01749999999999996,1.0445016219244787,0.23834846895075681,-0.08606151012673284
-0.012499999999999956,1.042492687378379,0.23950582440958082,-0.08624704805657575
-0.007499999999999951,1.040438113950416,0.2406020945607318,-0.08635973653689173
-0.0024999999999999467,1.0383235973511882,0.24160344881470233,-0.08637196080176568
0.0024999999999999467,1.0361282781143424,0.24245251953103916,-0.0862457846182296
0.007500000000000062,1.0338227302077643,0.24305446524115235,-0.08593016235479238
0.012499999999999956,1.0313670115505778,0.2432573559413022,-0.08535813643725629
0.01750000000000007,1.0287091646265092,0.2428269100112027,-0.0844446064410274
0.022499999999999964,1.0257846205269998,0.2414183349375315,-0.08308569762302088
0.02750000000000008,1.0225169735087336,0.2385534828981833,-0.08116141884424963
0.03249999999999997,1.0188207814511983,0.23362045828233927,-0.0785442276100636
0.03750000000000009,1.0146081073236402,0.22592359961051725,-0.07511710777753372
0.04249999999999998,1.0098034663775837,0.2148165381129955,-0.0708047412783084
0.0475000000000001,1.0043759765243643,0.19993254955314133,-0.06561760610209257
0.05249999999999999,0.9983956343633426,0.1814662111564125,-0.059698005623746116
0.05750000000000011,0.992099225385599,0.16037075698269848,-0.053341328146354686
0.0625,0.9859129175989656,0.13829419236678606,-0.04696118907139091
0.0674999999999999,0.9803709251775549,0.11718468740251621,-0.04099386682818988
0.07250000000000001,0.9759418967355659,0.09872700820386819,-0.03578508969380421
0.0774999999999999,0.9728701286935536,0.08391659849230763,-0.031521095232178935
0.08250000000000002,0.971134447692804,0.07296906999982135,-0.028230071235233637
0.08749999999999991,0.9705242902356328,0.06551641307887733,-0.025830419028849718
0.09250000000000003,0.9707554267660838,0.060901849117544864,-0.024186999844344626
0.09749999999999992,0.9715579006643352,0.05842077694033698,-0.023152650080105117
0.10250000000000004,0.9727171029544691,0.05745668827979593,-0.02259135985733238
0.10749999999999993,0.9740804208332507,0.057529393542486006,-0.02238807112046907
0.11250000000000004,0.9755476574359336,0.0582921007969634,-0.02245074754898684
0.11749999999999994,0.977057389065213,0.05950706517931287,-0.022708611016124095
0.12250000000000005,0.9785747160954436,0.06101713595668911,-0.023108805573734237
0.12749999999999995,0.9800819013127615,0.06272096948156358,-0.02361271577621512
0.13250000000000006,0.9815717558631372,0.06455416090821342,-0.024192564737192807
0.13749999999999996,0.9830432081331505,0.06647597015142348,-0.02482856187028907
0.14250000000000007,0.9844985263213172,0.06846040556293734,-0.02550665893729709
0.14749999999999996,0.9859418401261051,0.07049028805649424,-0.026216854561440604
0.15250000000000008,0.98737885396589,0.07255301195892343,-0.026951927367852825
0.15749999999999997,0.9888180264762726,0.07463672458335058,-0.027706444855782438
0.1625000000000001,0.9902741659479628,0.07672531843039682,-0.028475855662864254
0.16749999999999998,0.9917766382092978,0.07878968019058481,-0.029255387177642818
0.1725000000000001,0.993386657236595,0.08077064689667805,-0.03003828341822983
0.1775,0.9952320546723267,0.08254551779941909,-0.030812548378105438
0.1825000000000001,0.9975739334535934,0.08386441985142021,-0.03155469823987833
0.1875,1.0009261861116663,0.08423696208290533,-0.03221798854510945
0.1924999999999999,1.006246481619817,0.08275310852891801,-0.032711384466087595
0.1975,1.0151732651833922,0.0778679752802986,-0.0328656611228431
0.2024999999999999,1.030126234893858,0.06733932255826684,-0.032389699720077096
0.20750000000000002,1.0537879808066988,0.048800291221353945,-0.030844839778132776
0.2124999999999999,1.0874402911979857,0.021438690726596567,-0.02771146345132091
0.21750000000000003,1.128844607863676,-0.012078563697034354,-0.022588150868506816
0.22249999999999992,1.1722179399236008,-0.04600666680366878,-0.015452767278536372
0.22750000000000004,1.2114097516867262,-0.0748208000319405,-0.0071317084886065914
0.23249999999999993,1.2431581681431252,-0.09601300293740604,0.001376275960910386
0.23750000000000004,1.2674432221215652,-0.11001071184049947,0.009263003126495164
0.24249999999999994,1.2859029431437992,-0.1185620159899073,0.016082561941157498
0.24750000000000005,1.3003861676607886,-0.12345405816228792,0.021703597393078908
0.25249999999999995,1.3123265607687429,-0.1260195187460854,0.026184137872564926
0.25750000000000006,1.322666825686496,-0.127115874795143,0.02966080167869727
0.26249999999999996,1.331978406250767,-0.12725557280269295,0.03228892864612418
0.26750000000000007,1.3405970109037486,-0.1267367579696205,0.03421660810867755
0.27249999999999996,1.3487214350871115,-0.1257347040257303,0.03556929930285773
0.2775000000000001,1.3564741469737294,-0.12435685106180797,0.03644991029364662
0.2825,1.3639352307109627,-0.12267328394030992,0.03694192394453107
0.2875000000000001,1.3711605988980466,-0.12073287395961127,0.03711168819682801
0.2925,1.3781916239017933,-0.11857174207688075,0.03701151044114243
0.2975000000000001,1.385060321799524,-0.11621777905456585,0.0366825307312752
0.3025,1.3917922903219728,-0.11369317334864593,0.03615686073010657
0.3075000000000001,1.3984084940868966,-0.11101592467475963,0.03545931679553939
0.3125,1.4049264297369894,-0.10820081840445507,0.03460889607964582
0.3174999999999999,1.4113609253416808,-0.10526009712258733,0.03362024069329133
0.3225,1.4177246953115366,-0.10220395430008694,0.032505273314056775
0.3274999999999999,1.4240287440304003,-0.09904090799364064,0.03127433803681547
0.3325,1.4302826670337105,-0.09577809677982589,0.029937016829373688
0.3374999999999999,1.4364949038038592,-0.09242151240812208,0.02850212914128054
0.3425,1.442672972994464,-0.08897618158362824,0.026977154391131998
0.3474999999999999,1.44882369606693,-0.08544630663646179,0.025367631397043327
0.35250000000000004,1.4549534036308214,-0.08183536953597319,0.023676926672378928
0.35749999999999993,1.4610681218652806,-0.07814619755834673,0.02190642070754629
0.36250000000000004,1.467173747023543,-0.0743809842865756,0.020055933268655842
0.36749999999999994,1.4732762339602585,-0.07054125312816724,0.018123979838726878
0.37250000000000005,1.4793818229866267,-0.06662775484896954,0.016108003688946323
0.37749999999999995,1.485497336160406,-0.0626402842286453,0.014004455610105727
0.38250000000000006,1.4916305692584246,-0.0585774046755156,0.01180883403261276
0.38749999999999996,1.4977907960230443,-0.05443607435051835,0.009515735130235037
0.39250000000000007,1.5039893810772569,-0.05021118101939692,0.007119014920357398
0.39749999999999996,1.5102404688486484,-0.04589501315930646,0.004612088880169028
0.4025000000000001,1.5165616910888835,-0.04147671391680417,0.001987788053527931
0.4075,1.522974778052792,-0.03694181896488207,-0.0007610100881817034
0.4125000000000001,1.5295059186883304,-0.03227198931017688,-0.003639886311899832
0.4175,1.5361857509602868,-0.027445012456130524,-0.006654033055658785
0.4225000000000001,1.5430488530426234,-0.022435257139844962,-0.009806040471335577
0.4275,1.5501326376600233,-0.017214558626371803,-0.013096224559013945
0.4325000000000001,1.5574757033446434,-0.011753531240055437,-0.01652511837239798
0.4375,1.565115794980202,-0.006023340191617735,-0.02008928079825402
0.4424999999999999,1.573087462058114,2.506680634532636e-06,-0.023783262179240316
0.4475,1.5814202994290023,0.0063464680601682255,-0.027592138754697484
0.4524999999999999,1.5901366416678624,0.013025779717458713,-0.03152320069360244
0.4575,1.5992505044476688,0.0200507686075287,-0.03557160467845821
0.4624999999999999,1.6087664599993714,0.027424227450632867,-0.03972985144533107
0.4675,1.6186794386698036,0.03514128769366044,-0.04398787154770292
0.4724999999999999,1.6289751083880133,0.04318976124434678,-0.048332861214853244
0.47750000000000004,1.639630680804542,0.05155083596728227,-0.05274943481155072
0.48249999999999993,1.6506159811459817,0.06019998584244281,-0.0572200284645198
0.48750000000000004,1.6618946227204863,0.06910796108697474,-0.06172544914375438
0.49249999999999994,1.6734251537633873,0.0782417475282393,-0.06624546182323439
0.49750000000000005,1.6851620827851026,0.08756541815814975,-0.070759331625549
0.5025,1.697056729553029,0.0970408349160894,-0.07524627280440158
0.5075000000000001,1.709057886128881,0.10662818995280497,-0.07968578966404664
0.5125,1.7211123029097664,0.11628640035097841,-0.0840579188946041
0.5175000000000001,1.7331650377739896,0.12597338817792814,-0.08834339624851521
0.5225,1.7451597230470886,0.13564628977532145,-0.0925237745192493
0.5275000000000001,1.7570388163856616,0.14526164571449973,-0.09658151752741254
0.5325,1.768743908843422,0.1547756269665475,-0.10050008922735712
0.5375000000000001,1.7802161665416203,0.1641443539647081,-0.10426404999201104
0.5425,1.7913969805893666,0.17332436288071487,-0.10785916448938278
0.5475000000000001,1.8022288910385709,0.18227326618278308,-0.11127251783372485
0.5525,1.812656831581005,0.19095064026394684,-0.11449262946177552
0.5575000000000001,1.8226297090212042,0.19931914930022965,-0.11750954806679292
0.5625,1.8321022829998646,0.2073458799197828,-0.12031490628941222
0.5674999999999999,1.8410372477077686,0.21500381619779793,-0.12290191079064285
0.5725,1.8494073442600376,0.22227333297861976,-0.12526524193702873
0.5774999999999999,1.857197262517193,0.22914353631677384,-0.12740083819325024
0.5825,1.864405043355134,0.2356132462168658,-0.1293055445615086
0.5874999999999999,1.8710426885461862,0.2416914142735932,-0.13097661320189827
0.5925,1.8771357432293305,0.24739680987428392,-0.1324110580678499
0.5974999999999999,1.8827217398386624,0.25275689661738304,-0.1336048827081925
0.6025,1.887847566082833,0.25780594420189124,-0.13455221811515072
0.6074999999999999,1.8925660056003777,0.26258255375155587,-0.13524442110668464
0.6125,1.896931848617378,0.26712688103952037,-0.13566918880511422
0.6174999999999999,1.9009980365732395,0.2714778903087903,-0.13580973876969044
0.6225,1.9048122669545846,0.2756709451005398,-0.13564408786278528
0.6275,1.908414351375076,0.2797359477364565,-0.13514443979639798
0.6325000000000001,1.9118344257868929,0.28369610036506,-0.13427666727434476
0.6375,1.9150918984525431,0.28756720772035715,-0.132999855369331
0.6425000000000001,1.918194813839801,0.2913572928584448,-0.131265861987763
0.6475,1.921139092541887,0.2950661403529059,-0.1290188500553653
0.6525000000000001,1.9239067947723145,0.29868415621497035,-0.12619475354722062
0.6575,1.9264619545063906,0.3021895003126644,-0.12272065524878287
0.6625000000000001,1.9287412538581599,0.3055415235772494,-0.11851408301545746
0.6675,1.930634096820037,0.3086665797090838,-0.11348229454726089
0.6725000000000001,1.931941086949393,0.3114282476336713,-0.10752178411547732
0.6775,1.9322891579447323,0.3135661449227785,-0.10051869089566118
0.6825000000000001,1.930962945281861,0.31457367982332646,-0.09235199522240536
0.6875,1.926587867500022,0.31346630897290034,-0.08290451558899532
0.6924999999999999,1.9166029049729911,0.3083888400483616,-0.07209415410651399
0.6975,1.89662720573907,0.2961159674997646,-0.059952287317949944
0.7024999999999999,1.8604980388174084,0.2719618665161708,-0.046789590426837155
0.7075,1.8030446829986388,0.23158299704190283,-0.03344255937011747
0.7124999999999999,1.7269843016372397,0.1760130698319314,-0.021361866271681955
0.7175,1.6474980923875464,0.11592621043847574,-0.01206242244306129
0.7224999999999999,1.5832379086750923,0.06603057560341781,-0.00610420636244923
0.7275,1.541932069401394,0.03342690722715318,-0.0028533658658191022
0.7324999999999999,1.519535000053573,0.015607546424413123,-0.0012668545668771648
0.7375,1.5086513984313612,0.006919229891043298,-0.000543480053803148
0.7424999999999999,1.5037023301524581,0.0029627008656630664,-0.00022722359901373657
0.7475,1.5015437627583974,0.0012358112459462571,-9.294033546607399e-05
0.7525,1.5006295569655077,0.0005041183665954742,-3.724764825227828e-05
0.7575000000000001,1.5002514688529698,0.000201415952274184,-1.4632631455070447e-05
0.7625,1.5000984230012873,7.885194124083391e-05,-5.6341312335233386e-06
0.7675000000000001,1.5000377403152747,3.024297337499144e-05,-2.1254048605940054e-06
0.7725,1.5000141716188449,1.1358996027801947e-05,-7.85096841228377e-07
0.7775000000000001,1.5000052080228723,4.175358494163756e-06,-2.837787714931193e-07
0.7825,1.5000018717638688,1.5009680102061612e-06,-1.0029629415428738e-07
0.7875000000000001,1.5000006573613083,5.272579461002338e-07,-3.4632607338646254e-08
0.7925,1.5000002254014484,1.8083121195293545e-07,-1.1673701961704775e-08
0.7975000000000001,1.5000000753902711,6.049627857336662e-08,-3.837687242674192e-09
0.8025,1.5000000245739382,1.9723482983070084e-08,-1.229346328978588e-09
0.8075000000000001,1.500000007798721,6.2607504936420455e-09,-3.8337563794537077e-10
0.8125,1.5000000024073936,1.9330487382939084e-09,-1.1628432083316415e-10
0.8174999999999999,1.5000000007221586,5.79988349407528e-10,-3.4274098474440396e-11
0.8225,1.5000000002103142,1.6894475507185312e-10,-9.807602924244344e-12
0.8274999999999999,1.5000000000594083,4.773221139464437e-11,-2.7221832349720984e-12
0.8325,1.5000000000162617,1.3068165948152997e-11,-7.322115301958249e-13
0.8374999999999999,1.5000000000043094,3.4637577603064088e-12,-1.9068757171986338e-13
0.8425,1.5000000000011044,8.87941254490735e-13,-4.802522558344875e-14
0.8474999999999999,1.5000000000002736,2.1987056073948028e-13,-1.1670916421148368e-14
0.8525,1.5000000000000653,5.2508764218038305e-14,-2.7331492826219385e-15
0.8574999999999999,1.5000000000000149,1.2071763133197954e-14,-6.164399359263468e-16
0.8625,1.5000000000000033,2.6691820808669054e-15,-1.3097084234513665e-16
0.8674999999999999,1.5000000000000007,5.633708349050419e-16,-2.5733162485952108e-17
0.8725,1.5,8.636130003140915e-17,-3.225027142032488e-18
0.8775,1.5,2.939102439694411e-18,-1.0045790470292924e-19
0.8825000000000001,1.5,3.500752849790726e-20,-1.230867886191844e-21
0.8875,1.5,6.461814340751269e-22,-2.328400166789268e-23
0.8925000000000001,1.5,1.6040302102501144e-23,-5.540199135794573e-25
0.8975,1.5,2.3036432656199775e-25,-8.126279133703008e-27
0.9025000000000001,1.5,4.44901013257069e-27,-1.5898308968963636e-28
0.9075,1.5,1.0052692324728467e-28,-3.533324315387881e-30
0.9125000000000001,1.5,1.8698222005804596e-30,-6.539983952330526e-32
0.9175,1.5,3.286726630238083e-32,-1.1240449303758902e-33
0.9225000000000001,1.5,3.988263820157514e-34,-1.376755668620189e-35
0.9275,1.5,5.696431933056315e-36,-1.9907803877112152e-37
0.9325000000000001,1.5,9.827844466440547e-38,-3.4226228449709877e-39
0.9375,1.5,1.6179367373646843e-39,-5.590398460154989e-41
0.9424999999999999,1.5,2.3563597132217503e-41,-8.15347519312814e-43
0.9475,1.5,3.52620015242111e-43,-1.208001971332335e-44
0.9524999999999999,1.5,4.457696694576142e-45,-1.507177715362678e-46
0.9575,1.5,4.247629336505129e-47,-1.4329939379799306e-48
0.9624999999999999,1.5,3.827584316018254e-49,-1.2906355368368708e-50
0.9675,1.5,3.404537705774635e-51,-1.1472017562617557e-52
0.9724999999999999,1.5,2.974114465007964e-53,-1.0015230563236969e-54
0.9775,1.5,2.5544090758392407e-55,-8.591683651899139e-57
0.9824999999999999,1.5,2.1243283985891348e-57,-7.130142147119285e-59
0.9875,1.5,1.6640403327135132e-59,-5.566364306698764e-61
0.9924999999999999,1.5,1.173741032686759e-61,-3.905728809619978e-63
0.9975,1.5,6.88393620938262e-64,-2.275193585112145e-65
