-0.9975,3.0,0.19871115284738558,-0.0032916830197574905,-0.004672838871198318,-0.0037128748527733946
-0.9925,3.0,0.19871115284738558,-0.0032916830197574905,-0.004672838871198318,-0.0037128748527733946
-0.9875,3.0,0.19871115284738558,-0.0032916830197574905,-0.004672838871198318,-0.0037128748527733946
-0.9825,3.0,0.19871115284738558,-0.0032916830197574905,-0.004672838871198318,-0.0037128748527733946
-0.9775,3.0,0.19871115284738558,-0.0032916830197574905,-0.004672838871198318,-0.0037128748527733946
-0.9725,3.0,0.19871115284738558,-0.0032916830197574905,-0.004672838871198318,-0.0037128748527733946
-0.9675,3.0,0.19871115284738558,-0.0032916830197574905,-0.004672838871198318,-0.0037128748527733946
-0.9625,3.0,0.19871115284738558,-0.0032916830197574905,-0.004672838871198318,-0.0037128748527733946
-0.9575,3.0,0.19871115284738558,-0.0032916830197574905,-0.004672838871198318,-0.0037128748527733946
-0.9525,3.0,0.19871115284738558,-0.0032916830197574905,-0.004672838871198318,-0.0037128748527733946
-0.9475,3.0,0.19871115284738558,-0.0032916830197574905,-0.004672838871198318,-0.0037128748527733946
-0.9425,3.0,0.19871115284738558,-0.0032916830197574905,-0.004672838871198318,-0.0037128748527733946
-0.9375,3.0,0.19871115284738558,-0.0032916830197574905,-0.004672838871198318,-0.0037128748527733946
-0.9325,3.0,0.19871115284738558,-0.0032916830197574905,-0.004672838871198318,-0.0037128748527733946
-0.9275,3.0,0.19871115284738558,-0.0032916830197574905,-0.004672838871198318,-0.0037128748527733946
-0.9225,3.0,0.19871115284738558,-0.0032916830197574905,-0.004672838871198318,-0.0037128748527733946
-0.9175,3.0,0.19871115284738558,-0.0032916830197574905,-0.004672838871198318,-0.0037128748527733946
-0.9125,3.0,0.19871115284738558,-0.0032916830197574905,-0.004672838871198318,-0.0037128748527733946
-0.9075,3.0,0.19871115284738558,-0.0032916830197574905,-0.004672838871198318,-0.0037128748527733946
-0.9025,3.0,0.19871115284738558,-0.0032916830197574905,-0.004672838871198318,-0.0037128748527733946
-0.8975,3.0,0.19871115284738558,-0.0032916830197574905,-0.004672838871198318,-0.0037128748527733946
-0.8925,3.0,0.19871115284738558,-0.0032916830197574905,-0.004672838871198318,-0.0037128748527733946
-0.8875,3.0,0.19871115284738558,-0.0032916830197574905,-0.004672838871198318,-0.0037128748527733946
-0.8825000000000001,3.0,0.19871115284738558,-0.0032916830197574905,-0.004672838871198318,-0.0037128748527733946
-0.8775,3.0,0.19871115284738558,-0.0032916830197574905,-0.004672838871198318,-0.0037128748527733946
-0.8725,3.0,0.19871115284738558,-0.0032916830197574905,-0.004672838871198318,-0.0037128748527733946
-0.8674999999999999,3.0,0.19871115284738558,-0.0032916830197574905,-0.004672838871198318,-0.0037128748527733946
-0.8625,3.0,0.19871115284738558,-0.0032916830197574905,-0.004672838871198318,-0.0037128748527733946
-0.8575,3.0,0.19871115284738558,-0.0032916830197574905,-0.004672838871198318,-0.0037128748527733946
-0.8525,3.0,0.19871115284738558,-0.0032916830197574905,-0.004672838871198318,-0.0037128748527733946
-0.8475,3.0,0.19871115284738558,-0.0032916830197574905,-0.004672838871198318,-0.0037128748527733946
-0.8425,3.0,0.19871115284738558,-0.0032916830197574905,-0.004672838871198318,-0.0037128748527733946
-0.8375,3.0,0.19871115284738558,-0.0032916830197574905,-0.004672838871198318,-0.0037128748527733946
-0.8325,3.0,0.19871115284738558,-0.0032916830197574905,-0.004672838871198318,-0.0037128748527733946
-0.8275,3.0,0.19871115284738558,-0.0032916830197574905,-0.004672838871198318,-0.0037128748527733946
-0.8225,3.0,0.19871115284738558,-0.0032916830197574905,-0.004672838871198318,-0.0037128748527733946
-0.8175,3.0,0.19871115284738558,-0.0032916830197574905,-0.004672838871198318,-0.0037128748527733946
-0.8125,3.0,0.19871115284738558,-0.0032916830197574905,-0.004672838871198318,-0.0037128748527733946
-0.8075,3.0,0.19871115284738558,-0.0032916830197574905,-0.004672838871198318,-0.0037128748527733946
-0.8025,3.0,0.1987111528473856,-0.0032916830197574905,-0.004672838871198318,-0.0037128748527733946
-0.7975,2.9999999999999996,0.19871115284738589,-0.00329168301975749,-0.004672838871198319,-0.0037128748527733963
-0.7925,2.999999999999998,0.19871115284738697,-0.003291683019757487,-0.004672838871198321,-0.0037128748527733985
-0.7875,2.999999999999992,0.19871115284739022,-0.0032916830197574835,-0.0046728388711983326,-0.003712874852773409
-0.7825,2.999999999999974,0.19871115284740062,-0.0032916830197574683,-0.004672838871198367,-0.0037128748527734384
-0.7775,2.999999999999918,0.19871115284743293,-0.0032916830197574198,-0.004672838871198471,-0.0037128748527735307
-0.7725,2.99999999999975,0.19871115284752966,-0.003291683019757278,-0.004672838871198787,-0.0037128748527738087
-0.7675,2.999999999999263,0.19871115284781102,-0.003291683019756864,-0.004672838871199703,-0.00371287485277461
-0.7625,2.999999999997887,0.19871115284860533,-0.0032916830197557037,-0.004672838871202304,-0.003712874852776891
-0.7575000000000001,2.999999999994113,0.19871115285078403,-0.003291683019752541,-0.004672838871209457,-0.003712874852783171
-0.7525,2.999999999984048,0.19871115285659477,-0.0032916830197441517,-0.004672838871228595,-0.003712874852799996
-0.7475,2.999999999957932,0.19871115287167163,-0.0032916830197225063,-0.004672838871278407,-0.003712874852843847
-0.7424999999999999,2.9999999998919784,0.19871115290974667,-0.003291683019668174,-0.004672838871404633,-0.003712874852955113
-0.7375,2.999999999729787,0.19871115300337996,-0.003291683019535397,-0.004672838871716131,-0.0037128748532300666
-0.7324999999999999,2.9999999993412017,0.19871115322771032,-0.0032916830192193844,-0.004672838872465151,-0.0037128748538921416
-0.7275,2.9999999984337893,0.19871115375155876,-0.003291683018486562,-0.004672838874220868,-0.0037128748554463116
-0.7224999999999999,2.9999999963676225,0.19871115494435332,-0.003291683016830114,-0.004672838878234373,-0.0037128748590043925
-0.7175,2.999999991778357,0.1987111575937237,-0.003291683013179174,-0.004672838887185557,-0.003712874866952091
-0.7125,2.99999998183108,0.19871116333624939,-0.0032916830053298838,-0.0046728389066703286,-0.0037128748842799974
-0.7075,2.999999960783271,0.1987111754870473,-0.0032916829888635173,-0.004672838948082809,-0.0037128749211687594
-0.7025,2.9999999172920044,0.19871120059429476,-0.003291682955147184,-0.0046728390340523155,-0.00371287499787708
-0.6975,2.999999829504357,0.19871125127347142,-0.0032916828877437346,-0.0046728392084272805,-0.003712875153739579
-0.6925,2.9999996563482734,0.19871135123501188,-0.0032916827561491682,-0.004672839554122493,-0.003712875463293082
-0.6875,2.999999322502976,0.19871154396062982,-0.0032916825051841846,-0.004672840224175325,-0.0037128760644154226
-0.6825,2.9999986931711518,0.19871190726684457,-0.003291682037553254,-0.004672841494346756,-0.0037128772061246615
-0.6775,2.999997532902388,0.19871257707531428,-0.0032916811860354764,-0.0046728438498241705,-0.0037128793276133536
-0.6725,2.9999954402672366,0.19871378512392598,-0.0032916796705231427,-0.004672848124265691,-0.0037128831854198376
-0.6675,2.9999917471750535,0.1987159170879726,-0.0032916770338026185,-0.0046728557166694495,-0.0037128900524954576
-0.6625,2.9999853682340643,0.19871959954043739,-0.003291672548837087,-0.004672868920192211,-0.0037129020212126732
-0.6575,2.999974582156394,0.1987258261409032,-0.0032916650897974616,-0.00467289140649043,-0.003712922451592354
-0.6525000000000001,2.9999567244903904,0.1987361350138859,-0.003291652959831619,-0.004672928918226221,-0.0037129566151786106
-0.6475,2.9999277699211317,0.19875284988098954,-0.0032916336713815046,-0.004672990229154343,-0.0037130125923410403
-0.6425000000000001,2.9998817843218597,0.19877939639612394,-0.0032916036806685057,-0.004673088433015972,-0.0037131024838890983
-0.6375,2.999810233136382,0.1988207014527022,-0.003291558087602702,-0.004673242616064682,-0.003713243993687574
-0.6325000000000001,2.9997011448934643,0.19888367620227979,-0.0032914903262935527,-0.0046734799500707655,-0.003713462424184132
-0.6275,2.9995381475415313,0.19897777266787486,-0.0032913918892625454,-0.004673838210378612,-0.0037137930985731375
-0.6225,2.9992994206295855,0.19911558928857914,-0.0032912521489424354,-0.00467436867603441,-0.003714284180317531
-0.6174999999999999,2.998956636332119,0.19931348355566417,-0.0032910583601856794,-0.0046751393080569316,-0.0037149998040504327
-0.6125,2.998473993135637,0.19959213228782097,-0.00329079594287162,-0.004676238033335875,-0.00371602336608454
-0.6074999999999999,2.9978074719458427,0.1999769653448883,-0.0032904491487542008,-0.004677775895275853,-0.0037174607563703436
-0.6025,2.9969044584169047,0.20049839071878237,-0.0032900022057473386,-0.004679889781297199,-0.0037194432585913816
-0.5974999999999999,2.995703870490687,0.20119173192059445,-0.0032894410016144743,-0.00468274441583229,-0.003722129814496283
-0.5925,2.994136901498732,0.20209681517417977,-0.003288755316431461,-0.004686533327301038,-0.003725708354397181
-0.5875,2.9921284357997697,0.20325717454866898,-0.0032879415429091486,-0.004691478564230446,-0.003730395944855959
-0.5825,2.989599120394095,0.20471888506904468,-0.003287005754743347,-0.004697829045393828,-0.003736437595756589
-0.5775,2.9864679925479987,0.2065290810776986,-0.003285966909086999,-0.004705857567539612,-0.0037441036917487337
-0.5725,2.9826554845449476,0.20873426147167762,-0.003284859915301929,-0.0047158566397531914,-0.003753686148983459
-0.5675,2.9780865675381545,0.21137851629797808,-0.003283738281635866,-0.004728133440269639,-0.0037654935245858417
-0.5625,2.972693769382522,0.2145018237684402,-0.003282676071823713,-0.004743004277210048,-0.0037798454021893617
-0.5575,2.9664198121416088,0.2181385599744842,-0.0032817689638863384,-0.004760788965591932,-0.0037970664274130424
-0.5525,2.959219661520556,0.22231633690722227,-0.0032811342940740162,-0.00478180550729258,-0.0038174803675405456
-0.5475,2.951061853241697,0.2270552433551011,-0.003280910074191778,-0.004806365388125501,-0.003841404525171176
-0.5425,2.9419290462239163,0.23236751585466084,-0.003281253072449918,-0.004834769704450162,-0.00386914475927781
-0.5375,2.9318178343806047,0.23825762143802093,-0.003282336130665436,-0.00486730622113405,-0.0039009912755427925
-0.5325,2.9207379156116793,0.24472269718583686,-0.0032843449437396205,-0.004904247361328805,-0.003937215257000226
-0.5275000000000001,2.908710760728535,0.2517532675098604,-0.0032874745473871064,-0.004945849048897503,-0.003978066328031388
-0.5225,2.8957679446766633,0.25933414957816453,-0.003291925749966721,-0.004992350272134787,-0.0040237707865362895
-0.5175000000000001,2.8819493001587895,0.26744545878311066,-0.003297901711242257,-0.005043973212300085,-0.004074530502472959
-0.5125,2.867301035151569,0.27606363652422133,-0.003305604824201875,-0.005100923777905686,-0.0041305223639268585
-0.5075000000000001,2.8518739274325857,0.2851624382025369,-0.003315234004642834,-0.005163392399130716,-0.0041918981502612526
-0.5025,2.835721677220985,0.2947138368534812,-0.0033269824442775375,-0.005231554959459024,-0.004258784720813688
-0.49750000000000005,2.818899468155487,0.30468881470004344,-0.0033410358414048226,-0.005305573767974668,-0.004331284422506672
-0.49250000000000005,2.801462760174558,0.3150580294316086,-0.003357571091079292,-0.005385598501563214,-0.00440947563702177
-0.48750000000000004,2.7834663169342004,0.32579235340768153,-0.0033767553946085155,-0.005471767069030686,-0.004493413405332848
-0.48250000000000004,2.7649634554762486,0.3368632921150072,-0.0033987457351913274,-0.005564206367674679,-0.004583130082900596
-0.47750000000000004,2.746005496409381,0.3482432933698722,-0.0034236886609343435,-0.005663032916899098,-0.004678635991980301
-0.47250000000000003,2.726641387922598,0.35990596148018295,-0.0034517203164650834,-0.005768353363426006,-0.004779920048116906
-0.4675,2.7069174754167764,0.37182619145966883,-0.0034829666681033054,-0.005880264859191103,-0.004886950346152118
-0.4625,2.6868773893693816,0.38398023798298997,-0.003517543873533486,-0.0059988553168654445,-0.004999674697268884
-0.4575,2.666562026353426,0.3963457325634716,-0.0035555587539567446,-0.006124203549834242,-0.005118021113123334
-0.4525,2.6460096012226537,0.4089016607970994,-0.0035971093339430805,-0.006256379303987518,-0.005241898236326508
-0.4475,2.625255751850626,0.42162830971676934,-0.0036422854211004847,-0.006395443188312996,-0.00537119571875594
-0.4425,2.6043336811375566,0.43450719352018957,-0.0036911692039042166,-0.006541446510383773,-0.005505784550663203
-0.4375,2.583274324072409,0.44752096428341936,-0.003743835851436414,-0.006694431021651595,-0.005645517344504331
-0.4325,2.5621065303531414,0.4606533128077954,-0.0038003541033390883,-0.006854428576159168,-0.005790228578014347
-0.4275,2.5408572553862827,0.4738888634929592,-0.00386078684202209,-0.0070214607049776745,-0.005939734801393382
-0.4225,2.5195517544126234,0.4872130660816194,-0.00392519164217258,-0.007195538107422796,-0.006093834813658441
-0.4175,2.498213776068128,0.500612086267725,-0.003993621294983037,-0.007376660058939448,-0.006252309813306777
-0.4125,2.476865752930103,0.514072696477352,-0.004066124306354134,-0.007564813734492943,-0.0064149235284848526
-0.4075,2.455528987564042,0.5275821675969696,-0.004142745369733365,-0.007759973445373889,-0.00658142233189915
-0.40249999999999997,2.434223833320852,0.5411281620137625,-0.004223525815306818,-0.007962099786529075,-0.006751535345776238
-0.39749999999999996,2.4129698696775126,0.5546986280265945,-0.004308504038042519,-0.008171138690886948,-0.006924974542309912
-0.39249999999999996,2.3917860723007967,0.5682816954664623,-0.004397715907647772,-0.008387020386680759,-0.007101434845254575
-0.38749999999999996,2.370690978271248,0.581865572218073,-0.004491195163894046,-0.00860965825352439,-0.0072805942386707295
-0.38249999999999995,2.349702847054258,0.5954384412493656,-0.00458897380101097,-0.008838947573023103,-0.007462113889340529
-0.37749999999999995,2.328839817861821,0.6089883577269145,-0.004691082444971409,-0.009074764170082683,-0.007645638290094943
-0.37250000000000005,2.3081200640212973,0.6225031458194265,-0.0047975507274837,-0.009316962941923652,-0.007830795432285915
-0.36750000000000005,2.287561944859781,0.6359702948696102,-0.004908407660360491,-0.009565376273250693,-0.008017197016962548
-0.36250000000000004,2.2671841554227803,0.6493768547506285,-0.005023682013615445,-0.009819812338249946,-0.008204438716047683
-0.35750000000000004,2.247005874067469,0.6627093304245519,-0.0051434027000999555,-0.010080053293309986,-0.008392100497049445
-0.35250000000000004,2.227046907592836,0.6759535759972515,-0.0052675991686611506,-0.010345853368856888,-0.008579747027679293
-0.34750000000000003,2.207327833077144,0.689094688930439,-0.005396301806586291,-0.010616936874781269,-0.008766928180289343
-0.3425,2.1878701349695944,0.7021169055429433,-0.0055295423503770175,-0.010892996141985883,-0.008953179660388595
-0.3375,2.168696335208844,0.715003499527024,-0.005667354301524344,-0.011173689433005018,-0.009138023788739454
-0.3325,2.1498301131976034,0.7277366859387417,-0.005809773340759989,-0.011458638867867523,-0.009320970472725289
-0.3275,2.1312964113352684,0.7402975340086209,-0.005956837730052375,-0.011747428427797428,-0.009501518409807612
-0.3225,2.1131215204935363,0.7526658931682513,-0.006108588686200311,-0.012039602119287209,-0.009679156573842355
-0.3175,2.095333138322671,0.7648203378965178,-0.0062650707030769545,-0.012334662404674351,-0.009853366043525534
-0.3125,2.0779603916323914,0.7767381383334692,-0.006426331791269586,-0.012632069032419365,-0.01002362224078596
-0.3075,2.061033812370753,0.7883952650397548,-0.006592423594040435,-0.012931238430140638,-0.010189397654724165
-0.3025,2.0445852550453294,0.7997664377052911,-0.006763401327387779,-0.013231543854701669,-0.010350165132500977
-0.2975,2.0286477419751665,0.8108252288910917,-0.006939323480002089,-0.013532316523879994,-0.01050540182071775
-0.2925,2.013255221786923,0.8215442348192151,-0.007120251197001651,-0.013832847979741996,-0.010654593837086095
-0.2875,1.9984422264153838,0.8318953255338176,-0.007306247260967584,-0.014132393949730638,-0.010797241739836021
-0.2825,1.9842434129579238,0.841849986099058,-0.007497374577124585,-0.014430179971068487,-0.010932866838259024
-0.27749999999999997,1.9706929795427734,0.8513797584829246,-0.007693694069403774,-0.01472540901954135,-0.011061018348868046
-0.27249999999999996,1.9578239493878655,0.8604567899926566,-0.007895261904099088,-0.01501727132658305,-0.011181281345190766
-0.26749999999999996,1.9456673248595853,0.8690544882250317,-0.008102125981780313,-0.015304956470953621,-0.011293285373778494
-0.26249999999999996,1.9342511237981361,0.8771482742759966,-0.008314321679739348,-0.01558766768778491,-0.011396713515491229
-0.25749999999999995,1.9235993235146902,0.8847164155033568,-0.008531866889094372,-0.015864638147880878,-0.0114913115638305
-0.25249999999999995,1.9137307530248084,0.8917409069561663,-0.008754756472994568,-0.016135148731081298,-0.011576896879798727
-0.24750000000000005,1.9046579899543357,0.8982083577083111,-0.008982956371675973,-0.016398546566427318,-0.011653366379154937
-0.24250000000000005,1.8963863331384985,0.9041108263650077,-0.009216397688015797,-0.01665426336710316,-0.011720703031111392
-0.23750000000000004,1.8889129326530099,0.9094465410360116,-0.009454971189858155,-0.016901832387794875,-0.011778980218067855
-0.23250000000000004,1.8822261630256043,0.9142204353996352,-0.009698522744117127,-0.017140902719663523,-0.01182836334348023
-0.22750000000000004,1.876305320102414,0.9184444362196021,-0.00994685023151288,-0.01737124965452852,-0.011869108193167704
-0.22250000000000003,1.8711207058541561,0.9221374501602501,-0.010199702460535382,-0.017592780023329598,-0.011901555757063845
-0.21750000000000003,1.866634138287838,0.9253250189976695,-0.010456780492703373,-0.017805531749746032,-0.011926123491408367
-0.21250000000000002,1.8627998876412086,0.9280386406852514,-0.01071774160848123,-0.01800966733326612,-0.01194329331724431
-0.20750000000000002,1.8595659993421236,0.930314785849672,-0.01098220589993504,-0.01820546153165369,-0.011953596968059196
-0.2025,1.8568759245449378,0.9321936705730299,-0.011249765203165207,-0.01839328407221347,-0.01195759956941668
-0.1975,1.8546703466571703,0.933717871789626,-0.01151999382209825,-0.018573578697918765,-0.011955882512030861
-0.1925,1.8528890725581662,0.9349308870357331,-0.011792460288843318,-0.018746840172344854,-0.011949026736342162
-0.1875,1.8514728535119436,0.9358757430918279,-0.01206673929015084,-0.018913590978259943,-0.011937597471904643
-0.1825,1.8503650135310286,0.9365937480113085,-0.012342422883736806,-0.01907435933868805,-0.011922131282907693
-0.1775,1.8495127896528036,0.9371234602135948,-0.01261913023066337,-0.01922965989501875,-0.011903125995831425
-0.1725,1.8488683244840591,0.9374999205355393,-0.012896515259204223,-0.01937997795250995,-0.011881033771828396
-0.16749999999999998,1.848389290674902,0.9377541629156514,-0.013174271917037128,-0.01952575772106632,-0.011856257280856661
-0.16249999999999998,1.8480391643599636,0.9379129908578153,-0.013452136924297127,-0.019667394505691046,-0.011829148673319315
-0.15749999999999997,1.8477871965227888,0.9379989826720857,-0.013729890180191188,-0.01980523038266513,-0.011800010847234314
-0.15249999999999997,1.8476081571580798,0.9380306691089777,-0.014007353190462484,-0.01993955254570014,-0.01176910037152743
-0.14749999999999996,1.8474819506775573,0.9380228096307358,-0.014284386094918439,-0.020070593183960192,-0.011736631318324114
-0.14249999999999996,1.8473932319419775,0.9379866709523023,-0.014560884159370926,-0.020198529353949488,-0.01170277911212313
-0.13749999999999996,1.8473312101729598,0.937930169144223,-0.014836775121411992,-0.020323480608849837,-0.011667683196966276
-0.13249999999999995,1.8472899501882516,0.9378576469413326,-0.015112019879252706,-0.02044550072409459,-0.011631446625696517
-0.12749999999999995,1.8472697382770051,0.9377688683898818,-0.015386621346750812,-0.02056455688278385,-0.011594129160449312
-0.12250000000000005,1.84728061065758,0.9376564226994325,-0.015660651160927488,-0.02068048356736073,-0.011555727327671224
-0.11750000000000005,1.8473502091795613,0.9374999442969616,-0.01593431385920245,-0.020792886079424266,-0.011516128544457613
-0.11250000000000004,1.8475402332367568,0.9372540073033512,-0.016208088085621672,-0.020900944253201,-0.011475014002855282
-0.10750000000000004,1.8479798327191925,0.9368235516228509,-0.016483023832354272,-0.021003019816759665,-0.011431661110488357
-0.10250000000000004,1.8489319894882568,0.9360150228747673,-0.01676135137995561,-0.021095882613603074,-0.011384551775550793
-0.09750000000000003,1.8509228653627814,0.9344411352946032,-0.017047702306979277,-0.021173215505829745,-0.011330614594516944
-0.09250000000000003,1.854987006477456,0.9313402561724173,-0.01735150002002985,-0.0212228209983785,-0.01126380902776793
-0.08750000000000002,1.863110401635396,0.9252500255616344,-0.01769146769250162,-0.021221733230799004,-0.011172643060591729
-0.08250000000000002,1.8789575672793901,0.9134732001000699,-0.018103511485234407,-0.021128807863654665,-0.011036375032303475
-0.07750000000000001,1.9088246650264205,0.8913910424473853,-0.018652203703842143,-0.020877199570815092,-0.010821007379690663
-0.07250000000000001,1.9621694714983935,0.852166400766402,-0.0194395254624044,-0.020377785600755545,-0.010480466821792694
-0.0675,2.0498278122084086,0.7883976027260489,-0.020586603794399853,-0.019555992667706877,-0.009974409377693871
-0.0625,2.177567157091614,0.69742274532184,-0.02215174367218242,-0.018427621012505113,-0.009306648824074263
-0.057499999999999996,2.3370697225900106,0.5875691427845291,-0.024012159771668467,-0.017144396897614614,-0.00855051567998701
-0.05249999999999999,2.5044342804171564,0.47690662875512363,-0.025858615119295367,-0.015919556825844974,-0.007813999309133247
-0.04749999999999999,2.652422166611351,0.38282688186375585,-0.027368824953813625,-0.014896036576576413,-0.007173408525500744
-0.04249999999999998,2.7652334112890045,0.3133222214222675,-0.028377797663053667,-0.014098532535606665,-0.006647741930919619
-0.03749999999999998,2.841888016442431,0.26710045802654464,-0.028891160841933463,-0.013476628277507218,-0.006219018850426835
-0.03249999999999997,2.889905240503968,0.23851883220381423,-0.028999617980648613,-0.012960915845537326,-0.005859284312843335
-0.02749999999999997,2.918405391949748,0.22165955134082405,-0.028802737567922267,-0.012492584530056007,-0.005544464884388542
-0.022499999999999964,2.9347506157261596,0.21199645130726877,-0.02837645177970869,-0.012030427284335085,-0.005257352791057906
-0.01749999999999996,2.943928295003324,0.20654185424823437,-0.027769535027561312,-0.01154825488457788,-0.004986253823537114
-0.012499999999999956,2.9490200284012484,0.20347431975112046,-0.02701031940934869,-0.011030464948894909,-0.004722998960344883
-0.007499999999999951,2.9518329108323127,0.20173320514368248,-0.026114269244011234,-0.010468466682951604,-0.004461506056713726
-0.0024999999999999467,2.9533933839322555,0.20071818424070645,-0.025089681827904567,-0.009858350328939116,-0.004197000386659463
0.0024999999999999467,2.954272077589089,0.2000959872726271,-0.023941420884989534,-0.009199508092070893,-0.003925715215294725
0.007500000000000062,2.954781049829072,0.1996843120425607,-0.022673221720588332,-0.008493843795468288,-0.0036448775692037097
0.012499999999999956,2.9550885311856,0.19938465685456508,-0.021289072701741456,-0.007745294973242612,-0.00335282655306065
0.01750000000000007,2.9552839701919034,0.1991443531340261,-0.019794014604388527,-0.006959487157813011,-0.0030491521797486095
0.022499999999999964,2.9554142418038203,0.1989354609686371,-0.018194565034133033,-0.006143414564499068,-0.002734774172036823
0.02750000000000008,2.9555035027941914,0.1987432009900062,-0.01649889378386584,-0.0053050948839459934,-0.0024119069718497492
0.03249999999999997,2.9555639219552643,0.19855969211645488,-0.014716834058484212,-0.004453183853393229,-0.0020838834052400294
0.03750000000000009,2.9556013778845593,0.19838059309471764,-0.012859795569881718,-0.003596561374589904,-0.0017548363213801535
0.04249999999999998,2.9556183909055225,0.19820329489387753,-0.010940633443522639,-0.0027439169155852273,-0.0014292635590512648
0.0475000000000001,2.9556154946012523,0.1980258935960527,-0.008973512466377473,-0.001903368646790835,-0.0011115236212099948
0.05249999999999999,2.9555916115044316,0.19784647282389808,-0.006973786588982538,-0.0010821491829344726,-0.0008053238847219003
0.05750000000000011,2.955543550169261,0.19766233607513684,-0.004957891261722593,-0.00028638248856693453,-0.0005132673093670335
0.0625,2.9554643133772505,0.1974687831181043,-0.0029432268240324505,0.00047903635132747586,-0.00023651650076405943
0.0674999999999999,2.955339320966016,0.19725679216697536,-0.0009480010465641178,0.0012104616730677323,2.5383095875319017e-05
0.07250000000000001,2.955138658364341,0.19700844925532762,0.0010089971996287003,0.0019054358660940509,0.0002745028723480346
0.0774999999999999,2.9548016585045365,0.1966879452103088,0.0029087007911137823,0.0025625767841876332,0.0005143616627471334
0.08250000000000002,2.9542068124118757,0.19622404231128684,0.004732113068440893,0.0031814560737869644,0.0007496193592947764
0.08749999999999991,2.9531139984071517,0.19547640229522142,0.006460612482794051,0.0037625232219383616,0.0009856848514094478
0.09250000000000003,2.951055476926521,0.19417194766612675,0.008076034657474678,0.004307150057486168,0.0012283042792126462
0.09749999999999992,2.9471348185502175,0.19178705121165182,0.009560220560234211,0.004817907727977281,0.0014832102895454779
0.10250000000000004,2.939669019942113,0.18733629028592422,0.010893531572315377,0.005299255053377946,0.001755937186380699
0.10749999999999993,2.9255920686393577,0.17901479310730548,0.012051639090647711,0.005758913651079312,0.0020519509832645955
0.11250000000000004,2.899590230133027,0.16365994575095108,0.013000006542788118,0.006210260004521218,0.0023772941469823164
0.11749999999999994,2.853246733330794,0.13614894367253172,0.013686952289305145,0.00667575565447863,0.002739873687064635
0.12250000000000005,2.775369794715855,0.0893329543007508,0.014041282781873495,0.0071898489155182085,0.0031508642652410394
0.12749999999999995,2.656031015116594,0.015977228760568937,0.01399013746457167,0.007795517327433112,0.0036235579546145345
0.13250000000000006,2.4960035167409793,-0.08575349597171747,0.013514523441213844,0.0085231834558711,0.004163714428229169
0.13749999999999996,2.315570942375228,-0.20546991181433083,0.012720760726023503,0.009347788738770605,0.004748362236837902
0.14250000000000007,2.148652559427374,-0.3211523104167621,0.011835652090359456,0.010159711457114539,0.005311681436777867
0.14749999999999996,2.0216692948359096,-0.4121747557143191,0.011074593932143287,0.01081459172322919,0.005773645863193631
0.15250000000000008,1.9398756439236835,-0.4719459241934423,0.010518315952442563,0.011235234057104616,0.006095581791000489
0.15749999999999997,1.8932728230236358,-0.5062963280447055,0.010132126339205651,0.011442561068004332,0.006294169635983438
0.1625000000000001,1.8687781930702074,-0.5244322674800036,0.009850504736768751,0.011502391724298533,0.006409515519286181
0.16749999999999998,1.856534035676397,-0.5335474572414451,0.009623242638226375,0.011474643155861955,0.006476749634228883
0.1725000000000001,1.8506101292592771,-0.5380057977946467,0.009421172690026156,0.011398263564660978,0.006518300441059819
0.1775,1.847816086096889,-0.5401580459346024,0.009229392202670047,0.011294966354584546,0.006546478149733766
0.1825000000000001,1.8465328450578014,-0.5411969406057177,0.009040843787747433,0.011175985293236915,0.006567501373965627
0.1875,1.8459651044555698,-0.5417081881335086,0.008852404063065592,0.011046924203896127,0.006584331389444644
0.1924999999999999,1.8457302689095951,-0.5419735039707917,0.008662816434364612,0.01091052821568496,0.006598285119760076
0.1975,1.845647390688439,-0.5421261224404307,0.008471666192350262,0.010768125800913662,0.006609874341043819
0.2024999999999999,1.8456325878834068,-0.5422278179551048,0.008278892360705056,0.010620346812570009,0.006619222736768659
0.20750000000000002,1.845648378481727,-0.5423062084534037,0.008084564219960145,0.01046747216054605,0.00662626700497136
0.2124999999999999,1.8456796150660655,-0.542372470981952,0.007888784803714612,0.010309602233393092,0.006630851087507755
0.21750000000000003,1.845722343897355,-0.5424295423028568,0.007691653757052375,0.010146737754746282,0.006632768603415802
0.22249999999999992,1.845778882521993,-0.5424757419963204,0.0074932570269774035,0.009978818798814489,0.0066317806300771566
0.22750000000000004,1.8458558727485774,-0.5425062056084995,0.007293668022784437,0.009805743963385058,0.006627622010158134
0.23249999999999993,1.8459637535559346,-0.5425132729251728,0.007092953144558638,0.009627380231868385,0.006620002533386763
0.23750000000000004,1.8461169058825455,-0.5424863822203606,0.006891178478602147,0.00944356862037056,0.006608606070652016
0.24249999999999994,1.846334097954899,-0.5424117442039903,0.006688416252113889,0.009254128179322736,0.006593089210981715
0.24750000000000005,1.8466390288723211,-0.5422719451702307,0.006484750429981335,0.009058859764382846,0.006573080265508037
0.25249999999999995,1.847060839706217,-0.5420455764478556,0.00628028116284497,0.0088575504580755,0.0065481792075181575
0.25750000000000006,1.847634490078881,-0.5417069663879797,0.006075127921035781,0.008649979247329487,0.006517958989480944
0.26249999999999996,1.848400911731103,-0.5412260813623443,0.005869431202977657,0.008435924366263848,0.0064819686019068875
0.26750000000000007,1.849406863279393,-0.5405686529612389,0.005663352752063974,0.008215172515897326,0.00643973815551058
0.27249999999999996,1.850704429385897,-0.53969657437932,0.005457074280366766,0.007987529941434979,0.006390786148146741
0.2775000000000001,1.8523501355914964,-0.5385685877969167,0.005250794787138178,0.0077528350835616155,0.006334628912217849
0.2825,1.8544036863144158,-0.5371412569375398,0.005044726667145285,0.007510972244954014,0.006270792033719585
0.2875000000000001,1.8569263743830962,-0.535370187619353,0.004839090911578255,0.007261885463993411,0.0061988233115455645
0.2925,1.8599792503179584,-0.5332114283372148,0.0046341117917445785,0.007005591607679552,0.006118306615927651
0.2975000000000001,1.8636211719374232,-0.5306229577457651,0.004430011463758534,0.0067421916242734106,0.006028875842912406
0.3025,1.867906873927517,-0.527566150965165,0.004227004928526894,0.006471878957923994,0.0059302280790048244
0.3075000000000001,1.8728851990585549,-0.5240071149259049,0.004025295723471993,0.00619494432452537,0.005822135106653906
0.3125,1.8785976171000704,-0.5199177951454761,0.0038250726197402063,0.005911776356845375,0.005704452500221743
0.3174999999999999,1.8850771267946362,-0.515276780421208,0.0036265074691167174,0.0056228580023027636,0.0055771257679477345
0.3225,1.8923475957632179,-0.5100697638207263,0.0034297542107692524,0.005328758941147833,0.005440193257142813
0.3274999999999999,1.900423549565216,-0.5042896527931595,0.0032349489303708933,0.005030124629174102,0.005293785817831803
0.3325,1.909310380836082,-0.4979363530030437,0.0030422107784810596,0.004727662812856409,0.005138123474901404
0.3374999999999999,1.919004917565808,-0.4910162755101109,0.0028516435084838263,0.004422128491783046,0.004973509559196214
0.3425,1.9294962690646098,-0.48354163284321044,0.002663337385877472,0.004114308311807972,0.004800322875737677
0.3474999999999999,1.9407668595608727,-0.47552959589190535,0.0024773712429994616,0.0038050052801019427,0.004619008538489321
0.35250000000000004,1.9527935613285687,-0.467001381483715,0.0022938144957460656,0.0034950245300939607,0.004430068084270036
0.35749999999999993,1.9655488491513202,-0.4579813321482016,0.002112728990467217,0.003185160664229786,0.0042340494099669945
0.36250000000000004,1.97900191273251,-0.448496037385825,0.0019341706006743564,0.00287618699686144,0.0040315369768026636
0.36749999999999994,1.9931196804538984,-0.43857353210943734,0.0017581905380351078,0.002568846832512538,0.003823142611891969
0.37250000000000005,2.0078677243394245,-0.4282425946817475,0.0015848363769171076,0.0022638467612956675,0.0036094971259411127
0.37749999999999995,2.023211030610439,-0.4175321553907085,0.0014141528156184453,0.001961851839836259,0.003391242867167574
0.38250000000000006,2.039114631966719,-0.4064708169468172,0.0012461822113025121,0.0016634824523132279,0.0031690272510890446
0.38749999999999996,2.055544106436617,-0.3950864818256391,0.0010809649314437852,0.0013693126072970361,0.0029434972455196443
0.39250000000000007,2.072465953474272,-0.3834060768511927,0.0009185395645190123,0.0010798694148010876,0.0027152947489030364
0.39749999999999996,2.089847861355156,-0.3714553629624776,0.0007589430288580656,0.0007956334966655334,0.00248505277531722
0.4025000000000001,2.1076588813524997,-0.35925881718995795,0.0006022106127509622,0.0005170401049724642,0.0022533923476971605
0.4075,2.1258695241906573,-0.34683957405812904,0.0004483759723944305,0.00024448075177939475,0.0020209199985819363
0.4125000000000001,2.1444517933354974,-0.334219414542823,0.0002974711079239088,-2.1694815387599856e-05,0.001788225781905871
0.4175,2.163379168180067,-0.32141879203923884,0.00014952633212494954,-0.00028117642719658605,0.0015558817074765904
0.4225000000000001,2.182626548407749,-0.3084568863073399,4.57024169025509e-06,-0.0005336912020329333,0.0013244405198778917
0.4275,2.2021701689722244,-0.2953516778936948,-0.00013737030286196963,-0.0007790012333325466,0.0010944347542205214
0.4325000000000001,2.2219874933597,-0.2821200369793789,-0.0002762701853268059,-0.0010169013157556148,0.0008663760115268858
0.4375,2.2420570911745887,-0.26877782191311533,-0.00041210602876529074,-0.0012472167541026432,0.0006407544060302803
0.4424999999999999,2.262358504655044,-0.2553399838304691,-0.0005448561774132833,-0.0014698012852370158,0.00041803814501740534
0.4475,2.282872107491337,-0.24182067472834246,-0.000674500666564039,-0.0016845351327035856,0.00019867320895198848
0.4524999999999999,2.3035789582823036,-0.22823335716752619,-0.0008010211819354174,-0.0018913232057484327,-1.691689448657782e-05
0.4575,2.3244606501069214,-0.2145909144302755,-0.0009244010102533888,-0.0020900934485877875,-0.000228331324036313
0.4624999999999999,2.3454991569890105,-0.2009057604836666,-0.0010446249828198896,-0.0022807953416200833,-0.0004351920639497562
0.4675,2.3666766774713492,-0.1871899495120271,-0.001161679413754413,-0.002463398553453649,-0.0006371440633932771
0.4724999999999999,2.387975475071283,-0.17345528510070737,-0.001275552034457627,-0.002637891740819054,-0.000833855368729285
0.47750000000000004,2.40937771504619,-0.15971342939402594,-0.0013862319256816938,-0.00280428149238901,-0.001025017259566052
0.48249999999999993,2.4308652966413327,-0.14597601272430638,-0.0014937094484356122,-0.0029625914120263316,-0.0012103443982016781
0.48750000000000004,2.452419679816903,-0.13225474432490003,-0.0015979761748282928,-0.0031128613368468483,-0.0013895750011560632
0.49249999999999994,2.4740217053533238,-0.11856152480248729,-0.0016990248198765223,-0.003255146685575006,-0.001562471040774676
0.49750000000000005,2.4956514072182148,-0.10490856105321947,-0.0017968491752975598,-0.0033895179328625553,-0.0017288184843036528
0.5025,2.517287816156013,-0.09130848425944804,-0.0018914440463855499,-0.0035160602054261077,-0.0018884275772824079
0.5075000000000001,2.538908753651251,-0.07777447149013826,-0.0019828051932584056,-0.003634872995934539,-0.002041133177479773
0.5125,2.5604906157472573,-0.06432037123451573,-0.00207092927808306,-0.003746069990438526,-0.0021867951448072322
0.5175000000000001,2.582008146712286,-0.05096083290512621,-0.0021558138203728776,-0.003849779004670198,-0.002325298791559388
0.5225,2.603434203285132,-0.03771143992694887,-0.002237457163139061,-0.003946142023626574,-0.002456555395820513
0.5275000000000001,2.624739511264829,-0.024588845450403466,-0.002315858453612256,-0.004035315337343714,-0.0025805027787774095
0.5325,2.645892417609158,-0.011610908948296689,-0.0023910176434803437,-0.004117469763505621,-0.002697105943806954
0.5375000000000001,2.666858643060023,0.001203169065369744,-0.002462935515165374,-0.0041927909443294385,-0.002806357771349572
0.5425,2.68760104271192,0.013832718271614995,-0.002531613742634125,-0.004261479700826204,-0.002908279758501643
0.5475000000000001,2.7080793849710956,0.02625548146844897,-0.0025970549976351513,-0.0043237524218505095,-0.0030029227857124165
0.5525,2.7282501630867215,0.03844751693791079,-0.0026592631150802702,-0.004379841458139104,-0.0030903678847148484
0.5575000000000001,2.7480664578960923,0.05038313043213665,-0.0027182433344808015,-0.004429995482669945,-0.0031707269716591264
0.5625,2.767477875555607,0.06203484971978662,-0.0027740026377536106,-0.004474479768139164,-0.003244143497258531
0.5674999999999999,2.786430589635796,0.07337345764816074,-0.002826550207029207,-0.004513576320341613,-0.00331079295168724
0.5725,2.80486752264771,0.08436810272203235,-0.0028758980288207565,-0.004547583793248958,-0.003370883146369961
0.5774999999999999,2.822728707165853,0.09498650891192092,-0.0029220616722796682,-0.004576817098550249,-0.003424654178486128
0.5825,2.8399518701886004,0.10519530822395409,-0.002965061268183702,-0.004601606610886337,-0.0034723779683766814
0.5874999999999999,2.856473284789454,0.11496051971054319,-0.0030049227103577576,-0.0046222968622248225,-0.0035143572472256597
0.5925,2.872228928618094,0.12424819607759958,-0.0030416790907258208,-0.004639244617819069,-0.003550923865361529
0.5974999999999999,2.8871559772885127,0.13302525269925988,-0.0030753723613665723,-0.004652816235700196,-0.0035824362940600147
0.6025,2.9011946400490336,0.14126048254415666,-0.0031060551903275917,-0.00466338423575462,-0.0036092762101666708
0.6074999999999999,2.914290313837984,0.14892574340599712,-0.0031337929419805633,-0.004671323046914246,-0.0036318440875218122
0.6125,2.9263959897086917,0.1559972807949164,-0.003158665668522944,-0.004677003964200804,-0.0036505537754193055
0.6174999999999999,2.9374747947655275,0.16245712199891665,-0.003180769950600516,-0.004680789430832046,-0.0036658261231976483
0.6225,2.9475024984510396,0.16829444699819043,-0.003200220378975133,-0.004683026859389823,-0.0036780818086914403
0.6275,2.956469763081162,0.17350681489761016,-0.003217150436058498,-0.004684042309574861,-0.003687733638532891
0.6325000000000001,2.9643838867540055,0.17810110680401928,-0.003231712528582988,-0.004684134431895067,-0.0036951786961866655
0.6375,2.9712697850259224,0.18209404473883134,-0.003244076952959762,-0.004683569146109166,-0.0037007908001672617
0.6425000000000001,2.9771699966135126,0.18551216719455632,-0.0032544296509940452,-0.00468257552940603,-0.0037049137791307224
0.6475,2.982143581906281,0.18839118778249161,-0.0032629687349138826,-0.004681343326670868,-0.0037078560542963754
0.6525000000000001,2.986263905189084,0.19077473098505968,-0.0032698999144904054,-0.004680022360171368,-0.003709886933481856
0.6575,2.989615434633765,0.19271251881904553,-0.0032754311206061692,-0.00467872392145339,-0.003711234869145352
0.6625000000000001,2.992289831710439,0.19425815952748576,-0.0032797667562458714,-0.004677524003801185,-0.0037120877350023617
0.6675,2.9943817042684437,0.1954667477293775,-0.003283102085155194,-0.004676468020304431,-0.0037125949645631542
0.6725000000000001,2.995984441385279,0.1963925111650262,-0.003285618268231538,-0.004675576492491691,-0.003712871208220789
0.6775,2.9971865226922736,0.19708672596299392,-0.003287478474093587,-0.004674851118878974,-0.00371300103664032
0.6825000000000001,2.99806860666109,0.19759607340093138,-0.003288825339673535,-0.0046742806528573795,-0.0037130441669539983
0.6875,2.9987015725727106,0.19796153816833206,-0.0032897798714275612,-0.004673846123564255,-0.003713040716201983
0.6924999999999999,2.999145548971753,0.19821786770693275,-0.0032904416963939276,-0.004673525092132602,-0.003713016077996033
0.6975,2.9994498359790103,0.19839354066064777,-0.003290890428519674,-0.004673294811220105,-0.0037129851469344657
0.7024999999999999,2.999653540345735,0.19851114166038814,-0.0032911878299867582,-0.004673134313110895,-0.003712955751651411
0.7075,2.99978669910503,0.19858801469371823,-0.0032913804241044447,-0.004673025567222155,-0.0037129312772413176
0.7124999999999999,2.9998716671770596,0.198637066678054,-0.003291502246170867,-0.0046729539121880635,-0.003712912546230762
0.7175,2.999924575470577,0.19866761047276107,-0.0032915774836452583,-0.004672907984343996,-0.0037128990795296914
0.7224999999999999,2.999956714816556,0.19868616440025136,-0.0032916228370632582,-0.004672879345225813,-0.003712889878304023
0.7275,2.9999757542646592,0.19869715581111105,-0.0032916495113637563,-0.00467286197052866,-0.0037128838626749217
0.7324999999999999,2.99998675009193,0.19870350367551978,-0.0032916648123059214,-0.0046728517155489625,-0.003712880083205794
0.7375,2.9999929388259736,0.19870707642355245,-0.0032916733691569907,-0.004672845827542031,-0.003712877794903888
0.7424999999999999,2.999996332037874,0.19870903532445744,-0.0032916780325424515,-0.004672842539428298,-0.003712876457254223
0.7475,2.999998143712284,0.1987100812061665,-0.0032916805082101024,-0.004672840753866536,-0.0037128757013559608
0.7525,2.9999990852184872,0.19871062473992013,-0.003291681787855303,-0.004672839811251712,-0.0037128752880849665
0.7575000000000001,2.999999561257321,0.19871089955882038,-0.0032916824315576384,-0.004672839327652589,-0.0037128750693689156
0.7625,2.9999997953176516,0.198711034682938,-0.0032916827465207864,-0.004672839086623853,-0.003712874957290381
0.7675000000000001,2.9999999071729775,0.1987110992576567,-0.0032916828963451415,-0.00467283896996846,-0.0037128749016739487
0.7725,2.9999999590998914,0.19871112923541298,-0.003291682965593446,-0.004672838915166657,-0.0037128748749499173
0.7775000000000001,2.9999999825035903,0.19871114274654797,-0.003291682996673539,-0.0046728388901907635,-0.003712874862517795
0.7825,2.9999999927380863,0.1987111486550103,-0.003291683010210757,-0.0046728388791538854,-0.0037128748569200372
0.7875000000000001,2.999999997077748,0.19871115116033813,-0.003291683015928998,-0.00467283887442767,-0.003712874854481389
0.7925,2.999999998860754,0.19871115218968566,-0.003291683018269861,-0.004672838872467716,-0.0037128748534539487
0.7975000000000001,2.9999999995700675,0.19871115259918018,-0.0032916830191978596,-0.0046728388716811365,-0.003712874853035538
0.8025,2.9999999998430744,0.19871115275679005,-0.0032916830195538443,-0.004672838871375866,-0.003712874852870939
0.8075000000000001,2.999999999944652,0.19871115281543197,-0.0032916830196858733,-0.004672838871261385,-0.0037128748528084308
0.8125,2.999999999981154,0.19871115283650553,-0.003291683019733173,-0.004672838871219939,-0.0037128748527855337
0.8174999999999999,2.9999999999938116,0.1987111528438129,-0.0032916830197495276,-0.004672838871205464,-0.0037128748527774486
0.8225,2.9999999999980425,0.1987111528462555,-0.003291683019754978,-0.004672838871200594,-0.003712874852774698
0.8274999999999999,2.999999999999404,0.1987111528470417,-0.003291683019756728,-0.004672838871199016,-0.0037128748527737987
0.8325,2.9999999999998255,0.19871115284728497,-0.003291683019757269,-0.004672838871198527,-0.003712874852773517
0.8374999999999999,2.9999999999999507,0.19871115284735727,-0.003291683019757427,-0.004672838871198378,-0.003712874852773431
0.8425,2.9999999999999867,0.19871115284737784,-0.003291683019757473,-0.004672838871198333,-0.003712874852773405
0.8474999999999999,2.9999999999999964,0.19871115284738355,-0.0032916830197574857,-0.004672838871198322,-0.0037128748527733976
0.8525,2.999999999999999,0.19871115284738503,-0.0032916830197574896,-0.004672838871198319,-0.003712874852773395
0.8574999999999999,3.0,0.19871115284738547,-0.0032916830197574896,-0.004672838871198318,-0.0037128748527733946
0.8625,3.0,0.19871115284738558,-0.0032916830197574905,-0.004672838871198318,-0.0037128748527733946
0.8674999999999999,3.0,0.19871115284738558,-0.0032916830197574905,-0.004672838871198318,-0.0037128748527733946
0.8725,3.0,0.19871115284738558,-0.0032916830197574905,-0.004672838871198318,-0.0037128748527733946
0.8775,3.0,0.19871115284738558,-0.0032916830197574905,-0.004672838871198318,-0.0037128748527733946
0.8825000000000001,3.0,0.19871115284738558,-0.0032916830197574905,-0.004672838871198318,-0.0037128748527733946
0.8875,3.0,0.19871115284738558,-0.0032916830197574905,-0.004672838871198318,-0.0037128748527733946
0.8925000000000001,3.0,0.19871115284738558,-0.0032916830197574905,-0.004672838871198318,-0.0037128748527733946
0.8975,3.0,0.19871115284738558,-0.0032916830197574905,-0.004672838871198318,-0.0037128748527733946
0.9025000000000001,3.0,0.19871115284738558,-0.0032916830197574905,-0.004672838871198318,-0.0037128748527733946
0.9075,3.0,0.19871115284738558,-0.0032916830197574905,-0.004672838871198318,-0.0037128748527733946
0.9125000000000001,3.0,0.19871115284738558,-0.0032916830197574905,-0.004672838871198318,-0.0037128748527733946
0.9175,3.0,0.19871115284738558,-0.0032916830197574905,-0.004672838871198318,-0.0037128748527733946
0.9225000000000001,3.0,0.19871115284738558,-0.0032916830197574905,-0.004672838871198318,-0.0037128748527733946
0.9275,3.0,0.19871115284738558,-0.0032916830197574905,-0.004672838871198318,-0.0037128748527733946
0.9325000000000001,3.0,0.19871115284738558,-0.0032916830197574905,-0.004672838871198318,-0.0037128748527733946
0.9375,3.0,0.19871115284738558,-0.0032916830197574905,-0.004672838871198318,-0.0037128748527733946
0.9424999999999999,3.0,0.19871115284738558,-0.0032916830197574905,-0.004672838871198318,-0.0037128748527733946
0.9475,3.0,0.19871115284738558,-0.0032916830197574905,-0.004672838871198318,-0.0037128748527733946
0.9524999999999999,3.0,0.19871115284738558,-0.0032916830197574905,-0.004672838871198318,-0.0037128748527733946
0.9575,3.0,0.19871115284738558,-0.0032916830197574905,-0.004672838871198318,-0.0037128748527733946
0.9624999999999999,3.0,0.19871115284738558,-0.0032916830197574905,-0.004672838871198318,-0.0037128748527733946
0.9675,3.0,0.19871115284738558,-0.0032916830197574905,-0.004672838871198318,-0.0037128748527733946
0.9724999999999999,3.0,0.19871115284738558,-0.0032916830197574905,-0.004672838871198318,-0.0037128748527733946
0.9775,3.0,0.19871115284738558,-0.0032916830197574905,-0.004672838871198318,-0.0037128748527733946
0.9824999999999999,3.0,0.19871115284738558,-0.0032916830197574905,-0.004672838871198318,-0.0037128748527733946
0.9875,3.0,0.19871115284738558,-0.0032916830197574905,-0.004672838871198318,-0.0037128748527733946
0.9924999999999999,3.0,0.19871115284738558,-0.0032916830197574905,-0.004672838871198318,-0.0037128748527733946
0.9975,3.0,0.19871115284738558,-0.0032916830197574905,-0.004672838871198318,-0.0037128748527733946
