-0.9975,1.0555723067339038,-0.009169566366035123,0.0009144431650737336,0.00019112981581698813,3.6506153455046676e-6,1.4574438047476682e-7,-2.7802635396877775e-7,-2.59851815937541e-7
-0.9925,1.056266879343816,-0.009837068815123046,0.0009567805775744574,0.00020459440740304592,6.20654058246789e-6,5.823671704551886e-7,-1.871164754553014e-7,-2.0510699765034578e-7
-0.9875,1.0565922731854678,-0.010125360118327334,0.0010043516495584597,0.0002122581808736425,4.719623480918891e-6,-3.6637621740411605e-8,-3.5628185601236045e-7,-2.3685017722931237e-7
-0.9825,1.0570764932594479,-0.0105596047481701,0.0010473465134612312,0.00022040243210433308,4.791104556460117e-6,1.9149783756499414e-7,-2.8279672442059044e-7,-2.43877462041575e-7
-0.9775,1.0575120044810922,-0.010937421644385926,0.0010874754229633747,0.00022826975120357584,4.741588057396263e-6,1.8449349878133328e-7,-3.0272062038034185e-7,-2.607552217323339e-7
-0.9725,1.0579819937184995,-0.011337869131872043,0.0011283212695462415,0.00023661946140329714,4.831111191690819e-6,1.9358600263183912e-7,-3.0889038297462297e-7,-2.6869615106979867e-7
-0.9675,1.0584535931198382,-0.011729368695769007,0.0011693071620443064,0.00024485225761582065,4.826535609368419e-6,1.740451955436665e-7,-3.2166375398221003e-7,-2.7807139905210274e-7
-0.9625,1.0589397275784043,-0.012124299929475908,0.001210506383652622,0.00025311924795871763,4.8321138257130666e-6,1.6597333403816034e-7,-3.305766590999524e-7,-2.867587979287368e-7
-0.9575,1.0594351858789541,-0.012517675024176503,0.0012517112196416657,0.0002613662895605513,4.826096801608312e-6,1.5467126271831498e-7,-3.40710814435239e-7,-2.9583264179761527e-7
-0.9525,1.0599419339364484,-0.0129113870742808,0.0012929392391969282,0.0002696226157703498,4.823455746925161e-6,1.4472802014536617e-7,-3.503814313308919e-7,-3.0477865965617166e-7
-0.9475,1.0604590900544029,-0.013304610947811896,0.0013341725457508692,0.0002778770275640041,4.818643794624565e-6,1.3397225083051055e-7,-3.602724810793155e-7,-3.13770012254942e-7
-0.9425,1.060986893614907,-0.0136975997242981,0.0013754164920381793,0.00028613218910415717,4.813295178992912e-6,1.2327634975266397e-7,-3.700886001787462e-7,-3.227356868947467e-7
-0.9375,1.0615251371206058,-0.014090178795860138,0.0014166642534618834,0.00029438536924730014,4.80652341205142e-6,1.123280709111645e-7,-3.7993542320846055e-7,-3.317039523270272e-7
-0.9325,1.0620737878155802,-0.014482339212061488,0.0014579109997108182,0.000302636194115027,4.798705360710057e-6,1.0125474213407571e-7,-3.8977040943318766e-7,-3.406622844003018e-7
-0.9275,1.0626327405217346,-0.014874002398742543,0.0014991498349726988,0.0003108834020322228,4.789810698840617e-6,8.999251572103684e-8,-3.9961479532967025e-7,-3.49613686178568e-7
-0.9225,1.0632019140535744,-0.015265114038664653,0.0015403739684563549,0.00031912606489170603,4.780010169275935e-6,7.854628694446773e-8,-4.094672045506977e-7,-3.58554886841071e-7
-0.9175,1.063781212455365,-0.015655608403671625,0.0015815757851480037,0.0003273631202237839,4.76945651910825e-6,6.689374044629732e-8,-4.1933715750002256e-7,-3.674853082788864e-7
-0.9125,1.0643705410282613,-0.01604542365515635,0.0016227469471846463,0.0003355935787299174,4.7584085270902464e-6,5.5029752259980495e-8,-4.2923062416128034e-7,-3.764034797858144e-7
-0.9075,1.0649698029848422,-0.016434494709408668,0.0016638780461281151,0.00034381643930426223,4.747199732853561e-6,4.294685115344241e-8,-4.3915498645918667e-7,-3.8530761498020455e-7
-0.9025,1.0655789047975641,-0.016822753035644136,0.0017049584535518145,0.0003520307357333356,4.736256307299525e-6,3.0625772377300734e-8,-4.4912135868099357e-7,-3.941947757235141e-7
-0.8975,1.0661977531392253,-0.017210127247945056,0.0017459761123136753,0.00036023562566661637,4.7261435088444785e-6,1.8025090143720143e-8,-4.5915338826412995e-7,-4.0306310746989545e-7
-0.8925,1.0668262470274943,-0.017596550401747145,0.001786917155854083,0.00036843050120750887,4.7176822931101285e-6,5.109833006402458e-9,-4.692866608741001e-7,-4.119145541217579e-7
-0.8875,1.0674642756009989,-0.017981961031904695,0.0018277650846017363,0.000376614873671656,4.712009200903824e-6,-8.106906777122485e-9,-4.795521300875199e-7,-4.207527439128284e-7
-0.8825,1.068111736717361,-0.018366284933133206,0.0018684997368675958,0.0003847880257985183,4.710453576885334e-6,-2.159201540363775e-8,-4.899620859397796e-7,-4.2957378708108644e-7
-0.8775,1.0687685629159898,-0.01874940986246555,0.0019090967745764257,0.00039294894972819394,4.714372627523939e-6,-3.542913983953125e-8,-5.0053733567743e-7,-4.383606742821189e-7
-0.8725,1.0694347092385008,-0.01913119710962024,0.0019495278860003848,0.0004010971792945536,4.725401999556669e-6,-4.991754546254071e-8,-5.11376008896432e-7,-4.4709750267168523e-7
-0.8674999999999999,1.0701100813956854,-0.019511551204141688,0.001989760220719906,0.00040923403954260565,4.746336466905253e-6,-6.538176547285198e-8,-5.226835813372933e-7,-4.558001103812509e-7
-0.8625,1.070794476367291,-0.01989047923827892,0.0020297527895778364,0.0004173624133708101,4.781924281127282e-6,-8.169659747111362e-8,-5.346666412802965e-7,-4.645260019606846e-7
-0.8574999999999999,1.071487667743607,-0.020268011802000368,0.0020694501300542543,0.00042548364778916535,4.838230588849972e-6,-9.80478393157588e-8,-5.473286413553607e-7,-4.733235705656663e-7
-0.8525,1.072189659555019,-0.020643959765792273,0.0021087782843754272,0.000433593726383224,4.920260138229643e-6,-1.1360651096204918e-7,-5.604049500929976e-7,-4.82138562594246e-7
-0.8475,1.0729008827343898,-0.021017721295621305,0.002147649184909391,0.00044168440008901614,5.030055131068192e-6,-1.2905139132909742e-7,-5.736855497537341e-7,-4.907744317744496e-7
-0.8425,1.0736219807806546,-0.021388480553305545,0.0021859718903794838,0.00044975325627380594,5.168988342685012e-6,-1.4760767089467956e-7,-5.876476283644288e-7,-4.99008673730689e-7
-0.8375,1.0743530953996618,-0.021755891514788416,0.0022236565937609814,0.00045781792816508555,5.345654139466902e-6,-1.7378771631035186e-7,-6.038684353795243e-7,-5.068494496331902e-7
-0.8325,1.0750931368935888,-0.02212078952052456,0.0022605929668390178,0.0004659200056940726,5.585025231161949e-6,-2.0936230538549233e-7,-6.245850082211592e-7,-5.147522032125071e-7
-0.8275,1.0758399025277496,-0.022485100832848024,0.002296599127159092,0.00047410435738876825,5.9300359871192285e-6,-2.4866617265051913e-7,-6.51289209163458e-7,-5.23565007860927e-7
-0.8225,1.0765915727579412,-0.022850426576126785,0.0023313662536589433,0.00048237436679118265,6.428798677029758e-6,-2.7699967880537497e-7,-6.830964895361352e-7,-5.341265981933732e-7
-0.8175,1.0773491070710026,-0.023215737708592997,0.002364444608900575,0.00049064479247208,7.1098184207750415e-6,-2.747247287528988e-7,-7.160864635799189e-7,-5.467120322822202e-7
-0.8125,1.0781180954853653,-0.023575553180851194,0.002395307161846422,0.0004987246458042877,7.957783455955823e-6,-2.2597350648735593e-7,-7.443713480090157e-7,-5.606876298680524e-7
-0.8075,1.0789085581479156,-0.02392005742242373,0.002423485780442255,0.0005063509960202562,8.905429136930117e-6,-1.273221580831089e-7,-7.625253646968862e-7,-5.746408988633158e-7
-0.8025,1.0797322570271595,-0.02423760786802288,0.002448727089835817,0.0005132658921785807,9.849143816228952e-6,8.809259965589233e-9,-7.680382993237853e-7,-5.869475040175579e-7
-0.7975,1.0805986148320037,-0.02451861967771362,0.0024710944390975574,0.0005193017787941908,0.000010682236441359144,1.5825420937595563e-7,-7.623893461972272e-7,-5.964541787945818e-7
-0.7925,1.0815112482241116,-0.02475892235974475,0.0024909652185683175,0.0005244344883754417,0.0000113295938911144,2.944523194806927e-7,-7.502081061122221e-7,-6.028996143256794e-7
-0.7875,1.0824667903985488,-0.024960971753395553,0.002508924934325511,0.0005287808917656274,0.000011767456663943081,3.980136477237171e-7,-7.371309999062927e-7,-6.06884235108813e-7
-0.7825,1.0834563848661232,-0.025132518039948388,0.0025256079686402236,0.0005325476632866044,0.000012021327790357465,4.6194566178558083e-7,-7.275918051789538e-7,-6.094765492012171e-7
-0.7775,1.0844688727133063,-0.025283629922809536,0.0025415524001517796,0.0005359596738270711,0.0000121467535293102,4.909761068402842e-7,-7.235941487678096e-7,-6.11718749320855e-7
-0.7725,1.0854940710568168,-0.025423587656200314,0.002557117940663451,0.0005392001302607474,0.000012204716032874927,4.966342150725524e-7,-7.247831202609285e-7,-6.142836407559474e-7
-0.7675,1.0865248524080922,-0.02555887987131605,0.002572478720177974,0.0005423817183875905,0.000012242852234737705,4.913393909877046e-7,-7.294135568066513e-7,-6.17390769394515e-7
-0.7625,1.087557595209978,-0.025692731591210983,0.0025876696805434037,0.0005455494849551407,0.000012287878835204818,4.842496559246269e-7,-7.355051549333175e-7,-6.209305877665313e-7
-0.7575000000000001,1.0885913916976613,-0.025825815257814744,0.002602651550800401,0.0005487029586257008,0.000012348020640435702,4.799186847118065e-7,-7.416252894310309e-7,-6.246643858324411e-7
-0.7525,1.0896267744891257,-0.025957432619464142,0.002617365260432568,0.0005518218745182788,0.000012420474974744045,4.791820141199828e-7,-7.471187373087203e-7,-6.283826319727047e-7
-0.7475,1.0906646222562837,-0.026086542280299288,0.00263176259420252,0.0005548847918072081,0.000012498867747854232,4.809505995393738e-7,-7.519284602315558e-7,-6.319723664353232e-7
-0.7424999999999999,1.0917055517954108,-0.026212336806708487,0.0026458147673627183,0.0005578774582427836,0.000012577887670888913,4.837707165352583e-7,-7.562740988433447e-7,-6.354084557496205e-7
-0.7375,1.0927497673250892,-0.02633439090952323,0.0026595081317223514,0.0005607933463197633,0.000012654790987870652,4.86642975333683e-7,-7.603951079127361e-7,-6.38711768368355e-7
-0.7324999999999999,1.0937971688909207,-0.026452563839646583,0.0026728363152581044,0.0005636306636572657,0.000012728928433782319,4.891666612547041e-7,-7.644341166708013e-7,-6.419110274072907e-7
-0.7275,1.0948475219723655,-0.026566841164713927,0.0026857942575960444,0.000566389206181926,0.000012800657586650889,4.913347118453229e-7,-7.684330910842391e-7,-6.450238456161197e-7
-0.7224999999999999,1.0959005769609542,-0.02667722089202981,0.0026983755404164575,0.0005690685193987384,0.00001287048990603599,4.932778750844436e-7,-7.723781287763767e-7,-6.480546252325849e-7
-0.7175,1.0969561156253913,-0.026783666863676885,0.0027105720830999046,0.000571667360151189,0.000012938710718358613,4.951064313078464e-7,-7.762423121097971e-7,-6.509999939703089e-7
-0.7124999999999999,1.098013950429742,-0.026886108707402365,0.0027223747932197035,0.000574183871755973,0.000013005353511502313,4.968663351882969e-7,-7.800059198239328e-7,-6.538540901998184e-7
-0.7075,1.099073911560189,-0.026984461588798792,0.0027337743020704685,0.0005766159699438908,0.000013070336483921491,4.985673682561986e-7,-7.836559800441785e-7,-6.566108796202873e-7
-0.7025,1.1001358432130508,-0.02707864956815354,0.002744761592171093,0.0005789617306808197,0.000013133633999450593,5.002345238188613e-7,-7.871774164771033e-7,-6.592647709513202e-7
-0.6975,1.1011996099053918,-0.027168623132441935,0.002755328595480311,0.0005812197194516037,0.000013195403591384106,5.019389434884447e-7,-7.90550627018967e-7,-6.618124321988532e-7
-0.6925,1.1022650931879436,-0.027254356728707612,0.0027654685555767687,0.0005833890815877149,0.000013255958082211678,5.037623016182914e-7,-7.937680957015075e-7,-6.642573826661028e-7
-0.6875,1.1033321480181502,-0.027335804683057498,0.002775175336477602,0.0005854689667680671,0.00001331542690748887,5.056593705352053e-7,-7.968715382496475e-7,-6.666147124043207e-7
-0.6825,1.1044005025490402,-0.027412805232568952,0.002784440586116098,0.000587456874513517,0.000013373050841876725,5.072504497290035e-7,-7.999861800512262e-7,-6.689079177511271e-7
-0.6775,1.1054696413082026,-0.027484972202521968,0.0027932486755956657,0.000589346241765597,0.000013426438423819984,5.07713638030167e-7,-8.032973749417681e-7,-6.711481308448647e-7
-0.6725,1.106538801436703,-0.027551695510725022,0.0028015722418920815,0.0005911251694659457,0.000013471707751063492,5.060873377378972e-7,-8.069051245958032e-7,-6.73294386223757e-7
-0.6675,1.1076072777141581,-0.0276124308842302,0.0028093751363385336,0.000592779866371779,0.000013505810123514496,5.02268790995527e-7,-8.105441493069538e-7,-6.752148536465414e-7
-0.6625,1.1086751676050424,-0.027667395643350703,0.0028166314707979727,0.0005943063450813554,0.000013531733708843874,4.986065325504022e-7,-8.132948750449076e-7,-6.766964971749217e-7
-0.6575,1.1097443939170044,-0.027718511073393792,0.0028233646906240437,0.0005957299041380541,0.000013565070993224859,5.01186020334174e-7,-8.135890010924811e-7,-6.775589902857751e-7
-0.6525,1.1108193015001873,-0.027769929470619355,0.002829695533342612,0.000597122811836289,0.000013636651123049388,5.189005649643141e-7,-8.099520585750687e-7,-6.779045471140305e-7
-0.6475,1.1119055982211679,-0.027827006083608625,0.0028358549774571504,0.0005985979589742125,0.000013783284162149689,5.584654693246006e-7,-8.026336456199931e-7,-6.784246207509643e-7
-0.6425000000000001,1.1130063260084757,-0.027892509301774955,0.0028420548655099945,0.0006002466212547514,0.00001402264754516916,6.159383584999044e-7,-7.955536655170742e-7,-6.80671197980049e-7
-0.6375,1.1141143579208093,-0.027959701720901273,0.0028482870206070774,0.0006019913451804621,0.000014296781927805314,6.689277245878534e-7,-7.958073065492967e-7,-6.872488603998865e-7
-0.6325000000000001,1.1152056715765206,-0.028006113422004847,0.002855478066712585,0.0006037266515000261,0.000014327870847792275,5.785754180938091e-7,-8.384094681175287e-7,-6.953151121270445e-7
-0.6275,1.1162476727120305,-0.02800349960301783,0.0028592477386860634,0.000604296099143236,0.000014128512364579228,4.772401500696189e-7,-8.646259102407347e-7,-6.981051196279671e-7
-0.6225,1.1172240060492244,-0.02791264030849451,0.002859565300731319,0.0006034161466291561,0.000013423999937265595,1.982026225847539e-7,-9.467885498650678e-7,-7.153051805067429e-7
-0.6174999999999999,1.1179714162750134,-0.02764742119048357,0.0028555168296094894,0.0005996232407126621,0.000011379942951600104,-4.974010933811294e-7,-1.111836869741728e-6,-7.321475603990185e-7
-0.6125,1.118503868096009,-0.027161026612906543,0.002839636508397833,0.0005907778760413465,7.950535425260935e-6,-1.3658728944658267e-6,-1.2236555071745128e-6,-7.105599848109884e-7
-0.6074999999999999,1.1188436827112176,-0.026501551061152727,0.0028107548444005434,0.0005773865466972817,3.7606200389253726e-6,-2.1754983262492825e-6,-1.2604828693787572e-6,-6.694076380294681e-7
-0.6025,1.1190472194737668,-0.02572026393547409,0.0027687768542945792,0.0005603243186097457,-6.030754741279316e-7,-2.7733543759723555e-6,-1.2167792468393201e-6,-6.181683315377684e-7
-0.5974999999999999,1.1191705259263283,-0.024871749592790118,0.0027148857237199253,0.0005409341602888545,-4.596606816939736e-6,-3.1082801881393573e-6,-1.1150744166059802e-6,-5.673955812738024e-7
-0.5925,1.119256257223641,-0.023996559195478037,0.002651109319276748,0.0005204357539231783,-7.908934433515746e-6,-3.209099105624453e-6,-9.859897720302638e-7,-5.240743400884576e-7
-0.5874999999999999,1.1193267026602027,-0.02311533174096082,0.0025795495265195597,0.0004996627603479622,-0.000010469194217005011,-3.154780644327586e-6,-8.579825464401735e-7,-4.905269489671716e-7
-0.5825,1.1193888985297304,-0.02223458027279892,0.0025019351159312484,0.00047903820942542887,-0.000012357013553281981,-3.025017324038206e-6,-7.463057885268877e-7,-4.6464810645941075e-7
-0.5775,1.1194449172119314,-0.021356357924575204,0.0024196352710478273,0.00045872474887670705,-0.000013693081747926956,-2.867807812315993e-6,-6.526648288451809e-7,-4.429053509091439e-7
-0.5725,1.1194968867173114,-0.020482766334747996,0.002333772564876124,0.00043878084794690664,-0.000014579889361370028,-2.702813011643782e-6,-5.738882041250455e-7,-4.232175231701365e-7
-0.5675,1.1195452599912992,-0.019614068269022893,0.002245241041149278,0.0004192051486573422,-0.000015110311227405944,-2.5428635698229816e-6,-5.088762256012748e-7,-4.0511404199375107e-7
-0.5625,1.119586860092737,-0.01874708671929301,0.002154669907928889,0.0003999209604863047,-0.000015385630870949017,-2.4021315958109305e-6,-4.574665515441964e-7,-3.880188034268301e-7
-0.5575,1.11961807220193,-0.017877968239188784,0.0020624526295508596,0.0003808077754674199,-0.000015496046716319143,-2.2865106190483712e-6,-4.167185135490369e-7,-3.707786931028353e-7
-0.5525,1.119637757918155,-0.017007465931142694,0.001968897723299011,0.0003617972650140096,-0.000015480001099697354,-2.18279060978951e-6,-3.796325838231778e-7,-3.522311525104891e-7
-0.5475,1.1196509055416763,-0.016136854087519654,0.0018743086844491804,0.0003428695694350006,-0.000015358287543202516,-2.082800880997857e-6,-3.438853421747147e-7,-3.326584122366607e-7
-0.5425,1.119656534024094,-0.015269623257767645,0.0017790778521647435,0.000324096842571704,-0.000015124406985068638,-1.983934378588592e-6,-3.127823880989079e-7,-3.143920207811026e-7
-0.5375,1.1196557957253208,-0.014406349402353115,0.0016833000393243337,0.0003054419053356291,-0.00001479343972174295,-1.8780740434916186e-6,-2.8086983726640106e-7,-2.9521781993982254e-7
-0.5325,1.1196499532617055,-0.013544144602252417,0.0015871756915114266,0.00028688621847377095,-0.000014404287783484712,-1.7804805681245875e-6,-2.5433008910639965e-7,-2.772113993836797e-7
-0.5275,1.1196363375110239,-0.01268396333204619,0.0014908678549243417,0.00026842470770394137,-0.000013970408138924814,-1.6880733002283424e-6,-2.2998837907515872e-7,-2.589128145843666e-7
-0.5225,1.1196156937827664,-0.011826286655493354,0.0013944826733462883,0.00025004974144323636,-0.000013499448118563362,-1.597671034133443e-6,-2.0679689965240442e-7,-2.405567216516867e-7
-0.5175000000000001,1.1195882719143606,-0.010971121261360642,0.0012981019965867028,0.00023175282659108123,-0.000013000281919004598,-1.5085824527404302e-6,-1.844005269118588e-7,-2.2217625457350294e-7
-0.5125,1.1195543143329196,-0.010118413567142652,0.001201799088443048,0.00021353026111548543,-0.000012480636977871073,-1.4214005525188728e-6,-1.6290444909149745e-7,-2.037960009639459e-7
-0.5075000000000001,1.1195136768841785,-0.009268310548641412,0.0011056405561905313,0.00019538320647090166,-0.000011945272004723333,-1.3363527481931114e-6,-1.424544740988637e-7,-1.8551170513473898e-7
-0.5025,1.1194660192307044,-0.008420979720272908,0.0010096755330096757,0.00017731067499133048,-0.000011397783281484534,-1.2529108993865597e-6,-1.2281741628139407e-7,-1.673274592211432e-7
-0.49749999999999994,1.1194112524816955,-0.007576516388842122,0.0009139400546336221,0.000159309790123231,-0.000010841497207556235,-1.1704378360934416e-6,-1.0363486037992645e-7,-1.4919143045917638e-7
-0.49249999999999994,1.1193494268175366,-0.0067348869957263744,0.0008184628457954568,0.00014137724222832804,-0.000010279944602624684,-1.0888542192818035e-6,-8.476118640077029e-8,-1.310820982708722e-7
-0.48750000000000004,1.119280557741184,-0.0058960521166821255,0.0007232694933276941,0.00012351111733299155,-9.716084114676243e-6,-1.0083336151392723e-6,-6.619545617173755e-8,-1.130093846852223e-7
-0.48250000000000004,1.1192045580540104,-0.005060012282732667,0.0006283822731784068,0.00010571058753465368,-9.152093265650462e-6,-9.289804090093973e-7,-4.793938489636217e-8,-9.498647494809054e-8
-0.47750000000000004,1.1191213002180964,-0.004226800171317316,0.0005338195654253331,0.00008797522637330024,-8.589516418130581e-6,-8.507367650530366e-7,-2.994013900114301e-8,-7.701414641058115e-8
-0.47250000000000003,1.1190306757254038,-0.0033964580166584006,0.0004395964027070893,0.00007030478515814776,-8.029489524341927e-6,-7.734747310063547e-7,-1.2125484415717808e-8,-5.908791006026425e-8
-0.4675,1.1189326039156091,-0.002569028429015623,0.00034572564825026576,0.00005269932654172059,-7.472871463892091e-6,-6.970907892418576e-7,5.554824470384523e-9,-4.1207232160541226e-8
-0.4625,1.1188270100278443,-0.001744554252041897,0.00025221882695795894,0.00003515928325666269,-6.920314440552441e-6,-6.215312700440517e-7,2.312069226208039e-8,-2.3377382427685538e-8
-0.4575,1.118713807058603,-0.0009230766049445491,0.0001590862949147972,0.000017685267096301237,-6.3723431471894185e-6,-5.467718712864383e-7,4.05791569782632e-8,-5.604804139325121e-9
-0.4525,1.1185928970014554,-0.00010462783298136828,0.0000663371001873989,2.777757962291491e-7,-5.829458709103548e-6,-4.728029531055771e-7,5.7942201487554274e-8,1.2108651056835061e-8
-0.4475,1.11846418378197,0.0007107713447199775,-0.00002602090063258664,-0.000017062889881482643,-5.2921855436080296e-6,-3.996322372971649e-7,7.522848534511894e-8,2.9766856412303622e-8
-0.4425,1.1183275805892863,0.0015231014535425711,-0.0001179804915436806,-0.00003433637071620244,-4.7609886890352575e-6,-3.272778299745421e-7,9.245309521447315e-8,4.7374121363366335e-8
-0.4375,1.1181830045842975,0.0023323278926613484,-0.00020953450455528703,-0.00005154191345237865,-4.2361361943585e-6,-2.5574070345569176e-7,1.0962116645991824e-7,6.4929606985788e-8
-0.4325,1.1180303682355568,0.0031383962726533486,-0.000300675666172232,-0.00006867833197725205,-3.717673140522972e-6,-1.8498629921749634e-7,1.2673254085503728e-7,8.242708274605734e-8
-0.4275,1.117869579067459,0.003941245445265396,-0.0003913968788665721,-0.00008574431469947553,-3.205557821486404e-6,-1.1496153274744513e-7,1.4379018689672835e-7,9.986024976556002e-8
-0.4225,1.1177005476532815,0.004740824528645509,-0.0004816914827424178,-0.00010273875257027807,-2.6998310578856783e-6,-4.563193151620976e-8,1.6080244316076927e-7,1.1722738578017668e-7
-0.4175,1.1175231939277959,0.005537097060474435,-0.0005715531400624591,-0.00011966077595104485,-2.2006634029245195e-6,2.299891522180745e-8,1.7777787783261763e-7,1.345308464926543e-7
-0.4125,1.1173374450397073,0.006330030595419735,-0.0006609754451797198,-0.0001365095218914546,-1.7082657794191685e-6,9.09026974154004e-8,1.947195024660619e-7,1.5177301732308105e-7
-0.4075,1.1171432279298186,0.007119583831577223,-0.0007499516271770659,-0.00015328389472609152,-1.2227743315710676e-6,1.5805413201234325e-7,2.1162415403156126e-7,1.6895333331477227e-7
-0.40249999999999997,1.1169404645223269,0.00790570210297552,-0.0008384745566156369,-0.00016998251392111806,-7.442081287069551e-7,2.2444777640786797e-7,2.284865040044865e-7,1.860686011951468e-7
-0.39749999999999996,1.1167290731582598,0.008688321764809133,-0.0009265369579583398,-0.00018660382476762348,-2.725050046812748e-7,2.900953959959654e-7,2.45302886945839e-7,2.0311510185365108e-7
-0.39249999999999996,1.1165089732379112,0.009467377108457364,-0.0010141316045163174,-0.00020314623251216113,1.9242002591513202e-7,3.550129004383732e-7,2.620717553397599e-7,2.200900446530638e-7
-0.38749999999999996,1.1162800885853539,0.010242803989201956,-0.001101251372987225,-0.00021960816356596436,6.50642855070299e-7,4.1921143563424326e-7,2.7879229482942057e-7,2.369916624681611e-7
-0.38249999999999995,1.1160423486710322,0.011014538804482854,-0.0011878891736956108,-0.00023598804887837497,1.10223490691711e-6,4.826995502827183e-7,2.954641991314953e-7,2.5381866137270704e-7
-0.37749999999999995,1.1157956889384586,0.011782516117398384,-0.0012740378321711224,-0.00025228428051163017,1.547276941996927e-6,5.454872961327417e-7,3.1208776732759183e-7,2.7056964447778333e-7
-0.37249999999999994,1.115540049152337,0.012546669925251826,-0.001359690011876931,-0.00026849520478244545,1.985843239999638e-6,6.075758582810796e-7,3.2866088355559136e-7,2.8724281678876965e-7
-0.36749999999999994,1.1152753677643925,0.01330693900355332,-0.0014448382567673582,-0.0002846191733821297,2.4179568062680052e-6,6.689355468153383e-7,3.45174275818668e-7,3.038364575119382e-7
-0.36249999999999993,1.115001575806125,0.014063268518673441,-0.0015294751352902297,-0.0003006545765601717,2.843584404647965e-6,7.295043199023532e-7,3.616125506966406e-7,3.2035002815843913e-7
-0.35750000000000004,1.1147185987569994,0.014815599599496543,-0.0016135933261321117,-0.0003165997349563404,3.2627411801795786e-6,7.892310423255526e-7,3.779637186925082e-7,3.367841739099954e-7
-0.35250000000000004,1.114426368190239,0.015563852398983422,-0.0016971855172445423,-0.0003324526645426995,3.6756519583373815e-6,8.481313244017546e-7,3.9422690975262145e-7,3.5313812983860305e-7
-0.34750000000000003,1.1141248314389145,0.016307922471097,-0.0017802442701589276,-0.00034821096116375845,4.082790865467278e-6,9.062857299334959e-7,4.104059471741415e-7,3.694066714057478e-7
-0.3425,1.113813946341803,0.01704770226457289,-0.0018627621979609588,-0.0003638720453633318,4.484694058623894e-6,9.63759666085419e-7,4.2649341373315593e-7,3.855813346813656e-7
-0.3375,1.1134936656292949,0.017783110840189822,-0.0019447325379873025,-0.000379433628748032,4.881699602351348e-6,1.0205209910459323e-6,4.4246491338782387e-7,4.016567727888759e-7
-0.3325,1.1131639305383283,0.01851409917432954,-0.002026149681328347,-0.0003948939037233169,5.273913221265456e-6,1.0764509003446509e-6,4.5829256284149445e-7,4.1763591453697704e-7
-0.3275,1.11282468349671,0.019240620825947883,-0.002107009144734631,-0.0004102511387648885,5.6614977643431295e-6,1.1314422512866715e-6,4.739606189536796e-7,4.335268832588113e-7
-0.3225,1.1124758848555154,0.01996259629579279,-0.002187307087700958,-0.0004255029859553861,6.045032536089153e-6,1.1854750442074583e-6,4.894598427490312e-7,4.4933320621530016e-7
-0.3175,1.1121175105090333,0.020679907677286086,-0.0022670401342448224,-0.00044064617032320427,6.425608600101339e-6,1.2385877183646206e-6,5.047629998392207e-7,4.6504684362750444e-7
-0.3125,1.111749528391965,0.021392428186308352,-0.0023462061689498766,-0.0004556768961162751,6.804613702719514e-6,1.2907906544262716e-6,5.198110708699031e-7,4.806514011024195e-7
-0.3075,1.1113718792214518,0.02210005867778098,-0.002424805989737052,-0.00047059165309490554,7.18345613191562e-6,1.3420263259984711e-6,5.345318742441157e-7,4.961337608594749e-7
-0.3025,1.1109844890001934,0.022802744071516647,-0.0025028449533235127,-0.00048538776959002397,7.563474716275331e-6,1.392198356548705e-6,5.488737751749447e-7,5.114955608545411e-7
-0.2975,1.1105873107358766,0.023500462128464374,-0.0025803336429003395,-0.0005000631864310809,7.946116004196424e-6,1.44119942487218e-6,5.628102128962982e-7,5.267543168667964e-7
-0.2925,1.1101803554331469,0.024193187112908784,-0.002657287302781284,-0.0005146153597394584,8.33337449021449e-6,1.4889079563695502e-6,5.762949580913606e-7,5.41927806733955e-7
-0.2875,1.1097636707957066,0.02488084099793924,-0.0027337251506602696,-0.00052903993334483,8.728380361811602e-6,1.5352237792266128e-6,5.892116299125729e-7,5.570096988730269e-7
-0.2825,1.1093372834730324,0.025563273415914994,-0.002809671658190821,-0.0005433304987476648,9.13572069732361e-6,1.5801702343857464e-6,6.013922215000733e-7,5.71964282321491e-7
-0.27749999999999997,1.1089011892569554,0.02624032277551557,-0.002885160749354334,-0.0005574802330679416,9.560986548411225e-6,1.6238897176375309e-6,6.127055211247443e-7,5.867635070560921e-7
-0.27249999999999996,1.1084554448033193,0.026911943044924547,-0.002960240541684692,-0.0005714839496618175,0.000010009768324400987,1.6663043105687896e-6,6.230788544267019e-7,6.014389748583383e-7
-0.26749999999999996,1.1080002532239224,0.027578262666036475,-0.0030349745962697625,-0.0005853372939165005,0.000010487520219102086,1.7066026220821998e-6,6.323111784300322e-7,6.160711633595295e-7
-0.26249999999999996,1.1075358364134171,0.028239429289128495,-0.0031094400753327815,-0.0005990320056096935,0.000011001749438467975,1.7432960287799262e-6,6.398006836283996e-7,6.306781433547431e-7
-0.25749999999999995,1.1070621021790221,0.028895304897501316,-0.0031837309707756787,-0.0006125520133421475,0.000011565711945837979,1.7754842513820787e-6,6.446103592770388e-7,6.451009697691309e-7
-0.25249999999999995,1.106578528982687,0.029545373258326808,-0.003257974791563996,-0.000625878028980695,0.000012199753470358842,1.8046156180011547e-6,6.461295373051787e-7,6.590692025380498e-7
-0.24749999999999994,1.1060847539378575,0.030189241951414404,-0.003332357411878021,-0.0006390016168315539,0.000012926431297858475,1.8343770037823962e-6,6.448331607078266e-7,6.725094036097987e-7
-0.24249999999999994,1.1055816587919165,0.03082758382028071,-0.0034071335466697153,-0.0006519356576225854,0.000013761299338817777,1.8667873743598838e-6,6.420200887096111e-7,6.858673491893082e-7
-0.23749999999999993,1.105071792024133,0.03146255502646157,-0.003482602844590951,-0.0006647007069449295,0.000014709594046436998,1.8963251758781778e-6,6.379505244557767e-7,7.000345760374441e-7
-0.23249999999999993,1.1045579551666083,0.032096601015007234,-0.0035590655164213034,-0.0006772811070821984,0.000015780505256954346,1.908107099267371e-6,6.294244865263433e-7,7.15666699249487e-7
-0.22750000000000004,1.1040402269332659,0.03272973397931447,-0.0036368132072590446,-0.0006895773619781334,0.000017018875159979904,1.885815712626026e-6,6.091336845940416e-7,7.321977788938812e-7
-0.22250000000000003,1.1035136964335646,0.03335728492099099,-0.0037162182899429445,-0.0007014079080394716,0.00001853417537888349,1.8282689188126163e-6,5.686024667941707e-7,7.473308339363618e-7
-0.21750000000000003,1.1029699460680416,0.03397110222064091,-0.0037979292373527375,-0.000712602399934716,0.00002049541785789527,1.7642795346104574e-6,5.039294610894522e-7,7.576982338389042e-7
-0.21250000000000002,1.1024033168252296,0.03456540559712644,-0.003883079027979251,-0.0007231682385604127,0.000023076098268266456,1.7529249668391715e-6,4.207899551637005e-7,7.605622971419126e-7
-0.20750000000000002,1.1018193156733642,0.035144898188149656,-0.003973351179872979,-0.0007334451355233348,0.0000263679049099636,1.8646184455783801e-6,3.3504323879756845e-7,7.556395292142965e-7
-0.2025,1.1012402193373407,0.035730210329988576,-0.00407078380641444,-0.0007441432137317835,0.0000303091403180346,2.1510220962555845e-6,2.6767958055275e-7,7.458132677594452e-7
-0.1975,1.1007034641907834,0.03635660753846843,-0.0041773283001212864,-0.0007562147707755244,0.000034670949959422206,2.6196889930229096e-6,2.3639201540852687e-7,7.362481681350637e-7
-0.1925,1.1002519433356577,0.03706512325620299,-0.004294312729159155,-0.0007705938605227056,0.000039118064511271366,3.228355767961752e-6,2.47602915392646e-7,7.31571645014355e-7
-0.1875,1.0999199414048537,0.037891497299484704,-0.004422110511640577,-0.0007879629564661275,0.00004329785196632689,3.899542587131716e-6,2.9714617845303694e-7,7.36785298772639e-7
-0.1825,1.0997363484995717,0.03884799976391523,-0.004559905494512169,-0.0008084975372323198,0.00004699421163471319,4.5742376981189195e-6,3.7792920828917057e-7,7.529061733153354e-7
-0.1775,1.0996756474662066,0.03995750991048193,-0.004706441786737346,-0.0008321997513621447,0.00004996439536878995,5.113450452447373e-6,4.335125035977074e-7,7.684899349302485e-7
-0.1725,1.0997079753733603,0.04114464118541045,-0.004859144536426432,-0.000858102007121175,0.0000525999428058905,5.720568660174362e-6,5.345036434230331e-7,7.864393096243115e-7
-0.16749999999999998,1.0998576634576414,0.0424526470467931,-0.005017202585595931,-0.000886624268779674,0.000054392393157678726,6.189607964014775e-6,6.56778216303602e-7,8.306753343212923e-7
-0.16249999999999998,1.1001002940412852,0.04386117215462233,-0.005178203456057235,-0.0009168421585251592,0.00005545762146527542,6.434378226737351e-6,7.336858289454413e-7,8.717588168666811e-7
-0.15749999999999997,1.1003716027741814,0.045308821590068174,-0.005339702403256881,-0.0009475574696878203,0.00005620636463816357,6.54902618907121e-6,7.768842454600774e-7,9.093937092374675e-7
-0.15249999999999997,1.1006304066067814,0.046756926707519506,-0.0055005059675129146,-0.0009781017695641454,0.000056918590787587565,6.616892375453838e-6,8.005433621823075e-7,9.423844776716836e-7
-0.14749999999999996,1.1008606267285552,0.04819008454859537,-0.005660431563275332,-0.0010082789195338157,0.00005771999454114683,6.689355181233969e-6,8.18295071873705e-7,9.724719451590768e-7
-0.14249999999999996,1.1010618954513953,0.04960752147992919,-0.005819734835134632,-0.001038143762276138,0.00005862992915245689,6.785837317204162e-6,8.378543547148012e-7,1.0013942583413191e-6
-0.13749999999999996,1.1012403987840527,0.05101465489557582,-0.005978751114224633,-0.0010678321607839676,0.000059617315836694236,6.905589865625612e-6,8.61715840312703e-7,1.0302879026151954e-6
-0.13249999999999995,1.1014027344324158,0.05241746577108234,-0.006137723370447017,-0.0010974629822229106,0.000060641641111833765,7.039719615694045e-6,8.892529698108003e-7,1.0596099003147997e-6
-0.12749999999999995,1.1015531981273596,0.05381998137877446,-0.006296765457678415,-0.0011271046452341297,0.0000616731310700998,7.17924283565914e-6,9.188055286177472e-7,1.0893793279156928e-6
-0.12249999999999994,1.1016935693922045,0.055223951278094506,-0.006455895318249626,-0.0011567803077693812,0.00006269716261159017,7.318571649005015e-6,9.489695282176563e-7,1.1194418091933973e-6
-0.11749999999999994,1.1018240293469983,0.056629513213914386,-0.006615083042682808,-0.0011864860513289758,0.00006371079802012646,7.455788836000551e-6,9.790442694835515e-7,1.1496386355040842e-6
-0.11249999999999993,1.1019441721250351,0.058036048554111194,-0.006774285984421268,-0.00121620744782861,0.00006471709665917865,7.591264887459937e-6,1.0088814769400388e-6,1.1798596412155216e-6
-0.10749999999999993,1.1020535774564244,0.05944283327588733,-0.006933465533581403,-0.001245929807588926,0.00006572027038101729,7.726001860047977e-6,1.0385412617276843e-6,1.2100387189493218e-6
-0.10250000000000004,1.1021519547752547,0.06084940275689129,-0.00709259245889483,-0.001275643289853504,0.00006672267407477816,7.860531486018711e-6,1.068056799953857e-6,1.2401477401508237e-6
-0.09750000000000003,1.1022390798567088,0.062255614514506605,-0.007251646592576568,-0.0013053438237945762,0.00006772415757479313,7.994728255494095e-6,1.0974039803299078e-6,1.2701927529575768e-6
-0.09250000000000003,1.1023147557754553,0.06366147529721583,-0.007410614565229914,-0.001335031080822635,0.00006872340040475137,8.128399524674995e-6,1.126661116748588e-6,1.300231254211748e-6
-0.08750000000000002,1.102379028657682,0.06506702002273408,-0.007569486916854096,-0.0013647057354680189,0.00006971913682640615,8.261437432811349e-6,1.1558923773592614e-6,1.3302878915494559e-6
-0.08250000000000002,1.1024318507681956,0.06647178335983103,-0.007728245580021676,-0.0013943612545248797,0.00007071403959712244,8.395141326070763e-6,1.1854917344177344e-6,1.3604220225102003e-6
-0.07750000000000001,1.1024739994408779,0.06787593711473118,-0.007886883898120846,-0.0014239978197175258,0.00007170667808546586,8.528548158818789e-6,1.2149417979657106e-6,1.3904544274807103e-6
-0.07250000000000001,1.102504303427751,0.06927836093231059,-0.008045362989549503,-0.0014535957722483649,0.0000727048959137498,8.664126726579395e-6,1.2447671788561585e-6,1.4204202548548112e-6
-0.0675,1.102524185637888,0.07068116055719778,-0.008203716414777372,-0.0014831874541271907,0.00007369071215675442,8.795997067167626e-6,1.2740249483059012e-6,1.4504958712113422e-6
-0.0625,1.1025316314474556,0.0720820615219063,-0.00836179688329581,-0.0015127198023664656,0.00007467644634344563,8.925654712466818e-6,1.3019790180966739e-6,1.480046882222706e-6
-0.057499999999999996,1.1025283238253127,0.07348003070713705,-0.008519631749426597,-0.0015422089968522876,0.0000756661880184263,9.061851448722658e-6,1.3331279692944042e-6,1.5105810727929951e-6
-0.05249999999999999,1.1025143530912227,0.074878819431722,-0.008677338935894523,-0.0015716866757280435,0.00007664471920671437,9.192046361622809e-6,1.3613106642606089e-6,1.5399868767902486e-6
-0.04749999999999999,1.1024884397856896,0.07627535824036233,-0.008834837459366031,-0.0016011158424383306,0.00007762856571262491,9.324993431447572e-6,1.3908349438781814e-6,1.5698986914555475e-6
-0.04249999999999998,1.102451526270476,0.07767022626096233,-0.008992066724044274,-0.001630498424647995,0.00007860818638780187,9.456961469658473e-6,1.420207516416509e-6,1.5997539103533858e-6
-0.03749999999999998,1.102403397114363,0.07906339170146756,-0.009149013330954124,-0.001659832454500136,0.00007958332506540302,9.587792601754874e-6,1.449264448176728e-6,1.6295113162022768e-6
-0.03249999999999997,1.1023438869971216,0.08045447756295722,-0.009305666103553547,-0.0016891117257093646,0.00008055683059580049,9.718496580589614e-6,1.4782228643104092e-6,1.659170888117234e-6
-0.02749999999999997,1.1022729984803552,0.08184336129080524,-0.009462014203086877,-0.0017183341337753007,0.00008152885682124892,9.84931304186319e-6,1.5072253899584172e-6,1.688772221870448e-6
-0.022499999999999964,1.1021908832587395,0.08323004461830412,-0.009618044853113766,-0.001747498798680064,0.00008249825735830087,9.979919295777218e-6,1.5362609445441914e-6,1.7183458717501309e-6
-0.01749999999999996,1.102097621253602,0.08461446311802569,-0.009773740997290042,-0.0017766028522808444,0.00008346443743196684,0.00001010997504732544,1.5652147982706715e-6,1.7478727520519113e-6
-0.012499999999999956,1.1019931744040066,0.08599643995155601,-0.009929083456125,-0.0018056417831024433,0.00008442774751674727,0.000010239490548957569,1.5940323426807783e-6,1.7773223022360678e-6
-0.007499999999999951,1.101877490754038,0.08737578278189227,-0.010084054530353445,-0.001834611534694424,0.00008538865840479969,0.000010368672383596683,1.6227538091859216e-6,1.806686945035336e-6
-0.0024999999999999467,1.1017505873318831,0.08875236281848653,-0.010238638856651328,-0.0018635093460313138,0.0000863471186637048,0.000010497609913332016,1.6514311824110395e-6,1.835978469103862e-6
0.0024999999999999467,1.1016125285536655,0.09012609536545949,-0.010392821532335113,-0.0018923328574485523,0.00008730273256947235,0.00001062620360453841,1.6800616516773588e-6,1.86520444024049e-6
0.007500000000000062,1.1014633611983606,0.0914968785677924,-0.010546586495087443,-0.0019210790912722513,0.00008825526429575106,0.000010754328153529929,1.708604767975937e-6,1.8943574753673472e-6
0.012499999999999956,1.1013030929621968,0.09286457264436906,-0.010699916861805076,-0.0019497444866159595,0.0000892047963527362,0.000010881970198257256,1.7370356768924575e-6,1.9234246566467357e-6
0.01750000000000007,1.101131723856901,0.09422902921028953,-0.010852796215431764,-0.0019783256053273303,0.0000901514809674331,0.000011009197188894745,1.7653639200281533e-6,1.952400047799301e-6
0.022499999999999964,1.1009492786496988,0.09559012213407235,-0.01100520911632226,-0.002006819512233508,0.00009109528999881676,0.000011136045840769463,1.7936082652468066e-6,1.981285629355854e-6
0.02750000000000008,1.100755804047679,0.09694774528611357,-0.011157140510389223,-0.0020352235064485173,0.00009203604109765684,0.000011262477905651523,1.8217688307019513e-6,2.0100832435630735e-6
0.03249999999999997,1.1005513441935824,0.09830178952848623,-0.011308575019555766,-0.0020635346923730726,0.00009297359011172326,0.000011388432032732269,1.8498278293014756e-6,2.038789020775741e-6
0.03750000000000009,1.1003359277229556,0.09965213032673736,-0.011459496943238487,-0.002091749912611484,0.00009390793052839648,0.00001151388758008267,1.8777699390469353e-6,2.0673956324838787e-6
0.04249999999999998,1.1001095775420056,0.1009986368380763,-0.011609890789240983,-0.002119866023185527,0.00009483911513634413,0.000011638867269349123,1.9055947654737044e-6,2.09589778405497e-6
0.0475000000000001,1.0998723267383799,0.10234118702161069,-0.011759741620779142,-0.002147880122887835,0.00009576713094071722,0.000011763391453981672,1.9333099372704794e-6,2.1242941782598722e-6
0.05249999999999999,1.0996242216937842,0.10367967079557816,-0.011909034885611899,-0.002175789496271248,0.0000966918753750758,0.000011887445415951657,1.9609170580845965e-6,2.152584719738559e-6
0.05750000000000011,1.0993653119169744,0.10501398056673884,-0.012057756034838555,-0.0022035913970358248,0.00009761323700863611,0.000012010992073377674,1.98840725207307e-6,2.1807670575354457e-6
0.0625,1.099095640455762,0.10634400214586702,-0.012205890397677811,-0.0022312829420096164,0.00009853117149539418,0.000012134006782890672,2.0157689651192955e-6,2.208836272334113e-6
0.06750000000000012,1.0988152451065945,0.10766961581600185,-0.012353423406542548,-0.002258861211164471,0.00009944569190881863,0.000012256492771178665,2.042997302623465e-6,2.2367873953267527e-6
0.07250000000000001,1.0985241671771915,0.10899070462007379,-0.012500340874822796,-0.002286323411954385,0.00010035679870263117,0.000012378464348953991,2.070094861175188e-6,2.264617618972652e-6
0.07750000000000012,1.0982224572995773,0.11030715993692583,-0.012646629025839792,-0.0023136669232244264,0.00010126443279976792,0.00001249992057013316,2.0970646338890108e-6,2.292326004229889e-6
0.08250000000000002,1.097910172635296,0.11161887889336068,-0.012792274278207661,-0.00234088918719431,0.00010216849802047125,0.000012620837653756225,2.123903333741176e-6,2.3199113667967297e-6
0.08750000000000013,1.0975873693324556,0.11292575726704529,-0.012937263042515353,-0.0023679875766646685,0.00010306892274533457,0.000012741185359015387,2.150601554032415e-6,2.3473706273800603e-6
0.09250000000000003,1.0972540980613008,0.11422768555833966,-0.0130815817447242,-0.002394959375350302,0.00010396569598587237,0.000012860948721369974,2.1771496199297436e-6,2.3746990592769107e-6
0.09749999999999992,1.0969104063171686,0.11552455207289705,-0.01322521705508705,-0.002421801890748151,0.00010485884381666454,0.000012980134359434604,2.2035431113933074e-6,2.4018919555768552e-6
0.10250000000000004,1.0965563446808142,0.11681624998738523,-0.013368156119468528,-0.0024485126000441592,0.00010574836938531847,0.00001309875789837038,2.229783764643432e-6,2.4289462402742436e-6
0.10749999999999993,1.0961919721755065,0.11810268156027205,-0.01351038660250467,-0.0024750892041313114,0.00010663421287879118,0.000013216827643928032,2.2558767975242857e-6,2.455861023864406e-6
0.11250000000000004,1.0958173593198228,0.11938375409769239,-0.013651896489854268,-0.0025015295238288507,0.0001075162774356838,0.000013334343383961393,2.2818287302988228e-6,2.4826370215716084e-6
0.11749999999999994,1.0954325908394598,0.120659367969296,-0.013792673713043286,-0.0025278312606615916,0.00010839452063881509,0.000013451313456602516,2.3076468294986035e-6,2.5092748684023302e-6
0.12250000000000005,1.0950377657255492,0.12192940613111873,-0.013932705726105025,-0.002553991753810754,0.0001092690363884212,0.000013567763343373673,2.3333338803826304e-6,2.5357717791343773e-6
0.12749999999999995,1.0946329788871694,0.12319374600347154,-0.014071979317354117,-0.0025800080325213744,0.00011013996186212162,0.00001368368205905226,2.3588677299180233e-6,2.5621166359596865e-6
0.13250000000000006,1.0942182596699095,0.12445231816668599,-0.014210481284803775,-0.0026058776172357837,0.00011100702186868404,0.00001379886909888019,2.3841670711557614e-6,2.588287848954182e-6
0.13749999999999996,1.093793470951281,0.12570520548563213,-0.01434820080681556,-0.002631600273527864,0.00011186877874797864,0.000013912767661754949,2.4090841655380205e-6,2.614265500111763e-6
0.14250000000000007,1.0933582728536473,0.12695268102700805,-0.014485133354595635,-0.0026571796200612913,0.00011272241235474583,0.000014024619997695612,2.433517372090084e-6,2.640070626060381e-6
0.14749999999999996,1.0929124022199224,0.12819494755325858,-0.014621282573855815,-0.0026826209911397017,0.00011356588615432184,0.000014134482057956226,2.4577294274329316e-6,2.6658223016716356e-6
0.15250000000000008,1.0924565354898361,0.1294313315277082,-0.014756651316517719,-0.0027079202047698074,0.00011440431006532598,0.000014245274178211137,2.4827624511255045e-6,2.691744450808431e-6
0.15749999999999997,1.091993535228478,0.13065912958731085,-0.014891211694933355,-0.0027330421973389297,0.00011525861885716259,0.000014364454049824106,2.510381854307019e-6,2.717985277252968e-6
0.1625000000000001,1.091528654370157,0.13187345528397224,-0.015024858858906979,-0.0027579053543776346,0.00011616558983287058,0.000014501166331335412,2.541507946661188e-6,2.7441424186381343e-6
0.16749999999999998,1.0910657804509138,0.13307081120460704,-0.015157394749440431,-0.002782415022417909,0.00011714795000264638,0.000014653253956210116,2.5724374286808984e-6,2.7686781656462503e-6
0.1725000000000001,1.090597042255303,0.13425883324944354,-0.015288644565920575,-0.002806603813659286,0.00011813729215879492,0.000014783617124145606,2.5904662625641627e-6,2.7890137942665136e-6
0.1775,1.0900888033494622,0.13546923708879932,-0.015418817945477434,-0.002830879320030454,0.00011887793182003658,0.000014803735931650445,2.575443579764603e-6,2.8036985973732076e-6
0.1825000000000001,1.089479610382389,0.13675925321562052,-0.015549079022468059,-0.0028562021046097848,0.00011893444152362464,0.000014608883459074065,2.5178010873551458e-6,2.81761878751733e-6
0.1875,1.0887211157136265,0.13817277305052622,-0.015681578226655203,-0.0028836671676343417,0.00011801862030032533,0.000014208407402776482,2.452319754307243e-6,2.845965604192217e-6
0.19250000000000012,1.0878843119389805,0.13964089383553815,-0.015817592200300427,-0.0029129673801822787,0.000116732073260792,0.000013937388415521858,2.485088812033886e-6,2.899144754789644e-6
0.1975,1.087319915528751,0.14080943283004177,-0.01595525615254286,-0.002941410650513742,0.00011743285644151655,0.000015143863336195191,3.1169371076597563e-6,3.0722599763021103e-6
0.20250000000000012,1.0873593830490642,0.14151518060122698,-0.01610795693402416,-0.0029585974186955993,0.00012544302124070444,0.00001689181694672381,3.1650903204749094e-6,3.02992903074143e-6
0.20750000000000002,1.088075051133791,0.1413496408600268,-0.016206710598995724,-0.002960786675625004,0.00013574086278234543,0.000019504904089444417,3.708154740149458e-6,3.1531385062834707e-6
0.21250000000000013,1.0919475638433613,0.1383022891881105,-0.01625193180856457,-0.002932992950861358,0.00016268142404311683,0.000030635039754514236,7.443981169212273e-6,3.972531189347915e-6
0.21750000000000003,1.1115402692022456,0.12062609237563393,-0.01619969085583915,-0.002717673912882648,0.0003050708570465398,0.00008236665223809486,0.00002218623775898567,6.810864537994197e-6
0.22249999999999992,1.1503676147929962,0.08582793909724486,-0.015707381724238294,-0.0021614806271034676,0.0005946111934451861,0.00016376108663303213,0.000034854528592672416,5.156140722635235e-6
0.22750000000000004,1.1895280673419522,0.05155442699224983,-0.014694635621699844,-0.001374283796205026,0.0009080437946968208,0.000204943369973958,0.00002074377751197325,-3.4408845507630475e-6
0.23249999999999993,1.2095636823713538,0.03689250859714387,-0.012887898140289546,-0.000673916430765011,0.0009496571581909267,0.00012306890028297804,-8.426422292438936e-6,-5.945957515640952e-6
0.23750000000000004,1.214802209004335,0.03265999594789279,-0.011283991167027246,-0.00042914863412015614,0.0008434174170132947,0.00007317852526976635,-0.000016186636481999467,-6.636714369034869e-6
0.24249999999999994,1.217990145806257,0.03298790191723585,-0.010201043641233577,-0.0004060695308216439,0.000726163514000808,0.00004742503276064237,-0.00001795887665961493,-5.823282355582669e-6
0.24750000000000005,1.2204302457689602,0.03428509746235851,-0.009235778084925688,-0.00038799189644422665,0.0006063100910496001,0.000012372114884849216,-0.000018226023610843462,-1.4818157484844765e-6
0.25249999999999995,1.2218793877154095,0.03488181803291934,-0.008536357416045168,-0.00043198956298000303,0.0005228468082209017,5.149333691147171e-6,-0.000017473754367595436,-9.587992857739466e-7
0.25750000000000006,1.2230729943000007,0.03524162882210042,-0.008003023658441213,-0.00047266075182861484,0.0004527802397480323,3.5647159520426144e-7,-0.000013201506597218505,3.240629193289866e-7
0.26249999999999996,1.2247520294350478,0.03617286281386448,-0.00757697909606322,-0.0005284919049807988,0.00038555089278185053,-1.5408753960477126e-6,-8.186648751960741e-6,6.642886726731059e-7
0.26750000000000007,1.226392002926715,0.03752877985487926,-0.0072624802102735884,-0.0005994597653629112,0.00033647021710601243,-5.490340379642037e-7,-8.398390115785579e-6,6.704972159677855e-7
0.27249999999999996,1.2275228427845426,0.03882196515491957,-0.007034917615885322,-0.0006559090479944518,0.00029528537768716914,-1.11785298821562e-6,-7.287500417230575e-6,6.904402395240298e-7
0.2775000000000001,1.228212375193059,0.03999566057513333,-0.006859199116566142,-0.0007161714614147714,0.00026054635865910237,9.321372321888124e-7,-5.980565104668945e-6,6.778379488264633e-7
0.2825,1.2290036480707713,0.04134956132575013,-0.006767082780874489,-0.0007746794053828312,0.00023201767695606634,2.558071584927166e-6,-4.624776125470534e-6,8.362213410624119e-7
0.2875000000000001,1.2299807095430952,0.042973641111797314,-0.006729427220015613,-0.0008317496554695336,0.00020690627200491233,3.033194375970231e-6,-3.724387647445807e-6,9.55469098470321e-7
0.2925,1.230828459659891,0.044586121862994585,-0.006727101109175642,-0.0008845224318063939,0.00018661811237252415,3.4612234058320956e-6,-3.2119717243822e-6,9.354698055497729e-7
0.2975000000000001,1.2314049150540582,0.04606116346879468,-0.006758906660329364,-0.00093319087844297,0.0001714520011927269,4.531786117131082e-6,-2.6427126147731458e-6,9.046725972374848e-7
0.3025,1.2319313808173726,0.047570204410808045,-0.0068237154481807175,-0.0009816612018831638,0.00015893130195301493,5.754638016423777e-6,-1.9357289475797077e-6,9.66030404262201e-7
0.3075000000000001,1.2325812303848647,0.04925329405113199,-0.006916359016864934,-0.0010309424951899645,0.00014752197005478483,6.393094534899702e-6,-1.3879257362863938e-6,1.0601952698446394e-6
0.3125,1.233249738577646,0.051005812158578044,-0.0070288237304206806,-0.0010785367021987785,0.00013797745364722564,6.617019295730047e-6,-1.1083336473118087e-6,1.0958501852835316e-6
0.3175000000000001,1.2337804914892625,0.05268206658377671,-0.007156084937319554,-0.001123305482623376,0.00013106551832213107,7.066081424328451e-6,-8.847041393622557e-7,1.0887307728224094e-6
0.3225,1.2342109527861727,0.05430979673892665,-0.007297966793626737,-0.0011670145897831538,0.00012601369041795486,7.822084298028133e-6,-5.56948063706506e-7,1.111907483900698e-6
0.3275000000000001,1.234673770272765,0.05600468894496296,-0.007454294430299966,-0.0012113248152689773,0.00012160020533765056,8.433868676470944e-6,-2.2346699351199041e-7,1.1762255366651396e-6
0.3325,1.2351856400917587,0.05778051520159176,-0.007621875103456466,-0.001255685695359317,0.0001176745555631871,8.708827614616337e-6,-2.288761968681106e-8,1.2307713255818695e-6
0.33750000000000013,1.235655222157567,0.059554290263968836,-0.007797205459068434,-0.0012989057271006355,0.00011481641759455437,8.933077862859475e-6,8.593461087451522e-8,1.2521965778466732e-6
0.3425,1.2360449231676758,0.061289096725271996,-0.007979400085775652,-0.00134121587395012,0.00011307837372415185,9.347564449857775e-6,2.2950538804106897e-7,1.2724192345500674e-6
0.3474999999999999,1.2364161038159678,0.06303511192115292,-0.008168975215454576,-0.0013837353341513532,0.00011184006948529982,9.816166366395434e-6,4.2305044504087775e-7,1.3196070661570603e-6
0.35250000000000004,1.236820679683087,0.0648339056100391,-0.008365153707295958,-0.0014267182986251181,0.000110717410200048,0.000010117654868308098,5.785697634404685e-7,1.3778042645947255e-6
0.35749999999999993,1.237230159117716,0.06665584869210023,-0.008565853377188857,-0.0014693972922223157,0.00010996417115983456,0.000010296024493603947,6.584429357075409e-7,1.418717878162994e-6
0.36250000000000004,1.2375951558059297,0.06845393881238893,-0.008769771715717216,-0.0015113204244215262,0.00010988834816323385,0.00001055234178169701,7.225385760810691e-7,1.444254103448537e-6
0.36749999999999994,1.2379218086576063,0.07023285314860304,-0.008977141923599226,-0.0015529775821783525,0.00011031578295678593,0.0000109302633510328,8.256284541262836e-7,1.4773585673456824e-6
0.37250000000000005,1.2382532206426133,0.07203238021242928,-0.009188339379670198,-0.0015949875391918045,0.00011084443691425068,0.0000112843938769434,9.427994282301894e-7,1.5254663077391632e-6
0.37749999999999995,1.238602180506998,0.07386592172618482,-0.009402696663181128,-0.0016372815621452717,0.00011136864284153416,0.000011518618441708293,1.0219555703348576e-6,1.5735258596784947e-6
0.38250000000000006,1.2389395604186861,0.07570822820912913,-0.009619103303232766,-0.0016794093837179521,0.00011209376288324807,0.000011709217852359842,1.0639078434056888e-6,1.6097760066892636e-6
0.38749999999999996,1.2392433205948854,0.07753848463474929,-0.009837180992790032,-0.0017213023820438931,0.00011313195211999042,0.00001196802861610038,1.1136410401531033e-6,1.6416480194304133e-6
0.39250000000000007,1.239528449115783,0.07936817828198878,-0.010057293120928101,-0.001763345910160748,0.00011432014094974369,0.000012285404202264441,1.1924873828416706e-6,1.6819960652002773e-6
0.39749999999999996,1.2398205206687758,0.0812192924720911,-0.010279599810781893,-0.001805799954168642,0.00011545944195618589,0.000012567908934471095,1.2747643461356482e-6,1.7305113504423211e-6
0.4025000000000001,1.2401194253459396,0.08309272217860442,-0.010503627867423555,-0.0018484851383097553,0.00011656439568616107,0.00001277885442374266,1.3310309781202744e-6,1.7764189495276758e-6
0.4075,1.2404036338553466,0.08497113776070601,-0.010728844546808579,-0.0018911075710962076,0.00011778678862689321,0.000012974495757332445,1.367323691111406e-6,1.814625422574454e-6
0.4125000000000001,1.2406617122111934,0.0868450511710866,-0.010955280620731924,-0.0019336667258567873,0.00011918377770591272,0.000013212557266549822,1.4104726323013262e-6,1.8513184663482155e-6
0.4175,1.2409051497412327,0.08872258655761067,-0.01118334887749486,-0.0019763910202889395,0.00012066840470815478,0.000013481514725051835,1.47041551080908e-6,1.893809455755669e-6
0.4225000000000001,1.2411502369768264,0.09061355831731081,-0.011413203849010166,-0.0020193779045296163,0.00012216579520388823,0.000013737214058445984,1.532619205817749e-6,1.9408650839763215e-6
0.4275,1.2413983273493592,0.09251457008417957,-0.011644513839026652,-0.002062470751104466,0.00012371928444324077,0.000013972820016065692,1.5827174362132747e-6,1.9856904774798005e-6
0.4325000000000001,1.2416387399464897,0.09441542398055884,-0.011876838544044317,-0.0021055020975662775,0.0001254050138753801,0.000014220481439933177,1.624169606378404e-6,2.0251949517107078e-6
0.4375,1.241864582062906,0.09631522320204146,-0.012110031368853467,-0.0021485407164654143,0.0001271932212952363,0.000014495213926970867,1.6684867830248301e-6,2.0628733939330717e-6
0.4425000000000001,1.2420786915313604,0.09822535832599007,-0.012344192350664281,-0.0021918347893113803,0.0001289476212364576,0.000014768105580971447,1.7179718742482177e-6,2.1034416086500285e-6
0.4475,1.242285771322925,0.10015643531001299,-0.012579347258237755,-0.002235562067682743,0.00013055591448264963,0.000015004306621073252,1.7660351789318667e-6,2.147711226552077e-6
0.4525000000000001,1.2424855680360245,0.10210651277253079,-0.012815299786177483,-0.0022796951373643976,0.00013202687752695902,0.00001521097316830157,1.8111504182057774e-6,2.193494935095455e-6
0.4575,1.242676464948465,0.1040639208661628,-0.013051766329513118,-0.0023240868860764457,0.00013345379887270774,0.000015432655819308592,1.8621490489368654e-6,2.2393256970141347e-6
0.46250000000000013,1.2428617739553482,0.10601921282714637,-0.013288530049344901,-0.0023686192044843095,0.0001349078918905784,0.000015702696139520953,1.9270454371333144e-6,2.285308707281183e-6
0.4675,1.243047598256209,0.10797221738331464,-0.013525415309782692,-0.002413254341366986,0.00013638045797623882,0.000016010225610978254,2.001051761584666e-6,2.3309627098198893e-6
0.4724999999999999,1.2432341683388783,0.10992887056896317,-0.013762191411417567,-0.0024580039146489233,0.00013780808530887878,0.000016316906699832346,2.070328267898499e-6,2.3743452746245123e-6
0.47750000000000004,1.243412526039084,0.11189437655827889,-0.013998601946366877,-0.002502915969469185,0.0001391236783424368,0.000016598267640913276,2.1275370847827777e-6,2.4143123848789855e-6
0.48249999999999993,1.2435719965183785,0.11387060051448016,-0.014234499413833267,-0.002548099221288077,0.0001402763730045146,0.000016863164753956887,2.1807841869506822e-6,2.4527923088820867e-6
0.48750000000000004,1.2437102522766366,0.11585824584975526,-0.014469881261631661,-0.0025937156636188707,0.0001412213134999058,0.00001713679044044981,2.2460153096351973e-6,2.4936256138767348e-6
0.49249999999999994,1.2438347225236746,0.11785889322027594,-0.014704727214859704,-0.0026399078030437586,0.00014191217207882407,0.000017433261299258022,2.3324095667368256e-6,2.5390368541391224e-6
0.49750000000000005,1.2439548128663722,0.11987354004565408,-0.014938777544869868,-0.00268671843695234,0.00014231212831846167,0.00001774944064902818,2.4372928583660204e-6,2.587871768429872e-6
0.5025,1.2440748307420246,0.12189933392979586,-0.01517145571794059,-0.00273407748929853,0.00014240901708562298,0.00001808245839514215,2.5544447415599752e-6,2.6373384663286358e-6
0.5075000000000001,1.2441947149362775,0.12392872555900747,-0.015401961731920811,-0.0027818597744296352,0.0001422114750796481,0.000018445361069288364,2.683745147421049e-6,2.6855875447473303e-6
0.5125,1.244314519545707,0.12595345650386963,-0.015629393479442977,-0.002829966538902838,0.0001417138945541015,0.000018857985840366642,2.829961472690509e-6,2.7319910729082684e-6
0.5175000000000001,1.2444341059804103,0.12797117292468094,-0.015852786539242148,-0.002878396849598211,0.00014084266629216377,0.0000193206364019733,2.9937938988952627e-6,2.775844409406167e-6
0.5225,1.244548269840782,0.12998916636676522,-0.016071112884942694,-0.0029272999145423875,0.00013942118774734938,0.00001980209148867186,3.1688794182409274e-6,2.816283518754638e-6
0.5275000000000001,1.244644699934334,0.13201895005164307,-0.016283277636648358,-0.002976958563407361,0.00013720708687505509,0.000020269632569648848,3.3539788858251473e-6,2.854763710761891e-6
0.5325,1.2447143868766555,0.1340683178376477,-0.016488156088055934,-0.003027723071773085,0.0001339637286516776,0.000020724682893115062,3.562533544017375e-6,2.895240690706127e-6
0.5375000000000001,1.244757511198246,0.13613297957458415,-0.016684391502147428,-0.0030798296655384413,0.00012954422807364178,0.000021218929843803882,3.819811687028963e-6,2.9410059690563152e-6
0.5425,1.244785540325407,0.13820427927939208,-0.016870162490384713,-0.003133421388172789,0.00012381065587860134,0.000021804453424017784,4.146071172891484e-6,2.993164629413905e-6
0.5475000000000001,1.2448111245113205,0.14027775393175473,-0.017042804299724833,-0.0031885733235592737,0.00011654014535619815,0.000022483950998658628,4.538841870127541e-6,3.0473473118095744e-6
0.5525,1.2448272954843087,0.1423512565641772,-0.017198877085163766,-0.003245345449716704,0.00010743787371667317,0.000023241042870496774,4.9864306016374725e-6,3.095292483200145e-6
0.5575000000000001,1.2448230066886463,0.14441535715708326,-0.01733447088363356,-0.003303892287370185,0.0000961557699767229,0.000024099659065453878,5.513140116349255e-6,3.1450664299601363e-6
0.5625,1.2447923248084511,0.14648916079372148,-0.017445685737292216,-0.003364813310725535,0.00008208561479000967,0.000025004206811335872,6.111324557899053e-6,3.190840537693404e-6
0.5675000000000001,1.244730062744776,0.14854504208832048,-0.01752714438582066,-0.003428292569017974,0.00006486238482932493,0.00002607860788410234,6.840930767024796e-6,3.2415921730258573e-6
0.5725,1.2446403622040894,0.15057586071124468,-0.017571819663044247,-0.0034947572579164246,0.00004378167814655422,0.00002734499646638803,7.727148730760471e-6,3.295013366367205e-6
0.5775000000000001,1.2445230383512527,0.15258336942047038,-0.017571613586426522,-0.0035648306190525884,0.00001790797561291549,0.00002878332595591395,8.799219217433141e-6,3.354837973864786e-6
0.5825,1.2443739075657099,0.15457644084451314,-0.01751675018207647,-0.0036392504492888667,-0.000013978745156738282,0.000030316525683779343,0.000010093160093210146,3.430287122400087e-6
0.5875000000000001,1.244189930167816,0.1565618045328364,-0.017395605776702475,-0.0037185520364573575,-0.00005330697287988693,0.00003181927749546735,0.000011653516331838537,3.5254023504931913e-6
0.5925,1.2439580208820509,0.15852715768106873,-0.017193580334584107,-0.0038027997376434168,-0.00010151636171192111,0.00003316095981364519,0.000013500902186137486,3.6341812708765367e-6
0.5975000000000001,1.243625924734323,0.16042786036098797,-0.016890632591174407,-0.00389209801264743,-0.00015985431370189353,0.00003424284427994617,0.000015546974649694248,3.838296926923844e-6
0.6025,1.2431165755309002,0.1622013830515537,-0.016464128062648686,-0.003985590574936513,-0.00022970811276891217,0.000034391656796886345,0.000017932427343458814,4.294118921043975e-6
0.6074999999999999,1.2424332464809438,0.1638823906076978,-0.015901857704604092,-0.004072525934502091,-0.0003182244419501327,0.00003221765559965439,0.000021844457762090633,4.714800072360315e-6
0.6125,1.2417318479721433,0.16558748424376438,-0.015165527839474297,-0.004148155074641044,-0.0004307349329017285,0.00002409097519738535,0.000027397999120787157,5.595474612848537e-6
0.6174999999999999,1.2410730330517326,0.16736485550544622,-0.014204217543430476,-0.0041994889688693054,-0.0005686954020262465,3.26819261303366e-6,0.00003406144711640981,7.85290189330573e-6
0.6225,1.2401989524529262,0.1689705256994794,-0.012985931682376677,-0.0041802957914695415,-0.0007083264588290225,-0.000041203930475871555,0.00002862818962410369,0.000014204189366307982
0.6275,1.2379682298204497,0.16940286593520226,-0.011437649690564084,-0.004137528743668311,-0.0008499908854522269,-0.00007724821902466562,0.000016475052718680286,0.000013807070398080606
0.6325000000000001,1.229739941541521,0.16507607114176087,-0.009023451400665516,-0.00380330512740093,-0.0010236406775988934,-0.0001496090018051038,6.434849173489162e-6,0.000010266110994179979
0.6375,1.2002774599910624,0.14072054164557038,-0.006062897304306277,-0.0027174392570058097,-0.0009406520949045397,-0.0002507305217502361,-0.00003165749796113157,7.242236190512104e-6
0.6425000000000001,1.1422216072533367,0.0890879925611713,-0.004073160099810584,-0.0015141311621471004,-0.00048551876539719527,-0.00016959235950718952,-0.0000416116137996283,-4.477996137141813e-6
0.6475,1.0908113976708316,0.04225833287723015,-0.0027185118597854276,-0.0007367292722255472,-0.00013992518776348694,-0.00005560404525838591,-0.0000177559433527349,-3.8363216562519625e-6
0.6525000000000001,1.071858004876022,0.02490253784905859,-0.0023048741882943846,-0.0005024501252206746,-0.000025106259829783638,-7.408832880094517e-6,-1.942854019105979e-6,-1.6604943274236205e-7
0.6575,1.0685245318203933,0.0224079806270147,-0.0022391795923256365,-0.0004689849704247817,-9.423374981260934e-6,-6.596114638841594e-7,3.43218732795121e-7,4.176733082709061e-7
0.6625000000000001,1.0675498100775072,0.02206968436909766,-0.0022233348793962732,-0.0004650250999008588,-8.16276772048577e-6,2.7905272663377063e-7,7.549420752111082e-7,5.372504423986564e-7
0.6675,1.0668356809269142,0.022077380673024782,-0.002212625368068248,-0.0004651788985370727,-9.299697571205111e-6,1.5805721259072461e-7,7.766207456260104e-7,5.378489795287934e-7
0.6725000000000001,1.0660730436577244,0.02203490481974309,-0.0021951837226297853,-0.00046341471562090725,-0.000010444401200486025,-1.7358762489919272e-7,7.238598831330945e-7,5.32682635460502e-7
0.6775,1.0652037086232076,0.02188642054473796,-0.0021749269352425247,-0.0004587835484580434,-0.000010605669837275447,-5.329571957780714e-7,6.069701706284047e-7,5.353244186285925e-7
0.6825000000000001,1.064280079430377,0.02167886510966143,-0.0021546527158315815,-0.00045422311078557984,-0.000010326395372238159,-4.877187121739464e-7,5.915962220509868e-7,5.171443208377871e-7
0.6875,1.0633571374770936,0.021463964019163048,-0.0021337404368965062,-0.00044958592844555293,-0.000010073784322710982,-4.372660906235438e-7,5.920718532600739e-7,5.102084994970934e-7
0.6925000000000001,1.0624526965692236,0.021258980822922827,-0.002113178816829476,-0.0004451406800598113,-9.89803710604967e-6,-4.048422021766694e-7,5.937370164051125e-7,5.062494640776621e-7
0.6975,1.0615645400180997,0.02106197906757876,-0.002092818464701487,-0.00044082773604946885,-9.783028046634755e-6,-3.914887695239083e-7,5.915703037666495e-7,5.022839633364768e-7
0.7025000000000001,1.06068673421609,0.020867358023044475,-0.002072432176787399,-0.0004365421634131724,-9.693084834333477e-6,-3.884723691505599e-7,5.863678638405015e-7,4.977820205452225e-7
0.7075,1.0598158513294864,0.02067185211722171,-0.0020519441527841417,-0.0004322343894881287,-9.604575815235552e-6,-3.8775972013429063e-7,5.799984474792448e-7,4.929116540279522e-7
0.7125000000000001,1.0589510855833921,0.02047468940432107,-0.0020313593284697253,-0.00042789832471621053,-9.511000114312664e-6,-3.8605846537919123e-7,5.735881796066055e-7,4.879160531364601e-7
0.7175,1.0580927580793622,0.020276184861712624,-0.00201070200571122,-0.00042354248380251243,-9.4138393034087e-6,-3.831841762031373e-7,5.674175143886319e-7,4.829181475085424e-7
0.7225000000000001,1.0572412989009785,0.02007676641093142,-0.00198999114890028,-0.00041917468611538073,-9.315578455897794e-6,-3.797897797615322e-7,5.614049393876824e-7,4.77941797355925e-7
0.7275,1.056396947441947,0.01987667366626307,-0.0019692375501485317,-0.00041479881971533464,-9.217444325849636e-6,-3.7631846554409465e-7,5.554393431968707e-7,4.7297525924919084e-7
0.7324999999999999,1.055559805886501,0.019675988183512783,-0.0019484476068351438,-0.00041041622582657015,-9.119555510058314e-6,-3.728648271282347e-7,5.494785370815404e-7,4.6800713936632414e-7
0.7375,1.0547299450346606,0.019474721946181387,-0.0019276261482399398,-0.0004060272497686156,-9.021543087966248e-6,-3.6934447699248627e-7,5.435268753908483e-7,4.6303223106904947e-7
0.7424999999999999,1.0539074445899648,0.019272879557790352,-0.0019067773834190783,-0.00040163204292759265,-8.923017578814525e-6,-3.656799796091328e-7,5.375854205202186e-7,4.580451101091716e-7
0.7475,1.0530923550046536,0.019070514466398302,-0.001885905731244632,-0.00039723131212194424,-8.82399449527974e-6,-3.6195936024915225e-7,5.31611995604068e-7,4.5303546286683217e-7
0.7525,1.0522846056908828,0.018867805969345293,-0.0018650182324353938,-0.0003928276974297922,-8.725425316420695e-6,-3.585627705488838e-7,5.255079628321965e-7,4.479924510936823e-7
0.7575000000000001,1.0514839139014613,0.018665134131071712,-0.0018441287552161882,-0.00038842756006585405,-8.629619604808665e-6,-3.56167841977724e-7,5.191539035182794e-7,4.4292003655482847e-7
0.7625,1.0506897904024273,0.018463067133977263,-0.0018232618014931243,-0.00038404171703824985,-8.539926127729825e-6,-3.554700911527779e-7,5.125133331793878e-7,4.378578400771537e-7
0.7675000000000001,1.0499017609681545,0.01826214572489457,-0.001802451108407997,-0.00037968272776756166,-8.458925559732866e-6,-3.5651174058508263e-7,5.057876288728987e-7,4.3289219898821766e-7
0.7725,1.0491198711119682,0.01806240024473797,-0.0017817271488179505,-0.00037535668479762375,-8.384908309571565e-6,-3.5775481014563076e-7,4.995416202784221e-7,4.2813597931819507e-7
0.7775000000000001,1.048345386156466,0.0178626874401864,-0.0017610903315339091,-0.0003710498763120324,-8.307627461478216e-6,-3.553826306526862e-7,4.946696543444535e-7,4.236637261599628e-7
0.7825,1.0475813874874798,0.017660136735144303,-0.0017404741692997041,-0.00036671482326162155,-8.20571997523074e-6,-3.4353060797405563e-7,4.920973308511641e-7,4.194158271484549e-7
0.7875000000000001,1.046832832577725,0.017450119392455655,-0.0017197125775439224,-0.00036226393341562933,-8.048725749640887e-6,-3.159442104488545e-7,4.922477846087844e-7,4.1512113230663403e-7
0.7925,1.0461057454869913,0.01722705251013697,-0.0016985318315246758,-0.00035757913833105875,-7.80529271738837e-6,-2.688371640345111e-7,4.944979115633377e-7,4.1030567953447786e-7
0.7975000000000001,1.0454055866823508,0.01698597809500957,-0.0016765838350486324,-0.0003525402121785177,-7.4559072357967575e-6,-2.0376851201292295e-7,4.969794174200943e-7,4.0442921054811647e-7
0.8025,1.0447353649658595,0.016724364835644982,-0.0016535209730856766,-0.00034706433716579123,-7.004862036597042e-6,-1.2881789598880651e-7,4.97000781705652e-7,3.971192011599457e-7
0.8075000000000001,1.0440943800402438,0.016443275929038333,-0.0016290900973483279,-0.0003411403077461832,-6.484716921852058e-6,-5.681516448979721e-8,4.920489430216949e-7,3.883917223664618e-7
0.8125,1.043478328616044,0.01614720934464134,-0.0016032073336572311,-0.00033483938108911195,-5.949082619192243e-6,-8.898932959202103e-10,4.809310196656001e-7,3.787206993612012e-7
0.8175000000000001,1.0428808527061375,0.015842556572062932,-0.0015759787842301168,-0.00032829438472594844,-5.455531889079758e-6,3.06602685812491e-8,4.644180991290902e-7,3.688819175680613e-7
0.8225,1.0422958104098177,0.01553539365230089,-0.0015476565118651712,-0.0003216551469537919,-5.046390575750811e-6,3.745271571269581e-8,4.449596735471296e-7,3.59631292072763e-7
0.8275000000000001,1.041719136550987,0.015229702972095601,-0.0015185515809162174,-0.00031504155840217086,-4.736912526768589e-6,2.6324820074025493e-8,4.2557704956783465e-7,3.5139141132694456e-7
0.8325,1.0411494439628173,0.01492683352472395,-0.0014889462446944415,-0.00030851640272300956,-4.516203370320064e-6,7.364809171534186e-9,4.085626052299546e-7,3.441256919339681e-7
0.8375000000000001,1.0405873130387024,0.014626228496213482,-0.0014590426078128914,-0.0003020875262841709,-4.358769352911268e-6,-1.0881593992721566e-8,3.947215957549472e-7,3.3745985733285697e-7
0.8425,1.0400339636273142,0.014326732035785938,-0.0014289596089581552,-0.0002957316229460361,-4.238879135507064e-6,-2.4322594940152714e-8,3.8350002141741845e-7,3.30949902840568e-7
0.8475000000000001,1.0394901963735208,0.014027613902780312,-0.001398762429289868,-0.0002894217361295754,-4.139806081258785e-6,-3.3192711511412535e-8,3.737469183925105e-7,3.243148962762965e-7
0.8525,1.0389560806713234,0.013728859427679737,-0.0013684964854074914,-0.0002831433213391758,-4.054892921076311e-6,-3.981174169001014e-8,3.6451350928027584e-7,3.175072433502795e-7
0.8574999999999999,1.0384312552806285,0.013430866860341967,-0.0013382062377699936,-0.0002768951360232535,-3.983068827832992e-6,-4.6210379782028396e-8,3.554155299569388e-7,3.106266859002988e-7
0.8625,1.037915371797832,0.013134013845701864,-0.0013079364583485785,-0.00027068158331481663,-3.923847756052488e-6,-5.306856263051572e-8,3.465049351935104e-7,3.0378483304902107e-7
0.8674999999999999,1.0374083119202373,0.012838449409749935,-0.0012777257266321372,-0.00026450562265528785,-3.875134283421269e-6,-6.004916653588313e-8,3.379376301344979e-7,2.970258134162788e-7
0.8725,1.03691013220976,0.012544151323072203,-0.0012476022651800218,-0.0002583667724085486,-3.833829399898955e-6,-6.664579599888025e-8,3.297515094205061e-7,2.9033172696799655e-7
0.8775,1.0364209128501163,0.012251074205353736,-0.0012175851997200066,-0.0002522629354994111,-3.7972643789666672e-6,-7.269192833600664e-8,3.2185780934665246e-7,2.8366978503727825e-7
0.8825000000000001,1.0359406760246967,0.011959227688182288,-0.0011876883486681227,-0.0002461925680350589,-3.7638508983444714e-6,-7.832660422616214e-8,3.1414382781432047e-7,2.770259208549172e-7
0.8875,1.035469401314816,0.011668659872773324,-0.0011579229309305818,-0.00024015524830306507,-3.73277692365258e-6,-8.373100503137438e-8,3.065471021823987e-7,2.704055539430849e-7
0.8925000000000001,1.0350070708820733,0.011379412674561789,-0.001128298238203762,-0.0002341510462642532,-3.7034591562603778e-6,-8.897529947750782e-8,2.9905359203154735e-7,2.6381793453246943e-7
0.8975,1.0345536873149679,0.011091504536684773,-0.0010988214455627187,-0.00022817990011658154,-3.675304119300538e-6,-9.404518551638281e-8,2.916609882801295e-7,2.572660068381126e-7
0.9025000000000001,1.034109262762693,0.01080494139459624,-0.0010694977220783355,-0.00022224153665463878,-3.6477702319733223e-6,-9.892387735119354e-8,2.843575059415166e-7,2.507476146249241e-7
0.9075,1.033673805567151,0.010519730033031026,-0.0010403307579812575,-0.00021633567712266448,-3.620464072117129e-6,-1.0362338138948624e-7,2.7712581576374293e-7,2.4426063701560465e-7
0.9125000000000001,1.0332473186691151,0.010235880340757782,-0.001011323274379596,-0.0002104621558408696,-3.5931331489969865e-6,-1.0816623063611473e-7,2.6995309810031397e-7,2.3780502357632183e-7
0.9175,1.0328298040789057,0.009953401096628466,-0.0009824772678216627,-0.00020462087765310465,-3.565601397348151e-6,-1.125649736115564e-7,2.628334524515093e-7,2.313816618352451e-7
0.9225000000000001,1.0324212658991716,0.009672298527064947,-0.0009537941118160957,-0.0001988117567636601,-3.5377345969956836e-6,-1.1682414883561264e-7,2.5576352398189e-7,2.249909283909274e-7
0.9275,1.0320217076401041,0.009392575902368945,-0.0009252746069369536,-0.00019303467804490266,-3.509427364362367e-6,-1.2094557366201894e-7,2.487406919112492e-7,2.186329275098245e-7
0.9325000000000001,1.0316311341754167,0.009114238327686057,-0.0008969191722236606,-0.0001872895539719769,-3.4806275843753646e-6,-1.2494165842633835e-7,2.4175977523134274e-7,2.1230717070431555e-7
0.9375,1.031249541513622,0.008837283382754682,-0.0008687277560964671,-0.00018157620037983284,-3.451264613129827e-6,-1.2880897978223408e-7,2.3482169242211652e-7,2.0601470160719142e-7
0.9425000000000001,1.0308769412520042,0.008561723908097705,-0.0008407004275654366,-0.00017589464100894656,-3.421389107928434e-6,-1.3258662978108624e-7,2.279138303673916e-7,1.9975304411274655e-7
0.9475,1.0305132999774351,0.008287527852677333,-0.0008128359788323093,-0.0001702443150157055,-3.3907864270610387e-6,-1.3619678958861904e-7,2.2106140036398365e-7,1.935286010243376e-7
0.9525000000000001,1.0301586958549123,0.008014769075718273,-0.0007851347284721,-0.00016462615248863372,-3.360018468745625e-6,-1.3983459235351263e-7,2.1420039461309595e-7,1.8732445380028982e-7
0.9575,1.029812923806996,0.007743245294327326,-0.0007575893751978501,-0.00015903753054319366,-3.3280035055063974e-6,-1.4296409316987354e-7,2.0750605177582136e-7,1.8118070825302903e-7
0.9625000000000001,1.029476494735584,0.007473451053859309,-0.0007302080963027941,-0.00015348491797914575,-3.29821913929549e-6,-1.4692466028567828e-7,2.0056289901984728e-7,1.749957260017347e-7
0.9675,1.0291480969301037,0.007204116891548387,-0.0007029728759100002,-0.0001479488936219222,-3.2612547136734606e-6,-1.4877876116687363e-7,1.943963860252183e-7,1.6906248728871094e-7
0.9725000000000001,1.028831030642062,0.006938453180917166,-0.0006760063623301501,-0.00014246544367263155,-3.2321652432465073e-6,-1.5766304405723865e-7,1.8595085484377464e-7,1.6274962566304645e-7
0.9775,1.0285169040009288,0.006668321306915162,-0.0006492280200124746,-0.00013693221184501786,-3.1462108551973364e-6,-1.490578137644313e-7,1.8165070392494378e-7,1.573776765955966e-7
0.9825000000000002,1.028226959466526,0.006414392747228443,-0.0006230084121975196,-0.0001317280342190101,-3.1550066616572347e-6,-1.5414533422599628e-7,1.6878589866061821e-7,1.4700717142100618e-7
0.9875,1.027907091803559,0.006124541607449222,-0.0005950609924908837,-0.00012632927616216226,-3.0785284464180467e-6,-1.6323690465369558e-8,2.128435750294887e-7,1.4302546959832216e-7
0.9924999999999999,1.0276928069866287,0.005932320966220142,-0.0005648000685765319,-0.00012138244932390185,-3.9763703852157065e-6,-3.943457882067534e-7,1.0900376867326863e-7,1.2352757418316752e-7
0.9975,1.0272392627258577,0.005491590617351027,-0.0005376860952892571,-0.00011267382219234323,-2.2681731239607096e-6,-9.066332860564697e-8,1.6385914445281053e-7,1.5141662741336416e-7
