-0.9975,1.0106058153517536,0.9810064692861671,-0.04481822164247232,-0.05244153581652198,-0.053584384360147466,-0.028234320693744746
-0.9925,1.0106366069421813,0.9809758257464462,-0.04481945166860858,-0.0524399359331473,-0.053582810020886766,-0.028233608989482514
-0.9875,1.0106972921452868,0.9809154474948719,-0.04482178561651717,-0.05243678003422014,-0.05357974282445728,-0.02823229677905208
-0.9825,1.0107868897165764,0.9808263271758879,-0.04482509584105707,-0.05243211491557062,-0.05357526605196119,-0.028230487959064833
-0.9775,1.0109043401333617,0.9807095360942399,-0.04482925362236947,-0.052425990178512655,-0.05356946450660382,-0.028228279445930815
-0.9725,1.0110485190454679,0.9805662106248401,-0.04483412997974717,-0.05241845766138291,-0.05356242380144596,-0.028225761264662277
-0.9675,1.0112182573079458,0.980397532070609,-0.04483959672903222,-0.052409570524316225,-0.05355422932177352,-0.028223016482756484
-0.9625,1.0114123655040719,0.9802047020618779,-0.044845527675245765,-0.05239938209703838,-0.05354496498027338,-0.02822012106344741
-0.9575,1.0116296608057789,0.9799889156514039,-0.044851799835241735,-0.05238794460217142,-0.05353471188320717,-0.028217143705388876
-0.9525,1.0118689941096402,0.9797513341667444,-0.04485829459506317,-0.052375307861346324,-0.053523547017722696,-0.028214145725150717
-0.9475,1.0121292756145543,0.9794930596519961,-0.04486489872230119,-0.05236151807914942,-0.05351154205539733,-0.0282111810256859
-0.9425,1.0124094973436444,0.9792151123928279,-0.04487150517350824,-0.05234661678215751,-0.05349876234682311,-0.028208296179321024
-0.9375,1.0127087515197406,0.9789184126104042,-0.044878013658657116,-0.05233063996905222,-0.05348526615867977,-0.02820553063907628
-0.9325,1.0130262441393814,0.9786037669732508,-0.04488433094677872,-0.0523136175052514,-0.05347110418060411,-0.028202917078415723
-0.9275,1.0133613035142157,0.9782718601517727,-0.044890370917414525,-0.052295572773743325,-0.05345631930638689,-0.028200481847843576
-0.9225,1.0137133839264878,0.9779232512625647,-0.044896054379923764,-0.05227652257463026,-0.053440946674373234,-0.028198245527788973
-0.9175,1.0140820648514985,0.9775583747441747,-0.04490130869599791,-0.05225647725055055,-0.05342501393663169,-0.028196223551313935
-0.9125,1.0144670464198098,0.9771775449872214,-0.04490606724948952,-0.052235441004352054,-0.05340854171610962,-0.02819442686735807
-0.9075,1.0148681419214174,0.9767809639135995,-0.04491026881189153,-0.05221341236927622,-0.05339154420565401,-0.028192862615231483
-0.9025,1.0152852681985582,0.976368730656389,-0.0449138568519336,-0.05219038479011944,-0.05337402986199339,-0.028191534783399266
-0.8975,1.0157184347457922,0.975940852521296,-0.044916778834516585,-0.052166347275646646,-0.05335600215074222,-0.028190444829653973
-0.8925,1.016167732252589,0.9754972564948361,-0.044918985548446755,-0.05214128508699069,-0.053337460304188004,-0.02818959224489364
-0.8875,1.0166333212036773,0.9750378006851558,-0.044920430495049936,-0.052115180432854305,-0.05331840006097963,-0.028188975048291272
-0.8825000000000001,1.0171154210141096,0.9745622852201077,-0.04492106936155324,-0.05208801314906074,-0.05329881436484988,-0.02818859020713387
-0.8775,1.0176143000352114,0.9740704622681938,-0.04492085959479419,-0.05205976134654339,-0.05327869400732627,-0.028188433979621175
-0.8725,1.0181302666366154,0.9735620449789305,-0.04491976008285287,-0.05203040201760007,-0.05325802820637855,-0.028188502183184236
-0.8674999999999999,1.0186636614567937,0.9730367152518762,-0.04491773094494395,-0.051999911594773504,-0.05323680511871254,-0.028188790394275798
-0.8625,1.019214850824427,0.9724941303333802,-0.04491473342354269,-0.051968266459893594,-0.053215012287756845,-0.02818929408806842
-0.8575,1.0197842212868296,0.9719339283060442,-0.04491072986735953,-0.051935443402669736,-0.053192637032298415,-0.028190008728123404
-0.8525,1.0203721751381214,0.9713557325791154,-0.044905683789461574,-0.05190142002894663,-0.05316966678233389,-0.02819092981695904
-0.8475,1.0209791268159731,0.9707591555117303,-0.04489955998159518,-0.051866175118639966,-0.05314608936924121,-0.02819205291866896
-0.8425,1.0216055000275677,0.9701438013088989,-0.044892324663622286,-0.051829688932797775,-0.053121893277109276,-0.028193373664439286
-0.8375,1.0222517254688344,0.9695092683265687,-0.04488394564598684,-0.05179194346855098,-0.053097067861265966,-0.028194887751091118
-0.8325,1.0229182390120997,0.9688551509108818,-0.04487439248332248,-0.05175292266023347,-0.05307160353897607,-0.02819659094172534
-0.8275,1.023605480252737,0.9681810408811955,-0.04486363659872338,-0.051712612524915866,-0.05304549195615287,-0.028198479076242337
-0.8225,1.0243138913225753,0.9674865287491506,-0.04485165136081027,-0.05167100125114932,-0.05301872613290604,-0.02820054809801599
-0.8175,1.0250439158948343,0.9667712047489392,-0.04483841209943993,-0.05162807923090287,-0.05299130058994463,-0.02820279410138294
-0.8125,1.0257959983210037,0.9660346597381985,-0.04482389605055249,-0.05158383903643154,-0.05296321145732171,-0.02820521340292893
-0.8075,1.0265705828536793,0.9652764860152384,-0.04480808222594881,-0.051538275345982064,-0.05293445656676032,-0.02820780263788921
-0.8025,1.0273681129207033,0.9644962780869526,-0.04479095120938455,-0.051491384824603796,-0.05290503552880608,-0.028210558881408176
-0.7975,1.0281890304250543,0.9636936334126466,-0.04477248488584328,-0.05144316596862545,-0.052874949796256426,-0.028213479793008176
-0.7925,1.029033775052087,0.9628681531420421,-0.04475266611577646,-0.05139361892431745,-0.052844202715641476,-0.028216563781476623
-0.7875,1.0299027835712193,0.9620194428605522,-0.04473147837007602,-0.0513427452926509,-0.05281279956889441,-0.028219810186559263
-0.7825,1.0307964891234527,0.9611471133513321,-0.04470890534425503,-0.05129054793271061,-0.05278074760767056,-0.028223219473389367
-0.7775,1.0317153204895642,0.9602507813813752,-0.04468493057155166,-0.05123703077612393,-0.052748056082979985,-0.02822679343549883
-0.7725,1.0326597013368364,0.95933007051785,-0.04465953705438498,-0.05118219866381743,-0.052714736272832304,-0.028230535402527242
-0.7675,1.033630049445206,0.9583846119810088,-0.04463270693188112,-0.05112605721459222,-0.05268080151041935,-0.028234450449312224
-0.7625,1.0346267759171501,0.957414045541289,-0.04460442119828524,-0.051068612732558034,-0.0526462672149571,-0.0282385456038167
-0.7575000000000001,1.0356502843799527,0.9564180204710041,-0.04457465948334032,-0.05100987215759038,-0.052611150926670985,-0.0282428300522148
-0.7525,1.0367009701947298,0.9553961965655058,-0.04454339990156304,-0.05094984305988684,-0.05257547234654419,-0.028247315340282367
-0.7475,1.0377792196943416,0.9543482452553886,-0.04451061897322227,-0.05088853367660854,-0.05253925338036291,-0.02825201557088353
-0.7424999999999999,1.0388854094826587,0.9532738508406635,-0.0444762916161399,-0.05082595298567356,-0.052502518185300835,-0.028256947597677072
-0.7375,1.0400199058412392,0.9521727118904203,-0.04444039120452022,-0.0507621108091397,-0.052465293215787134,-0.028262131215063116
-0.7324999999999999,1.0411830643066984,0.9510445428676173,-0.044402889689105225,-0.05069701793633453,-0.05242760726370122,-0.0282675893437524
-0.7275,1.0423752295031044,0.9498890760584817,-0.04436375777214791,-0.05063068625497002,-0.05238949148603923,-0.028273348210099802
-0.7224999999999999,1.043596735338189,0.9487060639090139,-0.044322965130965515,-0.05056312887688682,-0.052350979411117014,-0.02827943751546879
-0.7175,1.0448479056987683,0.9474952818960549,-0.04428048068501332,-0.050494360243777583,-0.05231210691216688,-0.02828589058940358
-0.7125,1.046129055807068,0.9462565320848497,-0.04423627290323203,-0.050424396197236064,-0.05227291213495869,-0.02829274451736406
-0.7075,1.0474404944217752,0.944989647545145,-0.04419031015048815,-0.05035325399682801,-0.052233435364018435,-0.028300040230380647
-0.7025,1.0487825270800302,0.9436944978082562,-0.04414256107379944,-0.05028095226973693,-0.05219371881041878,-0.02830782254046453
-0.6975,1.0501554605720997,0.942370995541231,-0.04409299503022645,-0.050207510876167996,-0.05215380630337892,-0.02831614010232015
-0.6925,1.0515596088109085,0.9410191045833284,-0.044041582558322655,-0.0501329506764574,-0.05211374286852897,-0.02832504527931276
-0.6875,1.0529953001953676,0.9396388494263359,-0.04398829589343145,-0.05005729318916593,-0.05207357417823539,-0.028334593890308783
-0.6825,1.0544628864622194,0.9382303261168895,-0.04393310952356746,-0.04998056013475522,-0.05203334586439133,-0.028344844814547982
-0.6775,1.0559627528716389,0.9367937144121504,-0.04387600077699523,-0.049902772867071565,-0.05199310269199168,-0.028355859434743995
-0.6725,1.0574953293782354,0.9353292908314289,-0.04381695042505723,-0.04982395170488736,-0.05195288760282198,-0.028367700904661595
-0.6675,1.0590611022100345,0.9338374420245301,-0.04375594327480067,-0.04974411518790549,-0.05191274065249282,-0.02838043323678927
-0.6625,1.0606606250314514,0.9323186776406309,-0.04369296871639543,-0.04966327929519369,-0.05187269788012773,-0.028394120218374275
-0.6575,1.0622945286299506,0.9307736416566051,-0.04362802118150223,-0.04958145667774032,-0.051832790166948396,-0.02840882417951033
-0.6525000000000001,1.063963527876327,0.9292031209463709,-0.04356110046222873,-0.04949865596898261,-0.05179304215589647,-0.028424604654126842
-0.6475,1.0656684246069177,0.9276080497830578,-0.04349221183783324,-0.04941488124567977,-0.051753471316924204,-0.028441516992036696
-0.6425000000000001,1.0674101051035905,0.9259895090028952,-0.0434213659595189,-0.04933013171422308,-0.051714087249116594,-0.028459610995622525
-0.6375,1.069189531037273,0.9243487187548317,-0.043348578453698064,-0.04924440169249256,-0.051674891308989994,-0.028478929665992053
-0.6325000000000001,1.0710077231099957,0.9226870241279862,-0.04327386922142465,-0.04915768094346307,-0.05163587664240189,-0.028499508148276554
-0.6275,1.0728657371723092,0.921005873481992,-0.043197261435681866,-0.04906995539377809,-0.05159702867485664,-0.028521372962374465
-0.6225,1.0747646332722682,0.9193067899672009,-0.04311878026707135,-0.04898120823964667,-0.05155832608242646,-0.028544541592849686
-0.6174999999999999,1.0767054388447979,0.9175913374489121,-0.04303845139922655,-0.04889142140632521,-0.05151974222549903,-0.028569022490004585
-0.6125,1.0786891079881533,0.9158610827559849,-0.0429562994241464,-0.048800577290039386,-0.05148124698412117,-0.028594815504780373
-0.6074999999999999,1.080716479396184,0.9141175567613451,-0.042872346230426184,-0.04870866067722363,-0.051442808891975236,-0.0286219127457845
-0.6025,1.082788235922286,0.9123622171751075,-0.042786609510162624,-0.048615660710288076,-0.0514043974315729,-0.0286502998111048
-0.5974999999999999,1.0849048688638434,0.9105964160154136,-0.042699101510241574,-0.04852157275596326,-0.05136598533119,-0.028679957314863558
-0.5925,1.087066649830735,0.9088213744781904,-0.042609828139536704,-0.048426400034358275,-0.05132755069816335,-0.028710862602819416
-0.5875,1.0892736125010052,0.9070381673610507,-0.04251878851600315,-0.04833015488485554,-0.05128907883506234,-0.028742991536093797
-0.5825,1.0915255457241853,0.9052477183635084,-0.04242597499955537,-0.048232859577198424,-0.051250563614071015,-0.02877632021930486
-0.5775,1.0938219984058202,0.9034508065830081,-0.04233137371248114,-0.048134546618760245,-0.05121200832728166,-0.028810826559346935
-0.5725,1.0961622955238182,0.9016480834798433,-0.04223496550451115,-0.048035258556575866,-0.05117342598111574,-0.028846491562299497
-0.5675,1.098545563626856,0.8998400986280359,-0.04213672728022953,-0.04793504731909214,-0.05113483905519368,-0.02888330030548752
-0.5625,1.1009707633734922,0.8980273318242179,-0.04203663357717997,-0.04783397318185848,-0.05109627879303135,-0.02892124255551264
-0.5575,1.103436726181415,0.8962102286801,-0.04193465826713655,-0.04773210346888697,-0.05105778412830077,-0.028960313036743252
-0.5525,1.105942191916046,0.8943892367174625,-0.04183077625184738,-0.04762951111444727,-0.051019400372261985,-0.029000511384243862
-0.5475,1.1084858447507915,0.8925648392082651,-0.041724965037231304,-0.04752627320818801,-0.0509811777939103,-0.02904184183733827
-0.5425,1.111066344823507,0.8907375845006013,-0.04161720609373519,-0.04742246963141924,-0.05094317021533773,-0.029084312743177992
-0.5375,1.1136823540049532,0.888908109254231,-0.04150748594125825,-0.04731818186757932,-0.05090543372375392,-0.02912793594352361
-0.5325,1.1163325548763274,0.887077154771052,-0.04139579693009851,-0.04721349203975147,-0.05086802557284853,-0.02917272611347197
-0.5275000000000001,1.1190156627758976,0.8852455763417825,-0.04128213772040412,-0.047108482197155126,-0.05083100331448993,-0.029218700110079963
-0.5225,1.1217304314282617,0.8834143461539334,-0.04116651348813419,-0.04700323384480665,-0.05079442417159222,-0.02926587637426637
-0.5175000000000001,1.1244756531518172,0.881584550760229,-0.04104893590337996,-0.04689782768889318,-0.05075834463781606,-0.02931427441357773
-0.5125,1.1272501549228497,0.8797573843667768,-0.040929422936327384,-0.04679234355633177,-0.05072282027171421,-0.029363914378577154
-0.5075000000000001,1.1300527916631606,0.877934139273472,-0.040807998547720076,-0.046686860440627836,-0.05068790564268241,-0.0294148167333319
-0.5025,1.1328824380430578,0.8761161947167229,-0.04068469231592881,-0.04658145662653779,-0.05065365438307231,-0.02946700201157673
-0.49750000000000005,1.1357379798994145,0.8743050051725568,-0.04055953904371224,-0.046476209851486934,-0.05062011930362783,-0.0295204906447799
-0.49250000000000005,1.1386183061111932,0.8725020889267451,-0.040432578376615305,-0.046371197470220456,-0.05058735253612757,-0.029575302846160282
-0.48750000000000004,1.1415223015002245,0.8707090174536304,-0.040303854453601226,-0.04626649659887601,-0.05055540567581408,-0.029631458534992255
-0.48250000000000004,1.1444488410707874,0.8689274059024397,-0.04017341560037153,-0.04616218422402639,-0.050524329905198645,-0.029688977287454132
-0.47750000000000004,1.1473967856919987,0.8671589047916188,-0.04004131406775106,-0.046058337270211414,-0.05049417608893003,-0.029747878303033146
-0.47250000000000003,1.1503649791733361,0.8654051928680134,-0.03990760581182633,-0.04595503262552539,-0.05046499483589451,-0.029808180378448554
-0.4675,1.1533522465859225,0.8636679709979598,-0.03977235030912209,-0.04585234712885942,-0.0504368365293228,-0.029869901883753304
-0.4625,1.1563573936330316,0.8619489569139355,-0.039635610398611736,-0.04575035752462855,-0.05040975132850951,-0.029933060737475498
-0.4575,1.159379206861253,0.8602498806320114,-0.03949745214227709,-0.04564914039162726,-0.05038378914711151,-0.02999767437928744
-0.4525,1.1624164545165205,0.8585724803701077,-0.039357944696759045,-0.0455487720524949,-0.050358999613284196,-0.030063759739772145
-0.4475,1.1654678878757574,0.856918498824299,-0.03921716018992895,-0.04544932846953609,-0.05033543201652746,-0.03013133320749643
-0.4425,1.1685322429165845,0.8552896796920293,-0.03907517359763515,-0.045350885131654285,-0.05031313524538021,-0.030200410593912517
-0.4375,1.171608242218567,0.8536877643615687,-0.03893206261722544,-0.04525351693614282,-0.05029215771926113,-0.030271007096711124
-0.4325,1.174694597016505,0.8521144887133175,-0.03878790753559864,-0.04515729806816867,-0.05027254731695683,-0.030343137262229695
-0.4275,1.1777900093479718,0.8505715799994475,-0.038642791090457575,-0.045062301880039284,-0.050254351303584556,-0.030416814947443253
-0.4225,1.180893174253605,0.849060753783846,-0.03849679832413097,-0.044968600771772935,-0.05023761625733016,-0.030492053281975778
-0.4175,1.1840027820002714,0.8475837109351759,-0.0383500164298317,-0.04487626607407765,-0.05022238799687525,-0.030568864630485443
-0.4125,1.1871175203051347,0.8461421346729675,-0.03820253459057066,-0.044785367934553934,-0.050208711510155865,-0.030647260555708978
-0.4075,1.1902360765438498,0.8447376876710598,-0.03805444381118344,-0.04469597520773925,-0.050196630884914044,-0.03072725178239846
-0.40249999999999997,1.193357139929439,0.8433720092251967,-0.03790583674408902,-0.04460815534947698,-0.05018618924138212,-0.030808848162345758
-0.39749999999999996,1.1964794036505746,0.8420467124928007,-0.037756807509507224,-0.04452197431600062,-0.05017742866736156,-0.030892058640662662
-0.39249999999999996,1.1996015669594107,0.8407633818133718,-0.037607451510934614,-0.04443749646805549,-0.05017039015590461,-0.030976891223463882
-0.38749999999999996,1.2027223372001425,0.8395235701178865,-0.03745786524672738,-0.044354784480328285,-0.050165113545769004,-0.031063352947083178
-0.38249999999999995,1.2058404317703024,0.8383287964351933,-0.03730814611867128,-0.04427389925640895,-0.05016163746478675,-0.031151449848938993
-0.37749999999999995,1.208954580007523,0.8371805435028554,-0.037158392238439,-0.04419489984947073,-0.05015999927626404,-0.031241186940151978
-0.37250000000000005,1.212063524995204,0.8360802554892313,-0.037008702232843534,-0.044117843388814665,-0.050160235028506764,-0.03133256818000365
-0.36750000000000005,1.2151660252812129,0.8350293358328692,-0.03685917504879707,-0.04404278501238985,-0.05016237940754591,-0.031425596452312396
-0.36250000000000004,1.2182608565044586,0.8340291452045301,-0.03670990975887664,-0.04396977780536453,-0.05016646569311737,-0.03152027354378928
-0.35750000000000004,1.2213468129248957,0.8330809995963842,-0.03656100536838281,-0.04389887274478988,-0.05017252571793262,-0.031616600124422606
-0.35250000000000004,1.2244227088532416,0.832186168542136,-0.03641256062475443,-0.04383011865036394,-0.050180589830257485,-0.031714575729926926
-0.34750000000000003,1.2274873799774155,0.8313458734710503,-0.036264673830174295,-0.043763562141273395,-0.050190686859800854,-0.03181419874627834
-0.3425,1.2305396845834398,0.8305612861980785,-0.03611744265816419,-0.04369924759905919,-0.05020284408689733,-0.03191546639634485
-0.3375,1.2335785046692447,0.8298335275515186,-0.035970963974927474,-0.043637217136424794,-0.050217087214953895,-0.032018374728607656
-0.3325,1.2366027469505292,0.8291636661389107,-0.035825333666150906,-0.04357751057187897,-0.050233440346116154,-0.03212291860795685
-0.3275,1.2396113437584857,0.82855271725115,-0.035680646469927205,-0.04352016541008088,-0.05025192596009687,-0.03222909170853327
-0.3225,1.2426032538298561,0.8280016419041254,-0.0355369958164049,-0.0434652168277328,-0.050272564896097965,-0.03233688650857674
-0.3175,1.2455774629903857,0.8275113460165426,-0.035394473674715744,-0.04341269766484595,-0.05029537633774664,-0.032446294287231565
-0.3125,1.24853298473332,0.8270826797219923,-0.03525317040766887,-0.04336263842118691,-0.050320377800957106,-0.03255730512324935
-0.3075,1.2514688606951163,0.826716436812755,-0.0351131746346401,-0.04331506725769685,-0.05034758512462151,-0.032669907895522064
-0.3025,1.254384161031037,0.8264133543123202,-0.03497457310302165,-0.043270010002661605,-0.050377012464026455,-0.032784090285369584
-0.2975,1.2572779846937208,0.8261741121731291,-0.034837450568535065,-0.04322749016240098,-0.05040867228688653,-0.03289983878050021
-0.2925,1.260149459618237,0.8259993330956235,-0.03470188968464671,-0.04318752893623487,-0.050442575371881127,-0.03301713868055648
-0.2875,1.262997742817458,0.8258895824643098,-0.03456797090126339,-0.043150145235478464,-0.050478730809577654,-0.033135974104154475
-0.2825,1.265822020391896,0.8258453683962163,-0.03443577237282501,-0.04311535570621232,-0.05051714600562159,-0.03325632799732086
-0.27749999999999997,1.2686215074583922,0.8258671418968528,-0.03430536987585255,-0.043083174755572065,-0.050557826686072546,-0.03337818214322981
-0.27249999999999996,1.2713954480022491,0.825955297118534,-0.034176836735952794,-0.04305361458129851,-0.050600776904764465,-0.03350151717313966
-0.26749999999999996,1.2741431146575564,0.8261101717157485,-0.03405024376422794,-0.04302668520429194,-0.05064599905256799,-0.03362631257842904
-0.26249999999999996,1.2768638084205661,0.8263320472921132,-0.03392565920298709,-0.04300239450391441,-0.05069349386843458,-0.03375254672363174
-0.25749999999999995,1.279556858301056,0.8266211499333387,-0.033803148680610004,-0.04298074825578814,-0.050743260452102416,-0.03388019686037086
-0.25249999999999995,1.2822216209166348,0.8269776508205786,-0.03368277517536887,-0.042961750171842034,-0.050795296278346225,-0.03400923914209408
-0.24750000000000005,1.2848574800349504,0.8274016669184995,-0.0335645989879748,-0.042945401942364514,-0.05084959721265626,-0.034139648639514436
-0.24250000000000005,1.2874638460687142,0.8278932617324205,-0.03344867772257907,-0.04293170327982692,-0.05090615752823341,-0.034271399356663276
-0.23750000000000004,1.2900401555283887,0.8284524461289093,-0.03333506627592743,-0.04292065196425015,-0.05096496992419127,-0.03440446424746612
-0.23250000000000004,1.292585870437278,0.8290791792142813,-0.03322381683433753,-0.042912243889894425,-0.05102602554485938,-0.03453881523275562
-0.22750000000000004,1.29510047771365,0.8297733692655533,-0.03311497887814497,-0.04290647311306138,-0.05108931400008485,-0.03467442321763937
-0.22250000000000003,1.2975834885243571,0.8305348747085103,-0.03300859919324433,-0.04290333190080773,-0.05115482338643423,-0.03481125810914632
-0.21750000000000003,1.3000344376142694,0.8313635051376825,-0.03290472188933381,-0.042902810780378046,-0.0512225403092013,-0.03494928883407841
-0.21250000000000002,1.302452882615647,0.8322590223731907,-0.0328033884244599,-0.04290489858917582,-0.05129244990512944,-0.03508848335700052
-0.20750000000000002,1.3048384033413827,0.8332211415495774,-0.03270463763544946,-0.042909582525101256,-0.051364535865763034,-0.035228808698305816
-0.2025,1.3071906010658485,0.8342495322319406,-0.03260850577381017,-0.042916848197094556,-0.05143878046134514,-0.035370230952299395
-0.1975,1.3095090977968558,0.8353438195548627,-0.032515026546677504,-0.04292667967573492,-0.05151516456518317,-0.03551271530524748
-0.1925,1.3117935355420294,0.8365035853798396,-0.0324242311623869,-0.04293905954375447,-0.05159366767840884,-0.035656226053345494
-0.1875,1.314043575572672,0.8377283694671358,-0.0323361483802519,-0.04295396894633744,-0.0516742679550617,-0.03580072662056217
-0.1825,1.316258897687969,0.8390176706581743,-0.03225080456413479,-0.04297138764108505,-0.0517569422274306,-0.03594617957632309
-0.1775,1.3184391994821663,0.8403709480648194,-0.0321682237394031,-0.04299129404753599,-0.051841666031590745,-0.03609254665300069
-0.1725,1.320584195617129,0.8417876222621123,-0.03208842765287544,-0.04301366529614221,-0.051928413633077576,-0.036239788763182984
-0.16749999999999998,1.3226936171024797,0.8432670764812338,-0.0320114358353704,-0.04303847727660954,-0.05201715805264319,-0.03638786601669799
-0.16249999999999998,1.3247672105852928,0.8448086577996984,-0.03193726566648537,-0.043065704685520956,-0.052107871092043886,-0.036536737737374064
-0.15749999999999997,1.3268047376511312,0.8464116783259836,-0.03186593244124589,-0.04309532107316949,-0.052200523359811256,-0.036686362479521666
-0.15249999999999997,1.328805974137997,0.8480754163760222,-0.03179744943828118,-0.04312729888953633,-0.052295084296962974,-0.036836698044125114
-0.14749999999999996,1.330770709464594,0.8497991176391789,-0.03173182798919691,-0.0431616095293568,-0.052391522202611764,-0.03698770149473658
-0.14249999999999996,1.3326987459741089,0.8515819963315401,-0.03166907754883315,-0.04319822337622555,-0.05248980425943556,-0.03713932917306829
-0.13749999999999996,1.3345898982945463,0.8534232363345413,-0.03160920576611245,-0.04323710984569888,-0.052589896558974135,-0.03729153671428184
-0.13249999999999995,1.3364439927164955,0.8553219923171406,-0.031552218555199525,-0.043278237427358854,-0.05269176412672038,-0.03744427906197637
-0.12749999999999995,1.3382608665890496,0.8572773908399298,-0.03149812016671244,-0.04332157372581064,-0.05279537094697804,-0.0375975104828803
-0.12250000000000005,1.3400403677344552,0.859288531439753,-0.03144691325874191,-0.043367085500590666,-0.05290067998746,-0.037751184581253816
-0.11750000000000005,1.3417823538819393,0.8613544876935616,-0.03139859896745285,-0.043414738704968,-0.05300765322360427,-0.03790525431301135
-0.11250000000000004,1.3434866921210338,0.8634743082604048,-0.03135317697705969,-0.04346449852362813,-0.05311625166258729,-0.03805967199957585
-0.10750000000000004,1.3451532583746089,0.8656470179005937,-0.031310645588983145,-0.04351632940923137,-0.05322643536701661,-0.038214389341478014
-0.10250000000000004,1.3467819368917173,0.8678716184712357,-0.03127100179001339,-0.04357019511784484,-0.05333816347828842,-0.038369357431716274
-0.09750000000000003,1.3483726197602626,0.8701470898974581,-0.031234241319319525,-0.04362605874324905,-0.053451394239596495,-0.038524526768893654
-0.09250000000000003,1.3499252064394112,0.8724723911187803,-0.031200358734161257,-0.04368388275012592,-0.053566085018582614,-0.038679847270150704
-0.08750000000000002,1.3514396033115985,0.8748464610102059,-0.031169347474173235,-0.043743629006137486,-0.05368219232962046,-0.03883526828391352
-0.08250000000000002,1.352915723253909,0.8772682192777282,-0.03114119992410654,-0.043805258812908386,-0.053799671855726934,-0.038990738602477995
-0.07750000000000001,1.3543534852285433,0.8797365673280474,-0.03111590747492514,-0.04386873293592791,-0.05391847847009754,-0.03914620647445253
-0.07250000000000001,1.355752813892039,0.8822503891123858,-0.031093460583168444,-0.04393401163339098,-0.05403856625726451,-0.03930161961708158
-0.0675,1.3571136392228653,0.8848085519444031,-0.031073848828502042,-0.0440010546839985,-0.05415988853387814,-0.0394569252284747
-0.0625,1.3584358961669676,0.8874099072922809,-0.031057060969391127,-0.04406982141374151,-0.05428239786911395,-0.039612069999765256
-0.057499999999999996,1.359719524300807,0.8900532915451338,-0.031043084996840855,-0.04414027072169433,-0.05440604610471083,-0.03976700012722449
-0.05249999999999999,1.360964467511416,0.892737526753976,-0.031031908186158124,-0.044212361104844555,-0.054530784374646056,-0.03992166132435743
-0.04749999999999999,1.3621706736929666,0.8954614213475482,-0.031023517146698085,-0.04428605068198868,-0.054656563124456506,-0.04007599883400689
-0.04249999999999998,1.3633380944593232,0.8982237708233615,-0.031017897869567563,-0.04436129721672472,-0.054783332130215676,-0.04022995744049408
-0.03749999999999998,1.3644666848720592,0.9010233584143809,-0.031015035773264765,-0.044438058139573335,-0.05491104051717934,-0.040383481481822844
-0.03249999999999997,1.365556403183388,0.9038589557318242,-0.031014915747241877,-0.044516290569260694,-0.055039636778113125,-0.0405365148619768
-0.02749999999999997,1.366607210593464,0.9067293233845927,-0.03101752219338374,-0.04459595133319791,-0.055169068791318145,-0.04068900106333865
-0.022499999999999964,1.3676190710215126,0.9096332115759121,-0.0310228390654017,-0.04467699698719157,-0.05529928383837193,-0.04084088315926105
-0.01749999999999996,1.3685919508902447,0.9125693606777734,-0.03103084990614614,-0.044759383834421455,-0.05543022862160315,-0.04099210382681946
-0.012499999999999956,1.3695258189230157,0.915536501783835,-0.031041537882846807,-0.044843067943722455,-0.055561849281321234,-0.04114260535977751
-0.007499999999999951,1.370420645953204,0.91853335724145,-0.031054885820293632,-0.04492800516720731,-0.05569409141282298,-0.04129232968179664
-0.0024999999999999467,1.3712764047452903,0.9215586411635303,-0.031070876231974336,-0.04501415115726838,-0.05582690008319909,-0.04144121835992091
0.0024999999999999467,1.3720930698271303,0.9246110599209791,-0.03108949134918832,-0.04510146138299599,-0.05596021984796679,-0.04158921261836976
0.007500000000000062,1.3728706173329295,0.9276893126164522,-0.031110713148159205,-0.04518989114605247,-0.05609399476755426,-0.041736253352671254
0.012499999999999956,1.3736090248564474,0.9307920915402169,-0.03113452337516994,-0.04527939559603966,-0.05622816842366525,-0.041882281144168754
0.01750000000000007,1.3743082713139738,0.9339180826089217,-0.03116090356974737,-0.0453699297453997,-0.056362683935553305,-0.04202723627493504
0.022499999999999964,1.3749683368166354,0.9370659657880717,-0.031189835085923608,-0.04546144848388711,-0.05649748397623591,-0.042171058743127446
0.02750000000000008,1.3755892025516192,0.9402344154990604,-0.03122129911160324,-0.045553906592652245,-0.05663251078868115,-0.042313688278819
0.03249999999999997,1.3761708506719095,0.9434221010115786,-0.03125527668606642,-0.0456472587579742,-0.05676770620199948,-0.042455064360340196
0.03750000000000009,1.3767132641941684,0.9466276868222749,-0.03129174871563801,-0.045741459584683314,-0.056903011647675854,-0.042595126231167416
0.04249999999999998,1.3772164269044034,0.9498498330205163,-0.03133069598755379,-0.04583646360931113,-0.05703836817587709,-0.042733812917392984
0.0475000000000001,1.377680323271091,0.9530871956421328,-0.03137209918205473,-0.0459322253130082,-0.05717371647187219,-0.0428710632458142
0.05249999999999999,1.3781049383654518,0.9563384270120219,-0.031415938882740066,-0.04602869913426718,-0.05730899687260276,-0.043006815862677066
0.05750000000000011,1.378490257788596,0.9596021760765016,-0.031462195585209934,-0.04612583948149082,-0.057444149383443145,-0.0431410092531123
0.0625,1.3788362676052737,0.96287708872631,-0.031510849704028086,-0.04622360074544289,-0.05757911369518994,-0.04327358176130102
0.0674999999999999,1.3791429542840072,0.9661618081111404,-0.03156188157803434,-0.04632193731162064,-0.05771382920132219,-0.043404471611407314
0.07250000000000001,1.3794103046433888,0.9694549749466327,-0.03161527147403615,-0.04642080357258625,-0.057848235015574005,-0.043533616929316045
0.0774999999999999,1.379638305804361,0.9727552278147069,-0.03167099958890778,-0.046520153940295884,-0.05798226998986249,-0.04366095576521398
0.08250000000000002,1.379826945148329,0.9760612034581673,-0.03172904605012518,-0.04661994285846251,-0.05811587273261451,-0.043786426117051955
0.08749999999999991,1.3799762102809598,0.9793715370704836,-0.03178939091476339,-0.04672012481499084,-0.058248981627537125,-0.04390996595492719
0.09250000000000003,1.380086089001579,0.9826848625816664,-0.03185201416698322,-0.046820654354519875,-0.058381534852875915,-0.04403151324642332
0.09749999999999992,1.3801565692780642,0.9859998129411524,-0.03191689571403236,-0.04692148609111008,-0.058513470401207766,-0.044151005982946856
0.10250000000000004,1.380187639227198,0.9893150203986263,-0.031984015380785824,-0.047022574721110606,-0.05864472609981396,-0.0442683822070981
0.10749999999999993,1.3801792871004424,0.9926291167836977,-0.03205335290285004,-0.0471238750362413,-0.058775239631680104,-0.04438358004111387
0.11250000000000004,1.380131501275134,0.9959407337853561,-0.03212488791825353,-0.04722534193692525,-0.05890494855717054,-0.04449653771641992
0.11749999999999994,1.3800442702511257,0.9992485032321331,-0.0321985999577473,-0.04732693044590446,-0.05903379033642374,-0.04460719360432983
0.12250000000000005,1.3799175826529222,1.0025510573738927,-0.032274468433737005,-0.04742859572217338,-0.05916170235251742,-0.04471548624792649
0.12749999999999995,1.37975142723739,1.0058470291661854,-0.03235247262786871,-0.04753029307526159,-0.05928862193544981,-0.044821354395161606
0.13250000000000006,1.379545792907145,1.0091350525580793,-0.03243259167728978,-0.0476319779798982,-0.05941448638698537,-0.04492473703320807
0.13749999999999996,1.379300668729742,1.012413762784418,-0.03251480455960628,-0.04773360609108881,-0.05953923300641237,-0.045025573424098436
0.14250000000000007,1.3790160439628343,1.0156817966634109,-0.03259909007655805,-0.04783513325963443,-0.05966279911725903,-0.04512380314168171
0.14749999999999996,1.3786919080854767,1.0189377929005015,-0.03268542683643302,-0.04793651554812159,-0.05978512209501522,-0.04521936610992905
0.15250000000000008,1.3783282508357906,1.0221803923994375,-0.03277379323524274,-0.048037709247411575,-0.05990613939590568,-0.0453122026426178
0.15749999999999997,1.3779250622552266,1.025408238581461,-0.032864167436680955,-0.04813867089365464,-0.0600257885867599,-0.045402253484420396
0.1625000000000001,1.3774823327396886,1.0286199777135576,-0.03295652735088881,-0.048239357285854954,-0.06014400737602295,-0.04548945985342383
0.16749999999999998,1.3770000530978128,1.0318142592466815,-0.03305085061205034,-0.0483397255040095,-0.060260733645950804,-0.04557376348510193
0.1725000000000001,1.376478214616723,1.0349897361648739,-0.03314711455484372,-0.04843973292784343,-0.06037590548603101,-0.04565510667776054
0.1775,1.3759168091356004,1.0381450653462023,-0.03324529618977482,-0.04853933725616204,-0.06048946122766995,-0.045733432339473155
0.1825000000000001,1.3753158291274508,1.0412789079364264,-0.033345372177421756,-0.04863849652683785,-0.06060133948018424,-0.04580868403652052
0.1875,1.374675267789458,1.0443899297363006,-0.03344731880162065,-0.04873716913744965,-0.0607114791681327,-0.04588080604334497
0.1924999999999999,1.3739951191423523,1.047476801603412,-0.03355111194162571,-0.048835313866587786,-0.06081981957002308,-0.04594974339402656
0.1975,1.3732753781392442,1.0505381998694583,-0.033656727043279176,-0.04893288989583797,-0.060926300358424564,-0.04601544193528311
0.2024999999999999,1.3725160407843955,1.0535728067738337,-0.03376413908922946,-0.04902985683245301,-0.061030861641514576,-0.04607784838099294
0.20750000000000002,1.371717104262426,1.0565793109144082,-0.033873322568239425,-0.049126174732720164,-0.06113344400608493,-0.046136910368233426
0.2124999999999999,1.3708785670784802,1.0595564077163646,-0.03398425144363054,-0.049221804126027766,-0.06123398856202915,-0.04619257651482417
0.21750000000000003,1.3700004292098926,1.0625027999199197,-0.034096899120912266,-0.04931670603963281,-0.061332436988328395,-0.04624479647835699
0.22249999999999992,1.3690826922699204,1.065417198087784,-0.034211238414651096,-0.04941084202412759,-0.06142873158054976,-0.04629352101669067
0.22750000000000004,1.3681253596841234,1.0682983211331551,-0.03432724151463784,-0.04950417417960003,-0.0615228152998656,-0.046338702049880345
0.23249999999999993,1.3671284368799939,1.0711448968690336,-0.03444487995141757,-0.04959666518247894,-0.06161463182359812,-0.04638029272350665
0.23750000000000004,1.3660919314904516,1.0739556625796312,-0.034564124561251665,-0.04968827831305177,-0.06170412559728737,-0.04641824747336074
0.24249999999999994,1.3650158535718349,1.0767293656146033,-0.034684945450588305,-0.049778977483638,-0.06179124188827582,-0.046452522091436355
0.24750000000000005,1.3639002158370273,1.0794647640068014,-0.03480731196012273,-0.04986872726739768,-0.061875926840795556,-0.04648307379316966
0.25249999999999995,1.362745033904368,1.0821606271142337,-0.034931192628537194,-0.04995749292775008,-0.06195812753253909,-0.04650986128586165
0.25750000000000006,1.3615503265629996,1.0848157362868371,-0.03505655515601608,-0.05004524044837253,-0.062037792032685425,-0.04653284483820857
0.26249999999999996,1.3603161160553074,1.0874288855586756,-0.03518336636764035,-0.0501319365637448,-0.06211486946134814,-0.04655198635085615
0.26750000000000007,1.3590424283771017,1.089998882366071,-0.03531159217677263,-0.05021754879020012,-0.06218931005040231,-0.046567249427886086
0.27249999999999996,1.3577292935961844,1.0925245482921817,-0.03544119754855335,-0.05030204545743774,-0.062261065205640384,-0.046578599449131744
0.2775000000000001,1.3563767461899372,1.0950047198384307,-0.035572146463635886,-0.050385395740447286,-0.06233008757019694,-0.04658600364321166
0.2825,1.354984825402541,1.097438249223166,-0.03570440188229854,-0.050467569691789414,-0.0623963310891745,-0.04658943116115835
0.2875000000000001,1.35355357562242,1.099824005207824,-0.03583792570907945,-0.0505485382741714,-0.06245975107539204,-0.04658885315051037
0.2925,1.3520830467804752,1.1021608739508384,-0.035972678758090404,-0.05062827339325138,-0.0625203042761687,-0.04658424282972414
0.2975000000000001,1.3505732947696267,1.1044477598894034,-0.036108620719174735,-0.05070674793059802,-0.06257794894104417,-0.04657557556275239
0.3025,1.3490243818861563,1.1066835866491578,-0.036245710125084096,-0.05078393577672701,-0.06263264489032774,-0.04656282893362402
0.3075000000000001,1.347436377293275,1.1088672979817227,-0.03638390431985844,-0.05085981186412969,-0.06268435358435558,-0.04654598282085024
0.3125,1.3458093575072927,1.1109978587299447,-0.036523159428603284,-0.050934352200203155,-0.06273303819332662,-0.046525019471470606
0.3174999999999999,1.3441434069066953,1.1130742558205744,-0.03666343032886719,-0.05100753389998475,-0.06277866366757384,-0.04649992357454088
0.3225,1.3424386182643495,1.1150954992839934,-0.036804670623832705,-0.05107933521858873,-0.06282119680811844,-0.046470682333855866
0.3274999999999999,1.3406950933029878,1.1170606233004703,-0.036946832617541565,-0.05114973558323548,-0.06286060633734097,-0.04643728553968706
0.3325,1.338912943274005,1.1189686872722948,-0.03708986729238456,-0.05121871562475981,-0.06289686296959285,-0.04639972563930723
0.3374999999999999,1.3370922895595097,1.120818776920994,-0.037233724289093745,-0.05128625720847792,-0.06292993948155945,-0.046357997806062305
0.3425,1.335233264297445,1.122610005408672,-0.03737835188948247,-0.05135234346428751,-0.06295981078217493,-0.04631210000674236
0.3474999999999999,1.3333360110294645,1.124341514482359,-0.037523697002184594,-0.05141695881587089,-0.06298645398187674,-0.046262033066994
0.35250000000000004,1.331400685371113,1.1260124756400811,-0.037669705151650856,-0.05148008900886601,-0.06300984846097764,-0.04620780073450854
0.35749999999999993,1.3294274557037,1.1276220913171833,-0.03781632047066352,-0.05154172113786577,-0.06302997593692067,-0.046149409739712315
0.36250000000000004,1.3274165038870962,1.1291695960912396,-0.03796348569663506,-0.05160184367210279,-0.06304682053017463,-0.04608686985367921
0.36749999999999994,1.325368025992504,1.130654257903701,-0.03811114217195779,-0.051660446479672814,-0.06306036882851501,-0.04602019394297928
0.37250000000000005,1.3232822330540661,1.1320753792962102,-0.038259229848671895,-0.051717520850148156,-0.0630706099494284,-0.04594939802117255
0.37749999999999995,1.3211593518379727,1.133432298659304,-0.03840768729771792,-0.051773059515429466,-0.06307753560036888,-0.04587450129665414
0.38250000000000006,1.318999625627525,1.1347243914910103,-0.03855645172303689,-0.05182705666868435,-0.0630811401365882,-0.04579552621655366
0.38749999999999996,1.3168033150223832,1.135951071662602,-0.038705458980775716,-0.051879507981219576,-0.06308142061625448,-0.04571249850639182
0.39250000000000007,1.3145706987500085,1.1371117926885552,-0.03885464360384804,-0.051930410617135096,-0.06307837685256973,-0.04562544720519718
0.39749999999999996,1.312302074487055,1.1382060489974972,-0.039003938832091356,-0.0519797632456091,-0.06307201146259182,-0.04553440469578815
0.4025000000000001,1.3099977596882375,1.1392333772007193,-0.03915327664824844,-0.052027566050665996,-0.06306232991246433,-0.04543940672993001
0.4075,1.307658092419933,1.1401933573545464,-0.03930258781998682,-0.0520738207382828,-0.06304934055875717,-0.04534049244808136
0.4125000000000001,1.3052834321955318,1.1410856142126442,-0.03945180194815198,-0.05211853054069412,-0.06303305468562051,-0.045237704393452614
0.4175,1.302874160809282,1.141909818464079,-0.039600847521429804,-0.05216170021776163,-0.06301348653745775,-0.045131088520108574
0.4225000000000001,1.3004306831651185,1.1426656879527064,-0.03974965197757039,-0.05220333605528174,-0.06299065334682749,-0.045020694194858095
0.4275,1.2979534280967033,1.143352988873232,-0.03989814177129903,-0.0522434458601126,-0.06296457535728997,-0.04490657419268801
0.4325000000000001,1.2954428491746544,1.1439715369390462,-0.04004624244901099,-0.052282038952012284,-0.06293527584092332,-0.04478878468551365
0.4375,1.2928994254966844,1.1445211985167296,-0.04019387873031425,-0.052319126152090306,-0.06290278111024294,-0.04466738522403563
0.4424999999999999,1.290323662456136,1.1450018917218863,-0.0403409745964495,-0.05235471976778721,-0.06286712052427292,-0.044542438712513184
0.4475,1.2877160924841784,1.1454135874707982,-0.04048745338557844,-0.052388833574310754,-0.06282832648853012,-0.04441401137628495
0.4524999999999999,1.2850772757607005,1.1457563104821842,-0.040633237894890664,-0.05242148279247179,-0.06278643444870168,-0.04428217272189279
0.4575,1.282407800888772,1.1460301402232078,-0.04077825048943609,-0.0524526840628788,-0.06274148287781263,-0.044146995489689
0.4624999999999999,1.2797082855273472,1.1462352117937304,-0.04092241321754464,-0.05248245541646813,-0.06269351325670565,-0.04400855559883596
0.4675,1.2769793769767612,1.1463717167426974,-0.04106564793264622,-0.052510816241364215,-0.0626425700476749,-0.04386693208463497
0.4724999999999999,1.2742217527114503,1.146439903810471,-0.04120787642125553,-0.052537787246084114,-0.0625887006611245,-0.04372220702815362
0.47750000000000004,1.271436120854247,1.1464400795908622,-0.04134902053683471,-0.05256339041912056,-0.06253195541514855,-0.0435744654781518
0.48249999999999993,1.2686232205865609,1.146372609106615,-0.041489002339194725,-0.05258764898495823,-0.06247238748795964,-0.04342379536534105
0.48750000000000004,1.2657838224887559,1.146237916292114,-0.04162774423904447,-0.05261058735660038,-0.062410052863124406,-0.04327028740904614
0.49249999999999994,1.262918728805076,1.1460364843771615,-0.04176516914724284,-0.052632231084703225,-0.06234501026759676,-0.04311403501637331
0.49750000000000005,1.2600287736275633,1.1457688561657868,-0.04190120062825843,-0.05265260680343957,-0.06227732110257556,-0.042955134174026195
0.5025,1.2571148229935503,1.1454356342041965,-0.0420357630572884,-0.05267174217323353,-0.0622070493672467,-0.04279368333294622
0.5075000000000001,1.2541777748915066,1.1450374808322163,-0.042168781780440145,-0.052689665820531015,-0.06213426157550705,-0.04262978328599138
0.5125,1.2512185591702607,1.1445751181128065,-0.04230018327733099,-0.05270640727479206,-0.06205902666580492,-0.04246353703890377
0.5175000000000001,1.2482381373469227,1.1440493276345818,-0.042429895325416925,-0.05272199690291231,-0.0619814159042677,-0.04229504967485191
0.5225,1.2452375023092006,1.1434609501826147,-0.04255784716532053,-0.05273646584130013,-0.06190150278132567,-0.042124428212869325
0.5275000000000001,1.2422176779082033,1.1428108852732504,-0.042683969666390945,-0.052749845925856166,-0.061819362902076944,-0.04195178146054529
0.5325,1.2391797184383155,1.1421000905491239,-0.04280819549169652,-0.05276216962011834,-0.061735073870674784,-0.041777219861355734
0.5375000000000001,1.2361247080012432,1.141329581031133,-0.042930459261624386,-0.05277346994185339,-0.06164871516905426,-0.04160085533705432
0.5425,1.2330537597519153,1.1405004282246938,-0.04305069771523949,-0.05278378038838788,-0.06156036803034855,-0.04142280112557274
0.5475000000000001,1.2299680150245589,1.1396137590782485,-0.04316884986854126,-0.05279313486098667,-0.06147011530737706,-0.04124317161490594
0.5525,1.226868642337943,1.1386707547927053,-0.0432848571687484,-0.05280156758859492,-0.06137804133661822,-0.041062082173483457
0.5575000000000001,1.2237568362795022,1.137672649481195,-0.043398663643741175,-0.05280911305126929,-0.061284231798107824,-0.04087964897754955
0.5625,1.2206338162688157,1.1366207286793393,-0.04351021604579806,-0.05281580590362807,-0.061188773571727896,-0.0406959888360938
0.5674999999999999,1.2175008252016954,1.1355163277069975,-0.04361946398877786,-0.05282168089865359,-0.061091754590375115,-0.04051121901389046
0.5725,1.214359127976955,1.134360829883336,-0.04372636007792046,-0.052826772812180615,-0.06099326369051556,-0.040325457053217176
0.5774999999999999,1.2112100099087542,1.1331556645978962,-0.04383086003147092,-0.0528311163684008,-0.06089339046064972,-0.040138820594833556
0.5825,1.2080547750282529,1.1319023052412178,-0.04393292279336793,-0.05283474616670903,-0.06079222508822358,-0.03995142719880556
0.5874999999999999,1.2048947442791327,1.130602266999483,-0.04403251063628515,-0.05283769661020885,-0.06068985820553128,-0.03976339416576498
0.5925,1.2017312536123888,1.1292571045184805,-0.04412958925436571,-0.05284000183618275,-0.06058638073515845,-0.03957483835919136
0.5974999999999999,1.1985656519865768,1.1278684094431068,-0.044224127845050046,-0.05284169564882102,-0.060481883735519194,-0.03938587602929956
0.6025,1.195399299280496,1.1264378078394426,-0.04431609917946408,-0.05284281145448532,-0.06037645824703532,-0.03919662263910857
0.6074999999999999,1.1922335641260238,1.1249669575072763,-0.04440547966090609,-0.05284338219976598,-0.06027019513950163,-0.03900719269325429
0.6125,1.1890698216695055,1.123457545191736,-0.04449224937104739,-0.05284344031257098,-0.06016318496117108,-0.038817699570095954
0.6174999999999999,1.1859094512707558,1.1219112837034197,-0.04457639210354368,-0.05284301764646195,-0.060055517790080296,-0.03862825535764605
0.6225,1.1827538341492854,1.1203299089571144,-0.044657895384837845,-0.05284214542842942,-0.05994728308812006,-0.03843897069383418
0.6275,1.179604350987888,1.1187151769397892,-0.044736750482022206,-0.052840854210272445,-0.059838569558334775,-0.038249954611590156
0.6325000000000001,1.1764623795041358,1.1170688606191335,-0.04481295239771657,-0.05283917382372297,-0.059729465005913356,-0.038061314389206034
0.6375,1.1733292920006797,1.1153927468043434,-0.04488649985200745,-0.05283713333942607,-0.05962005620330764,-0.037873155406407386
0.6425000000000001,1.1702064529055047,1.1136886329712798,-0.04495739525158189,-0.052834761029860663,-0.059510428759887816,-0.03768558100653373
0.6475,1.1670952163134476,1.1119583240644062,-0.04502564464627715,-0.05283208433625631,-0.05940066699651375,-0.037498692365194715
0.6525000000000001,1.1639969235403562,1.1102036292881141,-0.045091257673350836,-0.052829129839534125,-0.05929085382536982,-0.03731258836573459
0.6575,1.160912900701236,1.1084263589001675,-0.04515424748985824,-0.05282592323527225,-0.05918107063537824,-0.03712736548180198
0.6625000000000001,1.1578444563236021,1.106628321019998,-0.04521463069359946,-0.052822489312669314,-0.059071397183470764,-0.036943117667284975
0.6675,1.154792879007039,1.1048113184645045,-0.045272427233171944,-0.052818851937454295,-0.05896191149196522,-0.036759936253834884
0.6725000000000001,1.1517594351396538,1.1029771456238204,-0.045327660307728675,-0.05281503403866553,-0.05885268975225648,-0.036577909856163646
0.6775,1.1487453666817087,1.1011275853892315,-0.04538035625710315,-0.05281105759920017,-0.058743806234997045,-0.03639712428526259
0.6825000000000001,1.1457518890262324,1.099264406145071,-0.045430544443013664,-0.05280694365001309,-0.05863533320690649,-0.036217662469652384
0.6875,1.1427801889458518,1.0973893588359331,-0.04547825712210559,-0.05280271226782543,-0.05852734085431454,-0.0360396043847365
0.6924999999999999,1.1398314226344495,1.0955041741200284,-0.045523529311627536,-0.05279838257618592,-0.05841989721350776,-0.035863026990294714
0.6975,1.1369067138515583,1.093610559618874,-0.04556639864856651,-0.052793972749712724,-0.058313068107917636,-0.03568800417611648
0.7024999999999999,1.1340071521766537,1.091710197272827,-0.04560690524308951,-0.05278950002133133,-0.058206917092154774,-0.0355146067157404
0.7075,1.131133791379717,1.089804740811227,-0.04564509152715209,-0.05278498069231287,-0.05810150540286398,-0.03534290222823206
0.7124999999999999,1.1282876479136048,1.0878958133451109,-0.045681002099140514,-0.052780430144909594,-0.05799689191634571,-0.035172955147901246
0.7175,1.1254696995329088,1.0859850050896147,-0.045714683565411876,-0.05277586285737801,-0.057893133112861414,-0.03500482670182908
0.7224999999999999,1.1226808840431148,1.0840738712223168,-0.04574618437958848,-0.05277129242117658,-0.057790283047515954,-0.034838574895047596
0.7275,1.119922098182994,1.0821639298828605,-0.04577555468044494,-0.052766731560123036,-0.05768839332758516,-0.03467425450318771
0.7324999999999999,1.1171941966422783,1.0802566603182857,-0.04580284612920623,-0.052762192151297425,-0.05758751309613537,-0.03451191707238705
0.7375,1.1144979912158097,1.0783535011775807,-0.04582811174704454,-0.0527576852474783,-0.057487689021762496,-0.034351610926227225
0.7424999999999999,1.1118342500945044,1.0764558489580458,-0.045851405753530555,-0.05275322110090422,-0.05738896529425908,-0.034193381179449034
0.7475,1.1092036972926567,1.0745650566051488,-0.0458727834067559,-0.052748809188158365,-0.057291383626003396,-0.03403726975817722
0.7525,1.106607012210326,1.072682432266681,-0.04589230084580135,-0.052744458235979744,-0.05719498325884914,-0.03388331542636927
0.7575000000000001,1.104044829328805,1.0708092382011396,-0.0459100149361797,-0.05274017624781468,-0.05709980097628395,-0.0337315538181899
0.7625,1.1015177380364767,1.0689466898394693,-0.04592598311883386,-0.05273597053092914,-0.05700587112061319,-0.03358201747600096
0.7675000000000001,1.0990262825817336,1.06709595499847,-0.04594026326322092,-0.05273184772391353,-0.05691322561491761,-0.033434735893646615
0.7725,1.0965709621490491,1.0652581532434655,-0.04595291352496141,-0.05272781382442129,-0.05682189398952619,-0.03328973556470657
0.7775000000000001,1.0941522310537815,1.0634343553970802,-0.045963992208480686,-0.052723874216992275,-0.05673190341273943,-0.033147040035383636
0.7825,1.0917704990508554,1.0616255831903554,-0.04597355763501855,-0.05272003370082253,-0.05664327872553289,-0.03300666996168831
0.7875000000000001,1.0894261317521088,1.0598328090517544,-0.04598166801633264,-0.052716296517350325,-0.05655604247996689,-0.03286864317057957
0.7925,1.0871194511468334,1.0580569560290423,-0.045988381334372504,-0.0527126663775354,-0.0564702149810222,-0.032732974724719505
0.7975000000000001,1.084850736219886,1.0562988978384098,-0.045993755227156444,-0.05270914648871344,-0.056385814331576044,-0.03259967699049841
0.8025,1.0826202236617264,1.054559459034624,-0.04599784688104216,-0.05270573958090839,-0.0563028564802237,-0.03246875970898474
0.8075000000000001,1.080428108664868,1.0528394152953486,-0.046000712929546286,-0.05270244793248025,-0.05622135527163906,-0.03234023006945336
0.8125,1.0782745458015597,1.0511394938120708,-0.04600240935884106,-0.05269927339497588,-0.05614132249914894,-0.03221409278514175
0.8174999999999999,1.07615964997806,1.0494603737792472,-0.0460029914200349,-0.05269621741702685,-0.05606276795917017,-0.032090350170877274
0.8225,1.0740834974616906,1.0478026869723072,-0.046002513548337086,-0.05269328106710737,-0.05598569950712273,-0.03196900222221135
0.8274999999999999,1.0720461269780113,1.0461670184039236,-0.046001029289208475,-0.05269046505491571,-0.05591012311438204,-0.031850046695681054
0.8325,1.070047540876954,1.044553907046525,-0.0459985912316186,-0.052687769751077945,-0.05583604292577071,-0.03173347918980248
0.8374999999999999,1.0680877063686627,1.0429638466072166,-0.04599525094856062,-0.052685195204788,-0.055763461317008704,-0.031619293226376806
0.8425,1.0661665568320693,1.0413972863392067,-0.045991058945020175,-0.05268274115889355,-0.05569237895144297,-0.031507480331663125
0.8474999999999999,1.064283993201881,1.0398546318714887,-0.04598606461365194,-0.052680407061815836,-0.05562279483526866,-0.03139803011694462
0.8525,1.0624398854425205,1.0383362460359435,-0.04598031619847698,-0.05267819207555482,-0.05555470637033116,-0.031290930357986246
0.8574999999999999,1.0606340741204803,1.0368424496685338,-0.04597386076697424,-0.05267609507889491,-0.05548810940348287,-0.03118616707286372
0.8625,1.0588663720892086,1.0353735223589704,-0.045966744190980714,-0.0526741146647968,-0.055422998271366326,-0.031083724597637728
0.8674999999999999,1.0571365663026233,1.0339297031217136,-0.04595901113682362,-0.052672249130868945,-0.055359365839432864,-0.030983585659367926
0.8725,1.0554444197741288,1.0325111909607843,-0.04595070506506271,-0.05267049646177493,-0.055297203534009375,-0.0308857314460177
0.8775,1.0537896736969543,1.0311181453023657,-0.045941868240096724,-0.0526688543024909,-0.05523650136632381,-0.030790141672905818
0.8825000000000001,1.0521720497380926,1.0297506862731074,-0.04593254174966262,-0.05266731992150911,-0.05517724794762875,-0.030696794645527443
0.8875,1.0505912525114183,1.0284088948091301,-0.04592276553390626,-0.05266589016342745,-0.055119430494951306,-0.030605667318802564
0.8925000000000001,1.049046972225228,1.0270928125914431,-0.04591257842321578,-0.05266456139089747,-0.05506303482757034,-0.03051673535311903
0.8975,1.0475388874851606,1.025802441818124,-0.04590201818338171,-0.052663329416639544,-0.05500804535509055,-0.030429973167915653
0.9025000000000001,1.0460666682153834,1.0245377448420558,-0.04589112156589404,-0.05266218942717368,-0.05495444505893527,-0.030345353993983117
0.9075,1.0446299786396407,1.0232986437246974,-0.0458799243603462,-0.05266113590102517,-0.05490221547018305,-0.03026284992612005
0.9125000000000001,1.04322848024054,1.0220850197800355,-0.04586846144504531,-0.052660162525388673,-0.05485133664785819,-0.030182431978226117
0.9175,1.0418618345920916,1.0208967132067768,-0.04585676683111626,-0.052659262116485174,-0.05480178716296309,-0.030104070143297388
0.9225000000000001,1.040529705939527,1.0197335229284337,-0.045844873694728935,-0.05265842655000435,-0.054753544094597505,-0.0300277334610531
0.9275,1.0392317633846515,1.0185952067775383,-0.045832814391679105,-0.05265764670899071,-0.05470658304536652,-0.029953390096043205
0.9325000000000001,1.0379676825275612,1.0174814821684928,-0.0458206204484649,-0.05265691245726715,-0.05466087818398689,-0.029881007429116854
0.9375,1.036737146419394,1.0163920274007998,-0.04580832252412361,-0.05265621264726998,-0.05461640232411004,-0.029810552165443625
0.9424999999999999,1.0355398456982936,1.015326483718005,-0.0457959503368198,-0.0526555351732342,-0.054573127052032336,-0.029741990464260272
0.9475,1.0343754778134377,1.0142844582163502,-0.04578353254633106,-0.05265486708834037,-0.05453102292941953,-0.02967528810400091
0.9524999999999999,1.0332437452900762,1.0132655276506668,-0.04577109657098137,-0.05265419483182377,-0.05449005984411497,-0.02961041072791967
0.9575,1.0321443530514292,1.012269243125178,-0.045758668271970795,-0.05265350470439466,-0.05445020773893113,-0.029547324325567163
0.9624999999999999,1.0310770048919435,1.0112951355885547,-0.045746271284288306,-0.052652784031887584,-0.05441143846027933,-0.029485996483558007
0.9675,1.0300413993129336,1.0103427219993668,-0.045733925268872454,-0.05265202442650552,-0.05437373111987674,-0.029426400223738117
0.9724999999999999,1.029037225313172,1.009411512201321,-0.045721640726473764,-0.05265123164284017,-0.054337088648178954,-0.029368526590243284
0.9775,1.0280641617142705,1.0085010191929886,-0.045709402798875816,-0.0526504562533316,-0.05430158998383384,-0.029312426753747133
0.9824999999999999,1.027121914149223,1.00761080502159,-0.04569712052825991,-0.05264988915345443,-0.05426755449747782,-0.029258352975287737
0.9875,1.026210651735212,1.0067409170162351,-0.04568447661300492,-0.05265014822420714,-0.054236047807290605,-0.029207224041692414
0.9924999999999999,1.0253357577967084,1.0058965785036036,-0.045670589790300045,-0.052653010819964936,-0.05421030136164821,-0.029162087678638548
0.9975,1.0245593508936277,1.0051391310558784,-0.04565453533150451,-0.05266181224237362,-0.054198190812335366,-0.0291319023054602
