-0.9975,2.0,0.0,0.0,0.0,0.0,0.0,0.0
-0.9925,2.0,0.0,0.0,0.0,0.0,0.0,0.0
-0.9875,2.0,0.0,0.0,0.0,0.0,0.0,0.0
-0.9825,2.0,0.0,0.0,0.0,0.0,0.0,0.0
-0.9775,2.0,0.0,0.0,0.0,0.0,0.0,0.0
-0.9725,2.0,0.0,0.0,0.0,0.0,0.0,0.0
-0.9675,2.0,0.0,0.0,0.0,0.0,0.0,0.0
-0.9625,2.0,0.0,0.0,0.0,0.0,0.0,0.0
-0.9575,2.0,0.0,0.0,0.0,0.0,0.0,0.0
-0.9525,2.0,0.0,0.0,0.0,0.0,0.0,0.0
-0.9475,2.0,2.2624659495649783e-45,-1.3719439820689747e-46,-2.0962194474163126e-46,-2.4238047642394774e-46,-2.9585881116576737e-46,-2.658692786784076e-46
-0.9425,2.0,2.5193137512858303e-42,-1.5303076519640813e-43,-2.3376674100312768e-43,-2.702006196328416e-43,-3.297330538981046e-43,-2.9612955584643816e-43
-0.9375,2.0,2.4628707127943555e-39,-1.496376939973183e-40,-2.2857668604495396e-40,-2.6418843249999225e-40,-3.2238476162014605e-40,-2.8950522262615918e-40
-0.9325,2.0,8.682068348472704e-37,-5.293177541311661e-38,-8.081921094214424e-38,-9.334273708734267e-38,-1.1384620672135142e-37,-1.0210949167287175e-37
-0.9275,2.0,2.7115475086915724e-34,-1.6542648830686625e-35,-2.525623130972415e-35,-2.9165752861905187e-35,-3.5568759992930673e-35,-3.189369182458981e-35
-0.9225,2.0,7.774507880121976e-32,-4.745194996657804e-33,-7.24450444646908e-33,-8.365275325084616e-33,-1.0201412795363186e-32,-9.145539103538983e-33
-0.9175,2.0,9.943300022885092e-30,-6.117564246198736e-31,-9.330737779743487e-31,-1.0756471769582888e-30,-1.3102725069308404e-30,-1.1712124704497897e-30
-0.9125,2.0,1.0264681499392587e-27,-6.334382629573376e-29,-9.659316248401151e-29,-1.1129061360741492e-28,-1.3553008511048002e-28,-1.20992542088564e-28
-0.9075,2.0,9.913560052983014e-26,-6.115459517580422e-27,-9.33035205855439e-27,-1.0753840104320327e-26,-1.3104654989236357e-26,-1.1696758640790048e-26
-0.9025,2.0,2.2804126430858847e-23,-1.3798555698859736e-24,-2.1144864597689242e-24,-2.450517203869571e-24,-3.002605091310741e-24,-2.6984009694056796e-24
-0.8975,2.0,2.592695949584323e-21,-1.5527025446275129e-22,-2.390306567039443e-22,-2.785563726669804e-22,-3.4335608661831584e-22,-3.106060976728107e-22
-0.8925,2.0,2.5014953994601706e-19,-1.4111883080695148e-20,-2.2003250121083048e-20,-2.6184447742747807e-20,-3.2731732014645033e-20,-3.0647837201015e-20
-0.8875,2.0,2.1681734314891736e-17,-8.778340170201638e-19,-1.4044199973679576e-18,-1.766310369060968e-18,-2.2496044776213905e-18,-2.3214080497580466e-18
-0.8825000000000001,1.9999999999999998,1.9935885920720333e-16,-7.157833682770613e-18,-1.1464457927163123e-17,-1.4468154349313318e-17,-1.8429843043989463e-17,-1.9140626581231905e-17
-0.8775,1.9999999999999987,1.0140104808250753e-15,-3.749341129727862e-17,-5.991728995606841e-17,-7.524798218248899e-17,-9.572017036401519e-17,-9.862130530175994e-17
-0.8725,1.9999999999999933,4.6977816360110516e-15,-1.7889320638169106e-16,-2.854671242699309e-16,-3.573513174971912e-16,-4.541706806716427e-16,-4.654200416525421e-16
-0.8674999999999999,1.9999999999999711,2.0286602608831974e-14,-7.870072818666048e-16,-1.254593113035791e-15,-1.5671237708293662e-15,-1.9904134036449303e-15,-2.032436616797774e-15
-0.8625,1.9999999999998832,8.187904164206886e-14,-3.222444628008783e-15,-5.1323513783376875e-15,-6.398765364897771e-15,-8.122091461943954e-15,-8.267936180811886e-15
-0.8575,1.9999999999995577,3.102941315670738e-13,-1.2387632137756256e-14,-1.9711347256924066e-14,-2.4527982642032937e-14,-3.1113788220495565e-14,-3.157290650693281e-14
-0.8525,1.9999999999984184,1.1095966867419636e-12,-4.494835198348801e-14,-7.145324207779586e-14,-8.873667412042343e-14,-1.1248552204480472e-13,-1.1377298775418061e-13
-0.8475,1.9999999999946454,3.755931758395313e-12,-1.544352626172206e-13,-2.452537648675243e-13,-3.0394758591256897e-13,-3.85013056011831e-13,-3.8809741639272403e-13
-0.8425,1.999999999982798,1.2064808694167921e-11,-5.037171986917642e-13,-7.990913928062862e-13,-9.882004030325144e-13,-1.250789289818311e-12,-1.2563478517028417e-12
-0.8375,1.9999999999474358,3.686244137743466e-11,-1.5633006979522468e-12,-2.4772573272300486e-12,-3.0566650899803804e-12,-3.865689188088226e-12,-3.868554087589316e-12
-0.8325,1.9999999998468991,1.0735591261456385e-10,-4.626320127436113e-12,-7.322517199012527e-12,-9.014176780220923e-12,-1.1389925598385632e-11,-1.1354571833439569e-11
-0.8275,1.999999999574116,2.9860159477586973e-10,-1.3080277210244267e-11,-2.0678240841258475e-11,-2.5393758444156327e-11,-3.205614950293399e-11,-3.182861979543104e-11
-0.8225,1.999999998866523,7.9462760705457e-10,-3.53974972492407e-11,-5.588759359277684e-11,-6.845941245039382e-11,-8.633337629613936e-11,-8.536231080821662e-11
-0.8175,1.9999999971088798,2.0265847530045554e-09,-9.184006706283499e-11,-1.4480845633414473e-10,-1.7691733801730518e-10,-2.2286731680544619e-10,-2.1939912650393542e-10
-0.8125,1.999999992921743,4.961008344070746e-09,-2.2881048642374777e-10,-3.6026947447072494e-10,-4.3894953950125423e-10,-5.523160283884654e-10,-5.412435266039455e-10
-0.8075,1.9999999833419557,1.1673734226904095e-08,-5.482013284518093e-10,-8.618873648338542e-10,-1.047123036731239e-09,-1.315926384952376e-09,-1.2834052562068541e-09
-0.8025,1.9999999622644062,2.6440894837148563e-08,-1.2648015785335027e-09,-1.9854493741758004e-09,-2.404987506047988e-09,-3.0183401152660316e-09,-2.929091404500892e-09
-0.7975,1.9999999176116767,5.7720039534241215e-08,-2.8137564701156785e-09,-4.409749308093744e-09,-5.324988121449774e-09,-6.673484755439283e-09,-6.442431084751461e-09
-0.7925,1.9999998264218652,1.2158740882934318e-07,-6.0431853937892586e-09,-9.454684098299376e-09,-1.1380031917515823e-08,-1.4239988408828618e-08,-1.3672030918108148e-08
-0.7875,1.9999996467028403,2.4743594901711946e-07,-1.2544909425356249e-08,-1.9591274344621358e-08,-2.3501130080419996e-08,-2.9358668655627686e-08,-2.802681147808064e-08
-0.7825,1.9999993045299276,4.869971057282369e-07,-2.5198504165136435e-08,-3.927731288706756e-08,-4.6949620616077805e-08,-5.854717867848828e-08,-5.555692913969277e-08
-0.7775,1.9999986745398566,9.279741529034254e-07,-4.9028698344317806e-08,-7.62683473110515e-08,-9.083018545984397e-08,-1.130499144307276e-07,-1.0660347058298872e-07
-0.7725,1.9999975518188222,1.7136802110394193e-06,-9.2499412201498e-08,-1.43586032472475e-07,-1.703418644125958e-07,-2.115738854444045e-07,-1.9819762574754676e-07
-0.7675,1.9999956133580024,3.0699473896980685e-06,-1.693828475073748e-07,-2.6234405407651036e-07,-3.099759023299756e-07,-3.841473103751687e-07,-3.573781438230911e-07
-0.7625,1.999992367930965,5.3400924274551714e-06,-3.013400858131854e-07,-4.656220278876162e-07,-5.478456018550981e-07,-6.772973323581482e-07,-6.255377909985092e-07
-0.7575000000000001,1.9999870945769982,9.0277896088448e-06,-5.213205971852147e-07,-8.035249477990372e-07,-9.412578732350928e-07,-1.1606365042582585e-06,-1.0637898341281583e-06
-0.7525,1.999978771900528,1.4846281283986698e-05,-8.778230199734893e-07,-1.3494571944053604e-06,-1.5734963634651775e-06,-1.9347605325371392e-06,-1.7591566279546431e-06
-0.7475,1.9999660030075743,2.3770529991453218e-05,-1.4399539082519841e-06,-2.2074704219180154e-06,-2.561579239903325e-06,-3.140091511389614e-06,-2.8311310668602375e-06
-0.7424999999999999,1.999946943778237,3.708690792739921e-05,-2.303077847121152e-06,-3.520320839350699e-06,-4.064493779012781e-06,-4.965971249550212e-06,-4.4378749330695295e-06
-0.7375,1.9999192447955048,5.6433197411256694e-05,-3.5946846412469645e-06,-5.4776166624627955e-06,-6.291126860668363e-06,-7.658962443667035e-06,-6.7810448719475366e-06
-0.7324999999999999,1.9998800189477604,8.382050754984796e-05,-5.479931355231483e-06,-8.323190615234166e-06,-9.506855672206827e-06,-1.1529018265768456e-05,-1.0108043303768676e-05
-0.7275,1.9998258468151466,0.00012162867206738,-8.166181698095264e-06,-1.2360647453437252e-05,-1.4037598660516223e-05,-1.6952013811376535e-05,-1.4710450662130828e-05
-0.7224999999999999,1.9997528299252059,0.0001725681370378918,-1.190579870594268e-05,-1.7955967825433806e-05,-2.0270114958820445e-05,-2.4367173233174044e-05,-2.0917568194761145e-05
-0.7175,1.9996566976590453,0.000239604383033968,-1.699648017820622e-05,-2.5536142749457092e-05,-2.8647526738394356e-05,-3.4268227788729805e-05,-2.9084417089143945e-05
-0.7125,1.9995329673271203,0.00032584532285692984,-2.3778577441768753e-05,-3.5583089296305215e-05,-3.965943662482579e-05,-4.7187711948579904e-05,-3.957418167963587e-05
-0.7075,1.9993771495426158,0.0004343972877822785,-3.2629103346051486e-05,-4.862254524505072e-05,-5.3826592037320755e-05,-6.367459968875696e-05,-5.2735878185949886e-05
-0.7025,1.9991849837235751,0.000568200302974022,-4.395248739380027e-05,-6.520820833727964e-05,-7.168073647997339e-05,-8.426639657874198e-05,-6.887885294397133e-05
-0.6975,1.998952682729176,0.0007298573936459343,-5.8168525558028035e-05,-8.590199217848786e-05,-9.374097698306969e-05,-0.00010945768867933862,-8.824641456533369e-05
-0.6925,1.9986771624983486,0.0009214748107789307,-7.569833759576579e-05,-0.00011125181651725849,-0.0001204885662487795,-0.00013966784617362328,-0.00011099133605799112
-0.6875,1.9983562328681959,0.0011445297967958216,-9.694942310479187e-05,-0.0001417687385508675,-0.000152342339492239,-0.0001752109487559052,-0.00013715601773649021
-0.6825,1.997988729604619,0.001399779767851727,-0.00012230104985549046,-0.00017790539232239748,-0.0001896370888520246,-0.00021627095534189775,-0.0001666597389046437
-0.6775,1.9975745744807445,0.001687221996846225,-0.0001520911886975443,-0.00022003760364992672,-0.0002326068860653693,-0.0002628846714650567,-0.000199294685106156
-0.6725,1.9971147588304219,0.0020061068563986886,-0.00018660603244680397,-0.00026845070364668627,-0.0002813748184648738,-0.00031493424096563493,-0.00023473143153517095
-0.6675,1.996611254927961,0.002355001443449512,-0.00022607283313973408,-0.0003233315327210909,-0.0003359498744413501,-0.00037214983544926777,-0.0002725334555384061
-0.6625,1.9960668673678936,0.0027318949564462255,-0.00027065641449105734,-0.00038476649630551327,-0.00039623092105360385,-0.0004341221024913171,-0.0003121792209143288
-0.6575,1.9954850422159127,0.0031343333127366183,-0.00032045932456848904,-0.0004527454015032072,-0.0004620169807930375,-0.000500322930187203,-0.00035308958147538326
-0.6525000000000001,1.9948696544457607,0.003559568610994035,-0.000375525244520355,-0.0005271702601408265,-0.0005330224392287558,-0.0005701323296403147,-0.00039465779800294224
-0.6475,1.9942247939861861,0.004004709211927614,-0.0004358450064486973,-0.0006078678548987209,-0.0006088954667248195,-0.0006428688142838256,-0.00043627939200932634
-0.6425000000000001,1.9935545679693476,0.004466858152040764,-0.0005013644223200727,-0.000694604666486738,-0.0006892378390882679,-0.0007178205907892323,-0.0004773793465419028
-0.6375,1.992862932192691,0.004943230831405461,-0.0005719930919231503,-0.0007871027549506967,-0.0007736244779080048,-0.0007942751407665295,-0.0005174347322457192
-0.6325000000000001,1.9921535591639592,0.005431246879069533,-0.0006476134315591483,-0.0008850553561377607,-0.0008616213578304532,-0.000871545297063158,-0.0005559915822900325
-0.6275,1.991429744051518,0.005928595339687079,-0.0007280893280741036,-0.0009881412611542303,-0.0009528008904799234,-0.0009489906195841053,-0.0005926756587442067
-0.6225,1.9906943437712226,0.006433276591346978,-0.0008132740565697668,-0.0010960374592899925,-0.0010467544455037177,-0.001026033678910732,-0.0006271975664878456
-0.6174999999999999,1.9899497382786597,0.006943628719567712,-0.0009030173940492827,-0.0012084300242091687,-0.0011431022827302852,-0.001102171717104293,-0.0006593534415930605
-0.6125,1.989197796502921,0.007458350718035873,-0.0009971722179454563,-0.0013250238124448142,-0.001241501850572887,-0.0011769850701899194,-0.0006890231791953585
-0.6074999999999999,1.9884398216523924,0.007976540287093404,-0.0010956013141238724,-0.001445552248150254,-0.0013416561873054605,-0.0012501447389808428,-0.0007161689172766344
-0.6025,1.9876764413877615,0.008497770476651558,-0.0011981856562219629,-0.0015697893245590982,-0.001443325086182874,-0.0013214226300016947,-0.0007408373098748962
-0.5974999999999999,1.986907397821281,0.009022236808520104,-0.001304836069463936,-0.0016975669783644116,-0.0015463427683546735,-0.0013907092677102532,-0.0007631700144889438
-0.5925,1.9861311820443053,0.009551013700500054,-0.0014155109326609418,-0.001828802143000712,-0.0016506469841747107,-0.0014580451115098012,-0.0007834276828721424
-0.5875,1.9853444514470486,0.010086463509630016,-0.0015302433068222908,-0.001963538897908947,-0.001756325525918661,-0.0015236727251470945,-0.000802033305513952
-0.5825,1.9845411711905705,0.010632839296897779,-0.0016491814120330737,-0.002102011875860895,-0.0018636866835274205,-0.0015881174349543052,-0.0008196405285235123
-0.5775,1.9837114410821248,0.011197108395035042,-0.0017726464000489698,-0.0022447369663170166,-0.0019733596186204965,-0.0016523030422078313,-0.0008372308684321564
-0.5725,1.9828400127002273,0.01178999320538842,-0.0019012105045405046,-0.002392633743411013,-0.0020864282785354816,-0.0017177057855070202,-0.0008562398953137467
-0.5675,1.9819045721913826,0.012427176112948463,-0.0020357965262198354,-0.0025471803891080574,-0.0022045977406670047,-0.0017865434161417621,-0.0008787059916762395
-0.5625,1.980873957250739,0.013130550217940013,-0.002177796033223989,-0.002710595934188254,-0.0023303846232489316,-0.00186198687153687,-0.0009074264233431786
-0.5575,1.979706576751901,0.013929327838442956,-0.0023291988050470488,-0.0028860367979827717,-0.002467314072341451,-0.0019483705529190593,-0.0009460954023220074
-0.5525,1.9783493810025101,0.014860763679807586,-0.002492720627941676,-0.003077786137274596,-0.002620096514026475,-0.002051365869000979,-0.000999389987938982
-0.5475,1.9767377555392835,0.01597023307987359,-0.002671911818959028,-0.0032914075235704475,-0.0027947504518002183,-0.002178074861466472,-0.0010729653613661926
-0.5425,1.9747966516379565,0.017310448635377382,-0.002871226408857175,-0.0035338314827471243,-0.002998636044836334,-0.0023370000996794467,-0.0011733245355020473
-0.5375,1.9724431106511502,0.018939708403409576,-0.0030960332097273906,-0.003813346583091478,-0.003240370301096359,-0.0025378563831532468,-0.0013075409219427527
-0.5325,1.969590105578245,0.02091923200707055,-0.0033525557418775695,-0.004139476821649803,-0.003529608924874832,-0.0027912094938480013,-0.0014828347191960098
-0.5275000000000001,1.9661513626841711,0.02330982138278881,-0.003647737658600532,-0.004522742780425857,-0.00387670010895533,-0.0031079544157540774,-0.0017060318940269005
-0.5225,1.9620466085597865,0.026168231753525853,-0.003989042004927344,-0.004974322162581073,-0.004292237475422141,-0.0034986742717315732,-0.0019829610613652853
-0.5175000000000001,1.9572065785900619,0.029543711281074567,-0.004384203612452018,-0.005505641541921295,-0.004786557491100223,-0.003972944600908502,-0.0023178615988029695
-0.5125,1.9515771554240344,0.03347514233619676,-0.004840961416771229,-0.006127941484139577,-0.005369236333659533,-0.00453865947623697,-0.0027128804718671135
-0.5075000000000001,1.9451221701878791,0.03798910203441343,-0.005366799707848201,-0.0068518593505363665,-0.006048640095714961,-0.005201453472681316,-0.0031677239554825628
-0.5025,1.937824644855447,0.0430989900023836,-0.005968724055762726,-0.007687068172167531,-0.0068315712159551555,-0.0059642778052610285,-0.0036795065647654756
-0.49750000000000005,1.929686512868894,0.04880519455930704,-0.006653090166792961,-0.00864199818795869,-0.007723036522370405,-0.006827164578355805,-0.004242809161824761
-0.49250000000000005,1.920727065299448,0.05509612626788038,-0.0074254944026337245,-0.009723653309383816,-0.008726142863616384,-0.007787186112784697,-0.004849928546466787
-0.48750000000000004,1.9109804953743392,0.06194986399427622,-0.008290725426730131,-0.01093752120177517,-0.009842109238572658,-0.008838592403423329,-0.005491277830682553
-0.48250000000000004,1.9004929491570974,0.06933613640067192,-0.009252769147543503,-0.012287565225020386,-0.011070372406984526,-0.009973092695732318,-0.00615588386410739
-0.47750000000000004,1.8893194521633199,0.07721838863850986,-0.01031485464822821,-0.013776280227015936,-0.012408757147972656,-0.011180238365178959,-0.00683192531357395
-0.47250000000000003,1.877520999604831,0.08555574010589702,-0.011479527128167721,-0.015404792029261666,-0.013853682047594804,-0.012447863094874837,-0.007507260814525405
-0.4675,1.865162000509828,0.09430470508174467,-0.012748734471446997,-0.01717298150927114,-0.015400375424688525,-0.013762540855855303,-0.008169907827887256
-0.4625,1.8523081747027756,0.10342060948343618,-0.014123916101466835,-0.019079617278969323,-0.017043081944587056,-0.015110030052294146,-0.008808446246555919
-0.4575,1.8390249286991112,0.11285868591646911,-0.01560608550753993,-0.021122484941851254,-0.018775247022388385,-0.016475681260842492,-0.009412333792717574
-0.4525,1.8253761859431903,0.1225748630755079,-0.017195900643250297,-0.023298504903403024,-0.02058967213333686,-0.017844794683813125,-0.009972131141536349
-0.4475,1.8114236169593025,0.13252628553813398,-0.0188937189233441,-0.02560383415437157,-0.02247863898245714,-0.01920292080303399,-0.010479642720143236
-0.4425,1.7972262015924272,0.1426716089926161,-0.020699635607356236,-0.028033950087865092,-0.024434003919497353,-0.02053610337102049,-0.010927984196962452
-0.4375,1.7828400535665958,0.15297111733312763,-0.02261350591508842,-0.030583716215404882,-0.026447266094680164,-0.0218310678085219,-0.011311590178390117
-0.4325,1.7683184425542742,0.16338670486746762,-0.024634952313394534,-0.033247430720981706,-0.028509613876937158,-0.023075360521059178,-0.011626176160737637
-0.4275,1.7537119573101492,0.17388176146002934,-0.02676335912189406,-0.03601885931290137,-0.03061195430192262,-0.024257445925796147,-0.011868667971646029
-0.4225,1.739068762740615,0.18442099240061902,-0.02899785698821905,-0.03889125399676626,-0.032744930077638054,-0.0253667684236686,-0.012037110330366328
-0.4175,1.7244349125492315,0.19497019915511127,-0.03133729995179098,-0.041857359382609434,-0.03489892820149626,-0.026393786445799594,-0.012130564192804548
-0.4125,1.7098546865119544,0.20549604246070477,-0.033780237804697584,-0.04490940810861577,-0.03706408372480813,-0.027329985269704895,-0.012149000528451205
-0.4075,1.695370927167639,0.21596580570231744,-0.03632488631161653,-0.04803910703006681,-0.039230281768931216,-0.028167874696730454,-0.012093196291544333
-0.40249999999999997,1.6810253547392708,0.2263471741679182,-0.03896909760153975,-0.051237616064210366,-0.04138716062705604,-0.02890097700862054,-0.011964636697785956
-0.39749999999999996,1.6668588415971557,0.23660804452030543,-0.041710332721193864,-0.05449552204188927,-0.04352411870607481,-0.02952380993508924,-0.011765426536508904
-0.39249999999999996,1.652911628822556,0.24671637844423347,-0.04454563797084381,-0.05780281060171459,-0.045630328165155346,-0.030031868690126886,-0.011498212130625825
-0.38749999999999996,1.6392234678014832,0.2566401146617243,-0.04747162625494803,-0.061148840044049954,-0.047694758350160765,-0.03042161047338349,-0.011166114672700539
-0.38249999999999995,1.6258336697274665,0.26634715401078873,-0.05048446430049066,-0.0645223220756527,-0.049706212435889754,-0.030690444168221233,-0.01077267497214624
-0.37749999999999995,1.6127810459620555,0.27580543262357876,-0.05357986625186443,-0.06791131541834702,-0.05165338097464787,-0.03083672727138218,-0.010321809098006854
-0.37250000000000005,1.6001037230309614,0.2849830978942253,-0.05675309386835243,-0.07130323918177574,-0.05352491618843668,-0.03085977132351515,-0.009817773946011911
-0.36750000000000005,1.5878388183458405,0.2938488002807112,-0.05999896335093173,-0.07468491352358309,-0.05530953069039624,-0.03075985623386955,-0.009265141352885689
-0.36250000000000004,1.57602196730141,0.30237211037337725,-0.06331185872708107,-0.0780426352146677,-0.05699612372360056,-0.030538252868061947,-0.008668778987126305
-0.35750000000000004,1.5646866999145725,0.3105240644497384,-0.06668575173671797,-0.08136229504378606,-0.05857393681022536,-0.03019725207028863,-0.008033835836494203
-0.35250000000000004,1.5538636761414466,0.31827783245645364,-0.07011422829092796,-0.0846295422943816,-0.06003273879125209,-0.029740196924293825,-0.007365729677984927
-0.34750000000000003,1.5435798034881478,0.32560948991794875,-0.07359052180521396,-0.08782999862587258,-0.06136303755699484,-0.02917151357039669,-0.006670133470070415
-0.3425,1.533857277886973,0.3324988601713176,-0.07710755400776319,-0.09094951953968096,-0.06255631239184305,-0.028496734402004988,-0.005952957195257314
-0.3375,1.5247126074833022,0.33893037688604893,-0.0806579841312125,-0.09397449636343841,-0.06360525701930918,-0.027722506152267005,-0.00522032138633709
-0.3325,1.5161556963852059,0.34489390128009234,-0.08423426762379843,-0.09689218577825699,-0.064504019568779,-0.026856574509982186,-0.004478518510873228
-0.3275,1.5081890780971765,0.35038541683221835,-0.08782872554631183,-0.09969104807998823,-0.0652484224131722,-0.02590773678062701,-0.003733958708295262
-0.3225,1.5008073924214778,0.3554075200424538,-0.0914336255285847,-0.1023610705956268,-0.06583614288462045,-0.024885755033973812,-0.0029930972127179406
-0.3175,1.493997191641803,0.3599696319759998,-0.0950412744387358,-0.10489405006439706,-0.06626683598153409,-0.023801224369345335,-0.002262342248465074
-0.3125,1.4877371399087296,0.36408787368810225,-0.09864412173132481,-0.10728380829544737,-0.06654218284455796,-0.022665394421220633,-0.0015479442556763016
-0.3075,1.4819986345830238,0.3677845786745182,-0.10223487085844407,-0.10952631956008886,-0.06666585410466494,-0.021489946805197405,-0.0008558698507971689
-0.3025,1.4767468336426792,0.3710874539765261,-0.1058065943581138,-0.11161973582321172,-0.06664338475523657,-0.020286736364654855,-0.0001916666488013363
-0.2975,1.471942025775526,0.37402844270497404,-0.10935284660735722,-0.11356430614728937,-0.0664819659816944,-0.01906750907618384,0.0004396724725966504
-0.2925,1.4675412377708832,0.376642377283486,-0.11286776713340138,-0.11536219783189877,-0.06619016801284724,-0.01784361344453778,0.001033835410054717
-0.2875,1.4634999453016921,0.378965537655926,-0.11634616716361683,-0.1170172371680369,-0.06577761505921834,-0.016625724375185134,0.0015872964701199102
-0.2825,1.4597737437426328,0.3810342371902354,-0.11978359295687704,-0.11853459530487448,-0.06525463756426635,-0.015423598337663026,0.00209739194890097
-0.27749999999999997,1.4563198469080985,0.38288354965131044,-0.12317636135631575,-0.11992044843680219,-0.06463192767723758,-0.014245876032463651,0.00256235852031978
-0.27249999999999996,1.4530983107162438,0.3845462658504631,-0.12652156565082098,-0.12118164096531696,-0.06392022114458346,-0.013099944123465653,0.002981330943952069
-0.26749999999999996,1.4500729194429156,0.3860521339045837,-0.12981705276421962,-0.12232537600024107,-0.06313002345644175,-0.011991861661873037,0.003354299783069719
-0.26249999999999996,1.4472117163376583,0.3874273994173422,-0.1330613754806559,-0.12335895073109804,-0.062271391252103535,-0.010926350580572343,0.003682033828782904
-0.25749999999999995,1.444487200216968,0.3886946279376989,-0.13625372540821037,-0.12428954631741036,-0.06135377297265308,-0.009906844039382802,0.00396597510892641
-0.25249999999999995,1.4418762395862628,0.3898727665598315,-0.1393938533996235,-0.12512407443270995,-0.06038590665404344,-0.008935582196309935,0.004208116278702114
-0.24750000000000005,1.4393597731707888,0.3909773867782991,-0.14248198412320123,-0.12586907650421733,-0.05937576830274945,-0.008013742572763568,0.0044108706883629134
-0.24250000000000005,1.4369223706431933,0.39202104651889247,-0.14551873053735512,-0.12653066757683246,-0.05833056176821206,-0.007141591611188509,0.004576944628370926
-0.23750000000000004,1.4345517221566255,0.39301371363108023,-0.14850501242923528,-0.12711451467759166,-0.05725674031143236,-0.006318645025373168,0.0047092195012711805
-0.23250000000000004,1.4322381134679871,0.39396320313152405,-0.15144198124597139,-0.12762583928871038,-0.05616005079206455,-0.005543826657698354,0.0048106493992837685
-0.22750000000000004,1.4299739285254844,0.3948755931216892,-0.15433095147708986,-0.12806943457977976,-0.055045593059432935,-0.004815618257740279,0.004884177206123456
-0.22250000000000003,1.4277532063697542,0.39575559706110364,-0.15717333708358328,-0.12844968987989933,-0.053917889236360816,-0.004132195396555006,0.004932670229979576
-0.21750000000000003,1.4255712660931568,0.3966068812481101,-0.15997059008645875,-0.12877061702405107,-0.05278095970541768,-0.003491547252868089,0.004958874720586687
-0.21250000000000002,1.423424403474349,0.39743232504917525,-0.16272413753368045,-0.12903587533489458,-0.05163840443323997,-0.002891580010465961,0.0049653875024060715
-0.20750000000000002,1.4213096559980898,0.3982342274121042,-0.16543531271896492,-0.12924879387811133,-0.050493489600280606,-0.0023302049818270305,0.004954642335101858
-0.2025,1.4192246289670585,0.39901446674655217,-0.16810527675714448,-0.12941239114217137,-0.04934924023566841,-0.001805413320261339,0.004928908388193719
-0.1975,1.4171673736951234,0.39977462284989074,-0.17073492743544688,-0.12952939340471342,-0.048208539656973394,-0.001315339374994929,0.004890298254328505
-0.1925,1.415136308628477,0.40051606975827303,-0.17332479364220107,-0.1296022537635661,-0.04707423600421684,-0.0008583144979431722,0.004840783092199389
-0.1875,1.4131301750077672,0.4012400477213118,-0.17587491557474072,-0.12963317415269066,-0.04594925510366895,-0.00043291256431263403,0.0047822126778040925
-0.1825,1.411148019818822,0.4019477213302765,-0.178384713246533,-0.1296241326531503,-0.044836717411948224,-3.798776236517477e-05,0.004716338281326564
-0.1775,1.4091891998888433,0.402640229438635,-0.1808528483827778,-0.12957691806173616,-0.04374005503487718,0.00032729552450284563,0.004644836348372603
-0.1725,1.4072534018216525,0.4033187310441886,-0.18327708737226323,-0.12949317300853383,-0.04266312299782913,0.0006634415550745016,0.004569330960221909
-0.16749999999999998,1.4053406729117512,0.4039844498049556,-0.18565417522286956,-0.12937444594161385,-0.04161029731642801,0.0009706120314383146,0.004491413022256418
-0.16249999999999998,1.4034514582286224,0.4046387183268626,-0.18797973210196856,-0.1292222510652425,-0.04058655125263702,0.001248626259032439,0.004412654148588823
-0.15749999999999997,1.4015866388250813,0.4052830217474864,-0.19024818469369328,-0.1290381339002984,-0.03959750070517732,0.00149697388344752,0.004334613348739513
-0.15249999999999997,1.3997475657236997,0.4059190383837821,-0.19245274400738455,-0.1288237386349424,-0.03864941018335742,0.0017148409148300026,0.004258834949004731
-0.14749999999999996,1.3979360843614368,0.40654867321424704,-0.1945854392993933,-0.12858087197068793,-0.037749152352228456,0.001901148966717404,0.004186836751124454
-0.14249999999999996,1.3961545451518491,0.40717407752872825,-0.19663721449527807,-0.1283115568520248,-0.036904116660733906,0.002054606692349044,0.004120088277109689
-0.13749999999999996,1.394405798765875,0.4077976447606157,-0.19859808922688993,-0.1280180683403253,-0.03612206581934313,0.0021737714908716343,0.004059980089362794
-0.13249999999999995,1.3926931812790222,0.40842196736583825,-0.20045738187579917,-0.12770294285394587,-0.03541094238924022,0.0022571189640723014,0.004007786634675955
-0.12749999999999995,1.391020507197304,0.40904973071733014,-0.20220398760664515,-0.12736895068282747,-0.034778630718942195,0.0023031177415157745,0.003964626918640022
-0.12250000000000005,1.3893921120766448,0.4096835037339757,-0.20382670122496674,-0.12701901929953247,-0.03423268082832972,0.002310308753444973,0.0039314297853237585
-0.11750000000000005,1.3878130285342365,0.4103253559192594,-0.20531457388706856,-0.1266560900431723,-0.03377999907977444,0.002277391705340124,0.003908914118820145
-0.11250000000000004,1.3862894524110916,0.41097617566432126,-0.20665729543684147,-0.12628288069747506,-0.0334265034563182,0.0022033287592941615,0.003897599781065679
-0.10750000000000004,1.3848297800505223,0.411634467065334,-0.20784560182499326,-0.12590150715549206,-0.033176725894077254,0.002087488375087326,0.0038978740843080505
-0.10250000000000004,1.3834467054631379,0.4122942336890485,-0.20887172130103313,-0.12551288222118315,-0.03303331580891891,0.001929874184806309,0.003910153533038935
-0.09750000000000003,1.382161206972942,0.41294127477247555,-0.20972989575233125,-0.125115748792267,-0.0329963509361011,0.0017315196032568702,0.0039352051797925565
-0.09250000000000003,1.381009797521884,0.413546761644747,-0.2104170465843971,-0.12470510428103046,-0.03306228420039178,0.00149518564697828,0.003974731405160587
-0.08750000000000002,1.380057250381608,0.4140562545440518,-0.21093369845436907,-0.12426961585436141,-0.03322223613584905,0.0012265861114419544,0.0040323825526861114
-0.08250000000000002,1.3794182218578404,0.41437129850248616,-0.21128532402442285,-0.12378739710615058,-0.033459169598336634,0.0009364892974439113,0.004115448869312255
-0.07750000000000001,1.3792927404998925,0.41431944081507804,-0.21148430658053796,-0.1232192250087562,-0.03374325931278544,0.000644207667552861,0.004237593493424284
-0.07250000000000001,1.3800219720578604,0.41360734917283026,-0.21155266609824777,-0.12249801486518579,-0.034024548983912134,0.00038314812584550967,0.004423089593569924
-0.0675,1.3821703978730586,0.4117521169499957,-0.2115253749530813,-0.12151346827218386,-0.03422198437146532,0.00020911086297667396,0.004713003563888541
-0.0625,1.3866342473746334,0.4079916789194987,-0.21145307519739429,-0.12009212873059119,-0.03420870590766164,0.0002114835276374231,0.005173311262914243
-0.057499999999999996,1.3947544460124361,0.40119480186271544,-0.21140049086933396,-0.11797740186133411,-0.033796359864993464,0.0005254340396299821,0.005903338059648605
-0.05249999999999999,1.4083617197991463,0.38983651255378954,-0.2114319164152351,-0.11482376110535555,-0.032728079932384586,0.0013380415174663208,0.0070389616504481405
-0.04749999999999999,1.4295994703074135,0.37217675822681084,-0.21156916581649915,-0.11023344923643923,-0.03070101350787744,0.0028720237826313643,0.008737910361630994
-0.04249999999999998,1.4603176227334829,0.34681761576179904,-0.21170995401781556,-0.10386799450930057,-0.02744598004815424,0.005322598592428706,0.011128098716721106
-0.03749999999999998,1.500989252806312,0.3136446770206863,-0.21152683855864787,-0.09562737467533398,-0.02286878809553146,0.008736234498075068,0.01420998325789372
-0.03249999999999997,1.549627552818674,0.27466364875940746,-0.2104305647965317,-0.08579750187999552,-0.017188024318242963,0.012876955311024325,0.017749723963422656
-0.02749999999999997,1.601698718505043,0.2338578821248692,-0.20769802141262617,-0.07501995567310775,-0.01094789777751668,0.01718994031985932,0.021255018948470296
-0.022499999999999964,1.6515898977560428,0.1957656851984587,-0.2027362585745244,-0.06406260917164655,-0.004853569381950371,0.020936528134353274,0.024098885405602007
-0.01749999999999996,1.6947756992698009,0.1637221469914556,-0.19529164436869495,-0.053556844215915306,0.000468345716998866,0.02343225204295861,0.025731753397718653
-0.012499999999999956,1.7291276390480124,0.13901482829759845,-0.18545654863480263,-0.04387041019097941,0.0046316286981773515,0.024237911222061204,0.025843694282932584
-0.007499999999999951,1.7547664580329978,0.12120279432029782,-0.1735253801446447,-0.035130689541702634,0.007517913110504371,0.02321932199272946,0.024397902151896696
-0.0024999999999999467,1.773093105898882,0.10895283099869658,-0.15984587439297115,-0.027312780198049225,0.009212790480906643,0.02049713333990854,0.021561329020097178
0.0024999999999999467,1.785845720004412,0.10075190226795655,-0.1447462260741624,-0.020318338280174365,0.009916737988601383,0.016352332021521945,0.017603405017635534
0.007500000000000062,1.7945487459437905,0.09527932720297953,-0.12852932724851868,-0.014019360423772281,0.009872401840502414,0.01113910369723174,0.01281584723917987
0.012499999999999956,1.800311227247593,0.09150656749185095,-0.11149273435591431,-0.008272504379757024,0.009321141177370958,0.005226811027935499,0.0074708652564485865
0.01750000000000007,1.8038096256009732,0.08865146541425704,-0.09394274272557358,-0.0029188005913175262,0.008485782316035686,-0.0010278813646435708,0.0018117443176720453
0.022499999999999964,1.8053225567810895,0.08607251376006976,-0.07619050346829417,0.0022191993167787077,0.007571732462906612,-0.0072860355568986155,-0.0039368673708307525
0.02750000000000008,1.8047424566338501,0.08313951814166902,-0.05853276432197453,0.007337271212176053,0.0067789731515884594,-0.013217504607785731,-0.009549231675549486
0.03249999999999997,1.8015308465903896,0.07908815132226647,-0.04122779011641952,0.012646172368114009,0.006318518444360995,-0.018487027494890056,-0.014776074975771202
0.03750000000000009,1.7946164147659898,0.07286038101035865,-0.02448005247801435,0.01836676861852865,0.006426459862023938,-0.022745487424892925,-0.019326068234870274
0.04249999999999998,1.7822837685840562,0.06295564594478124,-0.00844669727153952,0.02472288104590502,0.007366100845391793,-0.025638852211484625,-0.022862492003204768
0.0475000000000001,1.7621960331498812,0.04738328435189601,0.006726165783401628,0.031924964960154865,0.009404889928269367,-0.02684894428640199,-0.025032959576834695
0.05249999999999999,1.7318346451835271,0.02391656246934103,0.020843108068432106,0.04013014269634553,0.012751730033611674,-0.026175673698466833,-0.025550122611409026
0.05750000000000011,1.6896759391638547,-0.009089521856032769,0.033608636780502764,0.049361615683126005,0.017450086792068612,-0.023651271260789235,-0.02432079272191065
0.0625,1.6369716539363457,-0.051318551024344745,0.044650109874606735,0.059389653597825956,0.023254539985980906,-0.019639152020502433,-0.02157236281260407
0.0674999999999999,1.5789077978005144,-0.0993579980781279,0.05365981154031657,0.06963858550859305,0.029573631833679715,-0.014830168278586882,-0.017874372904175623
0.07250000000000001,1.5233980933839064,-0.14725580084357856,0.060589545301764275,0.07925807097684923,0.03559150058258518,-0.010061781060415949,-0.013972355469436464
0.0774999999999999,1.4776211430448902,-0.18912438128442344,0.0657250468699256,0.0874328020791317,0.040578549333104175,-0.006011294923819989,-0.010494902119109629
0.08250000000000002,1.445069572594397,-0.2218060934504328,0.06955753135071989,0.09374207189594543,0.0441866994135801,-0.0029720538324625777,-0.007745126449836472
0.08749999999999991,1.4253300891168434,-0.24540621094559567,0.07257803509219238,0.09826367606673639,0.04649440182612914,-0.0008721643188897391,-0.0057153135718426
0.09250000000000003,1.4158291545539081,-0.2619431988801969,0.07515419681948038,0.10138995559071567,0.04782558476477764,0.000542907200623337,-0.004240199329301823
0.09749999999999992,1.413596461658304,-0.2737951211905961,0.07751383952416947,0.10358144822959614,0.048543955275561886,0.0015407236104210988,-0.0031349405575995543
0.10250000000000004,1.4161529920774818,-0.2828649789829993,0.07977702058496719,0.10522197096592384,0.0489418961219392,0.0023211482823394,-0.002259699883369923
0.10749999999999993,1.4216918333504414,-0.29038872516285996,0.0819916897361834,0.10658040275502925,0.04921555038385985,0.0030031193351717053,-0.0015309349146308767
0.11250000000000004,1.4289583050507766,-0.29704157830527833,0.08415972291414146,0.10782537774202353,0.04947989888474537,0.003640060022475512,-0.0009103841990650573
0.11749999999999994,1.437081684937141,-0.30311610703564384,0.08625451006605407,0.10905301374778889,0.04979292192161902,0.004241338385861498,-0.0003891760655854502
0.12250000000000005,1.4454489266568913,-0.3086814652599038,0.08823354049430085,0.11031138602507365,0.05017679080566325,0.004791422150332745,2.6387422865113514e-05
0.12749999999999995,1.4536293196386734,-0.31370118821894544,0.09004809625733864,0.11161835024012368,0.05063354003481507,0.005264720243865581,0.0003256002753058174
0.13250000000000006,1.4613330836596667,-0.3181104743475409,0.0916507645762541,0.11297369196203969,0.051155749736601405,0.005636039285304643,0.0005004729675576816
0.13749999999999996,1.4683857539014098,-0.32186005333666773,0.09300080551089694,0.1143672450640803,0.05173330150631675,0.005887044327320502,0.0005495129678248854
0.14250000000000007,1.4747069283567327,-0.32493505384959315,0.09406735035286473,0.11578424148368187,0.052357169190524,0.006009304919230084,0.00047876200879694845
0.14749999999999996,1.4802889140346576,-0.32735722298860787,0.09483063201002172,0.11720871622214553,0.05302106686708119,0.006004683826835168,0.0003008882499236287
0.15250000000000008,1.4851752781603575,-0.3291778856808476,0.09528168018835327,0.1186255173277683,0.05372167485032213,0.0058839320959437605,3.319344055922524e-05
0.15749999999999997,1.4894410607017512,-0.33046733720910254,0.09542101370737428,0.12002132927620385,0.054458058143269164,0.005664329412876262,-0.00030470588341531687
0.1625000000000001,1.4931763271048315,-0.33130437613628994,0.09525682324766849,0.12138503699732656,0.055230756893764346,0.005367062148034438,-0.0006929794284593938
0.16749999999999998,1.4964738954405592,-0.3317678927414358,0.09480301934743356,0.12270769071674889,0.05604087657378144,0.005014819883342706,-0.0011131702465279792
0.1725000000000001,1.4994211986581112,-0.33193111795336305,0.09407738631431413,0.12398226446936737,0.05688936216327255,0.004629876948708038,-0.0015491830775537327
0.1775,1.502095666852837,-0.33185835822092397,0.09309997178555306,0.12520333688306792,0.05777652590339855,0.004232750544961307,-0.0019877305225098614
0.1825000000000001,1.504562774114095,-0.33160368922607913,0.09189176601093611,0.12636676893068058,0.058701820461275755,0.003841407827410198,-0.0024183637814796546
0.1875,1.506875897563028,-0.3312110051438195,0.09047368009641925,0.12746941418842384,0.05966380655502362,0.0034709283139467487,-0.002833230539589994
0.1924999999999999,1.5090772694395742,-0.3307148884132257,0.08886580823134346,0.12850887281563353,0.06066024857569771,0.003133503144449409,-0.0032266860006290995
0.1975,1.5111994802400637,-0.3301418877085934,0.08708694596298523,0.12948328813768517,0.06168827444174051,0.0028386549478688246,-0.003594852582832941
0.2024999999999999,1.5132671612998918,-0.32951191829203563,0.08515432881665537,0.13039118042096864,0.0627445487506797,0.0025935792086526086,-0.003935191681868252
0.20750000000000002,1.5152986160900523,-0.32883960615967384,0.08308355020887992,0.1312313124556958,0.06382542506657922,0.0024035312208083148,-0.0042461235775671105
0.2124999999999999,1.5173072751143213,-0.32813547851975816,0.08088861413738084,0.13200258308533686,0.06492705965839982,0.0022722063192706305,-0.0045267112383543945
0.21750000000000003,1.5193029224645427,-0.3274069593309173,0.07858207710879692,0.13270394607947045,0.06604548259631558,0.0022020819024797583,-0.004776410279731268
0.22249999999999992,1.5212926889349663,-0.3266591642125733,0.07617523589864085,0.13333435192895693,0.0671766315396144,0.002194706326879375,-0.004994879411693025
0.22750000000000004,1.523281833802186,-0.32589550901462017,0.07367832333524718,0.13389270915502838,0.06831635852823474,0.0022509316643631845,-0.00518184186732547
0.23249999999999993,1.525274350970618,-0.32511815525537396,0.07110068302107539,0.1343778599283283,0.06946042106787856,0.002371094820062142,-0.0053369872043917315
0.23750000000000004,1.5272734400788814,-0.3243283172339519,0.06845090478675789,0.13478856276240345,0.07060446670943213,0.0025551552384398,-0.005459903480876241
0.24249999999999994,1.5292818830760586,-0.32352645275674563,0.06573691432558704,0.1351234733637647,0.07174401635380429,0.0028027982089280576,-0.005550031394425778
0.24750000000000005,1.531302364288944,-0.32271235419567934,0.06296602135021966,0.13538111384883358,0.07287444688839509,0.0031135115280964553,-0.005606634053413097
0.25249999999999995,1.53333776867328,-0.3218851505508415,0.0601449393787901,0.13555982074635362,0.07399096956501233,0.0034866408843512143,-0.0056287782829863
0.25750000000000006,1.535391489450147,-0.3210432254700494,0.05727979592050686,0.13565766356563733,0.07508859757758371,0.00392142662078655,-0.005615325523810136
0.26249999999999996,1.5374677726092254,-0.32018405172039793,0.05437615395014334,0.13567232814776606,0.07616209507988327,0.004417022175948301,-0.005564932259738564
0.26750000000000007,1.539572121170899,-0.3193039402648897,0.05143906424558116,0.13560096236517774,0.0772059005625083,0.00497249298833708,-0.005476061339702325
0.27249999999999996,1.5417117756167942,-0.31839770269029943,0.04847316398101117,0.13543998580867045,0.07821401997598597,0.005586794256426779,-0.005347006383447654
0.2775000000000001,1.543896277381774,-0.3174582299974551,0.04548283078407181,0.1351848697229918,0.07917988893828613,0.006258726736887139,-0.0051759315589781805
0.2825,1.5461381088297776,-0.3164759991940105,0.04247239424645145,0.13482989844535057,0.08009620837090868,0.006986871604206297,-0.00496092833207584
0.2875000000000001,1.5484533854294067,-0.31543853170308017,0.03944639952755466,0.13436792873628495,0.08095476346112863,0.007769507972568979,-0.004700089351999255
0.2925,1.550862554702485,-0.31432984346490167,0.036409910932857927,0.1337901683165341,0.08174624137884605,0.008604519538306614,-0.004391597617326406
0.2975000000000001,1.553391034182614,-0.31312994379143966,0.033368837679478895,0.13308599909991076,0.08246006804554921,0.009489299380136757,-0.004033826770458677
0.3025,1.5560697008897406,-0.31181445534565044,0.03033025976730332,0.1322428733097887,0.08308428775208812,0.01042066365869627,-0.0036254462347410895
0.3075000000000001,1.558935132731387,-0.3103544368929169,0.027302729083342765,0.13124631103579934,0.08360551081461105,0.011394785242866742,-0.003165523438421077
0.3125,1.562029503148933,-0.30871648927617573,0.02429651961364979,0.13008002503107932,0.08400895308323492,0.01240715678262223,-0.0026536150306959616
0.3174999999999999,1.565400048506652,-0.3068632098458757,0.02132380090935088,0.12872619217392672,0.08427858655773039,0.013452589363825646,-0.0020898400798977394
0.3225,1.5690980646482298,-0.3047540300449837,0.018398710720555374,0.1271658810878905,0.08439741263527413,0.014525247927214336,-0.001474930745896162
0.3274999999999999,1.573177441996997,-0.3023464271637683,0.015537305933961923,0.125379632735215,0.08434785921353181,0.01561871883510053,-0.00081025946374304
0.3325,1.5776928101728023,-0.2995974504547677,0.012757375581833767,0.12334817690105486,0.08411229119051149,0.016726099379097654,-9.784555534756493e-05
0.3374999999999999,1.5826974223006183,-0.29646545293821525,0.010078105689467664,0.12105325437379,0.0836736124618053,0.017840094822593074,0.000659652490879489
0.3425,1.5882409537610165,-0.2929118835115444,0.007519593062858407,0.11847850430982002,0.08301592802443196,0.018953106791003187,0.0014589509052051355
0.3474999999999999,1.5943674099698295,-0.28890297790062636,0.0051022137540782395,0.11561037021720538,0.08212522862695426,0.02005729805397384,0.0022961525270147527
0.35250000000000004,1.6011133279203953,-0.2844111957920793,0.0028458617962777016,0.11243897669790304,0.08099005823678486,0.02114462295748024,0.00316675054940961
0.35749999999999993,1.6085064184700963,-0.27941628373871313,0.0007690846535235617,0.10895893194955783,0.07960212626330972,0.022206819286914575,0.004065621535965968
0.36250000000000004,1.6165647387295148,-0.27390589240398244,-0.0011118467833573754,0.10517001658832319,0.07795683109669099,0.02323536501195683,0.00498700943101521
0.36749999999999994,1.6252964182526073,-0.26787573237374873,-0.002783884708891018,0.10107772584687673,0.07605366784552373,0.02422141080743344,0.005924506338172716
0.37250000000000005,1.6346999012931813,-0.26132930463869336,-0.004238108799988171,0.09669363818010991,0.07389649999367338,0.025155705189014763,0.006871038760940904
0.37749999999999995,1.6447646197855164,-0.25427728167753405,-0.005470523092037536,0.09203558812905929,0.07149368126482336,0.026028532624135143,0.0078188692072708
0.38250000000000006,1.6554719830287146,-0.24673663841609642,-0.006482677604128304,0.08712762526770107,0.0688580200396587,0.026829685627816898,0.008759622393830898
0.38749999999999996,1.6667965606853474,-0.23872963884370835,-0.007282050521713245,0.0819997452744864,0.06600658442006381,0.02754848965604034,0.009684342988449248
0.39250000000000007,1.6787073423802306,-0.23028277657876053,-0.007882137074487273,0.07668738504058771,0.06296035188498482,0.02817389497409154,0.010583588449595432
0.39749999999999996,1.6911689747153074,-0.22142575078056864,-0.008302208524157617,0.07123068244179774,0.059743713766686066,0.028694643261242152,0.011447556759331599
0.4025000000000001,1.7041428994658094,-0.21219053740002333,-0.008566728070128274,0.06567351347198888,0.05638385154950004,0.02909950929443785,0.012266245383399477
0.4075,1.717588340589763,-0.20261059399557005,-0.008704438106633468,0.06006233442654295,0.05291000896258793,0.029377610433239987,0.013029635152050344
0.4125000000000001,1.7314631094350088,-0.19272021709141146,-0.008747162314208055,0.05444487333310011,0.04935269041925395,0.029518769563982458,0.013727891212199476
0.4175,1.7457242155875314,-0.18255405586047643,-0.00872839314520864,0.04886873071078362,0.04574282181278963,0.029513911324379437,0.014351572760618568
0.4225000000000001,1.7603282847076334,-0.17214677519984695,-0.008681756888018049,0.04337996251413175,0.042110913290071994,0.02935546736963334,0.014891843712747033
0.4275,1.7752317946566183,-0.16153285468418258,-0.008639461690699334,0.0380217254521579,0.03848626481601318,0.02903776454644182,0.015340677452484042
0.4325000000000001,1.7903911477416226,-0.15074650665421993,-0.008630836760197753,0.03283306506031144,0.03489625377596816,0.028557370301721088,0.015691049998787163
0.4375,1.8057626005974305,-0.13982169587985616,-0.008681062912639165,0.027847919221419715,0.03136573946906995,0.027913372424995794,0.015937117061260334
0.4424999999999999,1.8213020746817998,-0.1287922439029813,-0.008810176744708003,0.02309439470874303,0.027916612317605487,0.027107575015770914,0.0160743714280524
0.4475,1.8369648702034889,-0.11769200250031811,-0.00903240527989661,0.018594353282308143,0.024567506391747734,0.02614459885408188,0.016099777955310784
0.4524999999999999,1.8527053052118265,-0.10655508204882244,-0.009355858286593785,0.014363319268275576,0.02133368306901666,0.025031881422341633,0.01601188419494567
0.4575,1.8684763003235276,-0.09541612141208887,-0.009782575185239391,0.010410695192323413,0.018227082122242,0.023779578863042116,0.015810905470989668
0.4624999999999999,1.8842289289859129,-0.0843105859045411,-0.010308895948172844,0.006740248722493096,0.01525652517253498,0.022400378341400733,0.015498783958895675
0.4675,1.899911954123732,-0.07327507862782556,-0.010926103341929857,0.0033508152995804573,0.012428046194983023,0.020909233905160123,0.01507922186713238
0.4724999999999999,1.9154713752609083,-0.062347647767185196,-0.011621268982504923,0.0002371480871867541,0.009745315494817842,0.01932304149691964,0.014557688888464223
0.47750000000000004,1.930850016348782,-0.05156806809266496,-0.012378228624013145,-0.002609158901461714,0.007210117982263476,0.017660269068672033,0.013941403375171156
0.48249999999999993,1.945987193893229,-0.040978068818504645,-0.013178612562947415,-0.005198747466012538,0.004822844116185679,0.015940555898971774,0.013239284985790412
0.48750000000000004,1.9608185174702892,-0.030621472182299835,-0.014002863923900204,-0.007543637267634407,0.002582952716348691,0.01418429168540285,0.012461873853870098
0.49249999999999994,1.9752758896664437,-0.02054419797100646,-0.014831189281229848,-0.009656486595342184,0.0004893688293331242,0.012412181549155528,0.011621207958749446
0.49750000000000005,1.9892877882959918,-0.010794079635348737,-0.01564440066289192,-0.01155000961084543,-0.0014592133907442768,0.010644798748676553,0.010730647013046877
0.5025,2.002779927576397,-0.0014204293136317974,-0.016424623503404276,-0.013236570603461803,-0.0032641437666553457,0.008902123786440065,0.009804628839599162
0.5075000000000001,2.0156764022298597,0.00752671512657407,-0.0171558596956429,-0.014727958407516449,-0.004926755345309299,0.007203067821685453,0.008858344145370508
0.5125,2.027901412716703,0.015997723863221437,-0.017824406934087062,-0.01603532785763793,-0.0064484280547255435,0.00556498078771032,0.007907319100607392
0.5175000000000001,2.0393816427737073,0.02394493488278737,-0.018419143861951294,-0.01716928095185793,-0.007830762463182558,0.004003150842858073,0.006966903222284613
0.5225,2.0500493034555425,0.03132464793051912,-0.018931694524212617,-0.018140049011285908,-0.009075836851335749,0.002530311556394239,0.006051673105004268
0.5275000000000001,2.059845764628967,0.03809950029761654,-0.019356485409354432,-0.01895772923290095,-0.010186509355548672,0.0011561853887495234,0.005174779799154445
0.5325,2.068725565885247,0.04424108808872507,-0.019690704892932953,-0.019632525333009614,-0.011166717916842588,-0.00011289570575268335,0.004347286881852873
0.5375000000000001,2.0766604470643015,0.049732597305790285,-0.01993416996014203,-0.020174943255408754,-0.012021726053374284,-0.0012742426749509917,0.00357756367555272
0.5425,2.083642893721362,0.054571113609444465,-0.020089101065402185,-0.020595899886647975,-0.012758264186782158,-0.0023288829595489954,0.0028708086000149543
0.5475000000000001,2.089688600745438,0.058769217883931794,-0.020159805343126214,-0.020906715661803067,-0.013384526156440105,-0.0032814121743752513,0.002228776119617604
0.5525,2.094837270408725,0.062355481424574415,-0.02015227284861604,-0.021118980174438227,-0.013909999143658026,-0.004139601787142587,0.0016497636057087792
0.5575000000000001,2.099151318888107,0.06537357646090376,-0.02007370021168486,-0.021244301306443548,-0.014345130799693075,-0.004913772470552066,0.0011288816950469696
0.5625,2.102712369822376,0.06787991742899788,-0.01993196899640148,-0.02129396933410541,-0.014700865600581016,-0.005615979803525237,0.0006585883445761624
0.5674999999999999,2.1056158122130024,0.06994001246819405,-0.019735118201323034,-0.021278583393650904,-0.01498810695814351,-0.006259092422378661,0.00022942237415818508
0.5725,2.1079640902052104,0.0716239656302746,-0.019490856992409194,-0.021207694427227433,-0.015217175711659094,-0.006855862899541518,-0.00016916129640039961
0.5774999999999999,2.1098596531573377,0.07300174749221668,-0.019206161374961634,-0.021089514074781286,-0.01539733475344866,-0.007418091530630601,-0.0005479652392459925
0.5825,2.1113985361969947,0.0741388838702198,-0.01888698639158886,-0.02093072384717326,-0.015536433345240895,-0.007955961581134681,-0.0009173301553041331
0.5874999999999999,2.112665347020436,0.07509308557852112,-0.01853810634315427,-0.020736397363523014,-0.015640697535815793,-0.008477586925399443,-0.0012865870584617292
0.5925,2.113730068823846,0.07591209840517163,-0.018163074696808446,-0.02051002634042957,-0.015714662644227266,-0.008988769915785207,-0.0016637005351130012
0.5974999999999999,2.114646669739494,0.07663277020481957,-0.01776427836941074,-0.02025362401111188,-0.015761218117230677,-0.009492930292867924,-0.0020550790411920047
0.6025,2.1154531561181558,0.07728109262326667,-0.017343051827319034,-0.019967871250995913,-0.01578171992178685,-0.009991143475082174,-0.0024654965907201687
0.6074999999999999,2.1161724985672223,0.07787283226715028,-0.0168998159774441,-0.019652271507632126,-0.01577612285612481,-0.010482221764395292,-0.002898055909735506
0.6125,2.116813814086792,0.07841433350992391,-0.01643421362717391,-0.019305288836387324,-0.015743093069692658,-0.010962782843920408,-0.0033541259982770165
0.6174999999999999,2.1173732742134916,0.07890313239793825,-0.015945224463852558,-0.01892445588257995,-0.015680076013293374,-0.011427271359345506,-0.0038332031965596716
0.6225,2.1178343749813586,0.07932813263730892,-0.015431255108030124,-0.018506452588798798,-0.015583313198062025,-0.011867925857467198,-0.004332669421739173
0.6275,2.118167401645455,0.07966922759815062,-0.014890211743101388,-0.018047169731054667,-0.015447819836041645,-0.012274710767190623,-0.004847450458337483
0.6325000000000001,2.1183281222087116,0.0798963878720268,-0.014319573107491358,-0.01754178313837449,-0.015267353390148668,-0.012635259209539812,-0.0053696091532399815
0.6375,2.1182559454737286,0.07996836967311506,-0.013716489977204835,-0.016984874287775505,-0.015034419895208104,-0.012934896211795398,-0.005887942492514168
0.6425000000000001,2.117871995111997,0.07983134450332272,-0.013077943467637665,-0.016370640451612732,-0.014740380123784744,-0.01315683226901827,-0.006387686996057684
0.6475,2.1170777980411954,0.07941791702885409,-0.012400997697643076,-0.015693241410610362,-0.014375729478197142,-0.013282631399044672,-0.006850470588822182
0.6525000000000001,2.115755565336622,0.07864718879143912,-0.011683180479807247,-0.014947327182351847,-0.013930629808895348,-0.013293060212958544,-0.007254673799244285
0.6575,2.113771320570391,0.0774267179607404,-0.01092301507084004,-0.01412877783193482,-0.01339576127280069,-0.01316940594416329,-0.0075763659724187304
0.6625000000000001,2.110982300579378,0.0756573533674929,-0.010120701811936816,-0.013235656661011397,-0.012763528632155638,-0.01289530015919242,-0.007790945282685509
0.6675,2.107249923681808,0.07324185690005083,-0.009278906376092168,-0.01226932697945099,-0.012029589978213259,-0.012458990191404723,-0.00787551563163343
0.6725000000000001,2.102458916888615,0.07009778675103057,-0.008403551021822673,-0.01123560952247063,-0.011194573078884619,-0.011855859203404822,-0.007811867826159495
0.6775,2.0965416578643645,0.06617410989835613,-0.007504435857293848,-0.010145771180549294,-0.010265715255865726,-0.011090823364196766,-0.007589707734654616
0.6825000000000001,2.0895043987584434,0.061469406149003585,-0.0065954622789067465,-0.009017059793615969,-0.009258038822973656,-0.010180074590015119,-0.007209538962239585
0.6875,2.0814493292146268,0.056047639710796106,-0.005694228041731299,-0.007872474240156881,-0.008194612236401961,-0.009151563879711434,-0.00668445339751764
0.6924999999999999,2.072584668531003,0.05004613588326611,-0.004820851131509992,-0.00673953059932724,-0.0071055155087760575,-0.008043720272678726,-0.006040123486619896
0.6975,2.0632158093580895,0.043670759401225084,-0.003996069021522205,-0.0056479824782249,-0.006025372289652863,-0.006902228020278649,-0.005312605525775638
0.7024999999999999,2.0537149599244158,0.0371761285942886,-0.0032389063676630026,-0.004626753087020482,-0.004989704410971923,-0.0057752012550480935,-0.004544125827457387
0.7075,2.044473811458877,0.03083352714643604,-0.002564405622858165,-0.0037006418127538843,-0.004030782274865276,-0.004707637246986385,-0.0037776539132837504
0.7124999999999999,2.03585039384666,0.024893951821936225,-0.0019819590419671144,-0.0028875347520056042,-0.0031738952769393733,-0.0037363527430514716,-0.003051493954187505
0.7175,2.028123854359805,0.019555879042055482,-0.001494620648434684,-0.002196764578944391,-0.0024348986677776873,-0.0028865228403352834,-0.0023951250455743105
0.7224999999999999,2.0214678344031727,0.014945535782985696,-0.0010994767841273183,-0.0016289366246343515,-0.0018195067672037006,-0.002170451202314761,-0.0018270766975710445
0.7275,2.0159461595537223,0.011112726833460195,-0.0007888534011281693,-0.001177106409156593,-0.0013242698873752888,-0.001588523076832378,-0.0013549544409006042
0.7324999999999999,2.0115274119420032,0.008040164198460978,-0.0005519625049388296,-0.0008288513139918116,-0.0009387337222682495,-0.0011317303122955378,-0.0009771410570362821
0.7375,2.0081107009349135,0.005661047220156162,-0.0003765799588380462,-0.0005686493606478522,-0.0006480939431261256,-0.0007849101309967335,-0.0006854036262229947
0.7424999999999999,2.0055544182274243,0.003879086138500902,-0.00025045779292989047,-0.00038005890961367953,-0.00043573025134311944,-0.0005299154015422196,-0.00046765834212314587
0.7475,2.00370183712775,0.002586532901971433,-0.0001623268441953043,-0.00024739136071880857,-0.000285225593938864,-0.00034820188991156053,-0.0003103658740946699
0.7525,2.0024003510375272,0.0016778451888517223,-0.00010247624155819296,-0.00015677745179675187,-0.00018171981926949084,-0.00022261927310657296,-0.00020030076859762
0.7575000000000001,2.001513656005568,0.001058412682347582,-6.297716031584448e-05,-9.66794801717556e-05,-0.00011263045151013067,-0.00013842420071423644,-0.00012565766483038066
0.7625,2.0009277531540857,0.000648920455404447,-3.765094169788698e-05,-5.7979391346206304e-05,-6.787256553268575e-05,-8.366343241531731e-05,-7.658932739878211e-05
0.7675000000000001,2.0005523287100946,0.0003864319253921401,-2.1881081851859677e-05,-3.3790498938100464e-05,-3.9739019447104504e-05,-4.911828448800257e-05,-4.532571585947105e-05
0.7725,2.0003191442493717,0.00022334046638079855,-1.2350831231997473e-05,-1.91228166422456e-05,-2.2588358080412538e-05,-2.7990038850690244e-05,-2.6025526404561765e-05
0.7775000000000001,2.0001788253769153,0.00012517157370597117,-6.764939760321774e-06,-1.0499464836669933e-05,-1.2454416334923508e-05,-1.546860013440242e-05,-1.448698334037751e-05
0.7825,2.0000970782944285,6.79653828094635e-05,-3.5921375993261797e-06,-5.587705772116399e-06,-6.654734077361085e-06,-8.28304930447661e-06,-7.810776187346362e-06
0.7875000000000001,2.0000510079016727,3.571792817382266e-05,-1.8472312990074562e-06,-2.8795068482332026e-06,-3.4425314423412065e-06,-4.293376405064072e-06,-4.075068585447559e-06
0.7925,2.0000259132489644,1.814883616265462e-05,-9.189770294855394e-07,-1.4353693635425962e-06,-1.7223114163814057e-06,-2.151938136572929e-06,-2.0552332961381167e-06
0.7975000000000001,2.0000127144575326,8.906321854081975e-06,-4.4179031996878147e-07,-6.913352381713983e-07,-8.324425198477304e-07,-1.0418624672572255e-06,-1.000940794762184e-06
0.8025,2.0000060181453296,4.216312696630282e-06,-2.0499574530413143e-07,-3.2135600214347586e-07,-3.8824197689789967e-07,-4.866790194493614e-07,-4.702036412835414e-07
0.8075000000000001,2.0000027446474715,1.923191733123876e-06,-9.169656780470026e-08,-1.4398684847015023e-07,-1.7451221842565014e-07,-2.1907886306314732e-07,-2.1280163427203e-07
0.8125,2.0000012045082025,8.441277761252861e-07,-3.9488788093577145e-08,-6.210603746458406e-08,-7.550288002828554e-08,-9.491335312356126e-08,-9.266704110639267e-08
0.8174999999999999,2.0000005079709253,3.560380952792762e-07,-1.634958008526753e-08,-2.57526301324626e-08,-3.139936601721977e-08,-3.952139554912212e-08,-3.8775050477156977e-08
0.8225,2.0000002055618173,1.4409742194680121e-07,-6.498502136639179e-09,-1.0250623031928345e-08,-1.2533289166682202e-08,-1.5793774043135672e-08,-1.5567992802978497e-08
0.8274999999999999,2.0000000796977315,5.587441810695851e-08,-2.4757832137168624e-09,-3.910576435390765e-09,-4.794240909788987e-09,-6.0480474187933806e-09,-5.9882299021174625e-09
0.8325,2.0000000295546365,2.0722553624123885e-08,-9.025566649020234e-10,-1.4274631962443365e-09,-1.754525725531445e-09,-2.215630837579328e-09,-2.203090691999542e-09
0.8374999999999999,2.000000010464091,7.337822298516831e-09,-3.1427707810560455e-10,-4.976664188196787e-10,-6.132010966509793e-10,-7.750921793392374e-10,-7.738556564886651e-10
0.8425,2.0000000035304435,2.475942718651709e-09,-1.0432226055705384e-10,-1.65391196238417e-10,-2.0426933143882835e-10,-2.584277666237319e-10,-2.5902510240755474e-10
0.8474999999999999,2.0000000011326367,7.944111989219927e-10,-3.294148917476166e-11,-5.2283485714821505e-11,-6.472025371359987e-11,-8.194769587666954e-11,-8.244497049679504e-11
0.8525,2.0000000003447322,2.4181198647799424e-10,-9.871926676451526e-12,-1.5685079546311544e-11,-1.945844659025787e-11,-2.4657108786733548e-11,-2.4895849739145506e-11
0.8574999999999999,2.0000000000992886,6.965218302853515e-11,-2.8005541989907757e-12,-4.45421572651373e-12,-5.53734245886913e-12,-7.021849890641236e-12,-7.11426655538075e-12
0.8625,2.000000000026985,1.8931905745608798e-11,-7.499675297467871e-13,-1.1939672571962512e-12,-1.487291499332357e-12,-1.8873080876880144e-12,-1.9184701440525283e-12
0.8674999999999999,2.000000000006899,4.840577024828975e-12,-1.889874714813734e-13,-3.0115289039364816e-13,-3.7586404838641083e-13,-4.772609605802242e-13,-4.866813149723749e-13
0.8725,2.0000000000016533,1.1601983020516847e-12,-4.465833230253786e-14,-7.122672930543995e-14,-8.906247108448466e-14,-1.1315703991208816e-13,-1.1574229025271955e-13
0.8775,2.00000000000037,2.596080231997169e-13,-9.856322397121967e-15,-1.573348282410731e-14,-1.9708432359026656e-14,-2.5054481614300507e-14,-2.570167714122562e-14
0.8825000000000001,2.0000000000000773,5.399922693589952e-14,-2.0228822194997733e-15,-3.231787543059651e-15,-4.0553771514159696e-15,-5.158266579988511e-15,-5.306615461723671e-15
0.8875,2.000000000000015,1.0430701560759486e-14,-3.854927351913252e-16,-6.164530475840047e-16,-7.750857116005042e-16,-9.86492727109414e-16,-1.0181197301192493e-15
0.8925000000000001,2.0000000000000027,1.963377529684208e-15,-7.018966016307577e-17,-1.1245611651638996e-16,-1.4198044229102408e-16,-1.809158745020106e-16,-1.8798298153575106e-16
0.8975,2.0000000000000004,3.471270785679155e-16,-1.155779658671414e-17,-1.8574109096973082e-17,-2.3612111489198267e-17,-3.0137865420030817e-17,-3.167024444925922e-17
0.9025000000000001,2.0,1.3292743462737417e-17,-6.119687343184399e-19,-9.742544086394796e-19,-1.2101140209846743e-18,-1.537787897975667e-18,-1.5518545700011475e-18
0.9075,2.0,5.1851922271785204e-20,-3.0442575878375887e-21,-4.710013116909557e-21,-5.530653277796229e-21,-6.857578153559297e-21,-6.2773656445581904e-21
0.9125000000000001,2.0,4.898095141947514e-22,-2.940829911388821e-23,-4.5169933321946054e-23,-5.2499462652342724e-23,-6.451867621573717e-23,-5.818922563580325e-23
0.9175,2.0,1.877929883891858e-24,-1.1523350425493097e-25,-1.7602425026208465e-25,-2.0317891166357927e-25,-2.4796502831954763e-25,-2.2171040599130776e-25
0.9225000000000001,2.0,1.6154818100780303e-26,-9.840531780493488e-28,-1.5034870497884599e-27,-1.7372857519133866e-27,-2.120455382180931e-27,-1.9015612010959766e-27
0.9275,2.0,5.268842789100108e-29,-3.213008089380211e-30,-4.906450335919964e-30,-5.6669144237347485e-30,-6.912524224996839e-30,-6.1983116861097335e-30
0.9325000000000001,2.0,1.6862674830095686e-31,-1.0280511401636875e-32,-1.569764763770142e-32,-1.8130592670016058e-32,-2.211401567797181e-32,-1.983327049839923e-32
0.9375,2.0,4.884860659171889e-34,-2.9675046453001704e-35,-4.5331185150885525e-35,-5.239564111252641e-35,-6.39395134193205e-35,-5.742028393956515e-35
0.9424999999999999,2.0,4.741163052733156e-37,-2.876687716941909e-38,-4.3950307515578773e-38,-5.081242707607521e-38,-6.201828670042176e-38,-5.572001372469922e-38
0.9475,2.0,1.476069649257667e-40,-8.950772544450571e-42,-1.3676069271096373e-41,-1.5813298698245174e-41,-1.9302320872318024e-41,-1.7345749963662339e-41
0.9524999999999999,2.0,0.0,0.0,0.0,0.0,0.0,0.0
0.9575,2.0,0.0,0.0,0.0,0.0,0.0,0.0
0.9624999999999999,2.0,0.0,0.0,0.0,0.0,0.0,0.0
0.9675,2.0,0.0,0.0,0.0,0.0,0.0,0.0
0.9724999999999999,2.0,0.0,0.0,0.0,0.0,0.0,0.0
0.9775,2.0,0.0,0.0,0.0,0.0,0.0,0.0
0.9824999999999999,2.0,0.0,0.0,0.0,0.0,0.0,0.0
0.9875,2.0,0.0,0.0,0.0,0.0,0.0,0.0
0.9924999999999999,2.0,0.0,0.0,0.0,0.0,0.0,0.0
0.9975,2.0,0.0,0.0,0.0,0.0,0.0,0.0
