-0.9975,3.0,0.18019958998260743,-0.14250150774078513,0.020973779159727424,-0.010144144577963303,-0.035460933308196954
-0.9925,3.0,0.18019958998260743,-0.14250150774078513,0.020973779159727424,-0.010144144577963303,-0.035460933308196954
-0.9875,3.0,0.18019958998260743,-0.14250150774078513,0.020973779159727424,-0.010144144577963303,-0.035460933308196954
-0.9825,3.0,0.18019958998260743,-0.14250150774078513,0.020973779159727424,-0.010144144577963303,-0.035460933308196954
-0.9775,3.0,0.18019958998260743,-0.14250150774078513,0.020973779159727424,-0.010144144577963303,-0.035460933308196954
-0.9725,3.0,0.18019958998260743,-0.14250150774078513,0.020973779159727424,-0.010144144577963303,-0.035460933308196954
-0.9675,3.0,0.18019958998260743,-0.14250150774078513,0.020973779159727424,-0.010144144577963303,-0.035460933308196954
-0.9625,3.0,0.18019958998260743,-0.14250150774078513,0.020973779159727424,-0.010144144577963303,-0.035460933308196954
-0.9575,3.0,0.18019958998260743,-0.14250150774078513,0.020973779159727424,-0.010144144577963303,-0.035460933308196954
-0.9525,3.0,0.18019958998260743,-0.14250150774078513,0.020973779159727424,-0.010144144577963303,-0.035460933308196954
-0.9475,3.0,0.18019958998260743,-0.14250150774078513,0.020973779159727424,-0.010144144577963303,-0.035460933308196954
-0.9425,3.0,0.18019958998260743,-0.14250150774078513,0.020973779159727424,-0.010144144577963303,-0.035460933308196954
-0.9375,3.0,0.18019958998260743,-0.14250150774078513,0.020973779159727424,-0.010144144577963303,-0.035460933308196954
-0.9325,3.0,0.18019958998260743,-0.14250150774078513,0.020973779159727424,-0.010144144577963303,-0.035460933308196954
-0.9275,3.0,0.18019958998260743,-0.14250150774078513,0.020973779159727424,-0.010144144577963303,-0.035460933308196954
-0.9225,3.0,0.18019958998260743,-0.14250150774078513,0.020973779159727424,-0.010144144577963303,-0.035460933308196954
-0.9175,3.0,0.18019958998260743,-0.14250150774078513,0.020973779159727424,-0.010144144577963303,-0.035460933308196954
-0.9125,3.0,0.18019958998260743,-0.14250150774078513,0.020973779159727424,-0.010144144577963303,-0.035460933308196954
-0.9075,3.0,0.18019958998260743,-0.14250150774078513,0.020973779159727424,-0.010144144577963303,-0.035460933308196954
-0.9025,3.0,0.18019958998260743,-0.14250150774078513,0.020973779159727424,-0.010144144577963303,-0.035460933308196954
-0.8975,3.0,0.18019958998260743,-0.14250150774078513,0.020973779159727424,-0.010144144577963303,-0.035460933308196954
-0.8925,3.0,0.18019958998260743,-0.14250150774078513,0.020973779159727424,-0.010144144577963303,-0.035460933308196954
-0.8875,3.0,0.18019958998260743,-0.14250150774078513,0.020973779159727424,-0.010144144577963303,-0.035460933308196954
-0.8825000000000001,3.0,0.18019958998260743,-0.14250150774078513,0.020973779159727424,-0.010144144577963303,-0.035460933308196954
-0.8775,3.0,0.18019958998260743,-0.14250150774078513,0.020973779159727424,-0.010144144577963303,-0.035460933308196954
-0.8725,3.0,0.18019958998260743,-0.14250150774078513,0.020973779159727424,-0.010144144577963303,-0.035460933308196954
-0.8674999999999999,3.0,0.18019958998260743,-0.14250150774078513,0.020973779159727424,-0.010144144577963303,-0.035460933308196954
-0.8625,3.0,0.18019958998260743,-0.14250150774078513,0.020973779159727424,-0.010144144577963303,-0.035460933308196954
-0.8575,3.0,0.18019958998260743,-0.14250150774078513,0.020973779159727424,-0.010144144577963303,-0.035460933308196954
-0.8525,3.0,0.18019958998260743,-0.14250150774078513,0.020973779159727424,-0.010144144577963303,-0.035460933308196954
-0.8475,3.0,0.18019958998260743,-0.14250150774078513,0.020973779159727424,-0.010144144577963303,-0.035460933308196954
-0.8425,3.0,0.18019958998260743,-0.14250150774078513,0.020973779159727424,-0.010144144577963303,-0.035460933308196954
-0.8375,3.0,0.18019958998260743,-0.14250150774078513,0.020973779159727424,-0.010144144577963303,-0.035460933308196954
-0.8325,3.0,0.18019958998260743,-0.14250150774078513,0.020973779159727424,-0.010144144577963303,-0.035460933308196954
-0.8275,3.0,0.18019958998260743,-0.14250150774078513,0.020973779159727424,-0.010144144577963303,-0.035460933308196954
-0.8225,3.0,0.18019958998260743,-0.14250150774078513,0.020973779159727424,-0.010144144577963303,-0.035460933308196954
-0.8175,3.0,0.18019958998260743,-0.14250150774078513,0.020973779159727424,-0.010144144577963303,-0.035460933308196954
-0.8125,3.0,0.18019958998260743,-0.14250150774078513,0.020973779159727424,-0.010144144577963303,-0.035460933308196954
-0.8075,3.0,0.18019958998260743,-0.14250150774078513,0.020973779159727424,-0.010144144577963303,-0.035460933308196954
-0.8025,3.0,0.18019958998260743,-0.14250150774078513,0.020973779159727424,-0.010144144577963303,-0.035460933308196954
-0.7975,3.0,0.18019958998260743,-0.14250150774078513,0.020973779159727424,-0.010144144577963303,-0.035460933308196954
-0.7925,3.0,0.18019958998260743,-0.14250150774078513,0.020973779159727424,-0.010144144577963303,-0.035460933308196954
-0.7875,3.0,0.18019958998260743,-0.14250150774078513,0.020973779159727424,-0.010144144577963303,-0.035460933308196954
-0.7825,3.0,0.18019958998260743,-0.14250150774078513,0.020973779159727424,-0.010144144577963303,-0.035460933308196954
-0.7775,3.0,0.18019958998260743,-0.14250150774078513,0.020973779159727424,-0.010144144577963303,-0.035460933308196954
-0.7725,3.0,0.18019958998260743,-0.14250150774078513,0.020973779159727424,-0.010144144577963303,-0.035460933308196954
-0.7675,3.0,0.18019958998260743,-0.14250150774078513,0.020973779159727424,-0.010144144577963303,-0.035460933308196954
-0.7625,3.0,0.18019958998260743,-0.14250150774078513,0.020973779159727424,-0.010144144577963303,-0.035460933308196954
-0.7575000000000001,3.0,0.18019958998260743,-0.14250150774078513,0.020973779159727424,-0.010144144577963303,-0.035460933308196954
-0.7525,3.0,0.18019958998260757,-0.1425015077407851,0.020973779159727424,-0.010144144577963308,-0.03546093330819696
-0.7475,2.9999999999999987,0.1801995899826082,-0.14250150774078515,0.020973779159727406,-0.010144144577963346,-0.03546093330819702
-0.7424999999999999,2.9999999999999947,0.18019958998261046,-0.142501507740785,0.020973779159727344,-0.010144144577963468,-0.0354609333081972
-0.7375,2.9999999999999805,0.1801995899826186,-0.14250150774078443,0.020973779159727136,-0.010144144577963936,-0.03546093330819786
-0.7324999999999999,2.9999999999999316,0.1801995899826467,-0.14250150774078277,0.020973779159726404,-0.010144144577965567,-0.03546093330820021
-0.7275,2.999999999999771,0.1801995899827394,-0.14250150774077736,0.020973779159723975,-0.010144144577971097,-0.035460933308208084
-0.7224999999999999,2.9999999999992535,0.1801995899830371,-0.14250150774076015,0.020973779159715947,-0.010144144577989112,-0.0354609333082337
-0.7175,2.9999999999976437,0.18019958998396393,-0.14250150774070636,0.020973779159690155,-0.010144144578046093,-0.03546093330831439
-0.7125,2.9999999999927773,0.1801995899867652,-0.1425015077405454,0.02097377915961004,-0.010144144578221333,-0.03546093330856158
-0.7075,2.9999999999784994,0.1801995899949827,-0.14250150774007722,0.020973779159368544,-0.010144144578744504,-0.035460933309296845
-0.7025,2.999999999937829,0.18019959001838862,-0.1425015077387557,0.0209737791586613,-0.0101441445802614,-0.03546093331142082
-0.6975,2.999999999825314,0.18019959008313483,-0.14250150773513479,0.020973779156648987,-0.010144144584534739,-0.03546093331738164
-0.6925,2.9999999995229416,0.18019959025711768,-0.14250150772550185,0.020973779151084938,-0.010144144596233917,-0.03546093333363766
-0.6875,2.999999998733393,0.1801995907113725,-0.14250150770061704,0.02097377913613116,-0.010144144627367792,-0.03546093337672824
-0.6825,2.999999996729808,0.1801995918639837,-0.1425015076381796,0.020973779097057627,-0.010144144707924529,-0.03546093348777555
-0.6775,2.9999999917877043,0.1801995947067355,-0.14250150748600454,0.02097377899777326,-0.010144144910624006,-0.035460933766054616
-0.6725,2.999999979936393,0.18019960152295172,-0.14250150712569587,0.02097377875239736,-0.010144145406725326,-0.03546093444429428
-0.6675,2.9999999523025997,0.18019961741445042,-0.14250150629684297,0.02097377816244619,-0.010144146587956478,-0.03546093605232087
-0.6625,2.9999998896417015,0.1801996534445721,-0.14250150444424753,0.020973776782353102,-0.01014414932461226,-0.03546093976153813
-0.6575,2.99999975144721,0.18019973289600344,-0.14250150042078913,0.02097377364055422,-0.010144155494745856,-0.035460948087145595
-0.6525000000000001,2.999999454982981,0.18019990331659566,-0.14250149193019446,0.020973766679256933,-0.010144169034817243,-0.03546096627385231
-0.6475,2.99999883627706,0.18020025892290226,-0.14250147452068349,0.020973751665041177,-0.010144197958718109,-0.03546100494177275
-0.6425000000000001,2.999997580064669,0.18020098082783773,-0.14250143983741204,0.020973720138996062,-0.010144258111339507,-0.03546108497211927
-0.6375,2.9999950984257584,0.1802024067089345,-0.1425013727104634,0.02097365568655378,-0.01014437991523423,-0.035461246225432695
-0.6325000000000001,2.9999903282517484,0.18020514703607998,-0.14250124651129994,0.02097352737783783,-0.010144620085322464,-0.03546156256255819
-0.6275,2.999981406152725,0.18021027156592148,-0.1425010160932878,0.02097327863011081,-0.01014508125988285,-0.03546216680542391
-0.6225,2.9999651675686287,0.180219596567382,-0.14250060761450123,0.020972808970267244,-0.01014594370970342,-0.035463290686147717
-0.6174999999999999,2.999936407926933,0.18023610829872788,-0.14249990473687976,0.02097194527446414,-0.010147514630791348,-0.03546532631962585
-0.6125,2.999886842950641,0.18026455859587834,-0.14249873125145507,0.020970398166547003,-0.010150301744381437,-0.03546891694376513
-0.6074999999999999,2.9998037197124505,0.18031226002239106,-0.142496831244204,0.02096769861654834,-0.010155118581476847,-0.03547508502816843
-0.6025,2.999668067379728,0.18039008653304245,-0.14249384958075573,0.020963109774327974,-0.010163228293842027,-0.03548540457910439
-0.5974999999999999,2.9994526424301946,0.18051364785275037,-0.14248931768509326,0.020955510179264992,-0.01017653037931311,-0.03550222070939634
-0.5925,2.999119717200582,0.18070455201139335,-0.14248265198771168,0.020943247182789962,-0.010197789689661558,-0.03552891262167165
-0.5875,2.9986189725537735,0.18099160679413492,-0.14247317435283427,0.020923964006722442,-0.010230899242746392,-0.03557018596824315
-0.5825,2.997885861850224,0.1814117507557704,-0.1424601642848992,0.02089441022451525,-0.010281158169697695,-0.03563236799445802
-0.5775,2.9968408793756627,0.18201046789329745,-0.14244295069078497,0.02085025284972766,-0.01035553509646904,-0.03572366611551042
-0.5725,2.995390153334876,0.18284144893322316,-0.14242104569198688,0.02078591218291822,-0.010462877918509444,-0.03585434095890159
-0.5675,2.9934276634806256,0.18396533198677323,-0.14239431455512047,0.02069445109726261,-0.010614026400277917,-0.03603674225506208
-0.5625,2.9908391554072122,0.18544748592982316,-0.14236316561995624,0.020567546477752944,-0.010821787135548102,-0.036285163381374434
-0.5575,2.9875075240386497,0.1873549697475743,-0.14232873476555472,0.020395565690012548,-0.01110074252407306,-0.03661548884629437
-0.5525,2.9833191383756588,0.18975296976838502,-0.14229303364426507,0.02016775924585817,-0.011466885602423664,-0.03704463644931733
-0.5475,2.9781703620434774,0.1927011368088958,-0.14225903218333077,0.019872564978980906,-0.011937097337566463,-0.03758982716027351
-0.5425,2.971973456082185,0.1962502800455632,-0.14223065442537927,0.019498002218873666,-0.012528507133756032,-0.03826774407341841
-0.5375,2.964661153901615,0.20043981275369793,-0.14221268096567996,0.019032120401234018,-0.013257795391446264,-0.039093660592894146
-0.5325,2.956189442204187,0.2052962057700286,-0.14221056740879223,0.01846345843800879,-0.014140505049348719,-0.04008062317419815
-0.5275000000000001,2.946538394950409,0.21083252829155022,-0.1422302021541262,0.017781470590028,-0.015190425831158403,-0.04123876492525848
-0.5225,2.935711207709254,0.21704898860003558,-0.14227763510961716,0.016976881185736332,-0.016419101921691943,-0.04257480605181345
-0.5175000000000001,2.9237318020238474,0.22393426519598414,-0.1423588102823531,0.016041942295041814,-0.01783549459915178,-0.04409177063472437
-0.5125,2.9106414829027147,0.23146735792300982,-0.1424793303694873,0.014970582503240702,-0.019445810334854898,-0.04578892219682222
-0.5075000000000001,2.8964951411663127,0.239619685933678,-0.14264427268430638,0.0137584483730086,-0.02125348596437415,-0.04766189761733469
-0.5025,2.8813574236853405,0.24835719895312233,-0.14285806566207412,0.012402850900717254,-0.023259308368461424,-0.049703002993211225
-0.49750000000000005,2.8652991846599334,0.25764233001187453,-0.14312442604672962,0.010902636184080543,-0.02546163775663731,-0.05190162684203408
-0.49250000000000005,2.848394412477496,0.2674356837226593,-0.14344635003837256,0.009258002536110643,-0.027856700855561446,-0.05424472480860621
-0.48750000000000004,2.830717721724375,0.2776974120808871,-0.143826147639799,0.007470286031284578,-0.030438921930193104,-0.056717334052511836
-0.48250000000000004,2.8123424198163267,0.288388273694265,-0.14426550794030035,0.005541733931282358,-0.033201264108651145,-0.059303082732300026
-0.47750000000000004,2.7933391047331138,0.2994704012055777,-0.14476558349883153,0.0034752816302074455,-0.03613555948493508,-0.06198466861120748
-0.47250000000000003,2.7737747212388904,0.31090781737044954,-0.14532708361643282,0.0012743445458216563,-0.03923281276482378,-0.06474428936723294
-0.4675,2.7537119920418203,0.3226667459890584,-0.14595036847890358,-0.0010573676193701875,-0.04248346900019721,-0.06756401477686606
-0.4625,2.7332091415981705,0.3347157629907249,-0.1466355384286334,-0.003516010249832571,-0.04587764078212579,-0.07042609708925165
-0.4575,2.7123198385800387,0.347025828249949,-0.14738251468930094,-0.006097735516623846,-0.04940529397128213,-0.07331322049249797
-0.4525,2.6910932945885784,0.3595702322593732,-0.1481911095684537,-0.008798797047574363,-0.053056393664853534,-0.07620869369718061
-0.4475,2.6695744689738223,0.3723244849783845,-0.14906108545794097,-0.011615629490611649,-0.05682101377087399,-0.0790965915456183
-0.4425,2.6478043411322023,0.3852661678194567,-0.14999220286466436,-0.014544905624264123,-0.06068941446911557,-0.08196185246509756
-0.4375,2.6258202216646764,0.39837476421740076,-0.15098425829216439,-0.01758357398090875,-0.06465209217249977,-0.0847903387793394
-0.4325,2.6036560820576686,0.41163147966930824,-0.15203711312687815,-0.02072887995885958,-0.06869980653526148,-0.08756886660300534
-0.4275,2.581342889152168,0.4250190584971024,-0.15315071482923803,-0.023978373208664083,-0.07282358872444707,-0.09028521145314189
-0.4225,2.5589089357981667,0.4385216017520458,-0.15432511174796498,-0.027329903764620654,-0.07701473468772069,-0.09292809495864443
-0.4175,2.5363801630148357,0.45212438850205794,-0.15556046281340008,-0.030781609010974022,-0.08126478659053504,-0.0954871572334199
-0.4125,2.513780471960084,0.46581370106617936,-0.1568570432586364,-0.034331893161427304,-0.08556550501138283,-0.09795291866695967
-0.4075,2.4911320263044705,0.4795766534448626,-0.15821524739185008,-0.037979400513323734,-0.08990883390633789,-0.1003167341175045
-0.40249999999999997,2.4684555474219145,0.4934010211148714,-0.15963558931795135,-0.04172298332493123,-0.09428685979881168,-0.10257074178857503
-0.39749999999999996,2.44577060634048,0.5072750694040078,-0.16111870239496562,-0.045561664757257835,-0.09869176612092584,-0.10470780843622866
-0.39249999999999996,2.4230959178015508,0.5211873767372975,-0.16266533811870174,-0.04949459691501987,-0.10311578312391707,-0.10672147198949693
-0.38749999999999996,2.4004496431952678,0.5351266480655885,-0.1642763650639904,-0.05352101360322766,-0.10755113327491525,-0.10860588216154003
-0.38249999999999995,2.3778497106995165,0.5490815126686128,-0.16595276847621887,-0.057640176969827636,-0.11198997154987397,-0.11035573917210072
-0.37749999999999995,2.3553141627627725,0.5630402991903447,-0.16769565110652973,-0.06185131671004712,-0.11642431949765443,-0.111966230279396
-0.37250000000000005,2.332861543238849,0.576990779142866,-0.16950623592098926,-0.0661535599398008,-0.12084599136665895,-0.11343296341869138
-0.36750000000000005,2.3105113390836283,0.5909198681454427,-0.17138587139084072,-0.07054584917623655,-0.12524650993186517,-0.11475189685545115
-0.36250000000000004,2.288284494596157,0.6048132718149103,-0.17333604018858578,-0.075026845065403,-0.1296170089201653,-0.11591926337965608
-0.35750000000000004,2.2662040196759783,0.6186550605186685,-0.17535837226976475,-0.07959480954732487,-0.13394811810178087,-0.1169314872037134
-0.35250000000000004,2.244295717249729,0.6324271542899873,-0.17745466350016575,-0.08424746404063488,-0.1382298262186359,-0.11778509141111256
-0.34750000000000003,2.222589058348016,0.6461086964621569,-0.17962690116086683,-0.08898181599225805,-0.14245131603365835,-0.11847659360792916
-0.3425,2.2011182351789667,0.6596752927873623,-0.1818772977609271,-0.09379394587701789,-0.14660076508257658,-0.11900238749269863
-0.3375,2.1799234208809644,0.6730980934532983,-0.18420833447704518,-0.09867874569197875,-0.15066510553742368,-0.11935860862957871
-0.3325,2.1590522558297276,0.6863427011262534,-0.18662281497892147,-0.10362959966276594,-0.15462973757897627,-0.1195409842036714
-0.3275,2.138561558452112,0.6993679033284822,-0.1891239289715724,-0.1086379991677927,-0.15847819390237605,-0.11954466962662903
-0.3225,2.1185192141957847,0.7121242589900322,-0.19171532181858558,-0.11369308833424832,-0.16219176017848114,-0.11936408055456826
-0.3175,2.099006116408362,0.7245526268396991,-0.19440116110411798,-0.11878114680666686,-0.16574907003663578,-0.11899273856872673
-0.3125,2.0801179009458175,0.736582819983719,-0.19718618164519694,-0.12388503532676085,-0.16912571682901892,-0.11842316409626957
-0.3075,2.0619660170843,0.7481327186268264,-0.2000756759876743,-0.12898366224344723,-0.17229396170851974,-0.11764687246379398
-0.3025,2.0446774087915256,0.7591083740634804,-0.2030753774829262,-0.13405157846181368,-0.1752226702718074,-0.11665455793969066
-0.2975,2.028391778931377,0.7694058663973674,-0.20619116038396956,-0.13905887381908852,-0.1778776739148061,-0.11543658146211222
-0.2925,2.0132551885076064,0.7789158526005304,-0.2094284653176134,-0.14397161724022078,-0.18022280925053985,-0.11398389709523954
-0.2875,1.9994088351460586,0.7875316882513397,-0.21279136867623819,-0.14875312322739864,-0.1822218993034101,-0.11228953416775453
-0.2825,1.9869726000326575,0.7951614691378669,-0.21628128079126013,-0.15336627883482457,-0.18384183943744922,-0.11035065954580214
-0.27749999999999997,1.9760246507354882,0.8017430872107135,-0.21989540714466468,-0.15777695613051684,-0.18505667219563687,-0.10817104608267987
-0.27249999999999996,1.9665809369589993,0.8072594961973327,-0.2236253295221192,-0.16195813209554824,-0.185852070034205,-0.10576348159215503
-0.26749999999999996,1.958580865987375,0.8117495397325918,-0.22745626973127112,-0.16589383162999077,-0.18622912941106437,-0.1031513714796385
-0.26249999999999996,1.951885970005335,0.8153092722408154,-0.23136761346057064,-0.16958166449353182,-0.18620612323841473,-0.1003687155894657
-0.25749999999999995,1.9462953122082698,0.8180809496397717,-0.2353349408384773,-0.17303288062477337,-0.18581719888868756,-0.09745796396603049
-0.25249999999999995,1.9415750627328594,0.8202315343569436,-0.23933318289844085,-0.17626964905393436,-0.1851079997323141,-0.09446596403767353
-0.24750000000000005,1.9374933309172337,0.8219272526013458,-0.2433399382660078,-0.17932035384559955,-0.18412939087492852,-0.09143898466171196
-0.24250000000000005,1.9338491611192592,0.8233123565621674,-0.24733786203540564,-0.18221445801486658,-0.18293117260591227,-0.08841818279286374
-0.23750000000000004,1.9304881517967818,0.8244976355496706,-0.25131550187748275,-0.18497845171963984,-0.18155744407478358,-0.08543662600720646
-0.23250000000000004,1.9273038457997935,0.8255593135613134,-0.2552666881198774,-0.18763367492676913,-0.18004435179291772,-0.08251827893584915
-0.22750000000000004,1.9242294721204085,0.8265449935798614,-0.25918910874939394,-0.19019592067037375,-0.17841995544186118,-0.07967864139526613
-0.22250000000000003,1.9212262430124616,0.8274821226588015,-0.2630827776349034,-0.19267617884304034,-0.17670538439247033,-0.07692633865975301
-0.21750000000000003,1.9182727899088794,0.8283856353662312,-0.26694884514604666,-0.19508180928162308,-0.174916438735065,-0.07426497101865179
-0.21250000000000002,1.9153576394443186,0.8292633898688735,-0.2707888710827749,-0.19741766174958703,-0.1730650819368028,-0.07169476869415416
-0.20750000000000002,1.9124746402445956,0.8301194622272912,-0.27460446921159587,-0.19968694123980463,-0.17116060100715114,-0.06921386717634805
-0.2025,1.9096204502092038,0.830955947757119,-0.27839717394964203,-0.20189180436584692,-0.16921042340989118,-0.0668192003389778
-0.1975,1.906793212791966,0.8317739038025161,-0.2821684112131833,-0.20403374747508704,-0.16722066500782654,-0.06450708788511512
-0.1925,1.903991852761075,0.8325738474986611,-0.28591950775326075,-0.20611385343360764,-0.16519649127470873,-0.06227360529654057
-0.1875,1.9012156903376425,0.8333560262340137,-0.28965171117445027,-0.20813294694015247,-0.16314235485186873,-0.0601148081737758
-0.1825,1.8984642279514043,0.8341205654842205,-0.2933662115862191,-0.21009169089939336,-0.1610621520542236,-0.05802686210447621
-0.1775,1.8957370363419759,0.8348675462221615,-0.29706416275916947,-0.21199064459482853,-0.15895932616275057,-0.05600611243679161
-0.1725,1.8930336988341718,0.835597041071024,-0.30074670264238446,-0.21383029712344473,-0.15683693571231455,-0.054049116561971124
-0.16749999999999998,1.8903537883923236,0.836309127136616,-0.30441497358626224,-0.21561108498547127,-0.15469769972007694,-0.05215265340550402
-0.16249999999999998,1.8876968610552414,0.8370038870674887,-0.3080701427999465,-0.21733339975076818,-0.152544027637754,-0.05031371958234179
-0.15749999999999997,1.8850624550920743,0.8376814057894413,-0.3117134238376021,-0.21899758973377217,-0.15037803893954363,-0.04852951817254308
-0.15249999999999997,1.8824500892915204,0.8383417673757829,-0.3153461005132137,-0.22060395821949313,-0.14820157505870124,-0.046797443630202176
-0.14749999999999996,1.8798592568887833,0.8389850540969855,-0.3189695559925059,-0.2221527597727575,-0.14601620427556225,-0.04511506438988467
-0.14249999999999996,1.8772894137035752,0.8396113477560617,-0.32258531265121526,-0.22364419547037984,-0.1438232174524856,-0.0434801027533013
-0.13749999999999996,1.8747399595520593,0.8402207321489088,-0.32619509389118195,-0.2250784075920511,-0.14162360830011134,-0.04189040905805839
-0.13249999999999995,1.8722102102345175,0.8408132950778073,-0.32980092916638293,-0.22645547449390852,-0.13941802506972192,-0.04034392338842853
-0.12749999999999995,1.8696993531169848,0.8413891287223322,-0.33340533928344895,-0.2277754070155533,-0.13720667047337462,-0.038838612950855535
-0.12250000000000005,1.867206373225872,0.8419483279132622,-0.33701165948840833,-0.22903814835983674,-0.1349891141150492,-0.037372367521524154
-0.11750000000000005,1.8647299312972965,0.8424909861626513,-0.3406245763658104,-0.230243578754242,-0.13276397111867824,-0.035942831929948134
-0.11250000000000004,1.8622681761178763,0.8430171873590716,-0.34425095656223315,-0.23139152224900195,-0.13052840124752288,-0.03454715881535123
-0.10750000000000004,1.8598184957078823,0.8435269796512768,-0.3479010095874547,-0.23248174221049958,-0.12827740763813358,-0.03318168369522117
-0.10250000000000004,1.8573773084313256,0.8440202618904814,-0.35158973772278956,-0.23351388576465507,-0.12600297187103465,-0.03184156051843071
-0.09750000000000003,1.8549404046049813,0.8444962348414554,-0.355338514177698,-0.23448725868887338,-0.12369312961789865,-0.030520432004353205
-0.09250000000000003,1.8525062365476277,0.8449506873043344,-0.35917672357672165,-0.23539999308942605,-0.12133101678613477,-0.029210150217954773
-0.08750000000000002,1.8500936519905422,0.8453625584003861,-0.3631447848319203,-0.2362456595034407,-0.11889299392494826,-0.027899981640925112
-0.08250000000000002,1.8478297349813695,0.8456278233019755,-0.3673076889867288,-0.23699798665979627,-0.11633992528059141,-0.02657165102102773
-0.07750000000000001,1.8463748017521042,0.8452383487548697,-0.371826827229945,-0.23753871035147153,-0.11357140777897218,-0.025171715372497207
-0.07250000000000001,1.8489112782546733,0.8417697501288536,-0.37731796708092996,-0.23732141159560405,-0.11020309529504153,-0.023474429716010554
-0.0675,1.8693961456395898,0.8245267237540576,-0.3864198821630555,-0.2339926225874848,-0.1046310858155376,-0.02048359085416067
-0.0625,1.9531919314449777,0.7586485996660223,-0.40802998701851523,-0.220249909002069,-0.09169543702227101,-0.012721955385564582
-0.057499999999999996,2.1568279157001706,0.6057370917647871,-0.4525410148717318,-0.1886104614162305,-0.06475007279989274,0.005407119733314266
-0.05249999999999999,2.4126073976860196,0.4264793124336141,-0.5021167279938834,-0.14855699618851906,-0.0272365479254598,0.033397820964408444
-0.04749999999999999,2.5936119747233137,0.30735302848761575,-0.528730070502362,-0.1089350579301848,0.015252861981880788,0.0656174266215146
-0.04249999999999998,2.68594459780193,0.24917033533311417,-0.5364773603851941,-0.07559884095796238,0.05404927997737871,0.09346731550877718
-0.03749999999999998,2.728726300118197,0.22285572298574766,-0.5375276497991006,-0.05074711391530873,0.08388465933350199,0.11257219640603193
-0.03249999999999997,2.7498969490439094,0.21004474553262234,-0.5364153126417027,-0.03217422733184107,0.10517377841358622,0.12329492386199413
-0.02749999999999997,2.761998238624009,0.20289666951300864,-0.534243498539888,-0.01789509332237346,0.11954711646487105,0.12747362587878586
-0.022499999999999964,2.770197909237175,0.19832826384320182,-0.5309141707146249,-0.006370591692497415,0.12866661317393518,0.1269589880143147
-0.01749999999999996,2.7766859269622897,0.1950720170896387,-0.5261862830361359,0.003405722042763068,0.1338338282361528,0.1232129548080497
-0.012499999999999956,2.782444437484585,0.1925553576438873,-0.5199512967388339,0.012020361639977386,0.13601135578641055,0.11733238994085242
-0.007499999999999951,2.7880083245218943,0.19049126349998952,-0.511999781428408,0.019885904704446653,0.13578632224830953,0.10997232099828347
-0.0024999999999999467,2.7936233082212985,0.18872769590374497,-0.5023007681588063,0.027189571123484187,0.1335908454516651,0.10161885118004231
0.0024999999999999467,2.7994547480563114,0.18717658569969559,-0.49070228493711154,0.034086173204387005,0.12963902637759087,0.09248618055695283
0.007500000000000062,2.8055974417114022,0.18578701135755604,-0.47704814262708867,0.040665285128356266,0.1240162005454839,0.08264429594509848
0.012499999999999956,2.8122368802760027,0.18452433762505918,-0.46072436771400604,0.04712416894269597,0.11647449330930099,0.07180846436227321
0.01750000000000007,2.819844761451361,0.18335654946192215,-0.4399185946062618,0.05401282383317512,0.10612389928969626,0.059020317450613896
0.022499999999999964,2.8290247746888606,0.18226141061410814,-0.41178755607849715,0.06202195513126163,0.09164547787913506,0.04296269567985525
0.02750000000000008,2.8398305330906455,0.18125085025206425,-0.374466737980448,0.07095597314114432,0.07249220643948516,0.02335481201439693
0.03249999999999997,2.8502418314848477,0.18041317067143128,-0.3341028445249668,0.07654588335301578,0.052457636091978996,0.005113844443087755
0.03750000000000009,2.8598535627122312,0.17974868609907163,-0.29154337186052837,0.0761480753679195,0.03315729835253913,-0.010253685722394322
0.04249999999999998,2.8685464574317563,0.17920875324907323,-0.24639666355333475,0.06896623203878546,0.015724602572098022,-0.02341684351741527
0.0475000000000001,2.875914936812069,0.17871807104970586,-0.19991327851476764,0.057507762920249846,0.001953479199839169,-0.03589589805397606
0.05249999999999999,2.8813928437627743,0.178242357669305,-0.15612892204569495,0.045457372355654696,-0.007757021436584844,-0.048314540717295684
0.05750000000000011,2.8849382595508066,0.17777695742103575,-0.11842190393650857,0.03607468403865556,-0.015091482453199743,-0.06048169023283406
0.0625,2.886982729457706,0.17731693886763314,-0.08731330297477559,0.030813895297225974,-0.02177191311643195,-0.07184805144966891
0.0674999999999999,2.8880040596091723,0.1768499625847789,-0.06127329173216821,0.029071940529503723,-0.02853476869432514,-0.08215679983603771
0.07250000000000001,2.888308915811354,0.17635583292806845,-0.03833501032458852,0.02949634705167054,-0.03528648657254491,-0.09143784256015654
0.0774999999999999,2.888026915123919,0.17580662066294453,-0.016974857233574843,0.03103659906008285,-0.041684127028867965,-0.09980630466053281
0.08250000000000002,2.887161551766299,0.17516180894480982,0.0037271878200477895,0.03316818607331881,-0.047398527604577606,-0.10726405635123568
0.08749999999999991,2.8856176069896557,0.17435483931627457,0.02427483652615971,0.03580847032717145,-0.052112931108340865,-0.11366834720354714
0.09250000000000003,2.8831751714958305,0.1732610347367959,0.04484705091274165,0.039177240413632734,-0.055409602241867056,-0.11866940961107368
0.09749999999999992,2.8793710453502763,0.17161465547732657,0.0653135029329319,0.043735923055375714,-0.05663843570787027,-0.12164724436618661
0.10250000000000004,2.8731351351609073,0.1687856171052107,0.08534386952201524,0.050174071816844856,-0.05483922312011751,-0.1216727483667743
0.10749999999999993,2.8617777838218665,0.16317584722935993,0.10449387719356742,0.059313632891415086,-0.04878487761006497,-0.11742809092114571
0.11250000000000004,2.838358051554589,0.15063573613411713,0.12229996620296078,0.07220693005437968,-0.03708125833447134,-0.10744768120504694
0.11749999999999994,2.785864643073444,0.12083823230208028,0.1378359531541036,0.09008020414447562,-0.018588626240364066,-0.0906170146098515
0.12250000000000005,2.6699727131878492,0.052060786474702234,0.1487709420587132,0.11439786335927396,0.006872469020719404,-0.06769562658987525
0.12749999999999995,2.454255058803404,-0.0825991553542886,0.1510330996184648,0.14653115821478688,0.03685699731087897,-0.043237540385523125
0.13250000000000006,2.177764216803168,-0.2676732093110496,0.1427265488834061,0.1814998909601827,0.06431394004665966,-0.02392339279208361
0.13749999999999996,1.9713682646431578,-0.41616040489074846,0.13248048063267615,0.20940407383929363,0.08411621470578819,-0.01235631066150983
0.14250000000000007,1.8817217224397662,-0.48306570979203506,0.126369368591218,0.22272411834092254,0.09369206130164662,-0.007525919886231466
0.14749999999999996,1.8550837801460207,-0.5034900408306305,0.1229650505659484,0.22692920003182115,0.0975267416560257,-0.00578040637424007
0.15250000000000008,1.849132925880458,-0.5086525135136111,0.12041180611127104,0.2279492096422897,0.0994702942451076,-0.004950120444909542
0.15749999999999997,1.8487634937873307,-0.5097175552484071,0.11804671974412234,0.22807029880792906,0.100927601512812,-0.00433375381323386
0.1625000000000001,1.8498087348321426,-0.5097471367340846,0.11569962491661105,0.2279387914189118,0.10228245488265204,-0.0037490649836229165
0.16749999999999998,1.8512079666383883,-0.5095186166771526,0.11333303036013,0.22772157668384804,0.10362929983075847,-0.0031523974331689837
0.1725000000000001,1.8526984319424935,-0.5092243016941054,0.11094010836018953,0.22746025350855054,0.10498989278739626,-0.0025334654620964396
0.1775,1.8542159245598382,-0.5089111458982422,0.10852025569005527,0.22716446493893008,0.10636869468561676,-0.0018893790191349723
0.1825000000000001,1.855744936184171,-0.5085905017449646,0.10607384163239725,0.22683572944582098,0.1077662095991763,-0.0012186838545510314
0.1875,1.8572817792306067,-0.5082650962091663,0.10360123092378808,0.22647353085648442,0.10918205323084842,-0.0005201135375140253
0.1924999999999999,1.858825606239741,-0.5079355922389148,0.10110264938685568,0.22607687944280888,0.1106156235284145,0.00020764447214024703
0.1975,1.8603762412021012,-0.5076021707719526,0.0985781880259089,0.22564470254258887,0.11206623263030815,0.0009659937544162268
0.2024999999999999,1.8619336581010126,-0.5072649100167195,0.09602782272134254,0.22517593274981357,0.11353312003348018,0.001756445694392541
0.20750000000000002,1.8634978544531855,-0.506923876794811,0.09345143149469073,0.22466952130998855,0.11501543934495875,0.0025806332598134027
0.2124999999999999,1.8650688194167095,-0.5065791492459266,0.09084880697214708,0.224124435153064,0.11651223907552316,0.0034403248324447557
0.21750000000000003,1.8666465251488706,-0.5062308228720698,0.0882196645695818,0.2235396511909515,0.11802244156514537,0.004337438484214852
0.22249999999999992,1.8682309246492335,-0.5058790120719394,0.08556364781694446,0.22291415033845072,0.11954481993366367,0.005274056515500369
0.22750000000000004,1.8698219523364954,-0.5055238498605101,0.08288033188715165,0.22224691123527576,0.12107797195015045,0.00625243958741323
0.23249999999999993,1.8714195271624876,-0.5051654859450216,0.08016922527921348,0.22153690296165912,0.12262028963173495,0.007275039295553861
0.23750000000000004,1.8730235600255354,-0.5048040819647319,0.07742976860966047,0.22078307540281658,0.124169923112276,0.008344507254556929
0.24249999999999994,1.8746339699240138,-0.504439800791877,0.07466132922770853,0.21998434495261066,0.12572473617749452,0.009463697250800367
0.24750000000000005,1.8762507182095953,-0.5040727832461643,0.07186319074943066,0.21913957177616947,0.1272822486676625,0.010635654457178975
0.25249999999999995,1.8778738797403098,-0.5037030987721038,0.06903453685143666,0.21824752251650614,0.12883955791557528,0.01186358199267657
0.25750000000000006,1.879503787522006,-0.5033306438037091,0.06617442825464848,0.2173068086061458,0.13039322768086575,0.0131507702947301
0.26249999999999996,1.881141318955906,-0.5029549387448238,0.06328177124739037,0.21631578488209588,0.13193912852143375,0.014500469043708044
0.26750000000000007,1.8827884421661132,-0.5025747379583803,0.06035527669773291,0.21527238642433066,0.1334722083064093,0.015915675517493632
0.27249999999999996,1.8844492094269993,-0.5021873172684043,0.057393411474861225,0.21417387540087326,0.13498616729935048,0.017398809525333268
0.2775000000000001,1.8861314554890805,-0.5017872517701617,0.054394349548903244,0.2130164684882243,0.13647301343841364,0.018951247928288555
0.2825,1.887849489602362,-0.5013644737212055,0.05135593651711161,0.2117948261162411,0.1379224873289466,0.020572707308544266
0.2875000000000001,1.8896279904251194,-0.5009014574937388,0.04827568708947368,0.21050141585102214,0.13932138051814155,0.022260496817986974
0.2925,1.8915070422590976,-0.5003695748400826,0.045150838222438795,0.20912581950218545,0.1406528278222953,0.024008714651844315
0.2975000000000001,1.89354775014938,-0.4997250281494681,0.04197847878111553,0.20765413263503285,0.14189572740037878,0.0258075214863314
0.3025,1.8958372163364263,-0.4989052477591764,0.03875576705591667,0.20606868352740385,0.14302450857836718,0.027642672144438957
0.3075000000000001,1.8984910941141797,-0.49782705580064174,0.03548022863183153,0.20434833425755586,0.14400949104941888,0.029495495640207918
0.3125,1.9016518264184412,-0.4963879836771506,0.032150101925150665,0.20246957169558957,0.1448180217431077,0.0313434611680841
0.3174999999999999,1.9054813425011667,-0.4944716479724026,0.028764676130401942,0.20040842648407559,0.14541641957371298,0.03316135075054766
0.3225,1.910148432537168,-0.4919570303908262,0.02532455798884667,0.1981430046183033,0.14577253043566776,0.034922905365534884
0.3274999999999999,1.9158127863465813,-0.4887302045122305,0.02183181630152962,0.19565617194973567,0.14585847323383427,0.03660267357411883
0.3325,1.9226089875468524,-0.48469608123359675,0.018289982009086683,0.19293781391570172,0.14565304283709804,0.03817772683843621
0.3374999999999999,1.9306339350773356,-0.47978760265716613,0.014703913280479914,0.18998617303452767,0.1451432943466628,0.039628944119844516
0.3425,1.939940109478136,-0.47397059213705195,0.011079555997119295,0.18680802029032847,0.1443250512715689,0.04094169468853722
0.3474999999999999,1.9505353299327972,-0.4672437861226803,0.007423636727007491,0.18341773223422006,0.14320236570743564,0.04210590877776641
0.35250000000000004,1.962387960064187,-0.45963483366237495,0.0037433250037943854,0.1798355939642488,0.14178619371592213,0.04311565853901172
0.35749999999999993,1.9754355198666487,-0.45119379612868854,4.590291319953965e-05,0.1760857533616841,0.1400926570199377,0.04396843769026071
0.36250000000000004,1.989594500947133,-0.441985795376498,-0.0036615191151165797,0.17219421685881664,0.13814123977572046,0.044664325767514036
0.36749999999999994,2.0047696355659603,-0.4320841133792145,-0.007372211951779071,0.1681871560248805,0.13595317008137697,0.04520517888870624
0.37250000000000005,2.020861571761528,-0.4215645160545509,-0.011079961005626306,0.1640896503547195,0.13355012374617908,0.04559393570005246
0.37749999999999995,2.037772561103956,-0.41050108195388385,-0.014779148024803953,0.15992487114548135,0.13095329759246466,0.045834082020379675
0.38250000000000006,2.05541022586546,-0.3989634728228477,-0.018464806638867074,0.1557136383134719,0.12818283157178617,0.04592928030994777
0.38749999999999996,2.073689719505938,-0.3870154013302088,-0.02213264492352024,0.15147425765816894,0.12525750619367823,0.04588313813410226
0.39250000000000007,2.09253467620975,-0.3747139941389829,-0.025779007753855346,0.14722255552849065,0.12219461882561695,0.04569907234657251
0.39749999999999996,2.1118773254025496,-0.36210976644498993,-0.02940079015998561,0.14297204908278394,0.11900996756314156,0.04538023455986794
0.4025000000000001,2.1316580797137323,-0.34924697622713685,-0.03299536032943133,0.1387341914620829,0.11571791742339677,0.04492949124808596
0.4075,2.1518248266181437,-0.3361641863628564,-0.03656052881118688,0.134518619966409,0.1123315441135489,0.04434946227438608
0.4125000000000001,2.1723320838618845,-0.32289491664533265,-0.040094549536844964,0.13033338847768364,0.10886282295745167,0.04364259013062972
0.4175,2.1931401248937346,-0.3094683103898646,-0.04359604321140251,0.126185195640601,0.10532276852324746,0.042811192666084866
0.4225000000000001,2.214214138088535,-0.29590977140251257,-0.04706380017967978,0.12207959130443961,0.10172150773581505,0.041857482600368506
0.4275,2.23552344412752,-0.2822415480354333,-0.05049677026913491,0.11802125381709026,0.09806838628593009,0.040783597388844677
0.4325000000000001,2.2570407903090723,-0.2684832553965177,-0.05389403848892749,0.1140140849544007,0.09437211611127931,0.03959170925038361
0.4375,2.2787417184828733,-0.25465233484927147,-0.057254951154659096,0.11006130430218204,0.09064099717847025,0.038284142312702545
0.4424999999999999,2.3006040137467796,-0.24076445496866633,-0.06057906109218296,0.10616566229086014,0.08688294664997452,0.036863375448615114
0.4475,2.3226072397001563,-0.22683386015171564,-0.06386560517111488,0.10232937747359684,0.08310540618483975,0.03533204825033657
0.4524999999999999,2.3447322929840366,-0.21287367302397536,-0.06711396687545546,0.09855462418586505,0.07931549374988832,0.03369294288663085
0.4575,2.3669610302147803,-0.1988961588883657,-0.07032351753167584,0.09484315610736255,0.07552018131802428,0.03194924230633152
0.4624999999999999,2.38927592431829,-0.18491295942424493,-0.0734936851946299,0.09119653316039811,0.07172632739224366,0.030104540648863663
0.4675,2.411659749851314,-0.1709353011255163,-0.07662404376438321,0.08761636110459065,0.06794075943807248,0.028162740862057792
0.4724999999999999,2.4340953583024523,-0.15697418558028298,-0.07971307482631301,0.08410396790875756,0.06416976333249012,0.026128125656929495
0.47750000000000004,2.4565653002253405,-0.14304056241490407,-0.08276023872943797,0.08066113855849276,0.060420054586209984,0.02400541830315355
0.48249999999999993,2.479051648706854,-0.1291454960340695,-0.08576430617659563,0.07728922662382039,0.05669817959659848,0.021800091923456114
0.48750000000000004,2.5015356927324484,-0.11530032465183254,-0.08872422460833672,0.07398975036913975,0.053010893122210544,0.01951823138349382
0.49249999999999994,2.5239977112005794,-0.10151681888286182,-0.09163848001646566,0.07076475516752856,0.04936480454119718,0.017166158818834862
0.49750000000000005,2.546416730902886,-0.08780733921994216,-0.09450467971992695,0.06761596486950198,0.04576638875197723,0.014751115024902348
0.5025,2.568770122443476,-0.07418499613179744,-0.09732155295677002,0.06454570271840056,0.0422229963613864,0.012280887860131134
0.5075000000000001,2.5910334443266954,-0.06066382045078568,-0.10008674018582402,0.061555912690042944,0.038741623240197164,0.009764505898997054
0.5125,2.613180052053757,-0.04725894012172187,-0.10279801799508902,0.0586499304139838,0.035328929984854325,0.007211429726688505
0.5175000000000001,2.6351808483964443,-0.03398676134370547,-0.10545207053258177,0.05583049521995909,0.03199208337792199,0.004631951413196908
0.5225,2.657004142831435,-0.020865152006356087,-0.1080420231884511,0.05309878989287133,0.028737445354342986,0.0020392906842426977
0.5275000000000001,2.678614591660748,-0.007913601929157459,-0.11056766821458233,0.0504596420542389,0.025574171032405814,-0.00055582475194216
0.5325,2.6999735142204293,0.00484654578307556,-0.11302571069182125,0.04791721019922856,0.022510391024439035,-0.003141362651033004
0.5375000000000001,2.721038367048378,0.01739189454653023,-0.11541185606268387,0.04547548125971529,0.019554117223632896,-0.005704189769048513
0.5425,2.741762274745512,0.029696808708583614,-0.11772254990398129,0.0431381284872896,0.016713812776628294,-0.008229992278916349
0.5475000000000001,2.7620933165884907,0.04173324749295992,-0.11995969826128446,0.040906157149283646,0.013999740854162196,-0.010701132889371145
0.5525,2.7819757198761788,0.053470562391611305,-0.12211240438104061,0.03878642147765122,0.011417307604647667,-0.013106495064849316
0.5575000000000001,2.801348484913428,0.06487551828511597,-0.12417337882380979,0.03678415004043887,0.00897337956474532,-0.015432729189642311
0.5625,2.820145624783755,0.07591235107978259,-0.12613719424385175,0.034903253655005836,0.006674828390180494,-0.017665647110196768
0.5674999999999999,2.83829666930385,0.08654293771472261,-0.127998319467159,0.03314736235864983,0.004527805570541993,-0.01979166803336694
0.5725,2.855727359546304,0.09672717770620695,-0.1297506677218974,0.03152045178493777,0.0025382812634307385,-0.021797708976916623
0.5774999999999999,2.8723611690443156,0.10642364749561765,-0.13138477077153873,0.03003057530166135,0.0007154879914827647,-0.023669018051281555
0.5825,2.888119976371138,0.1155908264689769,-0.13290084093574084,0.02867327622834579,-0.0009427318984499653,-0.025397453949698046
0.5874999999999999,2.902927335925601,0.12418796719845705,-0.13429619868216242,0.02744742730057675,-0.002436784107717829,-0.026976015116562377
0.5925,2.9167109293698115,0.13217667090824653,-0.13556800787409387,0.026352036825674035,-0.0037677698359817793,-0.02839966186662279
0.5974999999999999,2.9294059569301787,0.13952284554445687,-0.13671465042417186,0.025384673377285047,-0.004938847569785397,-0.02966615610907593
0.6025,2.940959113654819,0.14619890791584933,-0.1377359769112079,0.024541359141636476,-0.005955324224544293,-0.030776270669769006
0.6074999999999999,2.9513327749451967,0.15218610176237213,-0.13863352444976235,0.023816531201016844,-0.006824648301026257,-0.03173386289094644
0.6125,2.9605089971559604,0.15747671353203804,-0.13941067294643192,0.023203087204239338,-0.007556287099677109,-0.03254578457837614
0.6174999999999999,2.9684928263778896,0.16207590430834853,-0.1400727095217957,0.02269252626883521,-0.008161479108687386,-0.03322161358468474
0.6225,2.9753143590383364,0.16600284753588662,-0.14062677455653733,0.022275186971846963,-0.008652865838790188,-0.03377321100483847
0.6275,2.981029051728504,0.16929089048517315,-0.14108167295180873,0.02194057267436941,-0.00904402299412857,-0.034214130036530295
0.6325000000000001,2.9857159575022,0.17198655607986393,-0.14144755062599304,0.021677741869512535,-0.009348926312346226,-0.03455892421296747
0.6375,2.9894738604592344,0.17414736530118965,-0.1417354567636346,0.0214757302137388,-0.009581399326831176,-0.034822419230016464
0.6425000000000001,2.992415635866342,0.17583865956321806,-0.14195683259288894,0.021323964122055773,-0.00975459548948066,-0.035019019605367144
0.6475,2.9946614918718564,0.17712978853408082,-0.1421229821555171,0.021212625427332196,-0.009880563557602362,-0.03516211642218377
0.6525000000000001,2.9963319573612903,0.17809014887748562,-0.14224458507994686,0.02113293335094085,-0.009969933012430213,-0.03526364589192862
0.6575,2.997541504932853,0.17878557635536083,-0.14233130386406828,0.021077322744540546,-0.010031737989331739,-0.03533382400648452
0.6625000000000001,2.9983935316754677,0.17927550253741448,-0.1423915203562818,0.02103951339672814,-0.010073377901442311,-0.03538105581833639
0.6675,2.9989771171373643,0.17961111727691512,-0.14243221284874408,0.021014480503601184,-0.010100695149093088,-0.03541199483380212
0.6725000000000001,2.99936562903796,0.17983458050435033,-0.14245896260964444,0.020998347918104076,-0.010118138495254489,-0.035431712980451405
0.6775,2.9996169456388944,0.17997915466981643,-0.1424760619782681,0.02098823163446869,-0.010128976325722587,-0.035443936266924506
0.6825000000000001,2.999774871507961,0.18007001843287618,-0.14248668800203218,0.020982061000887994,-0.010135526461520859,-0.035451304534587384
0.6875,2.999871258594237,0.1801254839093081,-0.14249310582090463,0.02097840071303856,-0.010139376315437754,-0.035455622742638755
0.6924999999999999,2.999928386412456,0.18015836267647517,-0.14249687231580532,0.02097628978569774,-0.010141576320655172,-0.03545808262405714
0.6975,2.9999612620415346,0.1801772862417851,-0.14249901981761917,0.020975106457560583,-0.010142798379718172,-0.035459444416001684
0.7024999999999999,2.999979628784699,0.18018785974388857,-0.1425002091132321,0.020974461823209528,-0.010143458090158928,-0.03546017691198356
0.7075,2.9999895886106644,0.18019359421098616,-0.14250084872660218,0.020974120631480766,-0.010143804115655717,-0.0354605596533204
0.7124999999999999,2.999994830116528,0.18019661241726062,-0.14250118270852768,0.020973945220643993,-0.010143980415735105,-0.03546075388179111
0.7175,2.9999975065721247,0.18019815376808343,-0.14250135198853187,0.02097385764622189,-0.010144067647843091,-0.035460849584086296
0.7224999999999999,2.999998832345268,0.18019891735165286,-0.14250143525254083,0.02097381519951934,-0.010144109552486447,-0.03546089535823049
0.7275,2.9999994692568834,0.1801992842197268,-0.14250147498642263,0.020973795231667616,-0.010144129090673335,-0.03546091660458073
0.7324999999999999,2.999999765927847,0.18019945512161875,-0.1425014933767969,0.020973786117737054,-0.010144137929782016,-0.03546092617174723
0.7375,2.9999998998743034,0.1801995322904642,-0.14250150162976646,0.020973782082916434,-0.010144141808529008,-0.0354609303498234
0.7424999999999999,2.99999995847612,0.1801995660548483,-0.14250150521959912,0.02097378035096999,-0.010144143458895074,-0.03546093211876138
0.7475,2.9999999833112594,0.1801995803651736,-0.14250150673255457,0.020973779630403755,-0.01014414413952652,-0.03546093284458474
0.7525,2.9999999935027577,0.18019958623809856,-0.1425015073501422,0.020973779339954982,-0.010144144411491685,-0.035460933133093876
0.7575000000000001,2.9999999975508795,0.18019958857102963,-0.14250150759421165,0.020973779226574795,-0.010144144516736155,-0.03546093324414298
0.7625,2.9999999991065898,0.18019958946764775,-0.14250150768755387,0.020973779183731653,-0.010144144556161376,-0.03546093328551451
0.7675000000000001,2.999999999684773,0.18019958980090056,-0.1425015077220835,0.020973779168068016,-0.010144144570451291,-0.03546093330042578
0.7725,2.999999999892481,0.18019958992062654,-0.14250150773443265,0.02097377916253004,-0.010144144575460212,-0.03546093330562252
0.7775000000000001,2.9999999999645692,0.1801995899621819,-0.14250150773870024,0.020973779160637605,-0.01014414457715719,-0.03546093330737281
0.7825,2.9999999999887272,0.18019958997610847,-0.14250150774012435,0.020973779160012918,-0.010144144577712552,-0.03546093330794216
0.7875000000000001,2.999999999996539,0.18019958998061214,-0.1425015077405831,0.020973779159813837,-0.010144144577888018,-0.03546093330812094
0.7925,2.9999999999989755,0.18019958998201688,-0.1425015077407255,0.02097377915975264,-0.010144144577941518,-0.03546093330817511
0.7975000000000001,2.999999999999708,0.18019958998243907,-0.14250150774076836,0.020973779159734522,-0.010144144577957225,-0.0354609333081909
0.8025,2.9999999999999196,0.18019958998256122,-0.14250150774078063,0.020973779159729342,-0.010144144577961674,-0.03546093330819535
0.8075000000000001,2.999999999999979,0.18019958998259514,-0.14250150774078402,0.020973779159727913,-0.010144144577962883,-0.035460933308196545
0.8125,2.9999999999999947,0.18019958998260435,-0.14250150774078485,0.020973779159727535,-0.010144144577963206,-0.03546093330819685
0.8174999999999999,2.9999999999999987,0.18019958998260677,-0.14250150774078518,0.020973779159727448,-0.010144144577963284,-0.03546093330819694
0.8225,3.0,0.18019958998260732,-0.1425015077407851,0.020973779159727427,-0.0101441445779633,-0.03546093330819695
0.8274999999999999,3.0,0.18019958998260743,-0.14250150774078513,0.020973779159727424,-0.010144144577963303,-0.035460933308196954
0.8325,3.0,0.18019958998260743,-0.14250150774078513,0.020973779159727424,-0.010144144577963303,-0.035460933308196954
0.8374999999999999,3.0,0.18019958998260743,-0.14250150774078513,0.020973779159727424,-0.010144144577963303,-0.035460933308196954
0.8425,3.0,0.18019958998260743,-0.14250150774078513,0.020973779159727424,-0.010144144577963303,-0.035460933308196954
0.8474999999999999,3.0,0.18019958998260743,-0.14250150774078513,0.020973779159727424,-0.010144144577963303,-0.035460933308196954
0.8525,3.0,0.18019958998260743,-0.14250150774078513,0.020973779159727424,-0.010144144577963303,-0.035460933308196954
0.8574999999999999,3.0,0.18019958998260743,-0.14250150774078513,0.020973779159727424,-0.010144144577963303,-0.035460933308196954
0.8625,3.0,0.18019958998260743,-0.14250150774078513,0.020973779159727424,-0.010144144577963303,-0.035460933308196954
0.8674999999999999,3.0,0.18019958998260743,-0.14250150774078513,0.020973779159727424,-0.010144144577963303,-0.035460933308196954
0.8725,3.0,0.18019958998260743,-0.14250150774078513,0.020973779159727424,-0.010144144577963303,-0.035460933308196954
0.8775,3.0,0.18019958998260743,-0.14250150774078513,0.020973779159727424,-0.010144144577963303,-0.035460933308196954
0.8825000000000001,3.0,0.18019958998260743,-0.14250150774078513,0.020973779159727424,-0.010144144577963303,-0.035460933308196954
0.8875,3.0,0.18019958998260743,-0.14250150774078513,0.020973779159727424,-0.010144144577963303,-0.035460933308196954
0.8925000000000001,3.0,0.18019958998260743,-0.14250150774078513,0.020973779159727424,-0.010144144577963303,-0.035460933308196954
0.8975,3.0,0.18019958998260743,-0.14250150774078513,0.020973779159727424,-0.010144144577963303,-0.035460933308196954
0.9025000000000001,3.0,0.18019958998260743,-0.14250150774078513,0.020973779159727424,-0.010144144577963303,-0.035460933308196954
0.9075,3.0,0.18019958998260743,-0.14250150774078513,0.020973779159727424,-0.010144144577963303,-0.035460933308196954
0.9125000000000001,3.0,0.18019958998260743,-0.14250150774078513,0.020973779159727424,-0.010144144577963303,-0.035460933308196954
0.9175,3.0,0.18019958998260743,-0.14250150774078513,0.020973779159727424,-0.010144144577963303,-0.035460933308196954
0.9225000000000001,3.0,0.18019958998260743,-0.14250150774078513,0.020973779159727424,-0.010144144577963303,-0.035460933308196954
0.9275,3.0,0.18019958998260743,-0.14250150774078513,0.020973779159727424,-0.010144144577963303,-0.035460933308196954
0.9325000000000001,3.0,0.18019958998260743,-0.14250150774078513,0.020973779159727424,-0.010144144577963303,-0.035460933308196954
0.9375,3.0,0.18019958998260743,-0.14250150774078513,0.020973779159727424,-0.010144144577963303,-0.035460933308196954
0.9424999999999999,3.0,0.18019958998260743,-0.14250150774078513,0.020973779159727424,-0.010144144577963303,-0.035460933308196954
0.9475,3.0,0.18019958998260743,-0.14250150774078513,0.020973779159727424,-0.010144144577963303,-0.035460933308196954
0.9524999999999999,3.0,0.18019958998260743,-0.14250150774078513,0.020973779159727424,-0.010144144577963303,-0.035460933308196954
0.9575,3.0,0.18019958998260743,-0.14250150774078513,0.020973779159727424,-0.010144144577963303,-0.035460933308196954
0.9624999999999999,3.0,0.18019958998260743,-0.14250150774078513,0.020973779159727424,-0.010144144577963303,-0.035460933308196954
0.9675,3.0,0.18019958998260743,-0.14250150774078513,0.020973779159727424,-0.010144144577963303,-0.035460933308196954
0.9724999999999999,3.0,0.18019958998260743,-0.14250150774078513,0.020973779159727424,-0.010144144577963303,-0.035460933308196954
0.9775,3.0,0.18019958998260743,-0.14250150774078513,0.020973779159727424,-0.010144144577963303,-0.035460933308196954
0.9824999999999999,3.0,0.18019958998260743,-0.14250150774078513,0.020973779159727424,-0.010144144577963303,-0.035460933308196954
0.9875,3.0,0.18019958998260743,-0.14250150774078513,0.020973779159727424,-0.010144144577963303,-0.035460933308196954
0.9924999999999999,3.0,0.18019958998260743,-0.14250150774078513,0.020973779159727424,-0.010144144577963303,-0.035460933308196954
0.9975,3.0,0.18019958998260743,-0.14250150774078513,0.020973779159727424,-0.010144144577963303,-0.035460933308196954
