-0.9975,1.5,0.,0.,0.,0.,0.,0.,0.
-0.9925,1.5,0.,0.,0.,0.,0.,0.,0.
-0.9875,1.5,0.,0.,0.,0.,0.,0.,0.
-0.9825,1.5,0.,0.,0.,0.,0.,0.,0.
-0.9775,1.5,0.,0.,0.,0.,0.,0.,0.
-0.9725,1.5,0.,0.,0.,0.,0.,0.,0.
-0.9675,1.5,0.,0.,0.,0.,0.,0.,0.
-0.9625,1.5,0.,0.,0.,0.,0.,0.,0.
-0.9575,1.5,0.,0.,0.,0.,0.,0.,0.
-0.9525,1.5,0.,0.,0.,0.,0.,0.,0.
-0.9475,1.5,0.,0.,0.,0.,0.,0.,0.
-0.9425,1.5,0.,0.,0.,0.,0.,0.,0.
-0.9375,1.5,0.,0.,0.,0.,0.,0.,0.
-0.9325,1.5,0.,0.,0.,0.,0.,0.,0.
-0.9275,1.5,0.,0.,0.,0.,0.,0.,0.
-0.9225,1.5,0.,0.,0.,0.,0.,0.,0.
-0.9175,1.5,0.,0.,0.,0.,0.,0.,0.
-0.9125,1.5,0.,0.,0.,0.,0.,0.,0.
-0.9075,1.5,0.,0.,0.,0.,0.,0.,0.
-0.9025,1.5,0.,0.,0.,0.,0.,0.,0.
-0.8975,1.5,0.,0.,0.,0.,0.,0.,0.
-0.8925,1.5,0.,0.,0.,0.,0.,0.,0.
-0.8875,1.5,0.,0.,0.,0.,0.,0.,0.
-0.8825,1.5,0.,0.,0.,0.,0.,0.,0.
-0.8775,1.5,0.,0.,0.,0.,0.,0.,0.
-0.8725,1.5,0.,0.,0.,0.,0.,0.,0.
-0.8674999999999999,1.5,0.,0.,0.,0.,0.,0.,0.
-0.8625,1.5,0.,0.,0.,0.,0.,0.,0.
-0.8574999999999999,1.5,0.,0.,0.,0.,0.,0.,0.
-0.8525,1.5,0.,0.,0.,0.,0.,0.,0.
-0.8475,1.5,0.,0.,0.,0.,0.,0.,0.
-0.8425,1.5,0.,0.,0.,0.,0.,0.,0.
-0.8375,1.5,0.,0.,0.,0.,0.,0.,0.
-0.8325,1.5,0.,0.,0.,0.,0.,0.,0.
-0.8275,1.5,0.,0.,0.,0.,0.,0.,0.
-0.8225,1.5,0.,0.,0.,0.,0.,0.,0.
-0.8175,1.5,0.,0.,0.,0.,0.,0.,0.
-0.8125,1.5,0.,0.,0.,0.,0.,0.,0.
-0.8075,1.5,0.,0.,0.,0.,0.,0.,0.
-0.8025,1.5,0.,0.,0.,0.,0.,0.,0.
-0.7975,1.5,0.,0.,0.,0.,0.,0.,0.
-0.7925,1.5,0.,0.,0.,0.,0.,0.,0.
-0.7875,1.5,0.,0.,0.,0.,0.,0.,0.
-0.7825,1.5,0.,0.,0.,0.,0.,0.,0.
-0.7775,1.5,0.,0.,0.,0.,0.,0.,0.
-0.7725,1.5,0.,0.,0.,0.,0.,0.,0.
-0.7675,1.5,0.,0.,0.,0.,0.,0.,0.
-0.7625,1.5,0.,0.,0.,0.,0.,0.,0.
-0.7575000000000001,1.5,0.,0.,0.,0.,0.,0.,0.
-0.7525,1.5,0.,0.,0.,0.,0.,0.,0.
-0.7475,1.5,0.,0.,0.,0.,0.,0.,0.
-0.7424999999999999,1.5,0.,0.,0.,0.,0.,0.,0.
-0.7375,1.5,0.,0.,0.,0.,0.,0.,0.
-0.7324999999999999,1.5,0.,0.,0.,0.,0.,0.,0.
-0.7275,1.4999999999999998,1.2527705605426115e-16,-1.1838245600749236e-20,-1.1449522893387402e-20,-1.0884233104047383e-20,-1.0162667943013578e-20,-9.31019407808995e-21,-8.355958357823924e-21
-0.7224999999999999,1.4999999999999982,1.2423473980325768e-15,-2.1278537342088858e-19,-2.0473322441582e-19,-1.9311249284910245e-19,-1.784362982021255e-19,-1.6133265948545403e-19,-1.425032134778164e-19
-0.7175,1.4999999999999907,7.528245184319716e-15,-1.592206591795806e-18,-1.5275215179216672e-18,-1.4345568156371678e-18,-1.3178297874925926e-18,-1.1828076767453533e-18,-1.0355077694377246e-18
-0.7124999999999999,1.4999999999999454,4.4556544171773237e-14,-9.506919230082695e-18,-9.11645666733891e-18,-8.555778190065845e-18,-7.852630004845321e-18,-7.040491649914143e-18,-6.156065986351177e-18
-0.7075,1.4999999999996765,2.63782705682256e-13,-5.968958603233697e-17,-5.718327653641595e-17,-5.358887865802765e-17,-4.9089045246384877e-17,-4.3903497903940116e-17,-3.8272117380090916e-17
-0.7025,1.4999999999980769,1.5697717131187398e-12,-3.56766170687951e-16,-3.417010012264529e-16,-3.2010674106409466e-16,-2.9309229463788186e-16,-2.619893033248849e-16,-2.2824822513532123e-16
-0.6975,1.4999999999886156,9.294029746545328e-12,-2.11127835191215e-15,-2.0220929836299963e-15,-1.894275313603637e-15,-1.7344067543229447e-15,-1.5503833170912907e-15,-1.3507956377074856e-15
-0.6925,1.499999999932864,5.48075502263415e-11,-1.2460354737812092e-14,-1.1934750462371997e-14,-1.1181343047677138e-14,-1.0238798114538707e-14,-9.153535056391733e-15,-7.976100857985419e-15
-0.6875,1.4999999996057658,3.2184305229198966e-10,-7.330534003506458e-14,-7.02100671809133e-14,-6.577367901103689e-14,-6.022426052314775e-14,-5.383553055375116e-14,-4.6905404186436224e-14
-0.6825,1.4999999976938883,1.8826521940300144e-9,-4.2944482249713947e-13,-4.1130553361015696e-13,-3.853069976867894e-13,-3.5278608838610624e-13,-3.153472708054595e-13,-2.7473697066666206e-13
-0.6775,1.4999999865554927,1.0975761675795253e-8,-2.5069348387947587e-12,-2.4009957375937197e-12,-2.249160801113875e-12,-2.0592423556896594e-12,-1.840615644601679e-12,-1.6034842386458988e-12
-0.6725,1.4999999218386386,6.380898819002314e-8,-1.459045591827068e-11,-1.397365193170778e-11,-1.3089652883389742e-11,-1.1983965833086451e-11,-1.0711198004558994e-11,-9.3307757249735e-12
-0.6675,1.4999995466951757,3.700667222876991e-7,-8.469465651254338e-11,-8.111329369927528e-11,-7.598059165417089e-11,-6.956086053546092e-11,-6.2171252290947e-11,-5.415688865709766e-11
-0.6625,1.4999973770198924,2.1413351754921574e-6,-4.902634804115055e-10,-4.695342519709446e-10,-4.3982540235789147e-10,-4.026664677062253e-10,-3.5989286561678053e-10,-3.1350200667060823e-10
-0.6575,1.4999848620685714,0.000012358227241797203,-2.8144163525448683e-9,-2.6957513259871246e-9,-2.525649298522511e-9,-2.312833639733775e-9,-2.0677781594042332e-9,-1.8018896690949886e-9
-0.6525,1.4999141816672896,0.00007005986846351273,-1.5786185047385554e-8,-1.512652270591105e-8,-1.4180305674857122e-8,-1.29954233933001e-8,-1.1629490138504242e-8,-1.0145419185047768e-8
-0.6475,1.4995537224151818,0.00036433093724036697,-8.327982827621639e-8,-7.985425457286208e-8,-7.493376706406036e-8,-6.876045483522361e-8,-6.16270661966117e-8,-5.385540489243268e-8
-0.6425000000000001,1.498735998036679,0.0010320938176260033,-2.986029828405938e-7,-2.855590123989536e-7,-2.668856864309364e-7,-2.435689902540701e-7,-2.167920179744601e-7,-1.8784148859254938e-7
-0.6375,1.4975203829545758,0.0020249516995409418,-7.572645165688419e-7,-7.212919608236767e-7,-6.700643703741182e-7,-6.065683566311482e-7,-5.343409352495385e-7,-4.571608254494045e-7
-0.6325000000000001,1.4959876442238262,0.003277315521049558,-1.5230184307569533e-6,-1.4447659902260771e-6,-1.3339134279530965e-6,-1.1975257307431417e-6,-1.0438609708384025e-6,-8.815841164687562e-7
-0.6275,1.4942475071857952,0.004699781777100901,-2.638275265176515e-6,-2.492745798486352e-6,-2.2876235791347943e-6,-2.0370340566080867e-6,-1.7572843533858866e-6,-1.4651927994485224e-6
-0.6225,1.4924075826658203,0.006204562105525494,-4.123135490050414e-6,-3.880377155751586e-6,-3.53987639798126e-6,-3.126752015591187e-6,-2.6696570320453383e-6,-2.197650786086312e-6
-0.6174999999999999,1.4905556920002514,0.007719887006433013,-5.979999462812308e-6,-5.60591841532686e-6,-5.08371665049881e-6,-4.4543916621251446e-6,-3.764165395349719e-6,-3.0591457249522593e-6
-0.6125,1.488741643725524,0.009204968023055921,-8.197912840061735e-6,-7.655338343028786e-6,-6.901449634287038e-6,-5.998882602192292e-6,-5.017451567816136e-6,-4.025669097121814e-6
-0.6074999999999999,1.4869782466012202,0.010649247816861853,-0.000010761950349377766,-0.000010011330192194668,-8.973107548150192e-6,-7.738122416504857e-6,-6.406495814950775e-6,-5.074904013534562e-6
-0.6025,1.4852532277381463,0.01206271707592868,-0.000013660385888454804,-0.000012660054582775356,-0.000011282576142206417,-9.65432722937287e-6,-7.913069772543419e-6,-6.18970763746515e-6
-0.5974999999999999,1.483544949658595,0.013463078134899007,-0.000016886557306468254,-0.00001559287018269563,-0.000013819116842865892,-0.000011735268445416444,-9.524616794562323e-6,-7.358582311878295e-6
-0.5925,1.4818363021651684,0.014864363371055497,-0.00002043746582643284,-0.00001880489613242329,-0.000016575873498482174,-0.00001397270786340779,-0.000011232607159027038,-8.573956783108823e-6
-0.5874999999999999,1.480119997387387,0.016272570837590754,-0.000024312257826293268,-0.000022293407060184657,-0.000019548159042845066,-0.00001636057676312859,-0.000013030634935488452,-9.830249965656307e-6
-0.5825,1.478397362697758,0.017686626763875526,-0.00002851055947869239,-0.000026056157924632487,-0.00002273177711143332,-0.0000188933122763711,-0.000014912799134331363,-0.000011122337746680876
-0.5775,1.4766732045919406,0.01910258672432974,-0.00003303122493828584,-0.000030090206892254283,-0.00002612194856011571,-0.000021564908558087013,-0.000016872893019194885,-0.000012444888291936946
-0.5725,1.4749513535523255,0.020517297433764792,-0.00003787213930665369,-0.00003439176637045198,-0.00002971322554577149,-0.000024368900403144982,-0.00001890445587369145,-0.000013792475064093837
-0.5675,1.4732329891865221,0.02192978299707961,-0.00004303079384685571,-0.00003895676132876556,-0.00003350002450146417,-0.00002729886280375434,-0.00002100123228430107,-0.000015159991376627202
-0.5625,1.4715173390460328,0.023340676082776516,-0.00004850488556259864,-0.0000437813917515012,-0.00003747713588711575,-0.000030348855951739718,-0.000023157545069007665,-0.000016542949708176256
-0.5575,1.4698032537680246,0.02475092228651891,-0.00005429247988878561,-0.00004886227632187637,-0.00004163984039674918,-0.00003351350718388971,-0.00002536833908494795,-0.000017937487754994734
-0.5525,1.4680901696138047,0.026160986551891034,-0.00006039188579292818,-0.00005419632205314501,-0.00004598377085454484,-0.00003678786380254429,-0.000027629025430237793,-0.000019340207259028707
-0.5475,1.4663781619526735,0.027570808307873527,-0.00006680149623980583,-0.00005978056269247795,-0.00005050474827618777,-0.00004016722753364692,-0.000029935316649861175,-0.00002074801450698029
-0.5425,1.464667507824398,0.02898016069275919,-0.00007351970887972106,-0.00006561207945456721,-0.0000551987026517928,-0.000043647075651255616,-0.0000322831493655556,-0.000022158047168383335
-0.5375,1.4629583376988253,0.03038893598928716,-0.0000805449281903952,-0.0000716880029631797,-0.00006006167403073499,-0.00004722306035678483,-0.000034668681540627713,-0.000023567670279142763
-0.5325,1.461250623752375,0.031797154797831934,-0.000087875598907345,-0.00007800554363577281,-0.00006508983821997336,-0.00005089102836162431,-0.00003708830532770166,-0.000024974483233975657
-0.5275,1.4595444035765568,0.033204782823506994,-0.00009551021422785549,-0.00008456199558539552,-0.00007027950465962081,-0.00005464701168739184,-0.00003953863092552874,-0.000026376298502959106
-0.5225,1.457840012837646,0.03461154053477906,-0.00010344727378160687,-0.00009135469187872286,-0.00007562706822745592,-0.00005848717603055588,-0.00004201643263028503,-0.000027771087911020344
-0.5175000000000001,1.4561380879102337,0.03601690109087309,-0.00011168521708240466,-0.00009838093792680677,-0.00008112894293481335,-0.00006240775559403688,-0.00004451858634125976,-0.000029156925275045374
-0.5125,1.4544390978535295,0.037420476015380025,-0.00012022239828216822,-0.00010563798911912022,-0.00008678154318535655,-0.00006640503823104611,-0.000047042058736511465,-0.000030531980135285416
-0.5075000000000001,1.4527422348824985,0.038822933604643,-0.00012905720336300685,-0.0001131231724421675,-0.00009258140924616034,-0.00007047549207932913,-0.000049584031146193756,-0.00003189463501371235
-0.5025,1.4510439176939551,0.040227243315885904,-0.0001381884199266523,-0.00012083425483683973,-0.00009852556909140377,-0.00007461611271886989,-0.00005214222238092973,-0.000033243775083444116
-0.49749999999999994,1.4493371190467665,0.04163924187749962,-0.00014761586444656872,-0.0001287700478408564,-0.0001046121070979189,-0.00007882494202522385,-0.00005471534530406978,-0.0000345791738005116
-0.49249999999999994,1.447613849688031,0.043065579061782266,-0.00015734096322344806,-0.00013693092801025827,-0.00011084060199307856,-0.00008310141038851834,-0.000057303349753954345,-0.00003590164232688959
-0.48750000000000004,1.4458732251896542,0.04450701340651983,-0.00016736651074503964,-0.00014531849757562173,-0.00011721166902401564,-0.00008744576465699106,-0.00005990676289564816,-0.00003721232412745679
-0.48250000000000004,1.4441349437264428,0.045947182035981984,-0.0001776944823223135,-0.00015393331085890988,-0.00012372460645138723,-0.00009185668178893506,-0.00006252434856930872,-0.00003851049270910516
-0.47750000000000004,1.4424518943594786,0.04734205654930986,-0.00018832110063473636,-0.00016276998965661794,-0.00013037263311239245,-0.00009632673722090459,-0.00006514893412681009,-0.00003978985942965766
-0.47250000000000003,1.4409080179257496,0.048621653595795865,-0.0001992298997424055,-0.0001718106576328549,-0.00013713686755664767,-0.00010083708117037809,-0.00006776289867561197,-0.000041034936629124236
-0.4675,1.4395845500920412,0.049718116325792684,-0.00021038631999391127,-0.0001810203768452393,-0.00014398286700353935,-0.00010535518947562829,-0.00007033709773105173,-0.00004222097933699964
-0.4625,1.4384876748333524,0.05062606310485246,-0.00022174029227869864,-0.00019035094658791736,-0.00015086587247806562,-0.00010984146176315008,-0.00007283844625039816,-0.00004332201833341122
-0.4575,1.437456907232686,0.05147913272028056,-0.00023324392617222632,-0.0001997595870207084,-0.00015775045250519305,-0.00011426935955066627,-0.00007524976778486335,-0.000044329512904456444
-0.4525,1.4361048238012808,0.05260051120146921,-0.0002448871169729792,-0.0002092442038174264,-0.000164644834577217,-0.00011865792338224056,-0.00007759947872412379,-0.00004527826049120217
-0.4475,1.4338466270195012,0.05447881981427285,-0.0002567441713506874,-0.00021888719500598724,-0.0001716406075397108,-0.0001231062933292103,-0.00007999017707879802,-0.000046268727730751824
-0.4425,1.4300379632962368,0.05765436004632011,-0.00026901384529152885,-0.0002288900706543239,-0.00017894018813444367,-0.00012781321906507137,-0.00008261031613813791,-0.00004747177207782051
-0.4375,1.424166997562488,0.06256067309745818,-0.0002820319660526673,-0.00023957972782402215,-0.0001868552347302091,-0.0001330675623399827,-0.00008571803302356341,-0.00004910789400089946
-0.4325,1.4160015429886235,0.06940298745154122,-0.0002962458366633738,-0.0002513784640002225,-0.00019577173749497684,-0.00013920932017941532,-0.00008960006616440361,-0.000051406582888461065
-0.4275,1.40562016623227,0.07813139938862532,-0.00031215833191472193,-0.0002647478275157718,-0.0002060944043352081,-0.00014657600439161558,-0.00009452200220249794,-0.000054562321098546214
-0.4225,1.3933332953571935,0.08850377617187287,-0.00033026384111812244,-0.00028012837809355704,-0.00021819199242204348,-0.00015545505093100495,-0.00010068888446951676,-0.0000587039980898296
-0.4175,1.3795576597977837,0.10018724042049935,-0.00035099831081044546,-0.0002978955242432742,-0.00023236092328931667,-0.00016605632084487978,-0.0001082268235210928,-0.00006388507514146484
-0.4125,1.3647081491482758,0.11284646624819461,-0.00037471418497992586,-0.00031833979215027783,-0.0002488124476693087,-0.0001785067265455318,-0.00011718470382318115,-0.00007009124297600335
-0.4075,1.349136208014687,0.12619488518870228,-0.0004016783152024767,-0.0003416681655025514,-0.00026767830399928737,-0.00019286034314002116,-0.0001275481708078711,-0.00007725715509687063
-0.40249999999999997,1.3331112698331444,0.14001104240160467,-0.0004320842827442047,-0.00036801774475138664,-0.0002890260005984095,-0.0002091152189151867,-0.00013925748176792996,-0.00008528449580673272
-0.39749999999999996,1.3168285790471668,0.15413313914171184,-0.00046607033499073444,-0.0003974734682446327,-0.0003128762227509063,-0.00022723030971536114,-0.00015222367464415353,-0.00009405691705189321
-0.39249999999999996,1.3004284943252666,0.16844366323526277,-0.0005037369227255542,-0.00043008460019677516,-0.00033921799710472816,-0.0002471391805645665,-0.0001663406892055911,-0.00010345038498248626
-0.38749999999999996,1.284019003122902,0.18285078335746657,-0.0005451607994478508,-0.0004658775248453362,-0.0003680198697200649,-0.00026875946891848773,-0.00018149310646740826,-0.00011333916182663245
-0.38249999999999995,1.2676987941701499,0.19726862043670704,-0.0005904047554318257,-0.0005048642390448679,-0.00039923687771595837,-0.00029199827621508435,-0.0001975600099800327,-0.0001235981907522695
-0.37749999999999995,1.2515812755034075,0.2115959603555341,-0.0006395234248729939,-0.0005470470198025946,-0.00043281384233712756,-0.0003167540753716957,-0.00021441561987358857,-0.00013410259387710741
-0.37249999999999994,1.2358205403019382,0.22569244127811658,-0.0006925663917372866,-0.0005924202936580421,-0.0004686857886062026,-0.0003429157499343486,-0.00023192719113232984,-0.00014472471868420193
-0.36749999999999994,1.2206385215478115,0.2393528539910344,-0.0007495770374915827,-0.0006409682661661338,-0.0005067742516664706,-0.000370357817263563,-0.0002499495861604179,-0.00015532851529383553
-0.36249999999999993,1.2063479779231105,0.252284518736854,-0.00081057773600972,-0.0006926505567007007,-0.0005469738120886677,-0.0003989283902227866,-0.0002683150775961607,-0.00016576134815783042
-0.35750000000000004,1.1933583903299876,0.2641000191133802,-0.0008755819179122213,-0.0007474127545858134,-0.0005891607687192844,-0.00042845582772138005,-0.00028683796274322983,-0.0001758566125518639
-0.35250000000000004,1.182143541570344,0.2743458886636084,-0.0009447843993740674,-0.0008053492786352736,-0.0006333203999090032,-0.00045883752923327496,-0.000305367091338548,-0.00018545616806016243
-0.34750000000000003,1.1731493178807928,0.2825885353981308,-0.0010179098262862074,-0.0008661030181517154,-0.000679018417877833,-0.0004895984781684744,-0.0003234404236139852,-0.0001941628483568996
-0.3425,1.166642263534548,0.2885583838847627,-0.0010896023713803829,-0.0009248683599828518,-0.0007222072441342453,-0.0005175787373510815,-0.00033882105241615757,-0.00020060244546904298
-0.3375,1.1625495268924408,0.29230563655968916,-0.001161764741260317,-0.000983954133474161,-0.0007656519000334393,-0.0005459067706003922,-0.0003547785105991008,-0.0002078824592763014
-0.3325,1.1603455435836705,0.2943051909224104,-0.0012478359081962397,-0.0010543437860688898,-0.0008171750175344885,-0.0005790392554713389,-0.00037268989341799675,-0.00021497823519311737
-0.3275,1.159200067674319,0.2953154521885059,-0.0013350444465296848,-0.0011242886243401284,-0.0008665084301687099,-0.0006085623104637684,-0.0003862377196071922,-0.0002177353397978751
-0.3225,1.1583722420345817,0.2960344685826835,-0.0014176416376685936,-0.0011898650776491879,-0.000912011984343384,-0.0006351446964999825,-0.00039800870779730085,-0.00021995630906992275
-0.3175,1.1573782688156824,0.29690853165082093,-0.0014980954670729837,-0.0012531326795103205,-0.0009551808672912168,-0.0006596196711827762,-0.0004081523922173677,-0.00022117204123782907
-0.3125,1.156066429903192,0.29807959009012686,-0.0015772118079401733,-0.0013145920645480972,-0.0009961490899508744,-0.0006817716197973431,-0.0004161868510232623,-0.0002207583941422149
-0.3075,1.1545017209211341,0.29948406442651954,-0.0016575227978119136,-0.0013766781199608226,-0.00103720367270614,-0.0007036819615058002,-0.00042392096924743876,-0.00022018160862399632
-0.3025,1.1528192240548278,0.3010003244329161,-0.0017373003764555124,-0.0014378207758657569,-0.001077011360942075,-0.0007243184556666067,-0.00043065812278109193,-0.00021907747568657913
-0.2975,1.1511219963089976,0.30253104897244315,-0.0018171000366475091,-0.001498498494266681,-0.0011159527320824159,-0.0007439522055675911,-0.00043655236015691557,-0.00021747862037830006
-0.2925,1.1494577375300572,0.30403190671091646,-0.0018966768601393607,-0.0015585364084138272,-0.00115393513168236,-0.0007625634371384244,-0.00044162971907564606,-0.0002154229330121242
-0.2875,1.1478348365687134,0.3054951145881325,-0.001975788894075536,-0.0016178128368446905,-0.0011909637404598724,-0.000780252328978256,-0.0004460319068002997,-0.0002130413012490439
-0.2825,1.14624280907991,0.30693037136221873,-0.0020542402127725,-0.001676226724440645,-0.0012270323419875115,-0.0007970770144792778,-0.000449837971814008,-0.0002103968965095919
-0.27749999999999997,1.1446640188532438,0.30835402127635403,-0.0021323677300666972,-0.0017340465528476105,-0.0012623293078827182,-0.0008131507241701855,-0.00045310189348660417,-0.00020750390122770612
-0.27249999999999996,1.143081891837834,0.30978154573774236,-0.002211179953745542,-0.0017919839908021014,-0.0012972530845754802,-0.0008286255293562233,-0.0004558325549449628,-0.0002043193773889197
-0.26749999999999996,1.14148829687876,0.3112205357215301,-0.0022918998555646283,-0.0018508612165354025,-0.0013322189841260736,-0.0008436181989122868,-0.0004579961730200293,-0.00020077672078760273
-0.26249999999999996,1.1398864872687688,0.3126679528323708,-0.0023750343649822994,-0.001910979389887055,-0.0013673391945882196,-0.00085812779305172,-0.00045956035648819825,-0.0001968595863906671
-0.25749999999999995,1.1382868276424651,0.3141141391504736,-0.0024596536734514513,-0.0019716582358759505,-0.0014022208277552767,-0.0008720143137345929,-0.0004605517800640982,-0.00019266142323666295
-0.25249999999999995,1.1366985658685742,0.31555048660846835,-0.00254363717390677,-0.0020314420086717157,-0.0014361131772866473,-0.0008850789648601224,-0.00046107749158103765,-0.00018836966089158785
-0.24749999999999994,1.1351236554229756,0.3169751640694491,-0.0026249242995071975,-0.002088969812066559,-0.0014683731463337214,-0.0008972094307212125,-0.00046128718139595024,-0.0001841713530140799
-0.24249999999999994,1.1335560889756526,0.31839372522891507,-0.002702848294754083,-0.002143868212877937,-0.0014989049354389842,-0.0009084823657636494,-0.00046130385475886887,-0.0001801497675582497
-0.23749999999999993,1.1319860083904314,0.3198153587070908,-0.0027784512878914498,-0.002196926414798311,-0.0015282062768895096,-0.0009191332183938346,-0.00046117594098694405,-0.0001762552119481571
-0.23249999999999993,1.1304053935654998,0.32124772165539023,-0.002853574874118669,-0.0022494409922001685,-0.0015569928013598345,-0.0009294139768968937,-0.00046088165364522693,-0.00017236796152748446
-0.22750000000000004,1.1288120735857723,0.32269318031961586,-0.002929593106536358,-0.002302344357568551,-0.0015857418003100555,-0.00093945875245464,-0.0004603726561397282,-0.00016839247237149853
-0.22250000000000003,1.1272102896227731,0.3241479314184977,-0.003006812049949917,-0.002355817106447778,-0.001614517643093502,-0.0009492605055618627,-0.0004596197245785392,-0.0001643078214172446
-0.21750000000000003,1.125608055335643,0.3256039617486793,-0.003084767272906565,-0.002409522620377058,-0.0016431282517686504,-0.0009587508289361328,-0.0004586326589574709,-0.00016015302010190875
-0.21250000000000002,1.1240131750719495,0.32705268221678374,-0.003162856192143179,-0.0024630571801246585,-0.0016713774781863507,-0.0009678907505792445,-0.00045745288460805945,-0.00015598306942513573
-0.20750000000000002,1.1224302145928209,0.32848860031864047,-0.0032406944872174427,-0.0025161911336813022,-0.0016991860827754144,-0.0009767001810215086,-0.0004561346343632379,-0.0001518395125972554
-0.2025,1.1208597842321621,0.32991161089786797,-0.0033180969742781117,-0.0025688415232558693,-0.0017265607757422907,-0.0009852314109055327,-0.0004547293202771666,-0.00014774697955324324
-0.1975,1.1192998410512986,0.33132713192662017,-0.0033949765517914377,-0.0026209881556932715,-0.001753534585220327,-0.0009935365099004749,-0.0004532764088626285,-0.0001437189456411482
-0.1925,1.117747407143703,0.3327439541148423,-0.0034713950563142093,-0.002672697251162828,-0.0017801684832609728,-0.0010016594258498665,-0.0004517967678185392,-0.000139756342342999
-0.1875,1.1161989288757164,0.3341701368400984,-0.0035477077839787033,-0.0027242121180982735,-0.001806591549404156,-0.0010096433897518729,-0.0004502866472481759,-0.00013584030600998333
-0.1825,1.1146486669761473,0.3356079226625991,-0.0036245850443107366,-0.0027759642866706184,-0.0018330040317449468,-0.0010175304877622624,-0.0004487169833871105,-0.00013193187006307222
-0.1775,1.11308655656904,0.337049823334821,-0.0037027864186666756,-0.00282842573230843,-0.0018596073969176388,-0.0010253471357374285,-0.00044704504446099573,-0.0001279873950162881
-0.1725,1.1114987066051718,0.3384791479720728,-0.0037827625060128816,-0.002881857423598417,-0.0018864944881511873,-0.0010330895703635455,-0.0004452402408218212,-0.00012398638244099183
-0.16749999999999998,1.1098734473698582,0.3398776239025715,-0.003864278242607141,-0.0029360833358443917,-0.0019135636733919122,-0.0010407259320414737,-0.0004433170858597381,-0.00011995956044359886
-0.16249999999999998,1.1082126717695449,0.34123923399105155,-0.00394622480908555,-0.0029903927905445536,-0.0019404990561920905,-0.0010482174312649193,-0.000441362379706268,-0.00011600489087698856
-0.15749999999999997,1.1065434979628188,0.34258431277507134,-0.004026673034054318,-0.0030435939513124865,-0.0019668148965995237,-0.0010555455473915854,-0.00043954434022372164,-0.00011228507101830338
-0.15249999999999997,1.104922514099392,0.34396514894412267,-0.004103119579857387,-0.0030941765204759776,-0.001991933470662214,-0.0010627277885094143,-0.00043809762339151867,-0.00010900706418970731
-0.14749999999999996,1.1034271454729523,0.34545717640540596,-0.00417284416147299,-0.0031405272428367374,-0.0020152666790335646,-0.0010698129637028045,-0.000437286429658448,-0.00010638886371090186
-0.14249999999999996,1.102135532252986,0.3471375857068349,-0.0042333162483133,-0.0031811631984535863,-0.0020362909213767102,-0.0010768605220592554,-0.0004373548785235508,-0.00010462079970047894
-0.13749999999999996,1.1011032663757199,0.349060775968947,-0.004282609289411711,-0.0032149657787360056,-0.002054618801099471,-0.0010839172310570526,-0.0004384776100695891,-0.0001038294469766375
-0.13249999999999995,1.100347413622924,0.3512420457393074,-0.004319765508522798,-0.003241388815435246,-0.002070066830597201,-0.0010910031623886799,-0.00044072344885453217,-0.00010405218485828047
-0.12749999999999995,1.099844127574205,0.35365611436741884,-0.0043450219913819445,-0.0032605898297037705,-0.0020827024606121947,-0.0010981104382943763,-0.0004440412668982583,-0.00010522906399865976
-0.12249999999999994,1.0995390709908532,0.35624923448770357,-0.0043598065345854305,-0.003273427162902081,-0.0020928452122802484,-0.00110520996117489,-0.0004482711129838008,-0.00010721500124249257
-0.11749999999999994,1.09936450518072,0.3589578730162823,-0.004366468065268096,-0.003281298515060041,-0.002101007748182256,-0.00111225905142078,-0.00045317698483697023,-0.00010980976061089024
-0.11249999999999993,1.0992558315894603,0.36172574776520144,-0.004367801684101104,-0.003285855945107493,-0.0021077883576520705,-0.001119206346253422,-0.00045849213107900357,-0.00011279759266831111
-0.10749999999999993,1.0991628297430962,0.3645136748208639,-0.00436650895687791,-0.0032886833345532386,-0.0021137492483655836,-0.0011259949150490638,-0.000463964994823156,-0.00011598538817740437
-0.10250000000000004,1.099054321528957,0.36730090512643204,-0.004364753782978171,-0.003291034299505629,-0.0021193203085770503,-0.001132566125747594,-0.00046939460550092646,-0.00011922933362104398
-0.09750000000000003,1.098917423767517,0.3700802724296724,-0.004363925965862502,-0.0032936973337855213,-0.002124753899762343,-0.0011388649829651544,-0.00047464825160650715,-0.0001224448479580332
-0.09250000000000003,1.0987533749980838,0.3728512541338918,-0.0043646401336584805,-0.003297001926493201,-0.0021301333378342343,-0.0011448448758898814,-0.0004796598916911622,-0.00012560056035929652
-0.08750000000000002,1.0985717295007928,0.3756146522710456,-0.004366919383202341,-0.003300931981644972,-0.002135418946586847,-0.0011504688348269662,-0.0004844132372156221,-0.00012870167501769555
-0.08250000000000002,1.0983842816718206,0.37837065364024275,-0.004370467769670733,-0.0033052875169467624,-0.0021405076944196475,-0.0011557061958736201,-0.0004889173061691011,-0.00013177005675187189
-0.07750000000000001,1.098199902710193,0.381119694423367,-0.00437492894030161,-0.003309834640878243,-0.00214528525787338,-0.001160526791994727,-0.0004931835818230011,-0.0001348276757476639
-0.07250000000000001,1.0980216174320914,0.38386394762614506,-0.004380053894650518,-0.003314401823712442,-0.0021496587950411697,-0.001164897171912269,-0.0004972122601333635,-0.00013788735302451083
-0.0675,1.0978471687014906,0.38660718941120775,-0.004385748077840843,-0.003318908575714023,-0.0021535689077786012,-0.0011687823441643742,-0.000500990384965394,-0.00014095114466956328
-0.0625,1.0976729535111802,0.38935250177808295,-0.004392018572357306,-0.0033233388194662504,-0.00215698471694985,-0.0011721514418580724,-0.0005044984322048439,-0.00014401372275719406
-0.057499999999999996,1.0974987297037715,0.392099731525775,-0.004398875868620564,-0.0033276862856423334,-0.0021598864930472503,-0.0011749803785355592,-0.0005077175682604391,-0.000147066947633677
-0.05249999999999999,1.0973291004453614,0.39484533462754445,-0.004406254480510699,-0.003331904480979516,-0.002162242275884678,-0.001177245355858384,-0.0005106304853701592,-0.00015010240228968794
-0.04749999999999999,1.0971700051261895,0.3975851015861994,-0.004414006039515834,-0.0033358928026962185,-0.0021639910955967524,-0.001178909124454684,-0.0005132142573974784,-0.00015311038994779837
-0.04249999999999998,1.097022762048464,0.40031726737013473,-0.004421980674174867,-0.003339533973765539,-0.0021650460969469144,-0.0011799098280190858,-0.0005154305449555823,-0.00015607658396791786
-0.03749999999999998,1.0968807307091102,0.4030433336803534,-0.004430139282842305,-0.003342756517655726,-0.002165316474629046,-0.0011801625880072278,-0.0005172226088445697,-0.00015898027467619192
-0.03249999999999997,1.0967318217562743,0.40576644471970835,-0.004438585535001407,-0.003345563289673158,-0.002164731729410884,-0.0011795779588251233,-0.0005185261033589629,-0.0001617972120601112
-0.02749999999999997,1.0965660142702796,0.40848957349091,-0.0044474688430534435,-0.003347998908563467,-0.0021632566703119515,-0.0011780918085182589,-0.0005192892161103098,-0.00016450378573446825
-0.022499999999999964,1.096383187252337,0.4112141210862243,-0.004456866012169995,-0.0033501064864838326,-0.002160900316754208,-0.001175687819334116,-0.0005194839330769341,-0.00016707470185517805
-0.01749999999999996,1.0961983367131132,0.4139380049142178,-0.004466779132207763,-0.003351925292788784,-0.002157708824571064,-0.0011723845293345756,-0.000519091758733149,-0.0001694737658644197
-0.012499999999999956,1.0960399286873121,0.4166528366253023,-0.004477203729876868,-0.0033534825581020677,-0.002153707295482678,-0.0011681721769780714,-0.0005180666393569773,-0.00017164689332784563
-0.007499999999999951,1.095930675906854,0.4193512837546525,-0.004488137233186824,-0.0033547318839225087,-0.002148803854131701,-0.001162932337054726,-0.0005162969916111832,-0.00017352086757617727
-0.0024999999999999467,1.095844696737615,0.42207648655168717,-0.004499478642019399,-0.0033554727557600908,-0.002142735845323409,-0.0011564107955190266,-0.0005135979866813995,-0.00017500491516746143
0.0024999999999999467,1.095504400507556,0.4250192871201834,-0.004509985735429652,-0.0033547051146181,-0.002134787702231988,-0.0011481595382805245,-0.0005097338053230305,-0.0001760090670614022
0.007500000000000062,1.094413540196617,0.4287639711064884,-0.004517242992609169,-0.0033508250335230255,-0.002124147257928696,-0.001137918534131465,-0.0005047104903617801,-0.0001766054437457572
0.012499999999999956,1.0925884970115842,0.4331389196029315,-0.0045246635669473085,-0.0033459818734954856,-0.002111804157923742,-0.0011259538690069895,-0.0004985234237232352,-0.0001767868958981282
0.01750000000000007,1.0917447668384463,0.4363477445082395,-0.004542261636008395,-0.0033443787899134223,-0.002097207535316445,-0.0011095788757928765,-0.0004887104494479349,-0.00017539473090371054
0.022499999999999964,1.0946742904022333,0.43624426552439827,-0.004572322068246635,-0.0033526843887654936,-0.002089334849074696,-0.0010967152444095454,-0.00047975807221669773,-0.00017319512475755055
0.02750000000000008,1.1120816471736865,0.42151399359030284,-0.004634197933226764,-0.0033896144476183356,-0.0021039256005605314,-0.0010980320810780727,-0.0004767858263849292,-0.0001709591109396078
0.03249999999999997,1.1731358831055756,0.3673295036540742,-0.004885906461345613,-0.0035531726874843145,-0.002183617674959536,-0.001121327355949892,-0.0004743806047723476,-0.00016317718863482263
0.03750000000000009,1.2571304893019577,0.2928784394249174,-0.0051914612572228624,-0.0037469542847855,-0.0022706162528136316,-0.0011363690828888491,-0.0004571864092277457,-0.0001407809669203455
0.04249999999999998,1.3039847426029116,0.2531676498877345,-0.005288426321271831,-0.003761188690887148,-0.0022149592330188398,-0.0010473807971382628,-0.00037117029057667,-0.00007840097385183376
0.0475000000000001,1.3225445294440508,0.2520202560554991,-0.0052882991872622315,-0.0037122059611336485,-0.0021280520666932274,-0.0009484932831326802,-0.0002851483824363873,-0.000018674239703507685
0.05249999999999999,1.3238385041917695,0.243728141939128,-0.005185319450376851,-0.0035983231433166212,-0.0020113887990242,-0.000842364011310577,-0.0002010847959760993,0.00003817227300251876
0.05750000000000011,1.3010463158858876,0.23553602535654702,-0.004771178824946669,-0.003280065303660232,-0.0017935128490344859,-0.0007064216510218537,-0.0001215950257030269,0.00008222281700121805
0.0625,1.24418198911689,0.18799834808758917,-0.004388425160911416,-0.002978342310742649,-0.0015787218454388376,-0.0005656774493141474,-0.000035286183167391886,0.0001316304069831258
0.06750000000000012,1.1584028052122974,0.11250424409953655,-0.004048551394801159,-0.0027294938797484784,-0.0014233900236435006,-0.0004832656400273901,1.923168085841715e-6,0.00014626850997161514
0.07250000000000001,1.103008089683492,0.06318369530853084,-0.0037772973507255855,-0.0025381518690437413,-0.0013120805807648544,-0.0004317049239569977,0.000019129485981863475,0.00014861054735277067
0.07750000000000012,1.0934141778937705,0.055824501629011127,-0.0036751089916069344,-0.00246538026275354,-0.0012689626671654063,-0.0004112679883009235,0.000025645702110504206,0.00014814015016171244
0.08250000000000002,1.0918175586433874,0.05706005368575301,-0.003587943142205747,-0.002401724672110862,-0.001229834843850568,-0.00039206213320695815,0.00003144652885703707,0.00014640458148027646
0.08750000000000013,1.0924819243327526,0.06023799285563854,-0.0035183256258787183,-0.0023537138950304104,-0.0012031058176437393,-0.0003811777732935585,0.00003283741847097068,0.00014316574923172923
0.09250000000000003,1.093272541236784,0.06356491537562212,-0.0034512231957824395,-0.002308444709540324,-0.0011792769003757168,-0.00037302091881997725,0.00003215379261970418,0.00013884388974353112
0.09749999999999992,1.0940493055720801,0.06689370145193334,-0.0033820492175669634,-0.0022624127618608944,-0.0011558956666069123,-0.00036597821343419603,0.00003035070381897533,0.00013384698483154373
0.10250000000000004,1.0949648411831634,0.07035621263766602,-0.0033142904097540242,-0.002217891843157052,-0.0011340336133295313,-0.0003602619192529583,0.000027639160415063432,0.00012847304373217564
0.10749999999999993,1.095476619783131,0.0734189333152671,-0.003246420073691667,-0.002173798928117026,-0.0011130509148186331,-0.00035555335809850304,0.00002417013023217775,0.00012281528828688804
0.11250000000000004,1.0954373193481526,0.07591738188981513,-0.0031767073744360555,-0.0021290369188881834,-0.0010924407916304139,-0.00035173155885215974,0.000019892506761992753,0.00011678118338015762
0.11749999999999994,1.0952726230799037,0.07836379769332859,-0.0031074075810072726,-0.002085156287816338,-0.0010730289782338947,-0.0003490822211687078,0.00001479566011234289,0.0001104150702215432
0.12250000000000005,1.0953705775266895,0.08103326328876947,-0.003039720000203107,-0.002042923772842379,-0.001055146564090306,-0.0003476266634286465,8.995136200348666e-6,0.0001038305562242481
0.12749999999999995,1.0957542175098263,0.08399587007483451,-0.002972890394107251,-0.0020017698971360512,-0.0010384144580025821,-0.0003471377830197392,2.6157092711289994e-6,0.00009708902663357281
0.13250000000000006,1.0960316029413315,0.08691428988191176,-0.0029064062495478757,-0.0019612724559081563,-0.0010225172622615314,-0.0003474013284456307,-4.209103724793647e-6,0.00009026822397087322
0.13749999999999996,1.0961026149828366,0.08959048689794591,-0.0028396492978538966,-0.0019209865516572376,-0.0010071925580052627,-0.00034830064471619976,-0.000011454055618756172,0.00008334922696031662
0.14250000000000007,1.0961601515025776,0.09222310243851231,-0.0027733807513366537,-0.0018814088811111899,-0.0009926794885491191,-0.00034990011737931937,-0.000019110887837814686,0.00007633954978581873
0.14749999999999996,1.0964142831801054,0.0949229068690376,-0.0027082134703766882,-0.0018429124458981142,-0.0009791187543341452,-0.00035218720819159635,-0.000027111713853563086,0.00006929268853624667
0.15250000000000008,1.0968140817816268,0.09769279289802879,-0.0026439788079479533,-0.0018053285475966901,-0.0009663500706906832,-0.00035502476742567954,-0.00003535676509088285,0.00006226615497231282
0.15749999999999997,1.0970533681267745,0.100486546704873,-0.0025802959282407853,-0.0017683668919061847,-0.0009541799573464383,-0.0003583020790276073,-0.00004379610080042218,0.00005527126133979493
0.1625000000000001,1.0969827205866503,0.10326161766918826,-0.002516501112429602,-0.0017315771553082012,-0.0009423737014713543,-0.00036194629520968074,-0.00005244834008966885,0.00004825474355356287
0.16749999999999998,1.0965454417870077,0.10652744621574593,-0.0024528516718518387,-0.001695123253640217,-0.000931017991732383,-0.00036601020076131637,-0.0000613725237537361,0.000041134788520134295
0.1725000000000001,1.0959327283001925,0.11006311284532946,-0.0023915191441073996,-0.001660104550030342,-0.0009202659601223572,-0.0003701315111784098,-0.0000701307141082742,0.00003417920022476549
0.1775,1.096108457495936,0.11317219146078496,-0.0023182087016969145,-0.0016192358126438985,-0.000909035146217747,-0.0003766426714473751,-0.00008161811148865836,0.000025543335364220873
0.1825000000000001,1.0987542192849045,0.1133013910510385,-0.002262226452499095,-0.0015885917902969716,-0.0009013477737450999,-0.00038241152543754334,-0.00009078460455262075,0.00001900752918078635
0.1875,1.112711936429466,0.10243287911609415,-0.002234319110408267,-0.0015748866993983868,-0.0008999358201921174,-0.00038737043076258863,-0.00009625645155698697,0.000016132108850543732
0.19250000000000012,1.1823222985999673,0.040103742516992585,-0.0022892129194996853,-0.0016205114558703337,-0.0009322219294475018,-0.00040460251512631725,-0.00010006422387874594,0.000021476760933653716
0.1975,1.2903842365106946,-0.05484679082058655,-0.0024054535647296173,-0.0017040289036232125,-0.0009786492761777268,-0.00041844719994249617,-0.00009136919914323142,0.00004160274995887545
0.20250000000000012,1.3511039645716658,-0.1044373880582411,-0.002298234882076091,-0.0016266177837078503,-0.0009271642330902223,-0.00038144906266308117,-0.000058678493846815055,0.0000738537994814419
0.20750000000000002,1.3638856972268927,-0.11208162071930851,-0.0020611661441063307,-0.0014625291410230437,-0.0008323005320580435,-0.00033286881374526697,-0.00003149272666805585,0.00009467241672250109
0.21250000000000013,1.3674990134355234,-0.11178799231333808,-0.0019184741375585647,-0.0013623074408987993,-0.0007729109089452294,-0.0003015905425645598,-0.000014198544241058133,0.0001067948892776075
0.21750000000000003,1.368576973592142,-0.10965334303055684,-0.0018051347135893286,-0.0012774667230845106,-0.0007166694644144533,-0.0002669618890934418,7.150339266904647e-6,0.00012052314845080795
0.22249999999999992,1.369850022834792,-0.10733543100023804,-0.0017088362753967662,-0.001203085589739883,-0.0006649291660427089,-0.00023342418713403167,0.00002807266772047079,0.00013286523497371726
0.22750000000000004,1.3716482822966696,-0.10581422875446064,-0.0016524628002846252,-0.0011564256848012981,-0.0006289040594744464,-0.0002070305546822169,0.000046314107070703856,0.000144128722910634
0.23249999999999993,1.3736530289144033,-0.10463228281932184,-0.0016192226930026176,-0.0011251812916160927,-0.0006010283413148782,-0.0001840700947434551,0.00006304824670924853,0.0001541142683769975
0.23750000000000004,1.3755561248873134,-0.10325310294906212,-0.0016028451843590318,-0.001105560476464478,-0.0005797238141817382,-0.00016424013822119096,0.00007824185709148855,0.000162959879292943
0.24249999999999994,1.3773712715535598,-0.10164601069432867,-0.001594996107813717,-0.0010923609764710797,-0.0005626775930502414,-0.00014700723908111894,0.00009183812683309785,0.00017072696592337227
0.24750000000000005,1.3791895173100048,-0.10001074760182622,-0.0015886847636491278,-0.0010810583146383854,-0.0005477198344715498,-0.0001317580833631012,0.00010381222380210706,0.00017735709023846086
0.25249999999999995,1.3810826209191738,-0.09842209839208703,-0.0015798901081046676,-0.0010691677036921456,-0.0005338239372237317,-0.00011840330440900169,0.00011392205862837377,0.00018267831059015594
0.25750000000000006,1.3830171539732548,-0.0968480264510364,-0.0015670802200127925,-0.0010556886432461954,-0.000520500838419717,-0.00010679021063408889,0.00012219238215811312,0.00018672485653464354
0.26249999999999996,1.38491478943416,-0.09528443000133106,-0.0015503832565491084,-0.0010405778768012857,-0.0005075611394524842,-0.00009665764562620483,0.00012887933139283758,0.0001896973327453572
0.26750000000000007,1.3867745659678723,-0.09372805474691671,-0.0015308868484612045,-0.0010244501537097369,-0.0004951808255135498,-0.00008790495820167423,0.0001341833334721356,0.00019177963484282408
0.27249999999999996,1.38865532114837,-0.09215284590915784,-0.0015104410259443376,-0.0010085355050338993,-0.0004839777236265128,-0.00008070711633237392,0.00013816641384133122,0.00019311660938878982
0.2775000000000001,1.390550897400984,-0.09057009045180014,-0.0014911324703832274,-0.0009943603031882184,-0.0004748765190664132,-0.00007548663131451004,0.00014074718798737945,0.0001938121166967932
0.2825,1.39240138837022,-0.08902688411566845,-0.0014740005428747628,-0.0009828258933007906,-0.0004685750054033473,-0.00007269437730464867,0.00014172319028773214,0.0001938638280160887
0.2875000000000001,1.3942099188851436,-0.08751957436786308,-0.0014580964110961006,-0.0009733991438104209,-0.00046493717847384465,-0.00007244498071445947,0.00014090982657601655,0.00019314518669479556
0.2925,1.3960457506881927,-0.08599108809937077,-0.0014409378491975836,-0.0009642505637070444,-0.0004628713777882253,-0.00007428691352957708,0.0001383335504397318,0.00019149434413642845
0.2975000000000001,1.3979308688375778,-0.08442008094772914,-0.001420163215455164,-0.0009533663062595167,-0.0004608846548395827,-0.00007733847176547026,0.00013431457985709904,0.00018884775119315332
0.3025,1.3998165487870935,-0.08284459661559473,-0.0013951544538754023,-0.0009398300637241659,-0.0004579382277016121,-0.00008072290873887785,0.00012935945529072624,0.0001853195689801928
0.3075000000000001,1.4016758844031119,-0.08128989578921134,-0.0013674514374058793,-0.0009243552287788958,-0.00045400253542974645,-0.0000840076818836061,0.00012392840039055126,0.00018116974115660995
0.3125,1.4035412658245243,-0.07973431148251818,-0.0013398960400997262,-0.0009088485101740916,-0.00045000242780207053,-0.00008736527531311481,0.00011824351642800027,0.0001766949435238886
0.3175000000000001,1.4054344716010674,-0.0781592967518934,-0.0013155096043917635,-0.0008955884474412,-0.0004473372570049024,-0.00009138931508792395,0.00011227914855219123,0.00017213913167227836
0.3225,1.4073238576857596,-0.0765860489605768,-0.0012968530162319769,-0.0008865859596668768,-0.00044732696830681695,-0.00009671869352709055,0.00010592153427386628,0.00016767665682275549
0.3275000000000001,1.4091753628591845,-0.07504137941592498,-0.00128557857370724,-0.0008830902318191621,-0.0004507450298259014,-0.00010369210429005604,0.00009913831933624562,0.00016342212037796994
0.3325,1.411003155261714,-0.07351752246140641,-0.0012817211929498932,-0.0008850569684859339,-0.00045748723598741344,-0.00011219308618523344,0.00009201153310199627,0.00015940156610962097
0.33750000000000013,1.4128440293669504,-0.07198639593173957,-0.0012831973442238003,-0.000890892596847407,-0.00046653459247626326,-0.00012173156143253613,0.0000846435305379214,0.00015550641742669247
0.3425,1.4147094387020596,-0.07043644722445135,-0.0012864092655429258,-0.0008979847078170657,-0.00047635992633587556,-0.00013169252600463697,0.00007706261539180173,0.00015151053314304598
0.3474999999999999,1.41658635628707,-0.068876804907387,-0.0012879112674099259,-0.0009039007967288258,-0.0004856163794172654,-0.00014160248062511675,0.00006922028802035701,0.0001471742271379973
0.35250000000000004,1.4184680496447482,-0.06731448755351858,-0.0012859177807489216,-0.0009074129143246555,-0.0004936611022666535,-0.00015127290389100462,0.00006105081790804386,0.00014235536761985273
0.35749999999999993,1.4203601811674609,-0.065745797138902,-0.0012805280156889998,-0.0009086192161903008,-0.0005005819311898147,-0.00016077118331859282,0.00005251213911267765,0.00013703456956200971
0.36250000000000004,1.4222621641276758,-0.06416942729193895,-0.0012727864543525538,-0.0009082723751133602,-0.0005068162521440618,-0.00017027748664222655,0.00004358226656659488,0.00013125373459575582
0.36749999999999994,1.4241624050985684,-0.06259258830343774,-0.0012636350787070798,-0.0009070437802299573,-0.0005127470420612093,-0.00017994470850116347,0.00003424447344886974,0.00012504662858519873
0.37250000000000005,1.4260569262610425,-0.061017186934085324,-0.0012535598394509979,-0.00090527876984743,-0.0005185712670100978,-0.0001898537397612125,0.00002448390476956396,0.00011842052777287092
0.37749999999999995,1.427963930657447,-0.05942696527005367,-0.0012428703527544676,-0.0009032029183316068,-0.0005244235452763268,-0.0002000653086693874,0.000014284382156604146,0.00011137619034233239
0.38250000000000006,1.429914739143059,-0.05779514671459696,-0.0012320683295399266,-0.0009011898282463149,-0.0005305348546453081,-0.00021068869259569087,3.616847428483303e-6,0.0001039218624389951
0.38749999999999996,1.431927026260043,-0.05610804878778382,-0.0012218906852765818,-0.0008997872897882326,-0.0005372443886695349,-0.0002218868384517917,-7.566016142364167e-6,0.00009606508819391419
0.39250000000000007,1.4339692932662467,-0.05439493877340897,-0.0012130243780346384,-0.0008995032306002813,-0.0005448663453772316,-0.00023381486023030511,-0.000019318959581371062,0.00008779670421115441
0.39749999999999996,1.4359243201092078,-0.05275772461173543,-0.0012058321699185339,-0.0009006053273837044,-0.000553570200270123,-0.00024656809009639954,-0.000031697249749485326,0.00007907493298308347
0.4025000000000001,1.437590647351999,-0.05136888955313849,-0.0012003589019327523,-0.0009031164914256797,-0.0005633649823196174,-0.0002601580876835781,-0.000044729095498403156,0.00006985199004990676
0.4075,1.4387891549667549,-0.05038173548489078,-0.001197120213343852,-0.0009075061007927482,-0.0005746766078342031,-0.00027498256731736496,-0.00005879842730746945,0.00005975545682356719
0.4125000000000001,1.4395866392089567,-0.0497400239005351,-0.0011959040697906405,-0.0009135083240825072,-0.0005871882330436083,-0.0002906971598621955,-0.00007356730968600072,0.00004908583790835455
0.4175,1.4405100706482774,-0.04900353014861912,-0.0011993706400042269,-0.0009235393390174309,-0.0006029931785894193,-0.0003090381378924545,-0.00009042507035684556,0.00003675929908682294
0.4225000000000001,1.4425246176811282,-0.047354381559030066,-0.0012071132846179877,-0.0009370569436368591,-0.0006214302233806499,-0.00032929825962771565,-0.00010871757011754913,0.00002328902379208225
0.4275,1.4467438671948032,-0.04386934209518402,-0.0012166953782331757,-0.0009515470295544594,-0.0006399750756054794,-0.0003490745677085647,-0.00012631452224375343,0.000010410812955620062
0.4325000000000001,1.4538969174134293,-0.037945036166716815,-0.0012331738061387562,-0.0009717794948207203,-0.0006629482536482778,-0.00037208950075179163,-0.00014623911669381647,-4.16827248196755e-6
0.4375,1.4641143987055592,-0.02949350420123569,-0.0012544702215614898,-0.0009959246558954862,-0.0006888394930200392,-0.00039717808008552527,-0.0001676598904989489,-0.000019913535992528177
0.4425000000000001,1.4770290330276161,-0.018847144103104663,-0.0012782891508130785,-0.0010219810344405237,-0.0007160137694330747,-0.0004230829887664862,-0.00018966035963517887,-0.000036186611862979684
0.4475,1.4920234240230363,-0.006543057096461932,-0.0013028536542901983,-0.0010484942888112998,-0.0007433941480351076,-0.00044908037488606374,-0.00021179367445112624,-0.00005272643243460547
0.4525000000000001,1.5084595985303006,0.006873929813292743,-0.0013265540125510697,-0.0010741525398385433,-0.0007700171720242473,-0.00047453250784938185,-0.00023367694708858588,-0.00006931965081964562
0.4575,1.5258115570497768,0.020960893015108045,-0.001348149046121423,-0.0010979378211629749,-0.0007951261002187861,-0.0004989273546361169,-0.00025499081843968774,-0.00008577726406780677
0.46250000000000013,1.5437028426127606,0.03540396927734286,-0.0013668075342082022,-0.0011191628210996249,-0.0008182018553860543,-0.00052190358765527,-0.0002754990804538813,-0.00010194968770225709
0.4675,1.5618878810066343,0.04999952579405277,-0.001382069872248978,-0.001137433942070925,-0.0008389288021919492,-0.0005432206264809386,-0.0002950243157252796,-0.00011770867878882081
0.4724999999999999,1.5802136752791085,0.06462170539040896,-0.0013937931995778113,-0.0011526068011191385,-0.0008571619920237218,-0.0005627362651388326,-0.0003134329298713913,-0.00013293661401062712
0.47750000000000004,1.5985795406911056,0.07919016203336568,-0.001402022251869813,-0.0011646850609698875,-0.0008728583783676386,-0.0005803674327845309,-0.0003306177818615482,-0.0001475218749562926
0.48249999999999993,1.6168997850055038,0.09364003664989766,-0.0014068654898925555,-0.0011737231531560892,-0.0008860103102849208,-0.0005960517670991075,-0.0003464805958253703,-0.00016135353824085833
0.48750000000000004,1.6350694534467498,0.1078935100630821,-0.001408400954150767,-0.0011797530640908266,-0.0008965964624043554,-0.0006097204425921692,-0.00036092083300120993,-0.00017431941219710873
0.49249999999999994,1.6529333538364437,0.1218342439449416,-0.0014066198794956488,-0.0011827407371237592,-0.0009045530667036905,-0.0006212829524703474,-0.00037383048528656204,-0.00018630657788899172
0.49750000000000005,1.6702611627041648,0.13528863926893034,-0.0014014131269523384,-0.001182575962994297,-0.0009097679679329519,-0.0006306251759829182,-0.00038509531132679855,-0.0001972045819283564
0.5025,1.6867348600799428,0.14801901876619533,-0.001392597434149973,-0.0011790938026716845,-0.000912096668768195,-0.0006376208011989317,-0.00039460311855256196,-0.00020691206416359703
0.5075000000000001,1.701957556505059,0.15973343362609838,-0.00137997107018683,-0.0011721199693715577,-0.0009113959354672559,-0.000642154327934087,-0.0004022590215993774,-0.0002153474740417741
0.5125,1.7154927904471733,0.17011541250125542,-0.0013633850430822617,-0.0011615297970379293,-0.0009075684504864696,-0.0006441524065268322,-0.0004080065469249357,-0.00022246365821032186
0.5175000000000001,1.7269374931820032,0.17887446762686077,-0.0013428166066928597,-0.001147310370119755,-0.0009006112268265904,-0.0006436188958977998,-0.00041185171587288503,-0.00022826426085018796
0.5225,1.7360181705905755,0.18581282235466615,-0.0013184324301022292,-0.0011296148204691257,-0.0008906587580186953,-0.0006406665163160798,-0.0004138845357897765,-0.00023281746814819324
0.5275000000000001,1.7426822342854016,0.19089372696561188,-0.0012906249875045852,-0.0011087936727368806,-0.0008780076429486988,-0.0006355340470532024,-0.00041428916953991073,-0.00023626053802048598
0.5325,1.7471461375180537,0.19428459180363103,-0.0012600004569189166,-0.0010853836093188002,-0.0008631060088235254,-0.0006285759146438053,-0.0004133332829253048,-0.00023878891845226311
0.5375000000000001,1.7498709319587582,0.19634514806245934,-0.001227302183704431,-0.0010600398006336488,-0.000846496750664081,-0.0006202164856225225,-0.00041133213466916355,-0.00024062825478053998
0.5425,1.7514640735205367,0.19754965659212706,-0.0011932798267303472,-0.0010334211695200552,-0.0008287230613202124,-0.000610876652481798,-0.00040859420134456057,-0.0002419953610528087
0.5475000000000001,1.7525385385322032,0.1983689503671755,-0.0011585491121731016,-0.0010060678776948203,-0.0008102283724543225,-0.0006008972898630404,-0.0004053660193539979,-0.00024306026788204003
0.5525,1.7535789803138886,0.1991650928653097,-0.0011235013191658759,-0.000978322101026006,-0.0007912915812062217,-0.0005904898271602071,-0.00040179692969838734,-0.0002439225265995947
0.5575000000000001,1.754862710572331,0.2001418374933113,-0.0010882966079670126,-0.0009503215052876152,-0.0007720210166643284,-0.0005797311609154767,-0.00039793532768171215,-0.0002446089510685191
0.5625,1.7564611655758104,0.2013560514285807,-0.001052927091701504,-0.0009220537350850791,-0.0007523983560307887,-0.0005685969115600488,-0.0003937526669381666,-0.0002450905388777949
0.5675000000000001,1.7583095193908302,0.20276550467712928,-0.0010173027209548196,-0.0008934320217089356,-0.0007323412538933823,-0.0005570104662010928,-0.0003891800661203228,-0.0002453088583106598
0.5725,1.7602974891235381,0.2042863402015192,-0.0009813188035110443,-0.0008643560162401379,-0.0007117553963673911,-0.0005448853217203764,-0.00038414110600343146,-0.00024520030123150924
0.5775000000000001,1.7623331184438016,0.205842280305967,-0.0009448919605909789,-0.0008347449369957502,-0.00069056366500987,-0.0005321494166830713,-0.000378570936383181,-0.00024471009371660455
0.5825,1.7643649673665474,0.2073910246480241,-0.0009079674629997782,-0.000804544326603302,-0.0006687119524913924,-0.0005187496690752475,-0.00037241933930150305,-0.000243793922312227
0.5875000000000001,1.7663773033476904,0.20892242722162124,-0.0008705014365921466,-0.0007737098573154981,-0.0006461550828793924,-0.0005046402720348692,-0.00036564142882052563,-0.0002424108941220534
0.5925,1.7683729938641193,0.21044148627849876,-0.0008324325371044734,-0.0007421821800169923,-0.0006228358453744692,-0.0004897663536869714,-0.00035818580327861725,-0.00024051557934325963
0.5975000000000001,1.7703555636050199,0.2119537713637382,-0.0007936759201346635,-0.000709881596578114,-0.0005986805968921031,-0.00047406058928423523,-0.0003499920735639953,-0.00023805621256805197
0.6025,1.772324655089209,0.21345706835235997,-0.0007541564487542323,-0.0006767363116562267,-0.0005736212120273536,-0.00045745850841551953,-0.000341000078400667,-0.00023497897516469135
0.6074999999999999,1.7742831766902363,0.21494363142480957,-0.0007138507682585091,-0.0006427175393640969,-0.0005476214303626503,-0.0004399158002366195,-0.00033115919612239993,-0.00023123123698929032
0.6125,1.7762344838938189,0.21641770810653974,-0.000672795987489008,-0.0006078459153679421,-0.0005206805005900481,-0.00042140925625059104,-0.00032042714285036595,-0.00022675906552081142
0.6174999999999999,1.7781833775626712,0.21790425121365514,-0.0006310711480300756,-0.0005721760419055552,-0.0004928214695679334,-0.0004019287475928539,-0.0003087650117901571,-0.00022150441455763483
0.6225,1.780152221194745,0.2194140215271225,-0.0005887694569173861,-0.0005357739426310642,-0.0004640748900330105,-0.000381466895048063,-0.0002961315761116764,-0.00021540222917746234
0.6275,1.7821575777806222,0.22092113556842663,-0.0005459231151300902,-0.000498652594630224,-0.00043442800344807293,-0.00035998264632539686,-0.0002824599766732105,-0.0002083675229072546
0.6325000000000001,1.7841194726454126,0.22239153702821307,-0.000502486039049831,-0.00046075800717588957,-0.00040381509884859995,-0.00033739610495869257,-0.000267656489731076,-0.00020029699555370803
0.6375,1.7859229282611242,0.2238146961954911,-0.00045849953916845317,-0.00042210937838745586,-0.0003722248376940144,-0.00031366083236423906,-0.00025164050364151914,-0.00019108309743444884
0.6425000000000001,1.7876772232718467,0.22518520166468464,-0.0004139082682309667,-0.0003826286458443592,-0.0003395487747024119,-0.00028863512059126655,-0.00023424045709087593,-0.00018053462343662501
0.6475,1.7897810187707883,0.22665345518416988,-0.00036854900693362135,-0.00034217175307739564,-0.00030566463441503654,-0.00026221583970716653,-0.00021536647782527288,-0.0001685688647522336
0.6525000000000001,1.7924349317898534,0.22860725213001462,-0.00032275753448942355,-0.00030102938881993065,-0.0002707985796756402,-0.00023455005032688137,-0.00019507938674670489,-0.00015516276847337882
0.6575,1.7953642982636393,0.23107875864041338,-0.00027306503324270575,-0.0002559641681592075,-0.00023203121508742893,-0.00020309417397743642,-0.0001712395026794314,-0.00013858211589172324
0.6625000000000001,1.7974035680527072,0.23251689621531263,-0.000228393079716904,-0.00021495611471296578,-0.0001960647943414983,-0.00017307547175304133,-0.00014755374498013197,-0.0001211115522856375
0.6675,1.7977045028118017,0.23251750557533596,-0.00018790083493072911,-0.00017761130074574714,-0.00016306940197345654,-0.0001452423924845276,-0.00012526157211607825,-0.00010431308741018128
0.6725000000000001,1.7936636522341636,0.22994221120014185,-0.00012339778309953696,-0.00011794737098469064,-0.00011010531159993302,-0.00010025188656688196,-0.0000888603668876436,-0.00007646792838737542
0.6775,1.7599256596290225,0.20523720812422885,-0.00006252055754915175,-0.00006047077185733626,-0.000057448945253885456,-0.00005352647245157106,-0.00004880868685088434,-0.00004343811040930694
0.6825000000000001,1.6623585529439189,0.12946386242400737,-0.000030739297423694944,-0.000029595360174211518,-0.0000279397409829415,-0.00002584075511639504,-0.000023383130923020122,-0.000020663211379216406
0.6875,1.5525038283090544,0.04294426608672462,-7.796144733050053e-6,-7.496674302126841e-6,-7.0658323377184975e-6,-6.523860717902853e-6,-5.895033940333844e-6,-5.20582448881014e-6
0.6925000000000001,1.50680479904387,0.005558194946045758,-1.0708718709050166e-6,-1.0280049318260294e-6,-9.663988839326697e-7,-8.890385483503751e-7,-7.995216771283792e-7,-7.017900714536631e-7
0.6975,1.5007666011883618,0.0006258814029007943,-1.2014634102316486e-7,-1.153410665082063e-7,-1.0843137912342382e-7,-9.974873575816177e-8,-8.969419556927854e-8,-7.870917821351353e-8
0.7025000000000001,1.5000837131297864,0.00006834299975344331,-1.317255453465546e-8,-1.264465232435557e-8,-1.1885586686873799e-8,-1.0931812423898765e-8,-9.827456531449394e-9,-8.621105248735214e-9
0.7075,1.5000091352791494,7.457959973467517e-6,-1.439337771981562e-9,-1.381625937581982e-9,-1.2986437325342753e-9,-1.1943779746912895e-9,-1.0736548326080117e-9,-9.417884587732155e-10
0.7125000000000001,1.5000009969463777,8.138976603461283e-7,-1.5703245792681947e-10,-1.507363556257963e-10,-1.41683329486234e-10,-1.3030828836720438e-10,-1.1713771574153777e-10,-1.027513449077623e-10
0.7175,1.500000108692999,8.873594343709898e-8,-1.7112205884762987e-11,-1.6426185808283132e-11,-1.5439765941146443e-11,-1.4200326870992603e-11,-1.276522672176608e-11,-1.1197626506441676e-11
0.7225000000000001,1.5000000118338663,9.661058056995277e-9,-1.8623768557966242e-12,-1.7877228032006768e-12,-1.6803779982944564e-12,-1.5454978336427435e-12,-1.3893234481152334e-12,-1.2187275452766571e-12
0.7275,1.5000000012870376,1.0507262787278381e-9,-2.0247735889839892e-13,-1.943620860734927e-13,-1.8269302446733691e-13,-1.6803046065331878e-13,-1.5105271457894944e-13,-1.3250679560888908e-13
0.7324999999999999,1.5000000001398326,1.1415857221526494e-10,-2.1991482948467397e-14,-2.1110129905198975e-14,-1.9842815588788183e-14,-1.8250384652218564e-14,-1.6406500277772265e-14,-1.439228595298415e-14
0.7375,1.5000000000151763,1.2390344558260414e-11,-2.3855859959523256e-15,-2.289933345578747e-15,-2.152401531899082e-15,-1.979602134739491e-15,-1.7795370208702124e-15,-1.5610149241626948e-15
0.7424999999999999,1.500000000001644,1.342484246273063e-12,-2.590891184379057e-16,-2.486805108753199e-16,-2.337168487136652e-16,-2.1491977655278117e-16,-1.9316243930731595e-16,-1.694056052603191e-16
0.7475,1.5000000000001776,1.4520685867522805e-13,-2.768829476811234e-17,-2.657914673020437e-17,-2.498335991479124e-17,-2.29766747216552e-17,-2.0651079648677496e-17,-1.810828774884807e-17
0.7525,1.5000000000000184,1.531687733947265e-14,-3.1302563275885295e-18,-3.0122495623168343e-18,-2.8419053791257893e-18,-2.626703179762534e-18,-2.3758019884881604e-18,-2.09944208169137e-18
0.7575000000000001,1.5000000000000018,1.441756408821857e-15,-2.1284238279650497e-19,-2.050561553296509e-19,-1.9379864644290705e-19,-1.795447305602646e-19,-1.628783814088328e-19,-1.4445618401804191e-19
0.7625,1.5,6.959836447458969e-17,-6.576803111528498e-21,-6.360846051881698e-21,-6.0467961689154265e-21,-5.645926635007586e-21,-5.172330043383412e-21,-4.642199087679594e-21
0.7675000000000001,1.5,0.,0.,0.,0.,0.,0.,0.
0.7725,1.5,0.,0.,0.,0.,0.,0.,0.
0.7775000000000001,1.5,0.,0.,0.,0.,0.,0.,0.
0.7825,1.5,0.,0.,0.,0.,0.,0.,0.
0.7875000000000001,1.5,0.,0.,0.,0.,0.,0.,0.
0.7925,1.5,0.,0.,0.,0.,0.,0.,0.
0.7975000000000001,1.5,0.,0.,0.,0.,0.,0.,0.
0.8025,1.5,0.,0.,0.,0.,0.,0.,0.
0.8075000000000001,1.5,0.,0.,0.,0.,0.,0.,0.
0.8125,1.5,0.,0.,0.,0.,0.,0.,0.
0.8175000000000001,1.5,0.,0.,0.,0.,0.,0.,0.
0.8225,1.5,0.,0.,0.,0.,0.,0.,0.
0.8275000000000001,1.5,0.,0.,0.,0.,0.,0.,0.
0.8325,1.5,0.,0.,0.,0.,0.,0.,0.
0.8375000000000001,1.5,0.,0.,0.,0.,0.,0.,0.
0.8425,1.5,0.,0.,0.,0.,0.,0.,0.
0.8475000000000001,1.5,0.,0.,0.,0.,0.,0.,0.
0.8525,1.5,0.,0.,0.,0.,0.,0.,0.
0.8574999999999999,1.5,0.,0.,0.,0.,0.,0.,0.
0.8625,1.5,0.,0.,0.,0.,0.,0.,0.
0.8674999999999999,1.5,0.,0.,0.,0.,0.,0.,0.
0.8725,1.5,0.,0.,0.,0.,0.,0.,0.
0.8775,1.5,0.,0.,0.,0.,0.,0.,0.
0.8825000000000001,1.5,0.,0.,0.,0.,0.,0.,0.
0.8875,1.5,0.,0.,0.,0.,0.,0.,0.
0.8925000000000001,1.5,0.,0.,0.,0.,0.,0.,0.
0.8975,1.5,0.,0.,0.,0.,0.,0.,0.
0.9025000000000001,1.5,0.,0.,0.,0.,0.,0.,0.
0.9075,1.5,0.,0.,0.,0.,0.,0.,0.
0.9125000000000001,1.5,0.,0.,0.,0.,0.,0.,0.
0.9175,1.5,0.,0.,0.,0.,0.,0.,0.
0.9225000000000001,1.5,0.,0.,0.,0.,0.,0.,0.
0.9275,1.5,0.,0.,0.,0.,0.,0.,0.
0.9325000000000001,1.5,0.,0.,0.,0.,0.,0.,0.
0.9375,1.5,0.,0.,0.,0.,0.,0.,0.
0.9425000000000001,1.5,0.,0.,0.,0.,0.,0.,0.
0.9475,1.5,0.,0.,0.,0.,0.,0.,0.
0.9525000000000001,1.5,0.,0.,0.,0.,0.,0.,0.
0.9575,1.5,0.,0.,0.,0.,0.,0.,0.
0.9625000000000001,1.5,0.,0.,0.,0.,0.,0.,0.
0.9675,1.5,0.,0.,0.,0.,0.,0.,0.
0.9725000000000001,1.5,0.,0.,0.,0.,0.,0.,0.
0.9775,1.5,0.,0.,0.,0.,0.,0.,0.
0.9825000000000002,1.5,0.,0.,0.,0.,0.,0.,0.
0.9875,1.5,0.,0.,0.,0.,0.,0.,0.
0.9924999999999999,1.5,0.,0.,0.,0.,0.,0.,0.
0.9975,1.5,0.,0.,0.,0.,0.,0.,0.
