-0.9975,1.0046451459857186,-0.004292874196010392,7.44247014749945e-05,0.00010122565558771012,9.908369425911306e-05,0.0001007338279835096,6.56263027223958e-05
-0.9925,1.004897067026796,-0.004544115197606332,7.618913465039752e-05,0.0001037083422182786,0.0001017316985606334,0.00010369256690159818,6.80114493737126e-05
-0.9875,1.0052176735997254,-0.00486371315206515,7.938074304953358e-05,0.0001081740287814489,0.00010639480670704043,0.00010880834156521554,7.193734802811593e-05
-0.9825,1.0055697325561976,-0.0052144959844755015,8.371206954605959e-05,0.00011418462110632894,0.00011255564129228197,0.00011544400357975422,7.680553771570891e-05
-0.9775,1.0059464345398281,-0.005589656301877617,8.897775586469515e-05,0.00012143408271759913,0.00011987775601377944,0.00012320179591918874,8.229174072566151e-05
-0.9725,1.0063473585487628,-0.005988760127522667,9.503957600622255e-05,0.00012972332910342397,0.00012815792409707198,0.0001318554539816416,8.82428469862093e-05
-0.9675,1.0067734638342811,-0.00641274833333676,0.00010180852351113406,0.00013892899540434515,0.0001372798122775303,0.00014128649627417997,9.459869943571481e-05
-0.9625,1.0072260465389247,-0.00686289530890347,0.00010923087301488248,0.00014897976479584846,0.0001471824250984939,0.0001514415641525228,0.00010134657624942433
-0.9575,1.007706523612625,-0.007340593192507994,0.00011727817311005809,0.00015984002447335695,0.00015784017097437373,0.00016230617769495383,0.00010849694137944908
-0.9525,1.008216389485648,-0.007847308435952442,0.00012594018812448404,0.00017149882885035114,0.0001692504610247645,0.00017388907575738942,0.00011607113821535056
-0.9475,1.0087572088514827,-0.00838457435000108,0.0001352199332943732,0.00018396247342050695,0.00018142597680576337,0.00018621301478932692,0.0001240954161167829
-0.9425,1.0093306170268823,-0.008953991164359767,0.00014513018239920185,0.00019724949257671583,0.00019438981551306064,0.00019930942835576977,0.0001325982014658877
-0.9375,1.0099383219322873,-0.00955722765828739,0.00015569101302575288,0.00021138728492667497,0.00020817242014956253,0.00021321536977747893,0.00014160897778435635
-0.9325,1.0105821064487976,-0.010196023115985308,0.00016692808564053706,0.00022640983512805008,0.00022280962793630061,0.00022797179353517327,0.00015115793057712907
-0.9275,1.0112638308915738,-0.010872189338119906,0.00017887144299264508,0.00024235617716169641,0.00023834142629511058,0.00024362261459056353,0.00016127593189268946
-0.9225,1.011985435545569,-0.011587612641581372,0.00019155467888852133,0.000259269360266927,0.00025481116043824,0.00026021421476715375,0.00017199465762544436
-0.9175,1.0127489432538435,-0.012344255817991628,0.00020501436903158743,0.0002771957560508174,0.00027226503109586985,0.0002777952024582178,0.00018334674170233895
-0.9125,1.013556462059745,-0.013144160025429822,0.00021928968736826865,0.0002961845969876619,0.00029075177937326743,0.0002964163132531853,0.00019536592645774407
-0.9075,1.0144101879086658,-0.013989446583985118,0.00023442215320293677,0.00031628767134723345,0.0003103224923689511,0.0003161303870141919,0.00020808719485483529
-0.9025,1.0153124074181579,-0.014882318639801365,0.00025045546991948875,0.00033755912319125085,0.0003310304864364949,0.0003369923849924279,0.00022154688205570062
-0.8975,1.0162655007276507,-0.015825062655829805,0.00026743542731138544,0.0003600553221637785,0.0003529312399004088,0.00035905942685575425,0.00023578276861072116
-0.8925,1.0172719444402685,-0.016820049681518713,0.00028540984754556024,0.0003838347788199715,0.0003760823567242748,0.00038239083685566043,0.0002508341590313255
-0.8875,1.0183343146682693,-0.017869736349236234,0.0003044285605573346,0.00040895808881451885,0.00040054354897864456,0.00040704819368087995,0.00026674194962447153
-0.8825000000000001,1.019455290189042,-0.018976665543654778,0.00032454339881943884,0.0004354878944930808,0.0004263766301532804,0.0004330953815323749,0.0002835486891092506
-0.8775,1.0206376557088512,-0.020143466693056677,0.0003458082043915734,0.0004634888560263969,0.00045364551414865456,0.00046059864160374783,0.0003012986351064782
-0.8725,1.0218843052152067,-0.021372855639868838,0.0003682788432517653,0.0004930276266881905,0.00048241621663469553,0.000489626624028158,0.0003200378092353412
-0.8674999999999999,1.0231982453748347,-0.02266763406252504,0.00039201322335932347,0.0005241728285344615,0.0005127568566741997,0.0005202504407665042,0.00033981405328356666
-0.8625,1.0245825989026882,-0.024030688441936798,0.0004170713138583997,0.0005569950258149332,0.0005447376572549548,0.0005525437200188046,0.0003606770886937643
-0.8575,1.026040607789437,-0.025464988592038846,0.00044351516341182407,0.0005915666940866178,0.0005784309437675061,0.0005865826626109688,0.00038267858135658425
-0.8525,1.0275756362332698,-0.026973585802072,0.00047140891593684805,0.0006279621833074204,0.0006139111395705347,0.0006224461004674335,0.00040587221334395404
-0.8475,1.0291911730811838,-0.028559610663809486,0.0005008188220583151,0.0006662576732390839,0.0006512547576465829,0.0006602155567352127,0.0004303137626861606
-0.8425,1.0308908335511329,-0.030226270673820298,0.0005318132444517462,0.0007065311193443873,0.000690540387004584,0.0006999753063900322,0.0004560611915517954
-0.8375,1.0326783599860596,-0.031976847702507964,0.0005644626549676942,0.0007488621870798874,0.0007318486719748008,0.0007418124352617509,0.0004831747422212023
-0.8325,1.0345576213900467,-0.033814695402060745,0.000598839621060752,0.0007933321721213739,0.0007752622819215748,0.0007858168944214168,0.0005117170390858706
-0.8275,1.0365326115197566,-0.03574323658060739,0.0006350187786469511,0.0008400239036774156,0.0008208658682401057,0.000832081545859976,0.0005417531936361207
-0.8225,1.038607445351817,-0.037765960499200495,0.0006730767881393141,0.0008890216277125388,0.0008687460048881852,0.0008807021944634503,0.000573350908133585
-0.8175,1.040786353815328,-0.03988641995560306,0.0007130922701174798,0.0009404108666788,0.0009189911082197268,0.0009317776005636235,0.0006065805725436784
-0.8125,1.043073676759874,-0.04210822791279936,0.000755145716918183,0.0009942782522961637,0.0009716913316142892,0.000985409466919488,0.0006415153484693358
-0.8075,1.0454738542109414,-0.04443505332324945,0.0007993193764153348,0.0010507113280632478,0.001026938430394755,0.0010417023939358462,0.0006782312334002598
-0.8025,1.04799141603151,-0.046870615706929776,0.0008456971043931239,0.001109798318530448,0.0010848255928195768,0.0011007637972773815,0.0007168070986422224
-0.7975,1.0506309701458274,-0.049418677976352667,0.0008943641821756012,0.0011716278629073746,0.0011454472335097705,0.0011627037827562064,0.0007573246948197771
-0.7925,1.05339718947637,-0.05208303697547524,0.0009454070965060082,0.0012362887112565466,0.0012088987464625573,0.0012276349743640864,0.0007998686197749686
-0.7875,1.0562947976896537,-0.05486751121502895,0.0009989132789888274,0.0013038693822715259,0.0012752762157112558,0.0012956722924386615,0.0008445262448589626
-0.7825,1.059328553737724,-0.05777592533776,0.0010549708026204162,0.0013744577823600567,0.0013446760825830896,0.001366932680008772,0.0008913875968138702
-0.7775,1.0625032350198973,-0.06081209091482626,0.0011136680329319488,0.0014481407863555927,0.00141719476923509,0.0014415347761493633,0.0009405451934046693
-0.7725,1.0658236187728847,-0.06397978322745439,0.0011750932309318245,0.0015250037805711692,0.001492928258560819,0.001519598535477499,0.0009920938313951635
-0.7675,1.0692944610189765,-0.06728271368092544,0.0012393341042237008,0.001605130169003283,0.0015719716305062368,0.0016012447925225393,0.0010461303250565942
-0.7625,1.0729204720404861,-0.07072449737409615,0.0013064773012101925,0.0016886008432129226,0.0016544185541594954,0.0016865947683808087,0.0011027531918160309
-0.7575000000000001,1.0767062868666317,-0.07430861504268767,0.0013766078409260453,0.0017754936156809112,0.0017403607335251974,0.0017757695145673856,0.001162062278516349
-0.7525,1.0806564286075409,-0.07803836804747011,0.0014498084674574873,0.0018658826151766756,0.0018298873024826894,0.0018688892850180299,0.001224158316649464
-0.7475,1.084775261607192,-0.08191682425245655,0.0015261589127317568,0.0019598376408135414,0.0019230841608833074,0.0019660728214725832,0.0012891423874199035
-0.7424999999999999,1.089066930315207,-0.08594675155553755,0.0016057350444078219,0.0020574234689267447,0.0020200332389384485,0.002067436529763858,0.0013571152673186263
-0.7375,1.0935352785982635,-0.09013053462415226,0.0016886078666752673,0.0021586991036985585,0.0021208116710240174,0.002173093514881496,0.0014281766121741828
-0.7324999999999999,1.0981837431905093,-0.09447006934124964,0.0017748423316510163,0.0022637169586903544,0.0022254908531396844,0.0022831524316682893,0.001502423923368554
-0.7275,1.103015214595829,-0.09896662906741661,0.0018644959095444886,0.0023725219524571677,0.0023341353514031928,0.0023977160971272965,0.0015799512263485068
-0.7224999999999999,1.1080318596883678,-0.10362069773925468,0.001957616860127767,0.002485150497842696,0.002446801623721801,0.0025168798022676265,0.001660847382742013
-0.7175,1.1132349033048594,-0.10843176779123508,0.0020542421511520258,0.0026016293623555035,0.0025635365155097616,0.0026407292601812074,0.0017451939590759054
-0.7125,1.1186243719570597,-0.11339810649821434,0.0021543949870702077,0.002721974377526392,0.002684375495932806,0.0027693381375598733,0.0018330625941854345
-0.7075,1.1241988116229016,-0.11851650270146587,0.0022580819492449256,0.0028461889799080283,0.0028093406166611813,0.0029027651440950886,0.0019245118503939803
-0.7025,1.1299550027504435,-0.1237820162819561,0.002365289809552618,0.002974262577019251,0.0029384382027725347,0.003041050701617308,0.0020195836040667004
-0.6975,1.1358877073312985,-0.12918776338405374,0.002475982160339745,0.0031061687494103075,0.0030716563257750257,0.0031842132825065585,0.0021182991271401596
-0.6925,1.1419894922313287,-0.13472477844962708,0.0025900960947682567,0.0032418633257741353,0.0032089621594707262,0.003332245589788412,0.002220655122524814
-0.6875,1.1482506762962543,-0.14038199624163092,0.002707539254252752,0.00338128240102872,0.003350299374909927,0.0034851108383521954,0.0023266200838563725
-0.6825,1.1546594427645385,-0.14614639027171006,0.0028281876097550956,0.0035243404050554236,0.0034955857820455774,0.003642739471460148,0.002436131428121413
-0.6775,1.1612021414786022,-0.15200328705480115,0.0029518843370271116,0.003670928367466009,0.0036447114616422155,0.0038050266899240927,0.0025490938707694987
-0.6725,1.167863778287507,-0.15793684968823457,0.003078440066499608,0.003820912554158099,0.003797537639978128,0.003971831165209829,0.0026653794555381036
-0.6675,1.1746286561377,-0.16393069369467542,0.0032076346364938173,0.003974133665594161,0.003953896531728218,0.004142975240934197,0.0027848295076420802
-0.6625,1.1814811006140467,-0.1699685695329953,0.003339220274273855,0.004130406775829192,0.00411359230914463,0.004318246799219179,0.002907258560748868
-0.6575,1.188406180098796,-0.17603502700334459,0.003472925912084251,0.004289522149083547,0.004276403251694384,0.004497402791745722,0.0030324600466548834
-0.6525000000000001,1.1953903238826942,-0.1821159727383755,0.0036084621631426632,0.0044512469963665785,0.004442085001362968,0.0046801742349468845,0.0031602132777409195
-0.6475,1.202421753526383,-0.18819904533893883,0.0037455263799603764,0.004615328135079206,0.004610374713751625,0.004866272277514458,0.0032902910464510113
-0.6425000000000001,1.2094906717771077,-0.19427376126576199,0.0038838072211409983,0.004781495404072828,0.00478099577675022,0.0050553948005767416,0.003422467055702011
-0.6375,1.216589193186825,-0.20033142216019192,0.0040229882636631095,0.004949465585005787,0.004953662689114992,0.0052472329346549065,0.0035565224032783234
-0.6325000000000001,1.2237110423713347,-0.20636481247958244,0.004162750389865664,0.005118946508497054,0.0051280856670223186,0.005441476888230775,0.0036922504714495424
-0.6275,1.2308510806045314,-0.2123677470579839,0.004302772907609301,0.005289640996479023,0.005303974583904653,0.005637820579477227,0.003829459795775944
-0.6225,1.2380047424819465,-0.21833454568216143,0.004442733578382451,0.005461250317278788,0.0054810419420272365,0.005835964728185057,0.003967974762139274
-0.6174999999999999,1.2451674688666483,-0.22425951387928175,0.004582307889174004,0.005633476903255254,0.0056590047069289195,0.006035618269628844,0.0041076342587736325
-0.6125,1.2523342114744849,-0.23013649742436446,0.004721167984864459,0.005806026188161444,0.005837584984507077,0.006236498160840677,0.00424828864447164
-0.6074999999999999,1.2594990626630382,-0.235958556939662,0.004858981674842192,0.005978607542224362,0.006016509659879047,0.006438327829197626,0.004389795552082371
-0.6025,1.2666550372463186,-0.24171778398788785,0.00499541185520633,0.006150934395358274,0.006195509225606173,0.006640834638542446,0.004532015112860754
-0.5974999999999999,1.2737940073473257,-0.24740525659535573,0.005130116572659822,0.006322723724808128,0.006374316090714923,0.006843746806943602,0.004674805165683715
-0.5925,1.2809067708798691,-0.2530111140858998,0.005262749827699316,0.00649369513206442,0.006552662677312464,0.007046790203703724,0.004818016923991942
-0.5875,1.2879832215704894,-0.25852472038294266,0.005392963098506413,0.006663569743019129,0.006730279583872047,0.007249685393524204,0.004961491439510164
-0.5825,1.2950125837255397,-0.26393488153751116,0.005520407479756547,0.006832069140734968,0.0069068940355636555,0.007452145201857425,0.0051050570539702194
-0.5775,1.3019836768338433,-0.26923008573112617,0.005644736278943372,0.006998914492703618,0.007082228767496974,0.007653872968317676,0.005248527892686542
-0.5725,1.3088851813185507,-0.27439874023191396,0.005765607894636013,0.007163825976696661,0.007256001411019261,0.007854561552939466,0.005391703343638179
-0.5675,1.3157058849292396,-0.2794293875517509,0.005882688808650825,0.007326522552660043,0.0074279243875593134,0.008053893076033488,0.005534368390582666
-0.5625,1.3224348974276345,-0.284310890596258,0.005995656547645618,0.007486722080722607,0.007597705265554437,0.008251539312937182,0.0056762946287400775
-0.5575,1.3290618280851567,-0.2890325828079987,0.00610420250005624,0.007644141751458912,0.007765047505711138,0.008447162630798593,0.00581724178131813
-0.5525,1.33557692550303,-0.29358438371717166,0.0062080345048521855,0.00779849877464254,0.007929651506554577,0.008640417342178562,0.005956959546384378
-0.5475,1.341971182370703,-0.2979568829738098,0.006306879155343562,0.007949511264876793,0.008091215862064686,0.008830951353998726,0.006095189627686954
-0.5425,1.3482364093222643,-0.3021413971749936,0.006400483782698845,0.008096899263437693,0.008249438751595988,0.009018408004053036,0.006231667832542526
-0.5375,1.3543652824943866,-0.3061300040589117,0.006488618100044861,0.008240385841951558,0.008404019395013349,0.009202427995585162,0.006366126149422141
-0.5325,1.3603513691788158,-0.30991555832652984,0.0065710754999598105,0.00837969824221748,0.008554659519802275,0.009382651359377171,0.006498294744070118
-0.5275000000000001,1.366189135447055,-0.31349169278743966,0.006647674006987318,0.008514569015481673,0.008701064799740848,0.009558719389977915,0.006627903834385874
-0.5225,1.3718739390346948,-0.31685280791352083,0.0067182568934893005,0.008644737132550893,0.008842946235499577,0.009730276516993494,0.006754685420659626
-0.5175000000000001,1.3774020102319515,-0.3199940523301097,0.0067826929724203715,0.008769949042776093,0.008980021455981774,0.009896972083551942,0.006878374859606034
-0.5125,1.3827704230829878,-0.3229112963189182,0.006840876584869828,0.008889959665109458,0.009112015925524923,0.01005846201246251,0.0069987122788373515
-0.5075000000000001,1.3879770588516742,-0.32560110004955134,0.006892727303701334,0.009004533298371423,0.009238664046675543,0.01021441034677593,0.007115443833850732
-0.5025,1.3930205634465898,-0.3280606779788575,0.006938189377437679,0.009113444440905586,0.00935971015161037,0.010364490656011277,0.0072283228130509474
-0.49750000000000005,1.397900300289191,-0.3302878606371459,0.006977230940755063,0.009216478512298,0.009474909377845534,0.010508387302768797,0.00733711059839362
-0.49250000000000005,1.4026162999351799,-0.33228105483842946,0.0070098430196269285,0.00931343247209085,0.009584028426006419,0.010645796567201125,0.007441577490352228
-0.48750000000000004,1.407169207605307,-0.3340392031945908,0.0070360383603455985,0.009404115332640382,0.009686846199372209,0.010776427629149123,0.0075415034063838595
-0.48250000000000004,1.4115602296393297,-0.3355617436724821,0.007055850112395701,0.009488348565572345,0.009783154326806534,0.01090000340983689,0.007636678462100084
-0.47750000000000004,1.4157910797514797,-0.3368485698042158,0.007069330395474476,0.009565966403695359,0.009872757572592232,0.011016261276948193,0.007726903444087365
-0.47250000000000003,1.4198639258364796,-0.33789999204268917,0.007076548780836627,0.009636816042674216,0.009955474138576302,0.011124953618690698,0.007811990182881701
-0.4675,1.4237813379524717,-0.3387167006465125,0.0070775907165391795,0.009700757749102767,0.01003113586581251,0.011225848294062344,0.007891761834082663
-0.4625,1.4275462379923929,-0.33929973038134364,0.007072555925011119,0.009757664883663763,0.010099588344434625,0.011318728967902132,0.007966053075077452
-0.4575,1.4311618514495892,-0.33965042723853356,0.007061556799615791,0.009807423849626538,0.010160690941662751,0.011403395340358096,0.00803471022440495
-0.4525,1.434631661587788,-0.33977041729720364,0.007044716824485531,0.009849933977844096,0.01021431675851392,0.011479663281066336,0.008097591290470397
-0.4475,1.4379593662404548,-0.339661577792199,0.007022169038916308,0.009885107359562209,0.010260352525873774,0.01154736487855374,0.008154565956141727
-0.4425,1.4411488373901817,-0.33932601039743343,0.006994054564114367,0.009912868637726342,0.010298698450070812,0.011606348415138091,0.008205515505707191
-0.4375,1.4442040836148542,-0.3387660166912331,0.006960521206251293,0.009933154766145548,0.010329268017030633,0.011656478276926185,0.008250332700709797
-0.4325,1.4471292154333475,-0.3379840757365571,0.0069217221458276745,0.009945914744017037,0.010351987762597915,0.011697634807474898,0.00828892161123512
-0.4275,1.4499284135387351,-0.336982823683445,0.006877814719511433,0.009951109331166776,0.010366797014872578,0.011729714112387456,0.00832119740924376
-0.4225,1.4526058998705318,-0.33576503528269963,0.006828959297139899,0.009948710747188814,0.01037364761261593,0.011752627820701902,0.008347086130439968
-0.4175,1.4551659114484958,-0.3343336071876225,0.006775318253648013,0.009938702355725961,0.01037250360214064,0.011766302807531059,0.008366524410902906
-0.4125,1.4576126768679867,-0.33269154291361125,0.006717055033434201,0.009921078333635473,0.01036334091377162,0.011770680881165261,0.008379459204252223
-0.4075,1.459950395339995,-0.33084193932268796,0.0066543333031451445,0.009895843323857217,0.010346147018064938,0.011765718436855213,0.008385847484480763
-0.40249999999999997,1.4621832181468404,-0.32878797450068603,0.006587316188014641,0.009863012070489773,0.01032092056154403,0.011751386078819634,0.008385655938799665
-0.39749999999999996,1.4643152323764554,-0.3265328968981747,0.0065161655866257506,0.009822609034834277,0.010287670981734349,0.01172766821169216,0.008378860653962218
-0.39249999999999996,1.466350446793437,-0.32408001561154604,0.006441041559131584,0.009774667991870397,0.010246418101672587,0.011694562602615402,0.008365446798632624
-0.38749999999999996,1.4682927797030625,-0.3214326916874704,0.00636210178440087,0.009719231607619725,0.01019719170471735,0.011652079915449866,0.008345408303514384
-0.38249999999999995,1.470146048664775,-0.3185943303416536,0.006279501082091661,0.009656350998951976,0.010140031091263234,0.011600243219012152,0.008318747540211016
-0.37749999999999995,1.471913961913761,-0.3155683739910553,0.006193390996169184,0.009586085278434886,0.010074984619732198,0.011539087471800524,0.008285474999202713
-0.37250000000000005,1.4736001113529418,-0.3123582960071084,0.006103919436781525,0.009508501087687726,0.010002109234877835,0.011468658986216873,0.008245608966906562
-0.36750000000000005,1.4752079669826803,-0.30896759510564487,0.006011230377644208,0.009423672123288573,0.009921469986918029,0.011389014875778269,0.008199175201545806
-0.36250000000000004,1.4767408726416762,-0.30539979029690967,0.005915463606155434,0.009331678659570197,0.009833139545269695,0.011300222489171787,0.008146206607465126
-0.35750000000000004,1.47820204293988,-0.3016584163258766,0.005816754523394409,0.009232607072629273,0.009737197710693769,0.011202358835211123,0.008086742907562857
-0.35250000000000004,1.4795945612728427,-0.2977470195387714,0.00571523399099069,0.009126549369609984,0.009633730929491631,0.011095510002791291,0.008020830313628166
-0.34750000000000003,1.4809213788170275,-0.2936691541158476,0.005611028221646063,0.009013602726868594,0.009522831813066627,0.01097977057981662,0.007948521194532099
-0.3425,1.482185314417521,-0.28942837861265164,0.0055042587098929115,0.008893869040050588,0.009404598665726759,0.010855243074820392,0.007869873742391677
-0.3375,1.4833890552938114,-0.2850282527517598,0.005395042199526698,0.008767454488483739,0.009279135023106582,0.010722037344632281,0.007784951636980059
-0.3325,1.4845351585063706,-0.2804723344037572,0.005283490684083091,0.008634469115665516,0.00914654920307468,0.010580270031019006,0.007693823708776613
-0.3275,1.485626053147257,-0.27576417668956843,0.005169711436758308,0.00849502642704648,0.009006953870504967,0.010430064008760901,0.007596563601135219
-0.3225,1.486664043242314,-0.27090732512572546,0.005053807066296154,0.008349243005813328,0.008860465616856576,0.010271547847169276,0.007493249432103714
-0.3175,1.4876513113809935,-0.2659053147196214,0.00493587559557925,0.00819723814697597,0.008707204555151591,0.010104855286631829,0.007383963456469633
-0.3125,1.488589923122028,-0.26076166690349073,0.004816010559948495,0.00803913350977675,0.008547293930682478,0.009930124731431003,0.007268791728664055
-0.3075,1.489481832258103,-0.2554798861746912,0.004694301122612362,0.007875052788275496,0.008380859747641085,0.009747498759849088,0.007147823767262133
-0.3025,1.4903288870580633,-0.25006345628764387,0.004570832204870204,0.007705121399932828,0.008208030411858053,0.009557123652490248,0.00702115222201608
-0.2975,1.4911328376375006,-0.24451583582248243,0.0044456846292324475,0.00752946619212695,0.008028936389997523,0.009359148939851914,0.006888872544689658
-0.2925,1.491895344632538,-0.23884045294133013,0.0043189352738453105,0.007348215166808237,0.0078437098858883,0.009153726970500374,0.006751082665475763
-0.2875,1.4926179893604572,-0.2330406991408092,0.004190657236886878,0.0071614972239309425,0.007652484535206019,0.008941012501776906,0.0066078826775076566
-0.2825,1.493302285636185,-0.22711992182562102,0.004060920009765023,0.006969441924902965,0.007455395120457623,0.008721162315793198,0.006459374532940724
-0.27749999999999997,1.4939496933666596,-0.22108141557019964,0.00392978965798909,0.006772179278047863,0.007252577309144454,0.008494334864554637,0.006305661755280986
-0.27249999999999996,1.4945616339570518,-0.21492841201058152,0.0037973290084870005,0.00656983954893787,0.007044167419049111,0.008260689949325464,0.0061468491740267655
-0.26749999999999996,1.495139507427156,-0.20866406842223117,0.0036635978418901463,0.006362553099359521,0.006830302215718771,0.008020388440719468,0.005983042689180838
-0.26249999999999996,1.495684710950234,-0.20229145519388486,0.003528653087918641,0.006150450259503524,0.00661111874827319,0.007773592047305092,0.005814349074635803
-0.25749999999999995,1.4961986582936269,-0.19581354259985218,0.0033925490214988994,0.005933661238578131,0.00638675423047171,0.0075204631415376625,0.0056408758306312895
-0.25249999999999995,1.4966827993719884,-0.189233187494426,0.0032553374566860606,0.005712316079250818,0.0061573459743144805,0.007261164652308317,0.005462731096173647
-0.24750000000000005,1.497138638840913,-0.18255312078521854,0.0031170679349196194,0.0054865446609325946,0.005923031383094004,0.006995860033036718,0.005280023632211379
-0.24250000000000005,1.4975677523915016,-0.1757759367626433,0.002977787903702917,0.005256476755752975,0.0056839480095310976,0.006724713312751221,0.005092862885189793
-0.23750000000000004,1.4979717991937238,-0.16890408553901093,0.002837542881564652,0.005022242138998566,0.005440233682253167,0.006447889234773071,0.004901359138127902
-0.23250000000000004,1.4983525288217496,-0.16193986994739376,0.0026963766052262132,0.004783970752759456,0.005192026700329783,0.006165553483344119,0.004705623752431832
-0.22750000000000004,1.4987117810208102,-0.1548854482325027,0.0025543311553335394,0.004541792917624193,0.004939466090941328,0.005877872992874486,0.004505769498295429
-0.22250000000000003,1.4990514768781849,-0.14774284370414692,0.0024114470579490394,0.004295839582715625,0.004682691919767533,0.0055850163277183255,0.004301910964952312
-0.21750000000000003,1.4993736003613127,-0.14051396220139004,0.002267763360218795,0.004046242599555038,0.004421845637780588,0.005287154113024402,0.004094165034667231
-0.21250000000000002,1.4996801697822926,-0.13320061773317904,0.0021233176801554107,0.003793135000709759,0.004157070442420483,0.004984459489984459,0.003882651396837003
-0.20750000000000002,1.4999731995116035,-0.12580456604196358,0.001978146232172777,0.00353665126054036,0.003888511626346972,0.0046771085626038985,0.003667493071731647
-0.2025,1.5002546531373153,-0.11832754512709714,0.001832283831697679,0.0032769275132538893,0.0036163168838663083,0.004365280798890105,0.003448816908150703
-0.1975,1.5005263901662222,-0.11077132103210291,0.0016857638836648107,0.0030141017034434037,0.0033406365444083215,0.004049159347961642,0.0032267540164730743
-0.1925,1.5007901091891642,-0.10313773652637914,0.0015386183607848153,0.0027483136467210305,0.0030616237045694413,0.0037289312366683308,0.0030014400989499153
-0.1875,1.5010472910778037,-0.09542875978440976,0.0013908777780079825,0.00247970498302674,0.002779434235423443,0.0034047874151594713,0.002773015643038875
-0.1825,1.5012991461473597,-0.08764652986317265,0.001242571169505327,0.002208419012481688,0.002494226649835922,0.003076922630267492,0.0025416259511110333
-0.1775,1.501546569237568,-0.07979339575993816,0.0010937260737555548,0.001934600412675243,0.0022061618248016925,0.002745535117916585,0.0023074209905297747
-0.1725,1.5017901062990557,-0.07187194612559282,0.0009443685310522274,0.0016583948461588011,0.0019154025853999035,0.0024108261199015267,0.0020705550610132495
-0.16749999999999998,1.502029935337541,-0.06388502730268766,0.0007945230960985723,0.0013799484766061174,0.0016221131686235358,0.0020729992448654333,0.001831186290105522
-0.16249999999999998,1.502265863524829,-0.055835748203232755,0.000644212866557916,0.0010994074204802242,0.001326458595790872,0.0017322597065515552,0.0015894759810501499
-0.15749999999999997,1.5024973410361566,-0.04772747155544947,0.0004934595267114357,0.0008169171671243869,0.0010286039902808416,0.0013888134829092972,0.0013455878489283626
-0.15249999999999997,1.502723490849577,-0.03956379212429986,0.00034228340395585534,0.0005326220032332626,0.0007287138820144475,0.001042866446192782,0.0010996871893289946
-0.14749999999999996,1.5029431524874854,-0.03134850353152169,0.00019070353491043555,0.00024666447729799806,0.00042695154090034634,0.0006946235160710071,0.0008519400281659818
-0.14249999999999996,1.503154936627595,-0.023085556157627113,3.873773747593107e-05,-4.081506407978435e-05,0.00012347837832746208,0.00034428788482099824,0.0006025123011517018
-0.13749999999999996,1.5033572867689498,-0.01477900921277526,-0.00011359731470697983,-0.0003296788426662381,-0.00018154655084059968,-7.939643657783637e-06,0.00035156910701173274
-0.13249999999999995,1.5035485437760847,-0.006432980360119463,-0.00026628601839975185,-0.0006197919011229568,-0.00048796692258490414,-0.0003618611700273024,9.927407043714989e-05
-0.12749999999999995,1.5037270091617436,0.0019484037525288975,-0.0004193137696504165,-0.0009110222344472456,-0.0007956293819618877,-0.0007172820527674242,-0.00015421115993745747
-0.12250000000000005,1.50389100337798,0.010361053026670059,-0.0005726668965708332,-0.001203240802712572,-0.0011043836438935546,-0.0010740110938348537,-0.00040872726527986053
-0.11750000000000005,1.504038916097603,0.018800953062170552,-0.000726332596203095,-0.0014963214359379417,-0.0014140824653029445,-0.001431860564656383,-0.0006641174608034267
-0.11250000000000004,1.5041692463834144,0.027264196211468188,-0.0008802988748964907,-0.0017901406484886109,-0.001724581505637476,-0.0017906460909137857,-0.0009202275600707398
-0.10750000000000004,1.504280631647265,0.03574700364214116,-0.0010345544911132985,-0.002084577384634511,-0.002035739098552967,-0.0021501864221743334,-0.0011769059175250785
-0.10250000000000004,1.504371865281569,0.04424573830509801,-0.0011890888993849678,-0.002379512718619907,-0.0023474159604620305,-0.002510303116679847,-0.001434003273248923
-0.09750000000000003,1.5044419037048344,0.05275690940149478,-0.0013438921942283567,-0.0026748295319963906,-0.002659474861874664,-0.00287082017256373,-0.0016913725268153613
-0.09250000000000003,1.5044898642285494,0.06127716948126673,-0.0014989550531388136,-0.0029704121884625958,-0.002971780285374083,-0.0032315636348369267,-0.0019488684671757582
-0.08750000000000002,1.504515015586004,0.06980330565796745,-0.0016542686782107028,-0.0032661462226202063,-0.0032841980902847457,-0.003592361203359579,-0.002206347483283593
-0.08250000000000002,1.5045167631577265,0.07833222658304487,-0.0018098247363978798,-0.0035619180545386677,-0.0035965951993064504,-0.0039530418615242825,-0.0024636672762445816
-0.07750000000000001,1.5044946309053155,0.08686094680561186,-0.001965615298830122,-0.003857614737426121,-0.003908839317300844,-0.004313435539355836,-0.00272068658893246
-0.07250000000000001,1.5044482418290381,0.09538656998624725,-0.0021216327798849856,-0.00415312374152745,-0.004220798687615662,-0.004673372818913358,-0.0029772649639074923
-0.0675,1.5043772984499861,0.10390627218013194,-0.0022778698768479043,-0.0044483327739530485,-0.004532341887249247,-0.005032684684816551,-0.0032332625356930656
-0.0625,1.5042815644427943,0.11241728610266206,-0.0024343195109774894,-0.004743129631657888,-0.0048433376590420255,-0.005391202318747018,-0.0034885398594099387
-0.057499999999999996,1.5041608481622886,0.12091688698193306,-0.0025909747706533456,-0.005037402083259068,-0.00515365477700615,-0.005748756934024815,-0.003742957774661449
-0.05249999999999999,1.5040149884581866,0.12940238032049778,-0.002747828857061385,-0.005331037774702467,-0.005463161939800893,-0.00610517964478072,-0.003996377301463272
-0.04749999999999999,1.50384384288334,0.1378710916556175,-0.0029048750326123416,-0.005623924153789465,-0.00577172768706316,-0.006460301363660802,-0.0042486595638427565
-0.04249999999999998,1.5036472781860761,0.14632035823346923,-0.0030621065720351026,-0.005915948409046559,-0.006079220333595506,-0.006813952722169276,-0.004499665736333627
-0.03749999999999998,1.5034251628368351,0.1547475223992205,-0.0032195167158693095,-0.006206997419162346,-0.006385507917077695,-0.007165964008419408,-0.0047492570087595285
-0.03249999999999997,1.503177361265398,0.16314992644500537,-0.003377098625920227,-0.006496957710058012,-0.006690458155807818,-0.007516165117985198,-0.004997294565229623
-0.02749999999999997,1.502903729464087,0.17152490864080341,-0.003534845342139279,-0.0067857154174738804,-0.0069939384138442955,-0.007864385514541314,-0.005243639573981965
-0.022499999999999964,1.5026041116289859,0.1798698001865917,-0.003692749740351296,-0.007073156253667566,-0.007295815671710658,-0.00821045419791474,-0.005488153185467318
-0.01749999999999996,1.5022783375507394,0.1881819228560189,-0.0038508044902534327,-0.007359165477392525,-0.007595956501485532,-0.008554199677974085,-0.005730696536773394
-0.012499999999999956,1.5019262205165405,0.19645858714228404,-0.004009002013146473,-0.007643627866754344,-0.007894227045614136,-0.00889544995342083,-0.005971130761095049
-0.007499999999999951,1.5015475555363633,0.20469709075851353,-0.0041673344389128834,-0.007926427694841401,-0.008190492999151781,-0.009234032495023692,-0.006209317001439534
-0.0024999999999999467,1.5011421177535178,0.2128947173829704,-0.004325793561815331,-0.008207448708221834,-0.00848461959540707,-0.009569774233173437,-0.0064451164281204764
0.0024999999999999467,1.500709660939118,0.22104873557140856,-0.004484370794745976,-0.008486574108517784,-0.008776471595119023,-0.00990250154986077,-0.006678390259855139
0.007500000000000062,1.500249916001146,0.2291563977840462,-0.004643057121605455,-0.008763686537336016,-0.009065913279405558,-0.010232040275324388,-0.006908999788458303
0.012499999999999956,1.499762589461967,0.2372149394933059,-0.004801843047528475,-0.009038668064870132,-0.00935280844678134,-0.01055821568970541,-0.007136806407243156
0.01750000000000007,1.4992473618746054,0.24522157835159555,-0.004960718546701153,-0.009311400182509073,-0.009637020414578803,-0.010880852530099495,-0.007361671643314375
0.022499999999999964,1.4987038861594477,0.2531735134070771,-0.005119673007534156,-0.00958176379979614,-0.009918412025126198,-0.011199775003430727,-0.007583457193983523
0.02750000000000008,1.4981317858508976,0.26106792436056886,-0.005278695174968968,-0.009849639246087361,-0.010196845657047149,-0.01151480680559087,-0.007802024967562195
0.03249999999999997,1.4975306532495267,0.26890197085905393,-0.00543777308970514,-0.010114906277255023,-0.010472183242046369,-0.011825771147292947,-0.008017237128796633
0.03750000000000009,1.49690004748128,0.27667279182074933,-0.005596894024149516,-0.010377444087764314,-0.010744286287529032,-0.012132490787072917,-0.00822895614919624
0.04249999999999998,1.496239492473687,0.2843775047824789,-0.005756044414912557,-0.010637131328401097,-0.011013015905348868,-0.012434788071818265,-0.008437044862465612
0.0475000000000001,1.4955484748734986,0.29201320524989977,-0.005915209791725396,-0.010893846129812644,-0.011278232846858109,-0.012732484985068864,-0.008641366525148563
0.05249999999999999,1.4948264419567687,0.29957696601049033,-0.006074374702749241,-0.011147466131777962,-0.011539797544174533,-0.013025403203050602,-0.0088417848823822
0.05750000000000011,1.4940727996313707,0.3070658363300635,-0.006233522636438164,-0.011397868517638965,-0.011797570157071563,-0.013313364157837496,-0.009038164238248866
0.0625,1.4932869107199698,0.31447684088241007,-0.006392635940470098,-0.01164493005240559,-0.012051410623936607,-0.013596189105972082,-0.009230369529447762
0.0674999999999999,1.492468093865197,0.32180697813685044,-0.0065516957388962755,-0.011888527121382202,-0.012301178713502656,-0.013873699198944248,-0.009418266399632988
0.07250000000000001,1.4916156236585016,0.3290532177169941,-0.006710681849761023,-0.012128535763249924,-0.012546734071021961,-0.014145715548567687,-0.009601721269383967
0.0774999999999999,1.4907287330183456,0.3362124958979436,-0.006869572707285697,-0.012364831686628611,-0.012787936247440623,-0.0144120592746478,-0.009780601392797874
0.08250000000000002,1.4898066195119573,0.3432817078629187,-0.007028345295677583,-0.01259729025115402,-0.013024644691838673,-0.014672551513194703,-0.009954774885287931
0.08749999999999991,1.4888484583299066,0.3502576945096332,-0.007186975106224181,-0.012825786381582665,-0.013256718674423722,-0.014927013349177202,-0.010124110697230704
0.09250000000000003,1.487853426103973,0.35713722038282875,-0.007345436136176121,-0.01305019436453863,-0.013484017087830329,-0.015175265616421529,-0.010288478493269037
0.09749999999999992,1.4868207418292312,0.363916937609673,-0.00750370095766042,-0.013270387450127222,-0.013706398046235925,-0.015417128476458581,-0.010447748375839835
0.10250000000000004,1.4857497339103671,0.37059332844537046,-0.007661740898050811,-0.013486237142640406,-0.01392371816273827,-0.015652420645722566,-0.010601790362448654
0.10749999999999993,1.4846399458312414,0.37716261616804453,-0.007819526390066582,-0.01369761201436287,-0.014135831333996231,-0.015880958085000438,-0.010750473488480567
0.11250000000000004,1.4834912970462735,0.3836206306713739,-0.007977027569890428,-0.013904375813775387,-0.014342586797172164,-0.016102551896552138,-0.010893664361225984
0.11749999999999994,1.4823043201034338,0.38996261143829136,-0.008134215223133406,-0.014106384566430933,-0.014543826150173548,-0.01631700509590274,-0.011031224938677085
0.12250000000000005,1.4810804991253153,0.3961829271308633,-0.008291062198149388,-0.01430348228952172,-0.014739378948546725,-0.01652410784445911,-0.011163009253981672
0.12749999999999995,1.4798227376107893,0.40227468860585536,-0.0084475454183424,-0.014495494871214605,-0.014929056423236069,-0.01672363065948543,-0.011288858762881422
0.13250000000000006,1.478535983649842,0.4082292319344016,-0.008603648621302811,-0.014682221621779507,-0.01511264282204515,-0.01691531508093791,-0.011408595971791904
0.13749999999999996,1.4772280361895018,0.4140354515234827,-0.008759365921489815,-0.01486342401218096,-0.015289883891580118,-0.017098861300306627,-0.011522016028859194
0.14250000000000007,1.4759105446695686,0.4196789726111913,-0.008914706220633003,-0.015038811212697973,-0.015460472121943116,-0.017273912383926553,-0.011628876055343986
0.14749999999999996,1.4746001936232238,0.4251411693840276,-0.009069698359966644,-0.015208022272911244,-0.01562402861750506,-0.017440034998781193,-0.011728882190408641
0.15250000000000008,1.4733200311695351,0.43039806192656666,-0.009224396704342856,-0.015370605194148707,-0.015780081882682997,-0.017596697023302774,-0.011821674650900742
0.15749999999999997,1.4721008536082756,0.43541916402493624,-0.009378886556068243,-0.015525993784923663,-0.015928044469509243,-0.017743243146765425,-0.01190681159786686
0.1625000000000001,1.4709824966191285,0.4401664054354534,-0.00953328840897381,-0.015673484095910187,-0.016067189358636994,-0.017878870560286444,-0.011983753270170486
0.16749999999999998,1.4700148082863873,0.444593315556466,-0.00968775957900799,-0.015812213407954488,-0.016196629138096094,-0.018002608113394058,-0.012051848683093917
0.1725000000000001,1.4692579960112349,0.4486447258155697,-0.00984249122337686,-0.015941146132211804,-0.016315302437247433,-0.01811330377103971,-0.012110328137172041
0.1775,1.4687819610668085,0.4522573147343317,-0.009997698271423727,-0.016059072396763865,-0.01642197348183532,-0.018209626648910345,-0.012158305699379729
0.1825000000000001,1.4686641841546206,0.45536136279293005,-0.010153599496509218,-0.01616462618369303,-0.016515251698149574,-0.018290090936019954,-0.012194796447259003
0.1875,1.468985738693071,0.4578840729492689,-0.010310385114371382,-0.016256330068212976,-0.016593638429181806,-0.01835310901252143,-0.012218753207947583
0.1924999999999999,1.4698251329918979,0.4597547061221656,-0.010468170246856185,-0.01633267212392714,-0.01665560626025019,-0.018397079226804218,-0.012229126264401001
0.1975,1.4712499666591918,0.4609115373076879,-0.010626934711491237,-0.016392216599926433,-0.016699712398191555,-0.01842050930449355,-0.012224946537232937
0.2024999999999999,1.473306857379372,0.46131023522269243,-0.010786453107362754,-0.0164337431242701,-0.016724740602825094,-0.01842216885103656,-0.012205427859840745
0.20750000000000002,1.4760107200095456,0.4609327363436523,-0.010946223844332852,-0.01645639998763989,-0.016729856901653833,-0.018401254559921993,-0.01217007759355467
0.2124999999999999,1.4793351333407612,0.4597951367725079,-0.011105410622105034,-0.01645984756300113,-0.016714754809374236,-0.01835754183052535,-0.012118798436529238
0.21750000000000003,1.4832059779084017,0.4579527662126362,-0.011262813049762076,-0.016444361688808702,-0.016679759608227502,-0.018291490367013365,-0.01205196030485455
0.22249999999999992,1.4875004863039492,0.4555006796126164,-0.011416882287765478,-0.01641086792111642,-0.016625862456974123,-0.018204273198199505,-0.01197042229882815
0.22750000000000004,1.4920531099195296,0.45256846695664465,-0.011565791109942984,-0.01636088835269308,-0.016554666063974786,-0.018097710799923308,-0.011875492541428405
0.23249999999999993,1.4966682080038702,0.44930948687176175,-0.011707555976012713,-0.016296401813809185,-0.016468242942234475,-0.0179741128760466,-0.011768827023186563
0.23750000000000004,1.5011378674072862,0.445886044291277,-0.011840194723995914,-0.016219639950418474,-0.016368929051050397,-0.01783605351415892,-0.011652283508679966
0.24249999999999994,1.5052617572214495,0.44245314779573125,-0.011961892444327256,-0.01613285792459346,-0.01625909189482478,-0.017686122305262078,-0.011527757601533361
0.24750000000000005,1.5088653662752889,0.43914385356102853,-0.012071144647639134,-0.016038123068230836,-0.01614091667044219,-0.017526698110794443,-0.011397031037219181
0.25249999999999995,1.5118134848825882,0.4360586888551068,-0.012166852618272338,-0.01593715659087681,-0.0160162457148706,-0.01735978252816262,-0.011261656472280186
0.25750000000000006,1.5140171444581794,0.43326048392391353,-0.012248358497894237,-0.015831246650313793,-0.01588648960671505,-0.017186911563361967,-0.01112289143455609
0.26249999999999996,1.5154338742426958,0.4307745959582529,-0.012315422187327382,-0.015721232695901796,-0.015752609809436015,-0.017009144139737378,-0.010981681466437503
0.26750000000000007,1.5160625052143186,0.42859343650824366,-0.012368153644276597,-0.015607546999683005,-0.015615158728251505,-0.016827111256656566,-0.010838682923115699
0.27249999999999996,1.5159345054212376,0.42668366238600514,-0.012406919830970808,-0.015490292492460686,-0.015474356266932759,-0.016641102711624153,-0.010694311254096712
0.2775000000000001,1.5151039305122682,0.42499436087468573,-0.01243224540491713,-0.015369335932094844,-0.01533018190317957,-0.01645116862758562,-0.010548800532535287
0.2825,1.513637700849842,0.4234648892666828,-0.01244472209634586,-0.015244399669984041,-0.015182465555564848,-0.016257217916175796,-0.01040226286296272
0.2875000000000001,1.5116073293293302,0.4220315080700009,-0.012444935954615113,-0.015115141177040428,-0.01503096641232687,-0.01605910234176889,-0.010254740272314105
0.2925,1.5090826372456074,0.4206324110497687,-0.012433416172030393,-0.014981215071639914,-0.014875434463972884,-0.015856680920764407,-0.010106245440792073
0.2975000000000001,1.5061275337527738,0.419211112842035,-0.012410605044654176,-0.014842316655251967,-0.014715653730228897,-0.01564986395193433,-0.009956790488961328
0.3025,1.5027976370308314,0.417718381235887,-0.012376846076812066,-0.014698208676543855,-0.014551468873254168,-0.015438638819701428,-0.009806404859602892
0.3075000000000001,1.4991393668875617,0.41611301171942366,-0.01233238607840013,-0.014548734421314451,-0.014382798256631992,-0.015223081101400145,-0.00965514426439217
0.3125,1.4951901003145671,0.41436176806724706,-0.012277386952216739,-0.014393820632987879,-0.014209636914013843,-0.015003354861223011,-0.009503092956581164
0.3174999999999999,1.4909790120928157,0.4124387868211944,-0.012211943327862849,-0.014233473569434227,-0.014032052694620238,-0.014779705730075999,-0.00935036148371961
0.3225,1.4865282880990864,0.410324691294554,-0.012136102953776711,-0.014067770983662142,-0.01385017834053788,-0.014552449765501126,-0.009197081758151598
0.3274999999999999,1.4818544758925376,0.4080056000790925,-0.01204988759133345,-0.013896852178171505,-0.01366420162078074,-0.014321960373995904,-0.009043400887337665
0.3325,1.4769698109456935,0.4054721569231246,-0.011953312930208914,-0.01372090765099622,-0.013474355023397028,-0.01408865489177001,-0.008889474811384766
0.3374999999999999,1.4718834198351032,0.4027186591287083,-0.011846406689811814,-0.013540169295922232,-0.013280905958793342,-0.013852981830814544,-0.008735462445978752
0.3425,1.4666023507684594,0.39974232266048426,-0.011729224556585332,-0.013354901671703445,-0.013084147986386546,-0.013615409335036759,-0.008581520745312736
0.3474999999999999,1.4611324168690982,0.3965426941238486,-0.011601863926843925,-0.013165394521502066,-0.012884393249339836,-0.013376415059004403,-0.00842780088600529
0.35250000000000004,1.4554788602340318,0.39312120150188634,-0.01146447559115198,-0.012971956494894904,-0.012681966080030832,-0.013136477466192526,-0.0082744456242893
0.35749999999999993,1.4496468573271404,0.38948082522184996,-0.011317273530451156,-0.012774909883400251,-0.012477197605743293,-0.012896068422965402,-0.008121587784618613
0.36250000000000004,1.4436418913946112,0.3856258667329901,-0.011160542923914734,-0.012574586107326431,-0.01227042112107186,-0.012655646914834652,-0.007969349785756655
0.36749999999999994,1.4374700177583335,0.3815617914079695,-0.010994646326451337,-0.012371321669495316,-0.012061967982923675,-0.012415653710144834,-0.007817844087569002
0.37250000000000005,1.431138045119774,0.37729512461732334,-0.010820027796922597,-0.01216545430678568,-0.011852163810917481,-0.012176506824016914,-0.007667174436197164
0.37749999999999995,1.42465365196079,0.3728333830390605,-0.010637214587293846,-0.011957319114621478,-0.011641324828800193,-0.011938597677025509,-0.007517437786632102
0.38250000000000006,1.4180254528340612,0.3681850268062902,-0.010446815880734648,-0.011747244486960849,-0.011429754252138297,-0.0117022878874838,-0.007368726781502147
0.38749999999999996,1.4112630254422214,0.3633594214518303,-0.010249518033470599,-0.011535547800760364,-0.011217738706170995,-0.011467906675348728,-0.0072211326571446095
0.39250000000000007,1.4043769062292955,0.3583668015253563,-0.010046075862710828,-0.011322530874011492,-0.01100554473748505,-0.011235748884115139,-0.007074748429702841
0.39749999999999996,1.397378559840346,0.35321823015813586,-0.009837299746796003,-0.011108475332121392,-0.010793415555427118,-0.011006073641131906,-0.006929672185485203
0.4025000000000001,1.3902803261956667,0.3479255507604732,-0.00962403865615352,-0.010893638116844967,-0.010581568194461294,-0.010779103674907082,-0.006786010265202956
0.4075,1.3830953479536843,0.3425013285353929,-0.009407159679722664,-0.010678247450427622,-0.010370191317704268,-0.010555025290492116,-0.006643880098347894
0.4125000000000001,1.375837480656456,0.3369587806690186,-0.009187525090073215,-0.010462499609582895,-0.010159443877136423,-0.010333988973361222,-0.006503412421469522
0.4175,1.3685211877205712,0.33131169499441027,-0.008965968421822991,-0.010246556856435347,-0.009949454803782086,-0.010116110552783815,-0.00636475261240674
0.4225000000000001,1.361161422528452,0.3255743376827724,-0.008743271337723306,-0.010030546809785122,-0.009740323823241137,-0.00990147281360394,-0.006228060899560187
0.4275,1.353773500086039,0.3197613511343622,-0.008520143153176474,-0.00981456342226474,-0.009532123386409434,-0.009690127407475085,-0.006093511264658829
0.4325000000000001,1.3463729609601904,0.3138876437429549,-0.008297204741148981,-0.009598669569774843,-0.009324901585935698,-0.009482096887507742,-0.005961288946749679
0.4375,1.338975430430201,0.3079682736008591,-0.008074978145982757,-0.009382901080920466,-0.009118685813721269,-0.00927737667899094,-0.005831586565396541
0.4424999999999999,1.3315964759378138,0.30201832849643856,-0.007853882643171533,-0.009167271863797975,-0.00891348682218296,-0.009075936805833098,-0.005704598997937634
0.4475,1.3242514659695774,0.29605280472987194,-0.007634237278928198,-0.00895177965382286,-0.008709302797876616,-0.008877723217069294,-0.005580517251783832
0.4524999999999999,1.3169554334385412,0.290086487332794,-0.007416269217787669,-0.008736411832575067,-0.00850612305013349,-0.008682658596705889,-0.005459521651239812
0.4575,1.309722946444713,0.2841338342235396,-0.007200126629285657,-0.008521150766924808,-0.008303930961073293,-0.008490642587631055,-0.005341774696255049
0.4624999999999999,1.3025679889899295,0.2782088666653653,-0.0069858944453765085,-0.008305978189998304,-0.00810270592956773,-0.0083015514096061,-0.005227413941616215
0.4675,1.295503853812454,0.2723250681259302,-0.006773611169456422,-0.008090878277842902,-0.007902424156107627,-0.00811523689607722,-0.005116545191111676
0.4724999999999999,1.288543048999309,0.2664952932671566,-0.00656328501949801,-0.007875839244866673,-0.007703058239570819,-0.007931525009801241,-0.005009236211359954
0.47750000000000004,1.2816972194318248,0.2607316883231418,-0.006354908001396387,-0.007660853459154988,-0.007504575671714474,-0.0077502139204065935,-0.004905511058954655
0.48249999999999993,1.2749770834053626,0.25504562353172605,-0.006148466961309726,-0.0074459162384041796,-0.007306936405259457,-0.00757107173788081,-0.004805344999388586
0.48750000000000004,1.268392383887664,0.24944763752501467,-0.005943951169965599,-0.007231023607481839,-0.007110089727230683,-0.007393833996807763,-0.004708659893153323
0.49249999999999994,1.2619518527399274,0.24394739256145695,-0.005741356463918532,-0.007016169368335022,-0.006913970688765147,-0.0072182009810996765,-0.004615319846486197
0.49750000000000005,1.255663184645689,0.23855363803618332,-0.005540686343981205,-0.006801341851908761,-0.006718496331197392,-0.007043834973522934,-0.004525126880020779
0.5025,1.2495330152076072,0.2332741775906689,-0.005341950672821983,-0.006586520699536888,-0.0065235619170729234,-0.006870357515105906,-0.004437816362502856
0.5075000000000001,1.243566894313054,0.22811583201571542,-0.00514516271491422,-0.006371673974511819,-0.00632903733876667,-0.006697346774069263,-0.0043530519906330315
0.5125,1.2377692409844923,0.22308438558048116,-0.004950335240695203,-0.006156755853007947,-0.006134763852958427,-0.006524335160686904,-0.004270420171716027
0.5175000000000001,1.2321432590506078,0.21818449697947653,-0.004757476308040832,-0.005941705106392967,-0.00594055129199795,-0.0063508073927489,-0.00418942378716229
0.5225,1.226690783750671,0.2134195474275371,-0.004566585180985364,-0.005726444579508831,-0.005746175946331757,-0.0061761993255852405,-0.004109475489967318
0.5275000000000001,1.221412017824282,0.20879138752822893,-0.004377648691012515,-0.0055108819006932964,-0.005551379404689716,-0.0059998980192009065,-0.004029890929992081
0.5325,1.2163051024409592,0.20429993200625568,-0.004190638227762716,-0.005294911730004283,-0.005355868783769462,-0.005821243727202147,-0.0039498826206182365
0.5375000000000001,1.2113654553032978,0.19994253886951954,-0.004005507492803425,-0.005078419953867086,-0.005159318971697714,-0.005639534753787095,-0.0038685555687768204
0.5425,1.2065847987931213,0.19571310014021706,-0.0038221911816906603,-0.00486129034869718,-0.004961377733627615,-0.0054540364182842395,-0.0037849062848499745
0.5475000000000001,1.2019498004526266,0.19160076986102498,-0.0036406048847855517,-0.004643414334221985,-0.004761674753456043,-0.005263995654085778,-0.0036978273437788356
0.5525,1.1974402638888602,0.18758826852437813,-0.00346064671257949,-0.004424704480999019,-0.00455983586616995,-0.005068662988496972,-0.0036061202230536034
0.5575000000000001,1.1930268499088508,0.18364974015718333,-0.0032822014370899,-0.004205112380447356,-0.004355503806432955,-0.004867323714057686,-0.003508519590914704
0.5625,1.1886683864134997,0.17974820917312234,-0.0031051482566524244,-0.003984651280716767,-0.004148366680586229,-0.004659339859663902,-0.003403732402544561
0.5674999999999999,1.1843089526936104,0.17583279924455184,-0.0029293735693038275,-0.003763423491887413,-0.003938194971497477,-0.004444203978489128,-0.003290494881306504
0.5725,1.1798751084899453,0.17183604451909285,-0.0027547902779679603,-0.003541651934572677,-0.003724887120985351,-0.0042216046730761325,-0.00316764948798104
0.5774999999999999,1.175273882466112,0.16767184721337816,-0.002581365006277219,-0.003319714334756976,-0.003508522536116041,-0.003991502094518858,-0.0030342420967379353
0.5825,1.1703924235518444,0.16323490353833345,-0.002409153990557347,-0.003098177479822003,-0.0032894192150619193,-0.003754209373150289,-0.002889636656384499
0.5874999999999999,1.1651005030968598,0.15840269208582242,-0.0022383471093178884,-0.002877827727735802,-0.0030681911518867866,-0.003510473171877504,-0.002733640625989665
0.5925,1.159257229829872,0.15304130553262563,-0.0020693173007306637,-0.0026596927615485533,-0.002845798451406645,-0.003261543577726003,-0.002566629693811173
0.5974999999999999,1.1527232190401298,0.14701634693240645,-0.0019026694027749343,-0.0024450486522369285,-0.0026235810227898996,-0.003009220846710878,-0.00238965532665708
0.6025,1.1453787883866515,0.14020957398303519,-0.0017392784697557316,-0.002235405960044821,-0.0024032653528048304,-0.0027558647854914273,-0.0022045145743806926
0.6074999999999999,1.1371472964390947,0.1325407182657157,-0.0015803037721547886,-0.002032469221520571,-0.002186933840382902,-0.0025043526321878173,-0.0020137596736920483
0.6125,1.128020476135476,0.12399185446059986,-0.001427162804331563,-0.0018380660400193418,-0.0019769481764206663,-0.0022579740527686474,-0.0018206269701433692
0.6174999999999999,1.1180800329351943,0.11462920457632009,-0.0012814523092689004,-0.0016540453134799064,-0.0017758228362963033,-0.0020202580352674396,-0.0016288720017710377
0.6225,1.1075080529084427,0.10461534461174532,-0.001144812875459455,-0.0014821489663497626,-0.0015860522286676863,-0.0017947364878747325,-0.0014425111398879747
0.6275,1.096579470891675,0.09420493753021479,-0.0010187499596769607,-0.0013238678022741,-0.0014099052303159934,-0.0015846630406175864,-0.0012654894641734907
0.6325000000000001,1.0856339758694307,0.08372052228498639,-0.0009044427084219978,-0.0011802991356920551,-0.0012492124609633634,-0.0013927212402461955,-0.0011013165765770877
0.6375,1.0750314748535073,0.07351117163013106,-0.0008025840712658231,-0.0010520298322545631,-0.0011051814849464805,-0.0012207696462815797,-0.0009527303709945643
0.6425000000000001,1.0651016885318232,0.06390347575267713,-0.00071329302448397,-0.0009390698829322695,-0.0009782779257067572,-0.0010696751686473894,-0.0008214542400989485
0.6475,1.056101081979862,0.05515775111795992,-0.0006361204451212107,-0.0008408551345248513,-0.0008682013351466061,-0.0009392737089156769,-0.0007080984105353322
0.6525000000000001,1.0481874962459514,0.04744045524514351,-0.0005701420679022548,-0.0007563228533859188,-0.0007739633904617203,-0.0008284685856742966,-0.000612221956681984
0.6575,1.0414161219755205,0.04081751744160533,-0.0005141081369908062,-0.0006840452216609758,-0.0006940497266839526,-0.0007354419847408779,-0.0005325306138977908
0.6625000000000001,1.0357534745873926,0.035266144422048215,-0.0004666096866194547,-0.0006223917466381915,-0.0006266267514793553,-0.0006579279304854922,-0.0004671542395644099
0.6675,1.031101882679046,0.030698006087040042,-0.0004262268512459589,-0.0005696879559824692,-0.0005697492892843505,-0.0005934878804661887,-0.00041393849047350185
0.6725000000000001,1.0273265462621872,0.02698579652078533,-0.00039163884208339106,-0.000524344777934398,-0.0005215338772828886,-0.0005397419435553061,-0.00037069752612342604
0.6775,1.0242793332157716,0.02398706272659202,-0.00036169019250998854,-0.0004849457031017786,-0.0004802792431044427,-0.0004945308909804139,-0.0003353982335359406
0.6825000000000001,1.0218163966336384,0.021562104123477886,-0.0003354184435064902,-0.00045029115204133906,-0.0004445318630664681,-0.0004560058452297494,-0.0003062699421975179
0.6875,1.019809124640539,0.01958526563101548,-0.0003120534028658692,-0.0004194076655991465,-0.0004131055285901914,-0.00042265717733489867,-0.00028184973133077326
0.6924999999999999,1.0181493916262883,0.01795049971904288,-0.0002909987392846305,-0.0003915328702759412,-0.0003850685470156468,-0.0003933004212750507,-0.00026098077066196557
0.6975,1.01675065262376,0.01657270884065236,-0.0002718049172639366,-0.00036608686594474647,-0.0003597121200058976,-0.0003670369752194983,-0.0002427817534754065
0.7024999999999999,1.015546419555971,0.015386407695836853,-0.0002541399194346821,-0.0003426384718265302,-0.00033651080803278374,-0.0003432039439486976,-0.00022660240245305592
0.7075,1.0144873769224523,0.01434297418233463,-0.00023776176240731292,-0.000320872035573608,-0.00031508259720628345,-0.0003213230479837735,-0.00021197570985746327
0.7124999999999999,1.0135380358364015,0.013407400203662634,-0.00022249488059997545,-0.00030055806007344793,-0.00029515298256821984,-0.00030105446280380817,-0.00019857347643576997
0.7175,1.0126734947210079,0.012555120743016351,-0.00020821110314304657,-0.000281529051295247,-0.00027652510075828324,-0.0002821583257262726,-0.00018616847444294387
0.7224999999999999,1.011876613818849,0.011769235994114025,-0.00019481510908083598,-0.00026366076657761,-0.0002590563419174995,-0.00026446453749698714,-0.00017460430784040608
0.7275,1.0111357255551001,0.011038254280127165,-0.00018223379618728525,-0.00024685834227376914,-0.0002426409287235262,-0.0002478502398155411,-0.00016377265914877624
0.7324999999999999,1.0104428846700781,0.010354363955012744,-0.00017040881983275828,-0.00023104646137720047,-0.00022719749915171204,-0.0002322237474772326,-0.00015359689425617688
0.7375,1.0097925964549996,0.00971217585410753,-0.00015929155027150676,-0.00021616265322887634,-0.00021266060495171965,-0.0002175135406671704,-0.0001440207366280348
0.7424999999999999,1.0091809334331923,0.00910784905269969,-0.00014883978269174578,-0.00020215289249021255,-0.00019897510591371204,-0.00020366100396940884,-0.00013500074486650344
0.7475,1.0086049471643264,0.008538508370180282,-0.0001390156601724567,-0.00018896880654107343,-0.00018609260218753763,-0.0001906158046788544,-0.00012650149840334456
0.7525,1.0080622918750666,0.008001871559663212,-0.00012978440053900773,-0.0001765659591222915,-0.0001739692374228368,-0.0001783330476423118,-0.00011849262260126358
0.7575000000000001,1.00755099258566,0.007496019685491984,-0.00012111353459093683,-0.0001649028244283355,-0.00016256438540414032,-0.00016677157587769164,-0.0001109470094637353
0.7625,1.0070693072643098,0.007019260756332111,-0.00011297245698823743,-0.00015394018650328475,-0.00015183988323571075,-0.0001558929805812342,-0.00010383978367315707
0.7675000000000001,1.0066156474961039,0.00657005142847406,-0.00010533216109954295,-0.00014364079040794236,-0.0001417595894416516,-0.0001456610333417683,-9.714771495857061e-05
0.7725,1.0061885340379901,0.00614695334016577,-9.816507814942383e-05,-0.00013396913670476378,-0.00013228912785568576,-0.0001360413602148874,-9.084888757598288e-05
0.7775000000000001,1.0057865723286499,0.005748609247487122,-9.144497345776657e-05,-0.00012489135442161057,-0.0001233957337872508,-0.00012700124934290517,-8.492251248832166e-05
0.7825,1.0054084389661608,0.005373730023866131,-8.514687296099459e-05,-0.00011637511537357786,-0.0001150481544596734,-0.00011850952980884174,-7.934881601706333e-05
0.7875000000000001,1.0050528739909732,0.0050210873808983125,-7.92470054113195e-05,-0.00010838956948194754,-0.00010721657727285377,-0.00011053648734273378,-7.410896820706125e-05
0.7925,1.0047186761402225,0.004689509482528354,-7.37227526200971e-05,-0.00010090529039134149,-9.987257191532339e-05,-0.00010305379866094398,-6.918503130944776e-05
0.7975000000000001,1.0044046995848872,0.004377877965293111,-6.855260391381201e-05,-9.38942260047138e-05,-9.298903924054796e-05,-9.60344751505234e-05,-6.455991832887216e-05
0.8025,1.0041098514005036,0.004085125617093068,-6.371611295545973e-05,-8.732965135458789e-05,-8.654016346230808e-05,-8.945281133284976e-05,-6.0217356656199335e-05
0.8075000000000001,1.0038330894085172,0.0038102343566841215,-5.9193856076015355e-05,-8.118612263901048e-05,-8.050136606712727e-05,-8.328433593622789e-05,-5.6141854398902556e-05
0.8125,1.0035734202174917,0.003552233352460835,-5.496739173718363e-05,-7.543943193292653e-05,-7.484926074006249e-05,-7.750576457934691e-05,-5.231866829889483e-05
0.8174999999999999,1.0033298973842837,0.0033101972138156067,-5.101922096819796e-05,-7.006656240479475e-05,-6.956160902527172e-05,-7.209495362689027e-05,-4.873377274240492e-05
0.8225,1.003101619656354,0.0030832442319153365,-4.733274872068703e-05,-6.504564401449519e-05,-6.461727664114846e-05,-6.703085504414775e-05,-4.5373829660484954e-05
0.8274999999999999,1.002887729274403,0.0028705346654853813,-4.3892246132283757e-05,-6.035590973553146e-05,-5.999619046306795e-05,-6.229347220640482e-05,-4.222615926117887e-05
0.8325,1.002687410322678,0.0026712690742363115,-4.0682813711880945e-05,-5.5977652375470454e-05,-5.567929623135542e-05,-5.786381668404631e-05,-3.9278711604439835e-05
0.8374999999999999,1.0024998871186264,0.0024846867041936342,-3.7690345470194925e-05,-5.189218208216198e-05,-5.164851706256907e-05,-5.3723866057436e-05,-3.6520039063677676e-05
0.8425,1.002324422636533,0.0023100639283923866,-3.490149402380951e-05,-4.808178462715284e-05,-4.7886712848869474e-05,-4.985652282996055e-05,-3.3939269728684254e-05
0.8474999999999999,1.0021603169622548,0.0021467127446441496,-3.230363670125985e-05,-4.452968055499973e-05,-4.4377640627648754e-05,-4.624557450898644e-05,-3.152608180100118e-05
0.8525,1.0020069057782852,0.0019939793301414566,-2.9884842677077288e-05,-4.121998527960296e-05,-4.1105915994309314e-05,-4.28756549162513e-05,-2.9270679019195864e-05
0.8574999999999999,1.001863558880098,0.0018512426509658705,-2.7633841154972977e-05,-3.813767019768319e-05,-3.805697561731511e-05,-3.9732206774258264e-05,-2.7163767131864113e-05
0.8625,1.0017296787258971,0.0017179131233309786,-2.5539990615487657e-05,-3.526852487666985e-05,-3.5217040898559894e-05,-3.6801445596372845e-05,-2.5196531413994234e-05
0.8674999999999999,1.0016046990225476,0.0015934313227053353,-2.3593249137584724e-05,-3.259912036122986e-05,-3.257308280584494e-05,-3.407032488822508e-05,-2.3360615200645584e-05
0.8725,1.0014880833505662,0.001477266736798154,-2.1784145798985088e-05,-3.0116773631122317e-05,-3.0112787889774072e-05,-3.1526502649001485e-05,-2.164809939298815e-05
0.8775,1.0013793238307471,0.001368916558657488,-2.0103753157755336e-05,-2.7809513234658055e-05,-2.7824525486293015e-05,-2.9158309145010224e-05,-2.0051482876935426e-05
0.8825000000000001,1.0012779398344038,0.0012679045166908867,-1.8543660819064262e-05,-2.5666046118379407e-05,-2.5697316099766352e-05,-2.6954715915605982e-05,-1.8563663784165994e-05
0.8875,1.0011834767384598,0.0011737797391294946,-1.7095950097622133e-05,-2.367572567640841e-05,-2.3720800961094016e-05,-2.4905305963727034e-05,-1.717792151860982e-05
0.8925000000000001,1.0010955047258696,0.0010861156511895464,-1.5753169800026358e-05,-2.182852105439753e-05,-2.1885212762253814e-05,-2.3000245080212465e-05,-1.5887899467027612e-05
0.8975,1.0010136176311626,0.0010045089038477517,-1.4508313174706324e-05,-2.0114987766201753e-05,-2.0181347584753713e-05,-2.1230254253229647e-05,-1.4687588308165535e-05
0.9025000000000001,1.000937431830347,0.0009285783336767942,-1.3354796114207557e-05,-1.852623972082968e-05,-1.8600538067944236e-05,-1.9586583122940486e-05,-1.3571309828866164e-05
0.9075,1.0008665851740277,0.0008579639535621572,-1.2286436750800504e-05,-1.705392281995611e-05,-1.71346279092906e-05,-1.806098446037253e-05,-1.2533701145351166e-05
0.9125000000000001,1.0008007359623396,0.0007923259743437082,-1.1297436670124514e-05,-1.5690190383150394e-05,-1.5775947861368276e-05,-1.664568968549628e-05,-1.1569699212324601e-05
0.9175,1.0007395619601982,0.0007313438575177815,-1.0382364090975957e-05,-1.4427680805738556e-05,-1.451729350399018e-05,-1.533338550661353e-05,-1.0674525482369901e-05
0.9225000000000001,1.0006827594513528,0.0006747153991301816,-9.536139540322952e-06,-1.3259498078593338e-05,-1.3351905248012884e-05,-1.4117191886926422e-05,-9.843670559026471e-06
0.9275,1.0006300423297902,0.0006221558449173536,-8.75402481742733e-06,-1.2179196139600445e-05,-1.2273451308130518e-05,-1.2990641770509481e-05,-9.072878685339237e-06
0.9325000000000001,1.000581141227129,0.0005733970366459669,-8.03161642808986e-06,-1.1180768543693756e-05,-1.1276014827442092e-05,-1.1947663409939872e-05,-8.358131964541083e-06
0.9375,1.0005358026747588,0.0005281865894840296,-7.364845236123564e-06,-1.0258645725509478e-05,-1.0354087048629128e-05,-1.09825668732216e-05,-7.695634406007755e-06
0.9424999999999999,1.00049378829961,0.0004862871001369426,-6.749984907755305e-06,-9.407703330137513e-06,-9.50256957397014e-06,-1.0090037614144945e-05,-7.08179640560646e-06
0.9475,1.0004548740526311,0.00044747538546801484,-6.1836729397528725e-06,-8.62328692722118e-06,-8.716790621908607e-06,-9.265142292037645e-06,-6.5132214661035645e-06
0.9524999999999999,1.000418849469583,0.0004115417516823188,-5.6629498490437115e-06,-7.901261251751279e-06,-7.99254325077843e-06,-8.5033560531051e-06,-5.986699558715678e-06
0.9575,1.000385516966032,0.00037828929626223493,-5.185324739971117e-06,-7.238096480957139e-06,-7.326158602027081e-06,-7.800627484821711e-06,-5.499216928766678e-06
0.9624999999999999,1.0003546911790666,0.00034753325537055193,-4.748879379842081e-06,-6.631010826857186e-06,-6.714635735794441e-06,-7.153509555092956e-06,-5.048003079263569e-06
0.9675,1.0003261984197018,0.00031910046073486677,-4.352428748102713e-06,-6.078199256296775e-06,-6.155864049497603e-06,-6.559405640520397e-06,-4.630657315428678e-06
0.9724999999999999,1.0002998765487556,0.00029282921870916876,-3.995764718370464e-06,-5.57919450241884e-06,-5.648998768949277e-06,-6.017015135687187e-06,-4.2454392579412895e-06
0.9775,1.0002755767929135,0.0002685711279636177,-3.6800222125095526e-06,-5.135431404389987e-06,-5.195091191782399e-06,-5.527122046717542e-06,-3.89188714833811e-06
0.9824999999999999,1.0002531748419459,0.00024620217632521685,-3.4082238228573795e-06,-4.751120297771844e-06,-4.798140874788041e-06,-5.093962003204371e-06,-3.5720700481932263e-06
0.9875,1.0002326267512074,0.0002256786407681045,-3.186070593875653e-06,-4.434566631282206e-06,-4.466819798153332e-06,-4.727517095982755e-06,-3.2929999595688254e-06
0.9924999999999999,1.0002142416628943,0.0002073098077508156,-3.022995357106743e-06,-4.200007128266802e-06,-4.217104977253138e-06,-4.447070746475387e-06,-3.0708924214614937e-06
0.9975,1.0002000053146065,0.00019308150778551798,-2.9330745127190956e-06,-4.06935337979221e-06,-4.075248153231909e-06,-4.2852934139229e-06,-2.9370210414021988e-06
