-0.9975,2.0,4.560285686733773e-28,-7.681305993081607e-31,-1.2028111738376131e-30
-0.9925,2.0,1.109206037345364e-26,-1.828793292178966e-29,-2.8702184671903473e-29
-0.9875,2.0,2.4361911677757914e-25,-4.024896840231216e-28,-6.32566872775124e-28
-0.9825,2.0,5.2200263321068655e-24,-8.447367551293209e-27,-1.331105716281029e-26
-0.9775,2.0,9.461040152158909e-23,-1.5173818754453e-25,-2.3965858105702654e-25
-0.9725,2.0,1.8775758129972405e-21,-2.7931606576705742e-24,-4.434677407142147e-24
-0.9675,2.0,5.1116345399633056e-20,-6.35517281760366e-23,-1.0183314104596818e-22
-0.9625,2.0,8.118392799792164e-19,-9.219257238045407e-22,-1.4842592829572007e-21
-0.9575,2.0,1.969727749768896e-17,-1.3486334257998722e-20,-2.1924971591797624e-20
-0.9525,1.9999999999999998,1.5754004337506093e-16,-8.574275876161032e-20,-1.3966429415041962e-19
-0.9475,1.9999999999999993,5.243124041219673e-16,-3.2776220910265407e-19,-5.32971702979805e-19
-0.9425,1.9999999999999976,1.7098735748802999e-15,-1.1289458230881815e-18,-1.8340022142383607e-18
-0.9375,1.9999999999999925,5.380132618494816e-15,-3.615329298698277e-18,-5.869354558918658e-18
-0.9325,1.9999999999999776,1.5992111172894804e-14,-1.0989039138937081e-17,-1.7829300559601836e-17
-0.9275,1.9999999999999347,4.621183549568593e-14,-3.233904161204313e-17,-5.244193713585159e-17
-0.9225,1.9999999999998164,1.2980899935216375e-13,-9.243947740390635e-17,-1.498314553726591e-16
-0.9175,1.9999999999994977,3.5497346742930526e-13,-2.57118784754796e-16,-4.1656100655354423e-16
-0.9125,1.9999999999986628,9.452722385708321e-13,-6.964308804809512e-16,-1.127768701814755e-15
-0.9075,1.999999999996532,2.451792587932476e-12,-1.837899076640966e-15,-2.9747813019986146e-15
-0.9025,1.9999999999912341,6.197558018040893e-12,-4.728461532241312e-15,-7.649582102239696e-15
-0.8975,1.9999999999783942,1.5275424968072444e-11,-1.1865934566581e-14,-1.9186547842614933e-14
-0.8925,1.99999999994805,3.672875620003226e-11,-2.905881672337982e-14,-4.6961501580049143e-14
-0.8875,1.9999999998780902,8.619044788186516e-11,-6.947861142795265e-14,-1.1222149317611046e-13
-0.8825000000000001,1.9999999997206643,1.9749048928784324e-10,-1.6226305849925808e-13,-2.619369300651567e-13
-0.8775,1.9999999993747752,4.4203335320641624e-10,-3.7031882718977247e-13,-5.974422082983949e-13
-0.8725,1.9999999986324308,9.668677701672561e-10,-8.262393176082169e-13,-1.3321692893253802e-12
-0.8674999999999999,1.9999999970755709,2.06755777628583e-09,-1.8029778436880538e-12,-2.905141807090443e-12
-0.8625,1.999999993883806,4.3241073903999104e-09,-3.849501492126606e-12,-6.198609105734777e-12
-0.8575,1.999999987484904,8.84805965897773e-09,-8.044855129237004e-12,-1.2945227285392036e-11
-0.8525,1.9999999749354669,1.772033969951306e-08,-1.6462546555810484e-11,-2.647149519479618e-11
-0.8475,1.9999999508512176,3.474750996621147e-08,-3.299909360017417e-11,-5.302261868179642e-11
-0.8425,1.9999999056059259,6.673506515499023e-08,-6.48172276198656e-11,-1.0406732150416538e-10
-0.8375,1.9999998223755033,1.255771377565965e-07,-1.2480040375867791e-10,-2.0021243938388697e-10
-0.8325,1.9999996724097002,2.3159919183157223e-07,-2.3562914852052883e-10,-3.776946913693891e-10
-0.8275,1.9999994076614709,4.18768682633313e-07,-4.363921644720039e-10,-6.988927135298577e-10
-0.8225,1.9999989495930366,7.42608524358497e-07,-7.930572407448537e-10,-1.2689482491283366e-09
-0.8175,1.9999981726186147,1.291902013315849e-06,-1.4146667823823482e-09,-2.2614272109266965e-09
-0.8125,1.9999968802637753,2.2055464567948513e-06,-2.4777990122549926e-09,-3.956999746835621e-09
-0.8075,1.9999947717691706,3.696161697717027e-06,-4.262640754343174e-09,-6.800356552042586e-09
-0.8025,1.999991396616033,6.0822366638288544e-06,-7.204917551527571e-09,-1.1481947908773883e-08
-0.7975,1.9999860944017427,9.830631768485475e-06,-1.1968853044059543e-08,-1.9052517867835114e-08
-0.7925,1.9999779177650694,1.561106330508375e-05,-1.9547170826530883e-08,-3.107962738894219e-08
-0.7875,1.9999655367780318,2.4363689220730283e-05,-3.139475157976942e-08,-4.985616577416829e-08
-0.7825,1.9999471244951037,3.7380016010487374e-05,-4.960271815396628e-08,-7.86709270296101e-08
-0.7775,1.999920225246384,5.639600784742653e-05,-7.71192172223729e-08,-1.2215032960192347e-07
-0.7725,1.9998816097663275,8.369451112368491e-05,-1.180217748508436e-07,-1.8667794747008025e-07
-0.7675,1.9998271242394152,0.00012221199867747053,-1.778436418337959e-07,-2.8089443526753013e-07
-0.7625,1.9997515435608004,0.0001756423709129776,-2.6395291842393494e-07,-4.162745576101688e-07
-0.7575000000000001,1.9996484421591747,0.00024852840469293143,-3.8597850146482773e-07,-6.07770487404206e-07
-0.7525,1.999510098106096,0.00034632977163504534,-5.562712553911837e-07,-8.745017206381911e-07
-0.7475,1.9993274473851637,0.00047545574663215547,-7.903827006588347e-07,-1.2404625782486552e-06
-0.7424999999999999,1.9990901046000176,0.000643251156887134,-1.107537560232955e-06,-1.7352093238592224e-06
-0.7375,1.998786463697314,0.0008579260355241158,-1.5310714700253156e-06,-2.3944816051115388e-06
-0.7324999999999999,1.998403887365495,0.0011284229108840934,-2.0888018554528457e-06,-3.2607084502102987e-06
-0.7275,1.9979289868807582,0.001464220510125359,-2.813299141384718e-06,-4.383348489217827e-06
-0.7224999999999999,1.997347985915615,0.001875078452003992,-3.7420276220640373e-06,-5.819018132950452e-06
-0.7175,1.9966471531312782,0.00237073359357522,-4.917330661502383e-06,-7.631370316337149e-06
-0.7125,1.9958132803676005,0.0029605642898836364,-6.386243200105953e-06,-9.890699663531437e-06
-0.7075,1.99483417706056,0.003653243131214487,-8.200125162057228e-06,-1.2673266514994985e-05
-0.7025,1.9936991481012798,0.004456401085688355,-1.0414121284513276e-05,-1.606035063809206e-05
-0.6975,1.9923994222719272,0.005376326007164537,-1.308646489699837e-05,-2.0137063807945094e-05
-0.6925,1.9909285017360645,0.006417716121129072,-1.6277654000655162e-05,-2.49909669589021e-05
-0.6875,1.9892824094055186,0.007583504674180077,-2.004953651541714e-05,-3.0710550670068676e-05
-0.6825,1.9874598195150615,0.00887476601318717,-2.4464346971533016e-05,-3.738364620584098e-05
-0.6775,1.9854620663128306,0.010290706710908457,-2.9583738822483656e-05,-4.509583759569876e-05
-0.6725,1.983293035256478,0.011828738778565637,-3.5467854985928414e-05,-5.3928943310706704e-05
-0.6675,1.980958949451713,0.01348462621807267,-4.2174474602709224e-05,-6.395962951197853e-05
-0.6625,1.9784680705010493,0.015252691701230543,-4.9758267054083105e-05,-7.525820654926237e-05
-0.6575,1.9758303369991814,0.017126067324932787,-5.827017586811641e-05,-8.78876475657192e-05
-0.6525000000000001,1.9730569655075725,0.01909697225483212,-6.775694618463247e-05,-0.00010190285400002402
-0.6475,1.9701600381406268,0.02115700051539114,-7.826080076770425e-05,-0.00011735017870844535
-0.6425000000000001,1.9671520982779467,0.023297403955349263,-8.98192618416871e-05,-0.00013426720445400283
-0.6375,1.9640457718703006,0.02550935818389252,-0.00010246510978322232,-0.00015268276451881895
-0.6325000000000001,1.9608534268472353,0.027784202685070616,-0.00011622646524060884,-0.00017261718384790632
-0.6275,1.9575868777448837,0.03011365004872142,-0.00013112697871681486,-0.00019408271384956452
-0.6225,1.9542571372697248,0.03248996302155718,-0.00014718611105006175,-0.00021708413195410025
-0.6174999999999999,1.9508742114385615,0.034906101647283,-0.00016441948946512507,-0.00024161947824966038
-0.6125,1.9474469304635025,0.037355845935424015,-0.0001828393267967584,-0.0002676809057457989
-0.6074999999999999,1.9439828039198737,0.03983390210463549,-0.00020245489592163798,-0.0002952556276247967
-0.6025,1.9404878861693793,0.04233600232199123,-0.00022327305718967768,-0.00032432695356039416
-0.5974999999999999,1.9369666367460892,0.044859008828433806,-0.0002452988435463665,-0.00035487541688663745
-0.5925,1.9334217607042234,0.047401033209054096,-0.0002685361159416752,-0.0003868800038692558
-0.5875,1.9298540160350612,0.049961580136268884,-0.00029298831042937924,-0.000420319504048252
-0.5825,1.926261979408437,0.05254172201161436,-0.0003186593080344095,-0.0004551740047871411
-0.5775,1.9226417677920988,0.05514430646599083,-0.00034555446904017094,-0.0004914265518071519
-0.5725,1.9189867218459362,0.05777419271151324,-0.0003736818849394829,-0.0005290649886443243
-0.5675,1.9152870669500277,0.0604385055687662,-0.00040305391409005864,-0.0005680839700025476
-0.5625,1.9115295784625437,0.06314688822228372,-0.00043368908133223187,-0.0006084871159634213
-0.5575,1.907697288023189,0.06591172731436419,-0.00046561443760238623,-0.0006502892362002199
-0.5525,1.9037692757431741,0.06874831808533514,-0.0004988684928021363,-0.0006935185075522699
-0.5475,1.8997205970875364,0.071674934260588,-0.0005335048532551244,-0.0007382184381981793
-0.5425,1.8955223914341062,0.07471276852621941,-0.0005695967125883078,-0.0007844494026576246
-0.5375,1.8911422105229139,0.07788571557487103,-0.0006072423592786767,-0.0008322894907527019
-0.5325,1.886544589118435,0.08121998097408567,-0.0006465718715197441,-0.0008818343878291895
-0.5275000000000001,1.8816918583174855,0.08474351470862351,-0.0006877551652036751,-0.0009331959998021333
-0.5225,1.87654517651608,0.08848528640411468,-0.0007310115372932,-0.0009864995600914284
-0.5175000000000001,1.8710657276271303,0.09247443742225853,-0.0007766207978534174,-0.0010418790087646666
-0.5125,1.8652160146931056,0.09673936038435686,-0.0008249360033736785,-0.001099470516591738
-0.5075000000000001,1.8589611631717724,0.10130676666111055,-0.0008763976876537695,-0.0011594041345584425
-0.5025,1.8522701443231337,0.10620080524180446,-0.0009315493339656728,-0.0012217936765003697
-0.49750000000000005,1.8451168359881565,0.11144229168812546,-0.0009910536478652098,-0.0012867250810566912
-0.49250000000000005,1.8374808544326522,0.11704809444908783,-0.0010557089841095734,-0.0013542436404353733
-0.48750000000000004,1.8293481140564714,0.12303070963764581,-0.001126465069655649,-0.0014243406186357096
-0.48250000000000004,1.8207110979376913,0.1293980370576424,-0.001204436968648707,-0.0014969399019636187
-0.47750000000000004,1.811568847578439,0.13615335249637647,-0.0012909160787989392,-0.001571885421187557
-0.47250000000000003,1.8019267016496778,0.14329545628829193,-0.001387376856305586,-0.0016489301489439356
-0.4675,1.791795828912065,0.15081896735121578,-0.001495477960788676,-0.0017277274997984054
-0.4625,1.7811926090083394,0.15871472585092597,-0.001617056609229006,-0.0018078259364234703
-0.4575,1.7701379168159808,0.16697026612204627,-0.0017541151371075593,-0.001888667508238988
-0.4525,1.7586563626786598,0.17557032365680705,-0.00190879908393716,-0.0019695909161442067
-0.4475,1.746775533694509,0.18449734476914917,-0.0020833665362311867,-0.002049839510297511
-0.4425,1.7345252719912112,0.19373197380741022,-0.002280148949958433,-0.0021285743937916714
-0.4375,1.7219370160284522,0.20325349951927768,-0.00250150420390655,-0.0022048925351478292
-0.4325,1.7090432215573619,0.21304024860065487,-0.0027497631660214172,-0.0022778495030741177
-0.4275,1.695876870663737,0.22306992008511628,-0.0030271715448876666,-0.002346486147653291
-0.4225,1.6824710706976336,0.23331985879680317,-0.0033358292075396953,-0.0024098582845305497
-0.4175,1.6688587399316372,0.2437672695349832,-0.003677629437480718,-0.002467068213901487
-0.4125,1.6550723733815313,0.2543893760556371,-0.004054200756620406,-0.0025172967427475254
-0.4075,1.6411438801386662,0.26516353041585583,-0.0044668539266289695,-0.0025598342909345898
-0.40249999999999997,1.627104482526404,0.27606727903647454,-0.004916536576501203,-0.0025941096576146687
-0.39749999999999996,1.6129846671247259,0.2870783921059065,-0.0054037975843331115,-0.0026197151052110698
-0.39249999999999996,1.598814177955231,0.29817486286554146,-0.005928762894515185,-0.0026364265786617126
-0.38749999999999996,1.5846220426723694,0.30933488302963247,-0.006491123908210653,-0.0026442181059263903
-0.38249999999999995,1.570436623300217,0.32053680021585845,-0.00709013898288228,-0.0026432697055529903
-0.37749999999999995,1.5562856837652788,0.33175906288348384,-0.0077246479562960366,-0.002633968438700545
-0.37250000000000005,1.542196467120645,0.3429801579553998,-0.008393099011612112,-0.0026169025655204516
-0.36750000000000005,1.5281957758832645,0.3541785460774599,-0.00909358665860315,-0.0025928490788744694
-0.36250000000000004,1.5143100492882902,0.36533259936385554,-0.009823899150846381,-0.002562755173902909
-0.35750000000000004,1.5005654314983627,0.3764205464947764,-0.010581573310705255,-0.002527714455286514
-0.35250000000000004,1.4869878249063644,0.3874204301608304,-0.0113639545046862,-0.0024889388747490076
-0.34750000000000003,1.473602922670541,0.3983100820605365,-0.012168259403927592,-0.0024477275235480563
-0.3425,1.4604362145721241,0.4090671209086913,-0.012991639172642067,-0.0024054334769350173
-0.3375,1.447512960258053,0.41966897914169354,-0.013831240839225115,-0.002363429902268152
-0.3325,1.4348581240158773,0.4300929641275708,-0.014684264803816537,-0.0023230766052113774
-0.3275,1.4224962655354356,0.440316359598573,-0.01554801670328332,-0.0022856881070087284
-0.3225,1.4104513817713251,0.4503165725980812,-0.01641995217048635,-0.002252504229167868
-0.3175,1.3987466961713317,0.4600713303323693,-0.01729771337142444,-0.0022246640192509852
-0.3125,1.3874043933171714,0.46955892979994907,-0.018179156566460592,-0.002203183691545157
-0.3075,1.3764452995516785,0.4787585408116299,-0.019062370309088122,-0.0021889390866974
-0.3025,1.3658885135081043,0.48765055993122547,-0.019945684260153907,-0.002182652980984328
-0.2975,1.355750994595566,0.49621700895607784,-0.020827668952824306,-0.0021848874032340286
-0.2925,1.3460471222916126,0.5044419669303962,-0.021707127191303674,-0.002196040948746899
-0.2875,1.3367882442555756,0.5123120196063675,-0.022583078101630807,-0.0022163509173592113
-0.2825,1.3279822363389506,0.51981670517514,-0.023454735170601742,-0.0022458999495432183
-0.27749999999999997,1.3196331019010479,0.5269489305887272,-0.024321479899419567,-0.0022846266933957537
-0.27249999999999996,1.311740640691824,0.5337053296186063,-0.025182832946926654,-0.002332339911171838
-0.26749999999999996,1.3043002181671508,0.5400865327203275,-0.02603842482286244,-0.0023887353329258686
-0.26249999999999996,1.2973026637937746,0.5460973204759483,-0.02688796829110321,-0.0024534144943610795
-0.25749999999999995,1.290734321291913,0.5517466372958355,-0.027731234633974502,-0.0025259047639555176
-0.25249999999999995,1.2845772648864076,0.5570474502005798,-0.028568035795801767,-0.0026056797772897734
-0.24750000000000005,1.2788096840517365,0.5620164483826362,-0.029398214163490505,-0.002692179557447758
-0.24250000000000005,1.2734064260368114,0.5666735918473472,-0.030221641367074916,-0.002784829707545058
-0.23750000000000004,1.2683396721638027,0.5710415303083246,-0.031038227023944893,-0.002883059206830155
-0.23250000000000004,1.2635797122346821,0.5751449250051406,-0.031847937850351025,-0.002986316511185049
-0.22750000000000004,1.2590957729717167,0.5790097146463795,-0.03265082707154089,-0.003094083833142948
-0.22250000000000003,1.254856852470431,0.5826623710690835,-0.03344707362040016,-0.003205889634323089
-0.21750000000000003,1.2508325137008762,0.5861291898814093,-0.03423703024951881,-0.003321319483958365
-0.21250000000000002,1.246993595927002,0.5894356564851561,-0.03502127939350357,-0.003440025504686517
-0.20750000000000002,1.2433128125739108,0.592605919305533,-0.03580069537942774,-0.0035617346315836417
-0.2025,1.2397652160857768,0.5956623911219737,-0.0365765113423653,-0.0036862558514683054
-0.1975,1.2363285229810637,0.5986254876401295,-0.03735038889645632,-0.00381348647414722
-0.1925,1.2329833040058245,0.6015135013331013,-0.03812448817974505,-0.0039434173301248834
-0.1875,1.229713053728192,0.6043425992530241,-0.038901535293606106,-0.004076136610210197
-0.1825,1.2265041603190538,0.6071269266615226,-0.03968488339150313,-0.004211831884083186
-0.1775,1.2233457993692807,0.609878794160465,-0.0404785627805462,-0.004350789680330057
-0.1725,1.220229775618331,0.6126089243268248,-0.04128731447714436,-0.004493391901229132
-0.16749999999999998,1.2171503339747913,0.6153267341948679,-0.042116600846316334,-0.004640108300105551
-0.16249999999999998,1.2141039569561276,0.6180406316869311,-0.042972586429219535,-0.0047914842817394
-0.15749999999999997,1.211089160481032,0.6207583066827236,-0.04386208201679078,-0.004948123406864991
-0.15249999999999997,1.2081062945825116,0.6234870003579106,-0.044792445640139726,-0.0051106641950756015
-0.14749999999999996,1.2051573507231206,0.6262337394003745,-0.04577143556137167,-0.005279751126101159
-0.14249999999999996,1.2022457734798109,0.6290055245826345,-0.046807012632416656,-0.005456000131456914
-0.13749999999999996,1.1993762717510226,0.6318094659298918,-0.047907092518251884,-0.00563995933435015
-0.13249999999999995,1.1965546234827145,0.6346528594634512,-0.0490792521145725,-0.0058320663150846904
-0.12749999999999995,1.1937874682137735,0.6375432033336565,-0.05033039877003065,-0.006032603722044865
-0.12250000000000005,1.1910820833573221,0.6404881541649086,-0.05166641528508346,-0.006241655573530919
-0.11750000000000005,1.1884461427832929,0.6434954276150076,-0.05309179766284096,-0.0064590670503014294
-0.11250000000000004,1.1858874595623747,0.6465726503910666,-0.05460930576206523,-0.006684410899262138
-0.10750000000000004,1.1834137182158626,0.6497271740463925,-0.05621964890639364,-0.0069169636859631395
-0.10250000000000004,1.1810322050163455,0.6529658635093831,-0.057921228783268455,-0.007155694980323819
-0.09750000000000003,1.178749547371819,0.6562948751373051,-0.05970996041067087,-0.0073992720832046985
-0.09250000000000003,1.176571474781088,0.6597194398419829,-0.0615791885326015,-0.007646082075882506
-0.08750000000000002,1.1745026141163166,0.6632436662791348,-0.06351971169942223,-0.00789427181617966
-0.08250000000000002,1.1725463311141389,0.6668703771248234,-0.06551991986399837,-0.008141805080526842
-0.07750000000000001,1.170704628193311,0.6706009881061545,-0.06756604410659679,-0.008386534479518544
-0.07250000000000001,1.168978106507721,0.6744354348395614,-0.0696425097249638,-0.008626284218562002
-0.0675,1.16736599808352,0.6783721468421958,-0.07173237706546219,-0.008858938423241593
-0.0625,1.1658662726797102,0.682408061479735,-0.07381784877136027,-0.009082528786959422
-0.057499999999999996,1.1644758244259192,0.6865386631435766,-0.07588081813615782,-0.009295314878232958
-0.05249999999999999,1.1631907461642284,0.6907580244517797,-0.07790343138004102,-0.00949585065489857
-0.04749999999999999,1.1620067056764727,0.6950588162851079,-0.07986863714944153,-0.009683031575143709
-0.04249999999999998,1.1609194486909358,0.6994322411662627,-0.08176069942715142,-0.009856118079720255
-0.03749999999999998,1.159925470065023,0.7038678285732007,-0.08356565522648035,-0.010014732968229436
-0.03249999999999997,1.1590229185440082,0.7083530094248053,-0.08527170569889295,-0.010158832062679103
-0.02749999999999997,1.1582128341990576,0.7128723577954578,-0.08686953831348453,-0.01028864926927635
-0.022499999999999964,1.1575008637615665,0.7174063479747951,-0.08835258825880198,-0.010404618446140533
-0.01749999999999996,1.156899660602248,0.7219294210823026,-0.08971725888872198,-0.01050727513517723
-0.012499999999999956,1.1564322555677788,0.7264070848780064,-0.09096313361410105,-0.010597141073862436
-0.007499999999999951,1.1561367822786541,0.7307916829723201,-0.0920932247527728,-0.010674593434650409
-0.0024999999999999467,1.1560730486998252,0.7350163720373822,-0.0931143176638146,-0.010739719079515899
0.0024999999999999467,1.1563315421091074,0.7389867606726513,-0.0940374789611628,-0.01079215215952961
0.007500000000000062,1.1570454784351112,0.7425696479165074,-0.09487880091930502,-0.010830891975346368
0.012499999999999956,1.1584063338923902,0.7455784746456502,-0.09566043995062007,-0.010854098757403261
0.01750000000000007,1.1606826862238773,0.7477557011799638,-0.09641195465589614,-0.010858870782501705
0.022499999999999964,1.1642407358434745,0.7487537470126606,-0.09717182177788619,-0.010841021528994455
0.02750000000000008,1.1695619976815441,0.7481189312832106,-0.09798875112415902,-0.010794906092516213
0.03249999999999997,1.1772488265717147,0.7452875235034289,-0.09892197529503555,-0.01071339540844121
0.03750000000000009,1.1880019316281791,0.739609184110702,-0.10003906654259812,-0.010588156994471267
0.04249999999999998,1.202548476887899,0.730417856206942,-0.10140927925565674,-0.010410435969681912
0.0475000000000001,1.221501591522913,0.7171662581546172,-0.10309065795380198,-0.01017246469611907
0.05249999999999999,1.245152388953094,0.6996170679186297,-0.10511136153760219,-0.009869380910072134
0.05750000000000011,1.2732390207095237,0.678038396985953,-0.107450430581287,-0.009501127190306382
0.0625,1.304787287822248,0.6533050615045976,-0.11002842619335651,-0.00907349604049612
0.0674999999999999,1.3381294460759747,0.6268089935810802,-0.11271841099918942,-0.008597654101390333
0.07250000000000001,1.3711422498030632,0.6001631720787631,-0.11537835489843595,-0.008088187129546556
0.0774999999999999,1.4016245767820639,0.574800788871408,-0.11789172910973093,-0.007560443896714857
0.08250000000000002,1.427649505032408,0.5516295176745027,-0.12019571672316308,-0.007028134998904283
0.08749999999999991,1.4477487169126757,0.5308536222301059,-0.12228298685629706,-0.006501776448195361
0.09250000000000003,1.4608965269684713,0.5119769642432563,-0.12417769042276265,-0.005988139154035895
0.09749999999999992,1.4663712133579403,0.4939326751256785,-0.1258985085985217,-0.0054906558398470475
0.10250000000000004,1.4636236422171478,0.4752848442351719,-0.12742608511444933,-0.005010622286924792
0.10749999999999993,1.452276000281568,0.4544885436413379,-0.12869062344441526,-0.004548821090025982
0.11250000000000004,1.4323224172636473,0.4302269236323394,-0.1295903639165233,-0.00410693348863155
0.11749999999999994,1.4045031633004543,0.4018210294621994,-0.13004214352789728,-0.0036880245023677453
0.12250000000000005,1.3706741551278587,0.36960887685726634,-0.13004875364658863,-0.003295697484981871
0.12749999999999995,1.3338745672272967,0.33506802995867363,-0.1297487782978487,-0.0029321749183740327
0.13250000000000006,1.2978777813314695,0.3004607822137964,-0.1294112928198753,-0.002596203303937617
0.13749999999999996,1.266355041946192,0.26803237528248547,-0.12936827938865558,-0.002281804336681511
0.14250000000000007,1.2421185562066153,0.23914027926814,-0.12992600415494882,-0.0019783299720862284
0.14749999999999996,1.2268676391263615,0.2137702219489536,-0.1313135824873881,-0.0016714685832507313
0.15250000000000008,1.2214634455985713,0.190597219952062,-0.1336911932419776,-0.0013444700528285726
0.15749999999999997,1.2264061695628108,0.1674219346054113,-0.1371906689831151,-0.0009790854531893478
0.1625000000000001,1.2421313942395118,0.14176630519931926,-0.14194035288244305,-0.0005561280286038086
0.16749999999999998,1.2688954858557797,0.11155408718097645,-0.14803596644021405,-5.572443060977658e-05
0.1725000000000001,1.3062529460915298,0.07584459804752947,-0.15544877779149446,0.0005427542681955258
0.1775,1.3524147010589112,0.035407049273582625,-0.16391233517204354,0.001260989452755232
0.1825000000000001,1.4040066712210446,-0.007269374398649215,-0.1728779602899141,0.0021215599650379886
0.1875,1.4566263333587977,-0.04874567094887012,-0.18161205936638602,0.0031462143882794954
0.1924999999999999,1.5060241333987276,-0.08583078229358779,-0.18940309578098616,0.004352248318680123
0.1975,1.5492128274184094,-0.11650961390543886,-0.19575405833583373,0.00574834273730218
0.2024999999999999,1.5849070895636448,-0.14018491005850217,-0.20046074874925243,0.007332003348399387
0.20750000000000002,1.6132605651561607,-0.15735160149566604,-0.20357429560939952,0.009089871019711123
0.2124999999999999,1.6352753125021933,-0.16907670381973475,-0.2053093855464137,0.011000636654232943
0.21750000000000003,1.6522523475550923,-0.1765682356474821,-0.20595557097620965,0.013039292000592952
0.22249999999999992,1.6654425599402218,-0.18092508452921902,-0.20581631846864792,0.015181334975817976
0.22750000000000004,1.6758895819872062,-0.18303853894133285,-0.2051756361710392,0.017405999695015436
0.23249999999999993,1.6843956206401034,-0.1835834782905832,-0.20428321609700364,0.019698146963026984
0.23750000000000004,1.6915465026172258,-0.18304911641117222,-0.20334953790736332,0.022048870957610992
0.24249999999999994,1.6977560695127447,-0.18178012452801925,-0.20254555415862213,0.024455098320521777
0.24750000000000005,1.703310404042867,-0.18001477605219862,-0.20200429431257824,0.026918523096036255
0.25249999999999995,1.708404596011238,-0.17791569000026153,-0.20182332852270937,0.029444198479368595
0.25750000000000006,1.7131707245968344,-0.17559287846043564,-0.20206776816316926,0.032039043028332055
0.26249999999999996,1.7176981029984666,-0.17312031210805578,-0.20277372044949876,0.034710445339520744
0.26750000000000007,1.722047463566994,-0.17054751858106418,-0.20395212938498816,0.03746508371196078
0.27249999999999996,1.7262606814728096,-0.16790756485907773,-0.20559287908484034,0.04030802312225976
0.2775000000000001,1.7303673312297287,-0.16522248678277554,-0.20766898310361886,0.04324211203463623
0.2825,1.7343890471119146,-0.16250695120960373,-0.21014066298514494,0.04626767395735445
0.2875000000000001,1.7383423858144076,-0.15977071057131353,-0.21295913420168724,0.0493824698126238
0.2925,1.7422406810799596,-0.15702023975524987,-0.2160699593089047,0.05258189397935971
0.2975000000000001,1.7460952282441502,-0.15425982265760826,-0.21941588362011924,0.05585935724519246
0.3025,1.749916029341669,-0.15149226943056704,-0.2229391254501503,0.05920680301422535
0.3075000000000001,1.7537122548873514,-0.1487193855475258,-0.22658314133560253,0.062615298976695
0.3125,1.757492527446989,-0.145942272632861,-0.23029392088534215,0.06607564542945461
0.3174999999999999,1.7612650978569326,-0.14316151285616638,-0.2340208842362919,0.06957894381950416
0.3225,1.765037962580287,-0.14037726952778112,-0.23771745882569342,0.0731170747826629
0.3274999999999999,1.768818956677986,-0.137589323543329,-0.2413414047348862,0.07668304346434317
0.3325,1.772615848564158,-0.13479705660481908,-0.24485494351005446,0.08027116041891136
0.3374999999999999,1.7764364579989642,-0.13199938644061313,-0.248224728357158,0.08387703792194767
0.3425,1.780288815923741,-0.12919465577162703,-0.251421677443879,0.08749739315870428
0.3474999999999999,1.7841813823453028,-0.12638047508015257,-0.25442067915117916,0.09112966069872301
0.35250000000000004,1.7881233353958468,-0.12355351912164057,-0.25720016980575666,0.09477142639999958
0.35749999999999993,1.7921249400884633,-0.12070927851834883,-0.2597415810235536,0.09841970314587553
0.36250000000000004,1.7961979986208882,-0.11784177068619109,-0.26202865492649424,0.10207007560375654
0.36749999999999994,1.8003563751573068,-0.1149432187356511,-0.26404663037071896,0.1057157467299954
0.37250000000000005,1.8046165770262452,-0.11200371268116326,-0.2657813110097658,0.10934652342118607
0.37749999999999995,1.8089983618211047,-0.10901087388777651,-0.26721803562906726,0.11294778301758879
0.38250000000000006,1.8135253270328853,-0.10594955047886617,-0.26834058201861183,0.11649946680125042
0.38749999999999996,1.8182254270552598,-0.10280157741243054,-0.26913004719576233,0.11997515161730402
0.39250000000000007,1.8231313534660842,-0.09954563884848071,-0.2695637587179249,0.12334125650995681
0.39749999999999996,1.8282807102973129,-0.09615727093445368,-0.26961428387690217,0.12655644773568325
0.4025000000000001,1.8337159182498073,-0.09260903905679498,-0.26924861541369993,0.12957131222786597
0.4075,1.8394837916330462,-0.08887091424919508,-0.26842762345121984,0.13232837558963206
0.4125000000000001,1.845634749487361,-0.08491085888546494,-0.2671058725736208,0.13476254449507713
0.4175,1.8522216471101085,-0.08069561304781626,-0.26523190869333135,0.13680205293836067
0.4225000000000001,1.8592982442965171,-0.07619165203087369,-0.2627491200489003,0.1383699845347614
0.4275,1.8669173595604296,-0.07136626501239803,-0.25959726705266334,0.1393864261458651
0.4325000000000001,1.8751287927078197,-0.06618868795661495,-0.2557147528032534,0.1397712785370443
0.4375,1.8839771288508032,-0.06063121300194919,-0.2510416658189931,0.13944770516245733
0.4424999999999999,1.8934995630605018,-0.05467019383379464,-0.24552356567739098,0.1383461394541981
0.4475,1.903723904267358,-0.048286872673356934,-0.23911589972387112,0.13640869558098195
0.4524999999999999,1.9146669272008694,-0.041467969168329885,-0.23178883776026304,0.13359374262928658
0.4575,1.9263332386137189,-0.034205993223940676,-0.22353220025655438,0.12988031724886961
0.4624999999999999,1.9387148042524822,-0.026499270350559982,-0.21436004954320267,0.12527197940092685
0.4675,1.951791241511227,-0.01835169638874582,-0.20431443436839264,0.11979967770099574
0.4724999999999999,1.9655309170989905,-0.00977226489661694,-0.19346775139572905,0.1135232028744113
0.47750000000000004,1.9798928020354911,-0.0007744311596473224,-0.18192323588470233,0.10653088333737039
0.48249999999999993,1.9948289377919657,0.008624611860069659,-0.1698132314936684,0.098937319227169
0.48750000000000004,2.0102872747026757,0.018404670591706137,-0.15729511212888123,0.0908791496128902
0.49249999999999994,2.026214578331012,0.02854323784598176,-0.14454501141974008,0.08250907641660485
0.49750000000000005,2.0425590806285063,0.03901608747545598,-0.1317498117832653,0.07398859061226745
0.5025,2.059272590436607,0.0497977589873404,-0.119098097843942,0.06548002073723136
0.5075000000000001,2.0763118675985908,0.06086193647540144,-0.10677093425376977,0.05713861625764995
0.5125,2.0936391874431965,0.07218174083531895,-0.09493335089792876,0.04910537008137335
0.5175000000000001,2.1112221492741385,0.0837299591129127,-0.08372730425397007,0.04150117747229765
0.5225,2.129032885314494,0.09547923111984186,-0.0732666589951006,0.03442274483312902
0.5275000000000001,2.1470468857195364,0.10740220473432532,-0.06363444854605592,0.027940437223241243
0.5325,2.1652416650317345,0.11947166194089884,-0.054882385058657675,0.02209802841477438
0.5375000000000001,2.183595463450379,0.13166061106385626,-0.04703234845384672,0.016914126960981303
0.5425,2.2020861187417933,0.14394233833363507,-0.04007942249398045,0.012384919366702954
0.5475000000000001,2.2206901798084693,0.15629041355088547,-0.03399597279331668,0.008487805615621895
0.5525,2.2393822757741306,0.16867864868752583,-0.02873626765468004,0.00518549846062791
0.5575000000000001,2.2581347136360064,0.18108101304366458,-0.024241206183430796,0.00243020242044052
0.5625,2.2769172554823776,0.1934715127347404,-0.02044281397755932,0.0001675637045795762
0.5674999999999999,2.2956970207299467,0.20582404517479527,-0.017268272026973154,-0.0016598290228882224
0.5725,2.314438465190547,0.21811224083770284,-0.014643342559555569,-0.003109525184300417
0.5774999999999999,2.3331034020134136,0.23030930529853594,-0.01249513674535391,-0.004236928787366341
0.5825,2.351651045477702,0.24238787489477073,-0.010754229817164737,-0.005093643798677314
0.5874999999999999,2.3700380743539555,0.2543198997522331,-0.009356170001115917,-0.005726396991925524
0.5925,2.388218725496929,0.26607656867352725,-0.008242451799695875,-0.006176459089359637
0.5974999999999999,2.4061449397795336,0.2776282915549103,-0.0073610356184932585,-0.006479471373070026
0.6025,2.423766591225708,0.2889447564306433,-0.006666498301212475,-0.0066655823780313005
0.6074999999999999,2.441031836148836,0.2999950795765853,-0.006119895974497645,-0.006759804653927006
0.6125,2.4578876219583456,0.3107480677597496,-0.005688414011200092,-0.006782512049044418
0.6174999999999999,2.4742803943917573,0.3211726109137404,-0.005344870453193911,-0.006750011152741519
0.6225,2.4901570361670857,0.33123822028808536,-0.0050671298800570265,-0.0066751345939245685
0.6275,2.505466058006361,0.34091572039687257,-0.004837475084120894,-0.006567817509112085
0.6325000000000001,2.5201590431781478,0.3501780918694438,-0.004641974421229261,-0.006435630796958185
0.6375,2.5341923180928334,0.3590014458933509,-0.004469873651524489,-0.006284255271348388
0.6425000000000001,2.5475287840849594,0.3673660893293522,-0.004313032717579179,-0.006117889304863908
0.6475,2.5601398011555663,0.3752576138446832,-0.004165420446254489,-0.005939589019783274
0.6525000000000001,2.5720069672844414,0.38266791500984776,-0.0040226737828439685,-0.005751544677061324
0.6575,2.5831235934204066,0.3895960220390555,-0.003881722991328578,-0.005555299863571344
0.6625000000000001,2.5934956421034063,0.39604860023123795,-0.003740480330851446,-0.005351921658476336
0.6675,2.603141883249669,0.4020399798989439,-0.0035975870136890115,-0.0051421304620637605
0.6725000000000001,2.612093024959096,0.40759156815736775,-0.003452211653478902,-0.004926397884831041
0.6775,2.620389590705061,0.41273050754648166,-0.003303892747098566,-0.004705020299517761
0.6825000000000001,2.628078311129882,0.4174874424886925,-0.003152417776943458,-0.004478174614504985
0.6875,2.635206731437291,0.4218932123848906,-0.0029977320335499466,-0.004245961770483427
0.6924999999999999,2.6418155294196723,0.42597416354287954,-0.0028398710191097996,-0.004008442601672662
0.6975,2.6479275850517805,0.42974549459190464,-0.0026789111273666185,-0.0037656702127975166
0.7024999999999999,2.6535319832971447,0.43320152553706454,-0.0025149341119224023,-0.003517723041583339
0.7075,2.6585596449453393,0.43630087173274495,-0.0023480016749753605,-0.0032647433997437343
0.7124999999999999,2.662844872811168,0.43894302536099183,-0.0021781375269388204,-0.003006987540049023
0.7175,2.6660634889426045,0.44093060400355094,-0.002005315982528919,-0.0027448950403286924
0.7224999999999999,2.6676335481073146,0.4419085308182408,-0.0018294596572382795,-0.002479186933862164
0.7275,2.666560731579819,0.44126863782057846,-0.001650456313597557,-0.0022110018678352036
0.7324999999999999,2.6612148329528953,0.4380096997506227,-0.0014682203327325335,-0.0019420737539170888
0.7375,2.649057191182179,0.4305606515185614,-0.0012828526981365819,-0.0016749358614826647
0.7424999999999999,2.6264457375898385,0.41663505966097536,-0.0010949933808000248,-0.0014130977639140552
0.7475,2.5888735711539463,0.39332156040936445,-0.0009064761433999019,-0.0011610911611396803
0.7525,2.532261903262299,0.35779543385998885,-0.0007212666138859142,-0.000924273809741041
0.7575000000000001,2.4556968065766953,0.3089752106883013,-0.0005462052190060683,-0.000708404152282752
0.7625,2.3644475297223684,0.24960249500473403,-0.00039042344431804816,-0.0005191587731680203
0.7675000000000001,2.270058532732245,0.18680525151898167,-0.0002625166502633936,-0.00036152984693831313
0.7725,2.185589893543112,0.129435607024136,-0.00016666677190928036,-0.00023855524281054318
0.7775000000000001,2.1194196953649347,0.08376666552646206,-0.00010090262266212399,-0.00014958170070330043
0.7825,2.0729734107858477,0.05136801033195626,-5.895916655339348e-05,-8.983449412823363e-05
0.7875000000000001,2.042946443538567,0.030291626779156346,-3.3598539969440525e-05,-5.2184596546022684e-05
0.7925,2.0246155812781703,0.017381086802467315,-1.880816544306825e-05,-2.9577865371322908e-05
0.7975000000000001,2.0138456540773864,0.009782120375211194,-1.0387090809566983e-05,-1.6461212026074646e-05
0.8025,2.0076777513091275,0.005426110701048124,-5.671935541768922e-06,-9.031093975000815e-06
0.8075000000000001,2.004207695039993,0.0029742064110753925,-3.0652558931263465e-06,-4.894766716763696e-06
0.8125,2.002281495016311,0.0016128168411040501,-1.639743929906445e-06,-2.6232711453214352e-06
0.8174999999999999,2.00122424694408,0.0008654766065508574,-8.680439792437788e-07,-1.390448158946814e-06
0.8225,2.000649956049424,0.0004594958382178201,-4.54501522087046e-07,-7.287074995568894e-07
0.8274999999999999,2.00034121541102,0.000241230671697831,-2.352152639492269e-07,-3.774088109313983e-07
0.8325,2.000177008849708,0.00012514185047409298,-1.2022821543296917e-07,-1.9303732069721125e-07
0.8374999999999999,2.0000906641727165,6.409817652868334e-05,-6.064777205399938e-08,-9.74354899218901e-08
0.8425,2.0000458125094522,3.238886773282215e-05,-3.016759428191352e-08,-4.849530196651825e-08
0.8474999999999999,2.000022817400316,1.613166630316174e-05,-1.4785402478142306e-08,-2.378170873333915e-08
0.8525,2.0000111920149486,7.912661220603104e-06,-7.134194645460056e-09,-1.1481596448196139e-08
0.8574999999999999,2.0000054018395588,3.819065563416616e-06,-3.3863714099481536e-09,-5.453014272440947e-09
0.8625,2.000002563334196,1.8122652583835598e-06,-1.5800386250117812e-09,-2.5457270467547913e-09
0.8674999999999999,2.0000011949421705,8.448206015372017e-07,-7.241318945609318e-10,-1.1673497335153922e-09
0.8725,2.000000546794641,3.8658314121225563e-07,-3.2573591585643396e-10,-5.253936593908769e-10
0.8775,2.0000002454169,1.735098604138773e-07,-1.4371435077467292e-10,-2.3192707775377615e-10
0.8825000000000001,2.0000001079601986,7.632808755095605e-08,-6.214645584164174e-11,-1.003449934158183e-10
0.8875,2.0000000465142564,3.288575223949649e-08,-2.632178436047127e-11,-4.252244754764363e-11
0.8925000000000001,2.000000019613848,1.3867094391059602e-08,-1.0911958209087444e-11,-1.7636991599275198e-11
0.8975,2.0000000080889193,5.718921367959774e-09,-4.424738451907884e-12,-7.155226957043722e-12
0.9025000000000001,2.000000003260393,2.3051251400990186e-09,-1.753805178693752e-12,-2.8374363472455863e-12
0.9075,2.0000000012835253,9.074651065892762e-10,-6.790409961313528e-13,-1.0991188107645084e-12
0.9125000000000001,2.0000000004931717,3.486781197047667e-10,-2.566510023228683e-13,-4.156141662983422e-13
0.9175,2.0000000001848224,1.3067195346509086e-10,-9.463056315385537e-14,-1.533106825565909e-13
0.9225000000000001,2.000000000067511,4.773121802853738e-11,-3.401462044467015e-14,-5.5130912640745013e-14
0.9275,2.000000000024019,1.69817228951776e-11,-1.1910842758913896e-14,-1.9313265014864964e-14
0.9325000000000001,2.0000000000083173,5.880463038583022e-12,-4.0602033313493105e-15,-6.586278036586943e-15
0.9375,2.0000000000028013,1.9804030456962234e-12,-1.3463135511650262e-15,-2.184809095654803e-15
0.9424999999999999,2.000000000000917,6.481503141767397e-13,-4.338932806909686e-16,-7.044047957569534e-16
0.9475,2.0000000000002918,2.060078897615619e-13,-1.3579092765612468e-16,-2.2053722397200228e-16
0.9524999999999999,2.00000000000009,6.347951953375319e-14,-4.12075600507879e-17,-6.695188049679862e-17
0.9575,2.000000000000027,1.8987055063622506e-14,-1.2109920544452118e-17,-1.968445810054463e-17
0.9624999999999999,2.000000000000008,5.560513978944907e-15,-3.4476121658598684e-18,-5.607566393800755e-18
0.9675,2.000000000000002,1.5896813392541852e-15,-9.462859666633223e-19,-1.54061144052741e-18
0.9724999999999999,2.0000000000000004,4.1240566599292366e-16,-2.358840671889333e-19,-3.8444729347003342e-19
0.9775,2.0,5.4232767016106604e-17,-3.820876683072278e-20,-6.217880415071386e-20
0.9824999999999999,2.0,3.4136986113927956e-18,-3.129634004247731e-21,-5.067859035856158e-21
0.9875,2.0,1.0127972206215591e-19,-1.246493589509607e-22,-1.998681329431686e-22
0.9924999999999999,2.0,3.534442641699888e-21,-5.117190714463162e-24,-8.138312741459172e-24
0.9975,2.0,1.634222562612698e-22,-2.502502141134505e-25,-3.9631466106672042e-25
