-0.9975,2.,0.962209293977657,-0.03464591267305148,-0.029032598019739134,-0.02208632182678785,-0.015057097392215384,-0.008971294178290252,-0.0044174876637639885
-0.9925,2.,0.962209293977657,-0.03464591267305148,-0.029032598019739134,-0.02208632182678785,-0.015057097392215384,-0.008971294178290252,-0.0044174876637639885
-0.9875,2.,0.962209293977657,-0.03464591267305148,-0.029032598019739134,-0.02208632182678785,-0.015057097392215384,-0.008971294178290252,-0.0044174876637639885
-0.9825,2.,0.962209293977657,-0.03464591267305148,-0.029032598019739134,-0.02208632182678785,-0.015057097392215384,-0.008971294178290252,-0.0044174876637639885
-0.9775,2.,0.962209293977657,-0.03464591267305148,-0.029032598019739134,-0.02208632182678785,-0.015057097392215384,-0.008971294178290252,-0.0044174876637639885
-0.9725,2.,0.962209293977657,-0.03464591267305148,-0.029032598019739134,-0.02208632182678785,-0.015057097392215384,-0.008971294178290252,-0.0044174876637639885
-0.9675,2.,0.962209293977657,-0.03464591267305148,-0.029032598019739134,-0.02208632182678785,-0.015057097392215384,-0.008971294178290252,-0.0044174876637639885
-0.9625,2.,0.962209293977657,-0.03464591267305148,-0.029032598019739134,-0.02208632182678785,-0.015057097392215384,-0.008971294178290252,-0.0044174876637639885
-0.9575,2.,0.962209293977657,-0.03464591267305148,-0.029032598019739134,-0.02208632182678785,-0.015057097392215384,-0.008971294178290252,-0.0044174876637639885
-0.9525,2.,0.962209293977657,-0.03464591267305148,-0.029032598019739134,-0.02208632182678785,-0.015057097392215384,-0.008971294178290252,-0.0044174876637639885
-0.9475,2.,0.962209293977657,-0.03464591267305148,-0.029032598019739134,-0.02208632182678785,-0.015057097392215384,-0.008971294178290252,-0.0044174876637639885
-0.9425,2.,0.962209293977657,-0.03464591267305148,-0.029032598019739134,-0.02208632182678785,-0.015057097392215384,-0.008971294178290252,-0.0044174876637639885
-0.9375,2.,0.962209293977657,-0.03464591267305148,-0.029032598019739134,-0.02208632182678785,-0.015057097392215384,-0.008971294178290252,-0.0044174876637639885
-0.9325,2.,0.962209293977657,-0.03464591267305148,-0.029032598019739134,-0.02208632182678785,-0.015057097392215384,-0.008971294178290252,-0.0044174876637639885
-0.9275,2.,0.962209293977657,-0.03464591267305148,-0.029032598019739134,-0.02208632182678785,-0.015057097392215384,-0.008971294178290252,-0.0044174876637639885
-0.9225,2.,0.962209293977657,-0.03464591267305148,-0.029032598019739134,-0.02208632182678785,-0.015057097392215384,-0.008971294178290252,-0.0044174876637639885
-0.9175,2.,0.962209293977657,-0.03464591267305148,-0.029032598019739134,-0.02208632182678785,-0.015057097392215384,-0.008971294178290252,-0.0044174876637639885
-0.9125,2.,0.962209293977657,-0.03464591267305148,-0.029032598019739134,-0.02208632182678785,-0.015057097392215384,-0.008971294178290252,-0.0044174876637639885
-0.9075,2.,0.962209293977657,-0.03464591267305148,-0.029032598019739134,-0.02208632182678785,-0.015057097392215384,-0.008971294178290252,-0.0044174876637639885
-0.9025,2.,0.962209293977657,-0.03464591267305148,-0.029032598019739134,-0.02208632182678785,-0.015057097392215384,-0.008971294178290252,-0.0044174876637639885
-0.8975,2.,0.962209293977657,-0.03464591267305148,-0.029032598019739134,-0.02208632182678785,-0.015057097392215384,-0.008971294178290252,-0.0044174876637639885
-0.8925,2.,0.962209293977657,-0.03464591267305148,-0.029032598019739134,-0.02208632182678785,-0.015057097392215384,-0.008971294178290252,-0.0044174876637639885
-0.8875,2.,0.962209293977657,-0.03464591267305148,-0.029032598019739134,-0.02208632182678785,-0.015057097392215384,-0.008971294178290252,-0.0044174876637639885
-0.8825,2.,0.962209293977657,-0.03464591267305148,-0.029032598019739134,-0.02208632182678785,-0.015057097392215384,-0.008971294178290252,-0.0044174876637639885
-0.8775,2.,0.962209293977657,-0.03464591267305148,-0.029032598019739134,-0.02208632182678785,-0.015057097392215384,-0.008971294178290252,-0.0044174876637639885
-0.8725,2.,0.962209293977657,-0.03464591267305148,-0.029032598019739134,-0.02208632182678785,-0.015057097392215384,-0.008971294178290252,-0.0044174876637639885
-0.8674999999999999,2.,0.962209293977657,-0.03464591267305148,-0.029032598019739134,-0.02208632182678785,-0.015057097392215384,-0.008971294178290252,-0.0044174876637639885
-0.8625,2.,0.962209293977657,-0.03464591267305148,-0.029032598019739134,-0.02208632182678785,-0.015057097392215384,-0.008971294178290252,-0.0044174876637639885
-0.8574999999999999,2.,0.962209293977657,-0.03464591267305148,-0.029032598019739134,-0.02208632182678785,-0.015057097392215384,-0.008971294178290252,-0.0044174876637639885
-0.8525,2.,0.962209293977657,-0.03464591267305148,-0.029032598019739134,-0.02208632182678785,-0.015057097392215384,-0.008971294178290252,-0.0044174876637639885
-0.8475,2.,0.962209293977657,-0.03464591267305148,-0.029032598019739134,-0.02208632182678785,-0.015057097392215384,-0.008971294178290252,-0.0044174876637639885
-0.8425,2.,0.962209293977657,-0.03464591267305148,-0.029032598019739134,-0.02208632182678785,-0.015057097392215384,-0.008971294178290252,-0.0044174876637639885
-0.8375,2.,0.962209293977657,-0.03464591267305148,-0.029032598019739134,-0.02208632182678785,-0.015057097392215384,-0.008971294178290252,-0.0044174876637639885
-0.8325,2.,0.962209293977657,-0.03464591267305148,-0.029032598019739134,-0.02208632182678785,-0.015057097392215384,-0.008971294178290252,-0.0044174876637639885
-0.8275,2.,0.962209293977657,-0.03464591267305148,-0.029032598019739134,-0.02208632182678785,-0.015057097392215384,-0.008971294178290252,-0.0044174876637639885
-0.8225,2.,0.962209293977657,-0.03464591267305148,-0.029032598019739134,-0.02208632182678785,-0.015057097392215384,-0.008971294178290252,-0.0044174876637639885
-0.8175,2.,0.962209293977657,-0.03464591267305148,-0.029032598019739134,-0.02208632182678785,-0.015057097392215384,-0.008971294178290252,-0.0044174876637639885
-0.8125,2.,0.962209293977657,-0.03464591267305148,-0.029032598019739134,-0.02208632182678785,-0.015057097392215384,-0.008971294178290252,-0.0044174876637639885
-0.8075,2.,0.962209293977657,-0.03464591267305148,-0.029032598019739134,-0.02208632182678785,-0.015057097392215384,-0.008971294178290252,-0.0044174876637639885
-0.8025,2.,0.962209293977657,-0.03464591267305148,-0.029032598019739134,-0.02208632182678785,-0.015057097392215384,-0.008971294178290252,-0.0044174876637639885
-0.7975,2.,0.962209293977657,-0.03464591267305148,-0.029032598019739134,-0.02208632182678785,-0.015057097392215384,-0.008971294178290252,-0.0044174876637639885
-0.7925,2.,0.962209293977657,-0.03464591267305148,-0.029032598019739134,-0.02208632182678785,-0.015057097392215384,-0.008971294178290252,-0.0044174876637639885
-0.7875,2.,0.962209293977657,-0.03464591267305148,-0.029032598019739134,-0.02208632182678785,-0.015057097392215384,-0.008971294178290252,-0.0044174876637639885
-0.7825,2.,0.962209293977657,-0.03464591267305148,-0.029032598019739134,-0.02208632182678785,-0.015057097392215384,-0.008971294178290252,-0.0044174876637639885
-0.7775,2.,0.962209293977657,-0.03464591267305148,-0.029032598019739134,-0.02208632182678785,-0.015057097392215384,-0.008971294178290252,-0.0044174876637639885
-0.7725,2.,0.962209293977657,-0.03464591267305148,-0.029032598019739134,-0.02208632182678785,-0.015057097392215384,-0.008971294178290252,-0.0044174876637639885
-0.7675,2.,0.962209293977657,-0.03464591267305148,-0.029032598019739134,-0.02208632182678785,-0.015057097392215384,-0.008971294178290252,-0.0044174876637639885
-0.7625,2.,0.962209293977657,-0.03464591267305148,-0.029032598019739134,-0.02208632182678785,-0.015057097392215384,-0.008971294178290252,-0.0044174876637639885
-0.7575000000000001,2.,0.962209293977657,-0.03464591267305148,-0.029032598019739134,-0.02208632182678785,-0.015057097392215384,-0.008971294178290252,-0.0044174876637639885
-0.7525,2.,0.962209293977657,-0.03464591267305148,-0.029032598019739134,-0.02208632182678785,-0.015057097392215384,-0.008971294178290252,-0.0044174876637639885
-0.7475,2.,0.962209293977657,-0.03464591267305148,-0.029032598019739134,-0.02208632182678785,-0.015057097392215384,-0.008971294178290252,-0.0044174876637639885
-0.7424999999999999,2.,0.962209293977657,-0.03464591267305148,-0.029032598019739134,-0.02208632182678785,-0.015057097392215384,-0.008971294178290252,-0.0044174876637639885
-0.7375,2.,0.962209293977657,-0.03464591267305148,-0.029032598019739134,-0.02208632182678785,-0.015057097392215384,-0.008971294178290252,-0.0044174876637639885
-0.7324999999999999,2.,0.962209293977657,-0.03464591267305148,-0.029032598019739134,-0.02208632182678785,-0.015057097392215384,-0.008971294178290252,-0.0044174876637639885
-0.7275,2.,0.962209293977657,-0.03464591267305148,-0.029032598019739134,-0.02208632182678785,-0.015057097392215384,-0.008971294178290252,-0.0044174876637639885
-0.7224999999999999,2.,0.962209293977657,-0.03464591267305148,-0.029032598019739134,-0.02208632182678785,-0.015057097392215384,-0.008971294178290252,-0.0044174876637639885
-0.7175,2.,0.962209293977657,-0.03464591267305148,-0.029032598019739134,-0.02208632182678785,-0.015057097392215384,-0.008971294178290252,-0.0044174876637639885
-0.7124999999999999,2.,0.962209293977657,-0.03464591267305148,-0.029032598019739134,-0.02208632182678785,-0.015057097392215384,-0.008971294178290252,-0.0044174876637639885
-0.7075,2.,0.962209293977657,-0.03464591267305148,-0.029032598019739134,-0.02208632182678785,-0.015057097392215384,-0.008971294178290252,-0.0044174876637639885
-0.7025,2.,0.962209293977657,-0.03464591267305148,-0.029032598019739134,-0.02208632182678785,-0.015057097392215384,-0.008971294178290252,-0.0044174876637639885
-0.6975,2.,0.962209293977657,-0.03464591267305148,-0.029032598019739134,-0.02208632182678785,-0.015057097392215384,-0.008971294178290252,-0.0044174876637639885
-0.6925,2.,0.962209293977657,-0.03464591267305148,-0.029032598019739134,-0.02208632182678785,-0.015057097392215384,-0.008971294178290252,-0.0044174876637639885
-0.6875,2.,0.962209293977657,-0.03464591267305148,-0.029032598019739134,-0.02208632182678785,-0.015057097392215384,-0.008971294178290252,-0.0044174876637639885
-0.6825,2.,0.962209293977657,-0.03464591267305148,-0.029032598019739134,-0.02208632182678785,-0.015057097392215384,-0.008971294178290252,-0.0044174876637639885
-0.6775,2.,0.962209293977657,-0.03464591267305148,-0.029032598019739134,-0.02208632182678785,-0.015057097392215384,-0.008971294178290252,-0.0044174876637639885
-0.6725,2.,0.962209293977657,-0.03464591267305148,-0.029032598019739134,-0.02208632182678785,-0.015057097392215384,-0.008971294178290252,-0.0044174876637639885
-0.6675,2.,0.962209293977657,-0.03464591267305148,-0.029032598019739134,-0.02208632182678785,-0.015057097392215384,-0.008971294178290252,-0.0044174876637639885
-0.6625,2.,0.962209293977657,-0.03464591267305148,-0.029032598019739134,-0.02208632182678785,-0.015057097392215384,-0.008971294178290252,-0.0044174876637639885
-0.6575,2.,0.962209293977657,-0.03464591267305148,-0.029032598019739134,-0.02208632182678785,-0.015057097392215384,-0.008971294178290252,-0.0044174876637639885
-0.6525,2.,0.962209293977657,-0.03464591267305148,-0.029032598019739134,-0.02208632182678785,-0.015057097392215384,-0.008971294178290252,-0.0044174876637639885
-0.6475,2.,0.962209293977657,-0.03464591267305148,-0.029032598019739134,-0.02208632182678785,-0.015057097392215384,-0.008971294178290252,-0.0044174876637639885
-0.6425000000000001,2.,0.962209293977657,-0.03464591267305148,-0.029032598019739134,-0.02208632182678785,-0.015057097392215384,-0.008971294178290252,-0.0044174876637639885
-0.6375,2.,0.962209293977657,-0.03464591267305148,-0.029032598019739134,-0.02208632182678785,-0.015057097392215384,-0.008971294178290252,-0.0044174876637639885
-0.6325000000000001,2.,0.962209293977657,-0.03464591267305148,-0.029032598019739134,-0.02208632182678785,-0.015057097392215384,-0.008971294178290252,-0.0044174876637639885
-0.6275,2.,0.962209293977657,-0.03464591267305148,-0.029032598019739134,-0.02208632182678785,-0.015057097392215384,-0.008971294178290252,-0.0044174876637639885
-0.6225,2.,0.962209293977657,-0.03464591267305148,-0.029032598019739134,-0.02208632182678785,-0.015057097392215384,-0.008971294178290252,-0.0044174876637639885
-0.6174999999999999,2.,0.962209293977657,-0.03464591267305148,-0.029032598019739134,-0.02208632182678785,-0.015057097392215384,-0.008971294178290252,-0.0044174876637639885
-0.6125,2.,0.962209293977657,-0.03464591267305148,-0.029032598019739134,-0.02208632182678785,-0.015057097392215384,-0.008971294178290252,-0.0044174876637639885
-0.6074999999999999,2.,0.962209293977657,-0.03464591267305148,-0.029032598019739134,-0.02208632182678785,-0.015057097392215384,-0.008971294178290252,-0.0044174876637639885
-0.6025,2.,0.962209293977657,-0.03464591267305148,-0.029032598019739134,-0.02208632182678785,-0.015057097392215384,-0.008971294178290252,-0.0044174876637639885
-0.5974999999999999,2.,0.962209293977657,-0.03464591267305148,-0.029032598019739134,-0.02208632182678785,-0.015057097392215384,-0.008971294178290252,-0.0044174876637639885
-0.5925,2.,0.962209293977657,-0.03464591267305148,-0.029032598019739134,-0.02208632182678785,-0.015057097392215384,-0.008971294178290252,-0.0044174876637639885
-0.5874999999999999,2.,0.962209293977657,-0.03464591267305148,-0.029032598019739134,-0.02208632182678785,-0.015057097392215384,-0.008971294178290252,-0.0044174876637639885
-0.5825,2.,0.962209293977657,-0.03464591267305148,-0.029032598019739134,-0.02208632182678785,-0.015057097392215384,-0.008971294178290252,-0.0044174876637639885
-0.5775,2.,0.962209293977657,-0.03464591267305148,-0.029032598019739134,-0.02208632182678785,-0.015057097392215384,-0.008971294178290252,-0.0044174876637639885
-0.5725,2.,0.962209293977657,-0.03464591267305148,-0.029032598019739134,-0.02208632182678785,-0.015057097392215384,-0.008971294178290252,-0.0044174876637639885
-0.5675,2.,0.962209293977657,-0.03464591267305148,-0.029032598019739134,-0.02208632182678785,-0.015057097392215384,-0.008971294178290252,-0.0044174876637639885
-0.5625,2.,0.962209293977657,-0.03464591267305148,-0.029032598019739134,-0.02208632182678785,-0.015057097392215384,-0.008971294178290252,-0.0044174876637639885
-0.5575,2.,0.962209293977657,-0.03464591267305148,-0.029032598019739134,-0.02208632182678785,-0.015057097392215384,-0.008971294178290252,-0.0044174876637639885
-0.5525,2.,0.962209293977657,-0.03464591267305148,-0.029032598019739134,-0.02208632182678785,-0.015057097392215384,-0.008971294178290252,-0.0044174876637639885
-0.5475,2.,0.962209293977657,-0.03464591267305148,-0.029032598019739134,-0.02208632182678785,-0.015057097392215384,-0.008971294178290252,-0.0044174876637639885
-0.5425,2.,0.962209293977657,-0.03464591267305148,-0.029032598019739134,-0.02208632182678785,-0.015057097392215384,-0.008971294178290252,-0.0044174876637639885
-0.5375,2.,0.962209293977657,-0.03464591267305148,-0.029032598019739134,-0.02208632182678785,-0.015057097392215384,-0.008971294178290252,-0.0044174876637639885
-0.5325,2.,0.962209293977657,-0.03464591267305148,-0.029032598019739134,-0.02208632182678785,-0.015057097392215384,-0.008971294178290252,-0.0044174876637639885
-0.5275,2.,0.962209293977657,-0.03464591267305148,-0.029032598019739134,-0.02208632182678785,-0.015057097392215384,-0.008971294178290252,-0.0044174876637639885
-0.5225,2.,0.962209293977657,-0.03464591267305148,-0.029032598019739134,-0.02208632182678785,-0.015057097392215384,-0.008971294178290252,-0.0044174876637639885
-0.5175000000000001,2.,0.962209293977657,-0.03464591267305148,-0.029032598019739134,-0.02208632182678785,-0.015057097392215384,-0.008971294178290252,-0.0044174876637639885
-0.5125,2.,0.962209293977657,-0.03464591267305148,-0.029032598019739134,-0.02208632182678785,-0.015057097392215384,-0.008971294178290252,-0.0044174876637639885
-0.5075000000000001,2.,0.962209293977657,-0.03464591267305148,-0.029032598019739134,-0.02208632182678785,-0.015057097392215384,-0.008971294178290252,-0.0044174876637639885
-0.5025,2.,0.962209293977657,-0.03464591267305148,-0.029032598019739134,-0.02208632182678785,-0.015057097392215384,-0.008971294178290252,-0.0044174876637639885
-0.49749999999999994,2.,0.962209293977657,-0.03464591267305148,-0.029032598019739134,-0.02208632182678785,-0.015057097392215384,-0.008971294178290252,-0.0044174876637639885
-0.49249999999999994,2.,0.962209293977657,-0.03464591267305148,-0.029032598019739134,-0.02208632182678785,-0.015057097392215384,-0.008971294178290252,-0.0044174876637639885
-0.48750000000000004,2.,0.962209293977657,-0.03464591267305148,-0.029032598019739134,-0.02208632182678785,-0.015057097392215384,-0.008971294178290252,-0.0044174876637639885
-0.48250000000000004,2.,0.962209293977657,-0.03464591267305148,-0.029032598019739134,-0.02208632182678785,-0.015057097392215384,-0.008971294178290252,-0.0044174876637639885
-0.47750000000000004,2.,0.962209293977657,-0.03464591267305148,-0.029032598019739134,-0.02208632182678785,-0.015057097392215384,-0.008971294178290252,-0.0044174876637639885
-0.47250000000000003,2.,0.962209293977657,-0.03464591267305148,-0.029032598019739134,-0.02208632182678785,-0.015057097392215384,-0.008971294178290252,-0.0044174876637639885
-0.4675,2.,0.962209293977657,-0.03464591267305148,-0.029032598019739134,-0.02208632182678785,-0.015057097392215384,-0.008971294178290252,-0.0044174876637639885
-0.4625,2.,0.962209293977657,-0.03464591267305148,-0.029032598019739134,-0.02208632182678785,-0.015057097392215384,-0.008971294178290252,-0.0044174876637639885
-0.4575,2.,0.962209293977657,-0.03464591267305148,-0.029032598019739134,-0.02208632182678785,-0.015057097392215384,-0.008971294178290252,-0.0044174876637639885
-0.4525,2.,0.962209293977657,-0.03464591267305148,-0.029032598019739134,-0.02208632182678785,-0.015057097392215384,-0.008971294178290252,-0.0044174876637639885
-0.4475,2.,0.962209293977657,-0.03464591267305148,-0.029032598019739134,-0.02208632182678785,-0.015057097392215384,-0.008971294178290252,-0.0044174876637639885
-0.4425,2.,0.962209293977657,-0.03464591267305148,-0.029032598019739134,-0.02208632182678785,-0.015057097392215384,-0.008971294178290252,-0.0044174876637639885
-0.4375,2.,0.962209293977657,-0.03464591267305148,-0.029032598019739134,-0.02208632182678785,-0.015057097392215384,-0.008971294178290252,-0.0044174876637639885
-0.4325,2.,0.962209293977657,-0.03464591267305148,-0.029032598019739134,-0.02208632182678785,-0.015057097392215384,-0.008971294178290252,-0.0044174876637639885
-0.4275,2.,0.962209293977657,-0.03464591267305148,-0.029032598019739134,-0.02208632182678785,-0.015057097392215384,-0.008971294178290252,-0.0044174876637639885
-0.4225,2.,0.962209293977657,-0.03464591267305148,-0.029032598019739134,-0.02208632182678785,-0.015057097392215384,-0.008971294178290252,-0.0044174876637639885
-0.4175,2.,0.962209293977657,-0.03464591267305148,-0.029032598019739134,-0.02208632182678785,-0.015057097392215384,-0.008971294178290252,-0.0044174876637639885
-0.4125,2.,0.962209293977657,-0.03464591267305148,-0.029032598019739134,-0.02208632182678785,-0.015057097392215384,-0.008971294178290252,-0.0044174876637639885
-0.4075,2.,0.962209293977657,-0.03464591267305148,-0.029032598019739134,-0.02208632182678785,-0.015057097392215384,-0.008971294178290252,-0.0044174876637639885
-0.40249999999999997,1.9999999999999978,0.9622092939776582,-0.03464591267305152,-0.029032598019739148,-0.02208632182678779,-0.015057097392215422,-0.008971294178290236,-0.004417487663763979
-0.39749999999999996,1.99999999999999,0.962209293977665,-0.03464591267305126,-0.029032598019739002,-0.02208632182678766,-0.015057097392215356,-0.008971294178290179,-0.004417487663763978
-0.39249999999999996,1.999999999999963,0.9622092939776828,-0.034645912673050415,-0.029032598019738266,-0.022086321826787096,-0.015057097392215082,-0.008971294178290047,-0.004417487663763942
-0.38749999999999996,1.9999999999998552,0.9622092939777618,-0.034645912673046626,-0.02903259801973533,-0.022086321826785042,-0.015057097392213753,-0.008971294178289471,-0.00441748766376383
-0.38249999999999995,1.9999999999993978,0.9622092939780882,-0.0346459126730308,-0.02903259801972263,-0.022086321826776042,-0.015057097392208358,-0.008971294178286994,-0.004417487663763366
-0.37749999999999995,1.9999999999974114,0.9622092939795146,-0.03464591267296157,-0.02903259801966703,-0.022086321826736616,-0.01505709739218469,-0.00897129417827621,-0.004417487663761351
-0.37249999999999994,1.9999999999887421,0.9622092939857383,-0.03464591267265962,-0.029032598019423612,-0.022086321826564007,-0.015057097392081276,-0.008971294178229061,-0.004417487663752466
-0.36749999999999994,1.999999999950948,0.9622092940128675,-0.03464591267134156,-0.02903259801836136,-0.022086321825811033,-0.01505709739162971,-0.008971294178023443,-0.004417487663713697
-0.36249999999999993,1.9999999997864637,0.9622092941309447,-0.034645912665601894,-0.02903259801373568,-0.022086321822532062,-0.015057097389663293,-0.008971294177127937,-0.004417487663544888
-0.35750000000000004,1.999999999071834,0.9622092946439593,-0.03464591264065455,-0.029032597993630886,-0.022086321808280573,-0.015057097381116233,-0.008971294173235552,-0.004417487662811184
-0.35250000000000004,1.9999999959715935,0.9622092968695526,-0.034645912532393436,-0.02903259790638486,-0.02208632174643542,-0.015057097344025407,-0.008971294156344414,-0.004417487659627566
-0.34750000000000003,1.9999999825381105,0.962209306513189,-0.034645912063184785,-0.02903259752825471,-0.02208632147839363,-0.015057097183271508,-0.008971294083137698,-0.004417487645831122
-0.3425,1.9999999243857327,0.9622093482597839,-0.034645910031640935,-0.029032595891052823,-0.022086320317844035,-0.015057096487251573,-0.008971293766175559,-0.004417487586102749
-0.3375,1.9999996728417149,0.9622095288394404,-0.034645901242509325,-0.02903258880797524,-0.02208631529692512,-0.015057093476048562,-0.00897129239491209,-0.004417487327728863
-0.3325,1.9999985854299192,0.9622103094782105,-0.034645863240750294,-0.029032558182774476,-0.02208629358798753,-0.015057080456619978,-0.008971286466164607,-0.004417486210822391
-0.3275,1.9999938862881201,0.9622136829412251,-0.034645698981305456,-0.029032425808910176,-0.022086199754970247,-0.015057024183991585,-0.008971260842596633,-0.004417481385693886
-0.3225,1.9999735739251374,0.9622282650633134,-0.03464498852426365,-0.029031853275537624,-0.02208579393030321,-0.015056780822594453,-0.008971150044566242,-0.004417460538630723
-0.3175,1.9998856885699596,0.9622913595837074,-0.034641906386463014,-0.029029369524443002,-0.022084033428215712,-0.015055725117281586,-0.008970669383695267,-0.004417370032697353
-0.3125,1.9995059749609165,0.96256400096956,-0.034628461574873745,-0.0290185334652861,-0.02207635049770278,-0.015051114941390296,-0.0089685664375745,-0.004416968494345263
-0.3075,1.997888906500041,0.9637253740404393,-0.03456988809077805,-0.02897129104404232,-0.022042806362887593,-0.015030924815457133,-0.008959280076072258,-0.004415091866207131
-0.3025,1.9934717270665985,0.9669012507827858,-0.03441491817254346,-0.028846518947507158,-0.021954541016079684,-0.014978244708750695,-0.008935642437320009,-0.004411161033811267
-0.2975,1.9856424642782153,0.9725249707971431,-0.03416148036617293,-0.02864341862105211,-0.021812274615948937,-0.014895225554965003,-0.008900873154268291,-0.004408950554071017
-0.2925,1.9748846654426273,0.9802551558875415,-0.033840282765682746,-0.028387228769196266,-0.021634613300988183,-0.01479396366233586,-0.008861674013664446,-0.0044113703528643545
-0.2875,1.9617005562955165,0.9897392332780289,-0.03348076774938867,-0.028101968059733168,-0.021439008086435656,-0.01468548102362897,-0.008823765900439382,-0.004420452564284929
-0.2825,1.9466296192572488,1.0005984412139328,-0.03311077959532588,-0.027810218192881774,-0.021241660763103402,-0.014579726194789092,-0.008791937922363623,-0.0044374042567688
-0.27749999999999997,1.9301649514061183,1.0124865106494767,-0.0327520387995093,-0.027529456155161884,-0.021054901504849573,-0.014483984351632402,-0.008769318686470727,-0.004462485922980763
-0.27249999999999996,1.9127012049704568,1.0251262094936915,-0.03241964612855849,-0.027271719600426632,-0.020887051781233682,-0.014402935178236119,-0.00875759355584152,-0.00449533228711059
-0.26749999999999996,1.8945339179060134,1.038310187505982,-0.032123330088433204,-0.027044666426287535,-0.020743256428024572,-0.014339261416580255,-0.00875742618361224,-0.004535237854290087
-0.26249999999999996,1.8758761463049969,1.0518895943776416,-0.031868730196200526,-0.02685263448284126,-0.02062627363061654,-0.014294176115599317,-0.008768770256577291,-0.004581318988286346
-0.25749999999999995,1.8568786230970107,1.0657596801574112,-0.03165870606645946,-0.026697714308803144,-0.02053726223039895,-0.014267931592606035,-0.008791149993695735,-0.004632636026789271
-0.25249999999999995,1.8376481121390396,1.0798465483122233,-0.031494398938035434,-0.02658061539148681,-0.020476411830258022,-0.014260218755305316,-0.008823869506429691,-0.004688270538259172
-0.24749999999999994,1.8182614813969444,1.0940969493166115,-0.03137593461252013,-0.026501237036167052,-0.020443353694374777,-0.014270421344491873,-0.008866137791330289,-0.004747360289521345
-0.24249999999999994,1.7987759554387621,1.1084714686420258,-0.03130287846171539,-0.026459036100566564,-0.02043742261906178,-0.014297773931225487,-0.008917140840251168,-0.004809111449701665
-0.23749999999999993,1.7792353344188108,1.122939568071027,-0.031274551943813705,-0.02645328021303562,-0.020457833707214195,-0.014341464155886679,-0.00897608278814772,-0.004872797688261851
-0.23249999999999993,1.7596756208731388,1.1374774826589602,-0.0312902025906005,-0.026483181764734513,-0.020503773075707523,-0.014400681530611009,-0.009042200775890252,-0.004937752179075338
-0.22750000000000004,1.740124942992684,1.15206364137319,-0.03134882333773682,-0.02654775805160252,-0.020574304265176365,-0.014474565046463439,-0.009114742429786465,-0.005003362470603199
-0.22250000000000003,1.7206137868697178,1.1666823978795549,-0.031448843026609996,-0.026645596036722435,-0.02066822100607315,-0.01456213819195015,-0.00919296224516982,-0.005069100414644909
-0.21750000000000003,1.7011584976634122,1.1813077325361483,-0.03158997903646611,-0.02677627325418721,-0.02078497845893322,-0.014662801521918081,-0.009276289155940802,-0.005134488772849113
-0.21250000000000002,1.6818097040734656,1.1959344366617324,-0.03177848216783766,-0.026944500570177273,-0.020927476749920827,-0.014777774224915297,-0.009364688118039996,-0.005198790589816275
-0.20750000000000002,1.6625565271084997,1.2104824958524563,-0.032018868984463995,-0.027154036788845426,-0.021098298673134334,-0.014908234572522112,-0.009458071321139046,-0.005261155847105972
-0.2025,1.6436456473834418,1.224979537620122,-0.0322675932353344,-0.027370375420561956,-0.02127426884472205,-0.015042420347032577,-0.009554070185662938,-0.0053252098082471454
-0.1975,1.6246116684041718,1.239461840749738,-0.03254237677841586,-0.027604978212876267,-0.021459775469532504,-0.0151785033877455,-0.009646565190089973,-0.005382789099769734
-0.1925,1.6055443853092555,1.2540818062099752,-0.03290404950180855,-0.027908439463122083,-0.021691710753235904,-0.015338546010798992,-0.009744494464361821,-0.005433754449093619
-0.1875,1.5868083120313696,1.2685279343822238,-0.03329396791006748,-0.028235068581084186,-0.021941213324168356,-0.015511321237116285,-0.009851664402516466,-0.005491647470555305
-0.1825,1.5687864073193047,1.2824569850619345,-0.033733906176897435,-0.02859989115690488,-0.022214898260790584,-0.01569508159977888,-0.00995967273534697,-0.0055442606452906175
-0.1775,1.551855486060806,1.2955485426624378,-0.03425964851028409,-0.029031792917381904,-0.022533252542000982,-0.01590202190139431,-0.010073797123136741,-0.005592006270364179
-0.1725,1.5364086560431633,1.3074706253083859,-0.034892202692383203,-0.029547832769236143,-0.022908802062329304,-0.01614056074126636,-0.01019940133615899,-0.005638377910805334
-0.16749999999999998,1.5228755389958768,1.3178455310667099,-0.035643130829648595,-0.030156354813370048,-0.023346059028010107,-0.01641161139866723,-0.010334702210027639,-0.005680110446013305
-0.16249999999999998,1.5117154102342034,1.3263053043154571,-0.036526671272446104,-0.03086919456135061,-0.023853650416199728,-0.01672021423580559,-0.010481277608940156,-0.005715955355484132
-0.15749999999999997,1.5031413769362818,1.3325653727323223,-0.03759018592061038,-0.03171945231640734,-0.02444914685345802,-0.01707120522636638,-0.010636230474062532,-0.005740227855142903
-0.15249999999999997,1.4974103302334496,1.3365453543023809,-0.03882996676238444,-0.03270485191285298,-0.02513028517401309,-0.017460616306621112,-0.010793390081471333,-0.005745867122136225
-0.14749999999999996,1.4939701501016827,1.3385505240330087,-0.040188193735175536,-0.033775922888311466,-0.02585962259993558,-0.01786469993332772,-0.01094130408480298,-0.005729677547337751
-0.14249999999999996,1.492012269510417,1.3393359303185814,-0.04161283143155728,-0.034885941662957456,-0.02659850535321863,-0.018255130704481662,-0.011063006343929243,-0.005685306246227726
-0.13749999999999996,1.4907205005398945,1.3395863362547007,-0.04303031563103314,-0.035977398672683666,-0.02730807313737081,-0.01861034654424991,-0.0111503511463674,-0.005613369002872662
-0.13249999999999995,1.4894813632234256,1.3398273341660312,-0.044389110647015256,-0.0370111035601649,-0.0279634377603566,-0.018918620928074302,-0.011201599145753773,-0.0055182619531142785
-0.12749999999999995,1.4879737680425393,1.3403323924560087,-0.04566756592448609,-0.03797151226578823,-0.028556305610754378,-0.019178450726727986,-0.011220310915944602,-0.005406263332420666
-0.12249999999999994,1.48613872478079,1.3411498924234457,-0.04686782612786779,-0.038862573109945044,-0.029092406613450437,-0.019396647263780365,-0.011213308269756965,-0.005283203580310662
-0.11749999999999994,1.4840728312436975,1.3421902268125727,-0.048007581253437424,-0.03969922741617386,-0.029583606305664062,-0.01958226995766081,-0.011187303945158926,-0.005153764464138632
-0.11249999999999993,1.4819229721336464,1.3433198813977316,-0.04910775040694518,-0.04049888561893383,-0.030043090556160813,-0.019744345800125275,-0.011147762588959834,-0.005020647106897412
-0.10749999999999993,1.4798227834309379,1.344419243102599,-0.05018609116607427,-0.04127620351554398,-0.030481668750027807,-0.01988979111972925,-0.011098241763642856,-0.004884916105340157
-0.10250000000000004,1.4778639172587225,1.345407046720778,-0.05125508475929376,-0.04204097728811199,-0.030906061905749682,-0.020022515910233213,-0.01104047774286469,-0.0047468322080275425
-0.09750000000000003,1.4760907932068652,1.3462451878731734,-0.05232102289466199,-0.04279791658388566,-0.03131928062615569,-0.020144107385536722,-0.010975054518042173,-0.00460633037817877
-0.09250000000000003,1.4745059165655474,1.3469327784800291,-0.05338448689845764,-0.04354728034167166,-0.03172136444239732,-0.020254562534661073,-0.010902022585884734,-0.004463460636928043
-0.08750000000000002,1.473080816459509,1.3474956883469742,-0.05444120596162774,-0.04428588281806315,-0.032110396585485035,-0.02035310897647274,-0.010821389519429677,-0.0043185528937576614
-0.08250000000000002,1.4717711751460487,1.3479736631367674,-0.05548343719620556,-0.04500821325808245,-0.032483313388959545,-0.02043871483742233,-0.010733383014598676,-0.004172302897124018
-0.07750000000000001,1.4705313854609157,1.348407168848372,-0.05650153412131938,-0.045707510602617824,-0.03283649402109032,-0.02051033599760857,-0.010638524689990929,-0.0040257848141113444
-0.07250000000000001,1.4693290154145489,1.348827753317582,-0.0574848885367395,-0.04637663460832925,-0.03316643993522763,-0.02056729004125048,-0.010537677482745419,-0.003880280147297771
-0.0675,1.468150850586039,1.3492506016360257,-0.058423603956712984,-0.047008685512558344,-0.03346961726881413,-0.02060891239286078,-0.010431981350722389,-0.003737550758167547
-0.0625,1.4670041931784867,1.3496750799913222,-0.05930874366288521,-0.047597504879171304,-0.03374304822850342,-0.02063497945487538,-0.010322932152464222,-0.003599597476540489
-0.057499999999999996,1.4659095913245537,1.3500875995381172,-0.060133126955913746,-0.04813836848968854,-0.033984799444290954,-0.020645918404228983,-0.010212322814857077,-0.0034684320704875217
-0.05249999999999999,1.4648955162438178,1.350467397823076,-0.06089123529856418,-0.04862856302142857,-0.03419481109479394,-0.02064329484131419,-0.010102092689053786,-0.003345489953155252
-0.04749999999999999,1.463988742340492,1.3507919218191027,-0.0615808919189613,-0.049067385188275484,-0.034373871514508006,-0.020628878387984547,-0.009994190517854468,-0.003232156305265444
-0.04249999999999998,1.4632054492078073,1.3510444906533647,-0.06220264331811457,-0.0494562352697428,-0.034524047820566714,-0.020604855970652074,-0.009890293464943958,-0.0031291896942832517
-0.03749999999999998,1.462549608752778,1.351219193490461,-0.06275889875782198,-0.049798211800124115,-0.03464855496484252,-0.020573709736795093,-0.009791585707633433,-0.0030365164174062627
-0.03249999999999997,1.4620117998777973,1.3513218454667044,-0.06325422616707996,-0.050097211513803114,-0.03475038586478398,-0.02053737954614132,-0.009698910681356372,-0.0029539951271539333
-0.02749999999999997,1.4615705758898738,1.351369501859091,-0.06369398031227608,-0.05035755766590012,-0.034832563518234466,-0.02049752664480135,-0.009612701937491166,-0.002881136882153755
-0.022499999999999964,1.4611984195701186,1.3513852515113358,-0.06408303128578,-0.05058352056550894,-0.034898189246252244,-0.020455677594834784,-0.009532983071510837,-0.0028170254382096378
-0.01749999999999996,1.4608682845723913,1.3513919521179198,-0.0644262120932307,-0.050778755874753154,-0.03494952107140472,-0.02041277408928433,-0.009459685520396322,-0.002760989625939743
-0.012499999999999956,1.46055823441033,1.3514061545233473,-0.06472834650604906,-0.05094660735518934,-0.034988378648882296,-0.020369425492978967,-0.00939262650887943,-0.0027124224172050525
-0.007499999999999951,1.4602524001448969,1.3514321957169726,-0.06499453203321942,-0.05109038287835195,-0.03501642498836551,-0.020326169410367356,-0.009331683721761656,-0.002670821912026145
-0.0024999999999999467,1.4599555208351327,1.351471788944601,-0.0652283918677173,-0.05121353493400553,-0.035036400868734635,-0.02028449667824179,-0.009276974638324763,-0.002635377677507568
0.0024999999999999467,1.4596608246131617,1.3515149748024278,-0.06543451799815513,-0.05132120294176661,-0.03505246035111466,-0.020246218984291464,-0.00922798251790629,-0.0026045202753421856
0.007500000000000062,1.4593706823498005,1.3515513311949063,-0.06562253748945905,-0.051419185188845654,-0.0350667114440581,-0.020211089996710077,-0.00918369768153519,-0.002577445555269009
0.012499999999999956,1.45910524888233,1.3515751061491843,-0.06579775618397207,-0.05150948473226549,-0.03507908181727935,-0.020178636508519573,-0.009143955546306298,-0.0025540132485631717
0.01750000000000007,1.4588674536488377,1.3515800109634575,-0.06595960859167695,-0.05159261860400843,-0.03509046091225241,-0.02014925210708475,-0.009108364651878685,-0.002533449588319488
0.022499999999999964,1.4586522151997774,1.351569168971203,-0.06610930196183115,-0.051669641388460995,-0.03510142704885809,-0.020122867419748378,-0.009076377737671856,-0.0025151206567079094
0.02750000000000008,1.4584520594695758,1.351548106921495,-0.06624762727421094,-0.05174092346690977,-0.035111896223172886,-0.020099049727626165,-0.009047415605701284,-0.0024985218840122368
0.03249999999999997,1.4582588095269118,1.351522217371116,-0.06637471320407325,-0.05180627595750734,-0.035121388732540795,-0.020077169760059868,-0.00902088576652689,-0.0024832523350682336
0.03750000000000009,1.4580662331710221,1.3514954307959348,-0.06649090754914971,-0.05186563293863852,-0.03512946533542943,-0.020056599467313776,-0.008996201853895056,-0.0024689448463447805
0.04249999999999998,1.45787187174006,1.3514696283151768,-0.06659743449600064,-0.051919565603739434,-0.03513603512002429,-0.02003680844976257,-0.008972735812877873,-0.0024551736280660798
0.0475000000000001,1.4576768192480807,1.351445141472671,-0.06669664351826571,-0.051969402784024066,-0.03514136315019209,-0.020017313824584878,-0.008949766407980023,-0.002441428687766243
0.05249999999999999,1.4574838556383476,1.3514216456914676,-0.06679176058286894,-0.05201694771604446,-0.03514582904676883,-0.019997551811521783,-0.008926469802136182,-0.002427168172530354
0.05750000000000011,1.457295204852494,1.351398889007892,-0.06688625321450001,-0.05206394762920209,-0.035149581398110294,-0.019976748224574035,-0.008901954125551899,-0.002411914123597073
0.0625,1.4571113886402838,1.3513773812637935,-0.06698315079209734,-0.05211159120011917,-0.03515225903046056,-0.01995384771641527,-0.00887532048439151,-0.0023953483909443718
0.06750000000000012,1.4569304919021138,1.3513573552329423,-0.06708472927327125,-0.052160345484354456,-0.03515296477339746,-0.019927567226059886,-0.008845734474377837,-0.0023773610369751935
0.07250000000000001,1.4567509587246938,1.351337186116878,-0.06719275422744682,-0.05221032562832638,-0.03515064734217055,-0.01989665896770566,-0.008812523268903766,-0.0023580290242867074
0.07750000000000012,1.4565771688812412,1.3513133183336152,-0.06730910398244025,-0.05226195128777923,-0.03514467202518699,-0.01986027481499154,-0.008775303091929565,-0.0023375796266227305
0.08250000000000002,1.4564099016838503,1.3512795121056986,-0.06743584326363963,-0.05231543031698509,-0.03513414197438193,-0.01981754887785417,-0.008733874953237342,-0.002316371590718136
0.08750000000000013,1.4562446964492497,1.3512427584053197,-0.0675717433098614,-0.052369195638701745,-0.035117631737968384,-0.019767719018319835,-0.00868827571360017,-0.0022949180776229497
0.09250000000000003,1.4560435929887214,1.3512328356051493,-0.06771122860601109,-0.05242036536286997,-0.035094244770129464,-0.019710721175543233,-0.008638613076011326,-0.002273422553003823
0.09749999999999992,1.4557828746558543,1.351269966928739,-0.06785551378828027,-0.05246929911686381,-0.03506389025653306,-0.019646453790647143,-0.008584868723934025,-0.0022517991017849967
0.10250000000000004,1.4555888230096046,1.3512512921350122,-0.06800917862016392,-0.05252020257859509,-0.035029616189261786,-0.01957641843977033,-0.008527362692323556,-0.002229916063915951
0.10749999999999993,1.455551623445242,1.3510838692848413,-0.0681756951716927,-0.05257398632322427,-0.03499184708418972,-0.019502755401512896,-0.008470253561095209,-0.0022122418535194784
0.11250000000000004,1.4559037937050432,1.3505725600542542,-0.06839215260324052,-0.05266063400476384,-0.03497136832600939,-0.01943680510164944,-0.008417147936923679,-0.002197535593725087
0.11749999999999994,1.4591476183598238,1.347501585525605,-0.0690397144620602,-0.05306546195290159,-0.035139628090546646,-0.019444398281489583,-0.008358141115425308,-0.0021403888624477833
0.12250000000000005,1.4823452403426916,1.325944895101064,-0.07368088531334367,-0.05623210151429697,-0.03677974542756848,-0.019923563766673737,-0.008207158208324159,-0.0018083816217830334
0.12749999999999995,1.568509548480807,1.2424686188903327,-0.09918107334722139,-0.07288495549225689,-0.04453620298706376,-0.02125644257681525,-0.00640934405425777,0.0005448343593578856
0.13250000000000006,1.6945479782257435,1.1236360343302694,-0.13774859229711245,-0.096995134043043,-0.05434207674216068,-0.02105479206684091,-0.0017281776630986116,0.005485788234068995
0.13749999999999996,1.7701721736421323,1.0615759213227867,-0.14177659714170993,-0.09963896433690712,-0.0554251912764923,-0.020822123612782954,-0.0007156493129683722,0.006683355603593042
0.14250000000000007,1.8151433714580671,1.0335753194315327,-0.1336866614201552,-0.09408537566328543,-0.052544497663263995,-0.02001100603298086,-0.001027576741990229,0.006094790617739786
0.14749999999999996,1.841733304214375,1.0202825655688539,-0.12428176072593439,-0.08742575838097955,-0.04880479502566014,-0.01861599059066656,-0.0010529963196521468,0.005515593511555851
0.15250000000000008,1.8573063381593495,1.0119392073723839,-0.11880227184795106,-0.08315050035551466,-0.0458929099030418,-0.01694913935989763,-0.00035357368352545047,0.005577687726807954
0.15749999999999997,1.8691996452776674,1.005933628503767,-0.11701337460659192,-0.08122907930948395,-0.044096187288255186,-0.015594198628515729,0.0003895784594275813,0.005771435485812552
0.1625000000000001,1.8780952390789467,1.0008062480151505,-0.11606315942185497,-0.08002164154753295,-0.04287065259079212,-0.014670011503196898,0.0008303213603594343,0.005772892452499283
0.16749999999999998,1.887989805689484,0.9960892072028394,-0.11349955713715987,-0.07800890807776345,-0.041614960662551895,-0.014179804101015261,0.0007687387133032278,0.005469360312224791
0.1725000000000001,1.9005596871232973,0.99066409491213,-0.10807185648308949,-0.07435108607028551,-0.039862240314448114,-0.013913943587904858,0.0002500453265628193,0.00479308449945828
0.1775,1.9149717097266294,0.9847256951752659,-0.10028173680779336,-0.06938279699739844,-0.03773025945928289,-0.013804494074799181,-0.0005679430535917977,0.0039038909956842743
0.1825000000000001,1.928648688084972,0.9790248262265684,-0.09200119689638081,-0.06407607741841134,-0.035388068262440675,-0.013566021033809432,-0.001310551102005893,0.0030423028798023423
0.1875,1.939973226170097,0.9742878970628956,-0.08433258967311177,-0.05907513010472039,-0.033062615590330025,-0.013173576998989685,-0.0018744927338051548,0.002285150316891852
0.19250000000000012,1.9489689769853247,0.9707084985778479,-0.07755420580437236,-0.05458902162699732,-0.030895302404095715,-0.012716138760581258,-0.0023091670108510553,0.0016174772854022522
0.1975,1.9562639178873302,0.9681532707891863,-0.07154249213112324,-0.050580433782265226,-0.02892984953344989,-0.012280862867489202,-0.0026950474801535067,0.0010025869628809635
0.20250000000000012,1.962349371213357,0.9664065016162223,-0.06609335672887165,-0.04696660152803842,-0.027187992156749104,-0.011935567343283634,-0.003084149991615671,0.00043483725568134067
0.20750000000000002,1.9673323169927497,0.9651566299564698,-0.06108018528876753,-0.0437029516697576,-0.025685256302488135,-0.011709352636821702,-0.0034827154519760147,-0.00006446463986194704
0.21250000000000013,1.9709976547816184,0.9640014073512172,-0.05646973120409765,-0.04078062829073613,-0.02441987727822095,-0.011588323784797391,-0.003862252213109211,-0.00046814039687472636
0.21750000000000003,1.9734476337221278,0.962815225003635,-0.05229068953536577,-0.038201498848902435,-0.023363946615669096,-0.011527051515955927,-0.004183637061349757,-0.0007640962920470546
0.22249999999999992,1.9756991915714583,0.9621518984538163,-0.048601378815399186,-0.03596309169631717,-0.02246863012771094,-0.01146891727954657,-0.004419803476696945,-0.000966414716754003
0.22750000000000004,1.9788637970689946,0.9624803896406867,-0.045439837225690026,-0.03403782184877293,-0.02167614917272323,-0.011374578919006336,-0.004572328456040815,-0.0011033505753790009
0.23249999999999993,1.9815208098837078,0.9632408943495632,-0.04278097357537356,-0.032391672990346225,-0.02095000369440584,-0.011215481809481793,-0.004628699992386354,-0.0011794459856182063
0.23750000000000004,1.982096539002714,0.9615281592479894,-0.04046144069719242,-0.030999635758987874,-0.020356008058136,-0.011067650375901971,-0.004621151132931405,-0.0011783453293069159
0.24249999999999994,1.971117191856203,0.9522910025649576,-0.037496273672338785,-0.02922327735127693,-0.019649886433135505,-0.010990397702702617,-0.004726563097939526,-0.0012235485396146339
0.24750000000000005,1.9015551949567162,0.9029357080067528,-0.034274572939603995,-0.026839418182437215,-0.01822983225344576,-0.010399067933254982,-0.004646759497818514,-0.0013156132399958242
0.25249999999999995,1.6893329588411619,0.7420948055905053,-0.03221268536591094,-0.024688867868481637,-0.016287849969647026,-0.008981657538847776,-0.003864241836584854,-0.001024281377896528
0.25750000000000006,1.5002935364393657,0.5879148072547857,-0.029591977430445948,-0.022530263918083313,-0.014705938356668908,-0.007976736106494686,-0.0033338112669271613,-0.0008079788028554457
0.26249999999999996,1.4500967110235092,0.5453719513654882,-0.028212817063406635,-0.0215776096467443,-0.014181523883720393,-0.007765718111421119,-0.0032876758523599416,-0.0008135576947365275
0.26750000000000007,1.4449863068245916,0.5408515407479176,-0.02773896075387329,-0.021293707956592044,-0.014077828647098561,-0.007777780157988201,-0.003340379443231049,-0.0008563480455997092
0.27249999999999996,1.4449186463065564,0.54064058525722,-0.027409197261847103,-0.021110049184874594,-0.01403121322370222,-0.007816106814509772,-0.0034032401645584538,-0.0009032660114344569
0.2775000000000001,1.4455371739045062,0.5409457548626931,-0.02711284864411938,-0.020957928997276484,-0.014010681973302453,-0.007871086912073985,-0.003471275597674441,-0.0009453879905712656
0.2825,1.4461261986206941,0.5412797644750993,-0.02695017951103716,-0.020882251454096914,-0.01401107360470786,-0.007910830796690183,-0.0035125988374201662,-0.0009674997435467083
0.2875000000000001,1.4463850025796687,0.5413916271463247,-0.026853669556667795,-0.020838695779963147,-0.014014440276284814,-0.007938792565262129,-0.0035411486879555415,-0.0009825964214008657
0.2925,1.446532437182503,0.5414086505421413,-0.02679052819329343,-0.020813687347315302,-0.01402221781363963,-0.007962057610105149,-0.003561990367763281,-0.000991411376278787
0.2975000000000001,1.4466795798733938,0.5414257056289722,-0.026749129022038208,-0.020802393359942703,-0.014034705228881929,-0.007982727377419735,-0.003576580449974982,-0.0009943056605777201
0.3025,1.446862833227297,0.5414863462009831,-0.0267335138690945,-0.020805301740466416,-0.014049960458433812,-0.007998806472605934,-0.003584800992870206,-0.0009932391075489788
0.3075000000000001,1.4470955391898586,0.5415922874761719,-0.026741367352696846,-0.02081866952026567,-0.01406502721832257,-0.008010044972273384,-0.003588889613446999,-0.0009909139566036552
0.3125,1.4473149012724438,0.5416860668101834,-0.026759041968537813,-0.02083663804014455,-0.014080224459331,-0.008019242965102449,-0.003591051738870384,-0.0009879295080992122
0.3175000000000001,1.4475004871344517,0.5417529672069318,-0.02678258013833504,-0.02085706053884425,-0.014095018132330793,-0.008026756473532534,-0.003591768215928736,-0.000984431637878988
0.3225,1.4476805375568134,0.5418158642200966,-0.02680931398514191,-0.02087856548364194,-0.014109221713674222,-0.008033071568048205,-0.0035916213320107476,-0.000980749944884833
0.3275000000000001,1.447886458332303,0.5419007955833854,-0.026837520613859103,-0.020900670381534314,-0.01412335215823104,-0.008039089085630119,-0.0035913254078659106,-0.0009771714371786663
0.3325,1.4481162036366897,0.5420060101664179,-0.0268661680395883,-0.02092319986081721,-0.014137869113852671,-0.00804542913487894,-0.003591264266933641,-0.0009737238475494535
0.33750000000000013,1.4483383174792115,0.5421052100569655,-0.02689458939333421,-0.02094595990291405,-0.014152917603369758,-0.008052308842179659,-0.0035915204638443375,-0.0009703154474014464
0.3425,1.4485283503409176,0.5421780909266256,-0.02692241547140744,-0.02096884035827617,-0.014168591768244403,-0.008059890848242367,-0.003592199270041358,-0.0009669424382476237
0.3474999999999999,1.4486969868620492,0.5422335434022814,-0.026949818321894418,-0.020992042844277435,-0.01418512025770806,-0.00806840180138394,-0.0035934769248067815,-0.0009636908987351142
0.35250000000000004,1.4488795524812335,0.5423011735798521,-0.02697730462084827,-0.021015972831575292,-0.014202828772957908,-0.008078112291040315,-0.0035955615054220204,-0.0009606779543643181
0.35749999999999993,1.449099588648422,0.5424006169300418,-0.027005174838821262,-0.02104088643862199,-0.014221948319862125,-0.00808923451187991,-0.003598617579191477,-0.0009579780352866295
0.36250000000000004,1.4493434436608954,0.5425204556815678,-0.027033396484895736,-0.02106675785580832,-0.014242451869581996,-0.008101725262844403,-0.003602575267714874,-0.0009555019470656031
0.36749999999999994,1.4495725167595368,0.5426286113301428,-0.027061646114111455,-0.02109336936478725,-0.014264183657483748,-0.008115429414525178,-0.003607257971287774,-0.0009530830816273537
0.37250000000000005,1.4497612298643838,0.5427036025698563,-0.02708965651759225,-0.021120578404397954,-0.01428706994764471,-0.008130271186356331,-0.003612567151061375,-0.0009506347597582135
0.37749999999999995,1.449920243842031,0.542754389597511,-0.02711781854561837,-0.02114870126470312,-0.014311293336040126,-0.008146278889646412,-0.0036184228098203944,-0.0009480566146333339
0.38250000000000006,1.4500859668916601,0.5428114298626496,-0.027146436079316882,-0.02117799875001433,-0.014337074338335625,-0.008163651140904345,-0.0036250188654495903,-0.0009455340417892427
0.38749999999999996,1.450285199216337,0.5428968202275152,-0.02717600254940076,-0.021208777193623733,-0.014364562682214446,-0.008182459825900986,-0.0036324144072448156,-0.0009431302120248958
0.39250000000000007,1.4505104795990318,0.5430043185263776,-0.02720660112187082,-0.02124100338498791,-0.01439366771796688,-0.008202639470273351,-0.003640607871212816,-0.0009408825972947793
0.39749999999999996,1.4507295325799332,0.5431070417471694,-0.027237861278390105,-0.02127432395395172,-0.014424125978959233,-0.008224074703602886,-0.003649623794412635,-0.000938881600820134
0.4025000000000001,1.450916022779202,0.5431828866091041,-0.02726961824264514,-0.021308561777917755,-0.014455791492041587,-0.008246689217203675,-0.003659454807336317,-0.0009371503968018911
0.4075,1.4510719328396275,0.5432336352122864,-0.027302044334173485,-0.021343857185507728,-0.01448877927613449,-0.008270578039693697,-0.0036701688111507166,-0.0009357173660022402
0.4125000000000001,1.4512243611760545,0.5432819752194499,-0.02733522483928705,-0.02138037444296465,-0.014523334376702383,-0.008296033796405904,-0.003682048107009367,-0.0009347959579164111
0.4175,1.4513998946505173,0.5433498755673569,-0.027369498376741273,-0.021418442353054037,-0.014559749089836968,-0.008323279848673561,-0.003695225773110517,-0.0009344315587250245
0.4225000000000001,1.451602705239211,0.5434408419901815,-0.027404890834014258,-0.021458151744423,-0.014598155389141599,-0.00835244218963217,-0.00370978083783869,-0.0009346422527352531
0.4275,1.4518157195745074,0.5435405482332226,-0.027441028012770263,-0.021499289764339975,-0.014638497811423533,-0.008383572024264221,-0.0037258059910448994,-0.000935509372415945
0.4325000000000001,1.4520187047293667,0.543632017893577,-0.02747775877724744,-0.02154177244696215,-0.01468074698473422,-0.008416665041016218,-0.003743297407253942,-0.000937020753776217
0.4375,1.452206889602224,0.5437112787234251,-0.0275150694092747,-0.02158563395611064,-0.014724976241510233,-0.008451811963094958,-0.003762341868202886,-0.0009392447373261941
0.4425000000000001,1.4523937740854564,0.5437896110025144,-0.027553165200832373,-0.021631077006302582,-0.014771377945693668,-0.008489186176364908,-0.0037830861445369776,-0.000942293607267268
0.4475,1.4525975984940134,0.5438822491841216,-0.027592327559984565,-0.02167835034400773,-0.014820165365878242,-0.008528968962980464,-0.003805681411133912,-0.0009462829236415271
0.4525000000000001,1.4528245311209707,0.5439943250581895,-0.02763270717715712,-0.021727582297595402,-0.014871454100357749,-0.008571276122131684,-0.0038302451294640514,-0.0009513161019299122
0.4575,1.4530621628988256,0.5441154305222032,-0.027674256653629006,-0.021778730457908776,-0.014925230206962665,-0.008616141686952232,-0.003856855793980211,-0.0009574861474620079
0.46250000000000013,1.453287439164324,0.54422626027164,-0.027716820704306717,-0.021831665722171198,-0.014981422224804454,-0.008663573098556206,-0.003885590343330719,-0.000964898795928247
0.4675,1.453482467402388,0.544311840750208,-0.02776030179331941,-0.021886319678587778,-0.015040020671325881,-0.00871363706956926,-0.003916577532756859,-0.0009737008973873321
0.4724999999999999,1.4536471821691268,0.5443721093518336,-0.027804790618449572,-0.02194279795592062,-0.015101166132032114,-0.008766518463782333,-0.003950030037908681,-0.0009840933713439791
0.47750000000000004,1.4538010056926787,0.5444232428383842,-0.027850590468681907,-0.022001396669169577,-0.015165154987544662,-0.008822515423695613,-0.003986232539213812,-0.0009963175298408184
0.48249999999999993,1.45397277710553,0.5444893944891743,-0.027898048074684902,-0.022062467309277363,-0.01523234584864229,-0.00888198703333802,-0.004025523540261875,-0.001010659237682828
0.48750000000000004,1.4541854812591213,0.5445892698771287,-0.02794766315068277,-0.022126451994883382,-0.015303111629869023,-0.008945236104132944,-0.004068139640671056,-0.0010272923234494872
0.49249999999999994,1.4544423920416312,0.5447259598228094,-0.02799951972745583,-0.022193493796554546,-0.01537765850278977,-0.009012516308227685,-0.004114351302861483,-0.0010464654245713172
0.49750000000000005,1.4547253523037544,0.5448841232246633,-0.028053193381418543,-0.02226334018412395,-0.015455943983300593,-0.009083989266788422,-0.00416447511305366,-0.0010685667969819435
0.5025,1.4549990852276071,0.5450342182703576,-0.02810868342973765,-0.02233601701468267,-0.015538026278291057,-0.00915974671288347,-0.004218632265192904,-0.001093735374753936
0.5075000000000001,1.4552266470455841,0.5451454105097375,-0.028165681454652234,-0.022411353910914568,-0.015623906854907652,-0.009239962085637361,-0.004277133264075198,-0.0011223537194003114
0.5125,1.4553871501432105,0.5452002404359417,-0.02822411033404222,-0.022489390591391607,-0.015713772217041986,-0.009324969642466506,-0.0043404290042804335,-0.0011549288645866553
0.5175000000000001,1.4554925770029894,0.5452086107767604,-0.028284277493583095,-0.02257053549036491,-0.01580813915045319,-0.009415372613764454,-0.004409168131182516,-0.001192104061670119
0.5225,1.4556029860522497,0.545219157638813,-0.028346096909879968,-0.022655231122247776,-0.015907891205430447,-0.009512254260192005,-0.004484404288926161,-0.0012347903806695084
0.5275000000000001,1.4558365294748223,0.5453317139937117,-0.02840873014992776,-0.02274415466293614,-0.016014807227279413,-0.009617612776520333,-0.00456761587156196,-0.001283740725264211
0.5325,1.4564671785602041,0.545781781621539,-0.02847291989662676,-0.02283899089827278,-0.016131434581509514,-0.009734309438092545,-0.004661191559468132,-0.0013402827605256099
0.5375000000000001,1.4584030696084127,0.5473102058826551,-0.028561655674847898,-0.022954984025507077,-0.016265897291236137,-0.00986608822071084,-0.0047672323108475705,-0.001406097047381402
0.5425,1.4635324440030268,0.5515004778791792,-0.028716203887367196,-0.023118707225875397,-0.01643105367758473,-0.010017919691399944,-0.004889844919513291,-0.0014889177815619178
0.5475000000000001,1.4721925560859648,0.5586201979248312,-0.028882940023489987,-0.02329910865586362,-0.016615940550402233,-0.010189452206722646,-0.005029300543991672,-0.001584582149377796
0.5525,1.48390796844489,0.5682377999846382,-0.029077409082235682,-0.02350654035731898,-0.01682514369363128,-0.010380137937903449,-0.005181056779257346,-0.001685624012251492
0.5575000000000001,1.497994389491211,0.5797727517191515,-0.02929782677757979,-0.023737300344445655,-0.017054450492097837,-0.010587545078471605,-0.005346225889955323,-0.0017968990240302537
0.5625,1.5138061152864943,0.5926691435918701,-0.029531960274994648,-0.023979699721345744,-0.017293246783722467,-0.01080273544671596,-0.00551801325842797,-0.0019139126487379976
0.5675000000000001,1.5308199706123924,0.6064802492668708,-0.029773232402156433,-0.02422783002567202,-0.01753646316866012,-0.01102154280210113,-0.0056931570172642125,-0.0020342765007823355
0.5725,1.5486562386008496,0.6208844430104846,-0.03001720184502348,-0.024477710669142106,-0.01778072717701058,-0.011241279714781352,-0.005869666637260552,-0.002156652382020048
0.5775000000000001,1.5670591551144502,0.6356660864068964,-0.030260964844496252,-0.024726670830418126,-0.01802370172091676,-0.011460022067289986,-0.006046077639923059,-0.0022800389891098945
0.5825,1.585864192610745,0.6506870785713222,-0.03050276698153618,-0.024973064566956627,-0.018263900732737523,-0.011676492689120388,-0.006221364396358063,-0.0024036891956444864
0.5875000000000001,1.6049679446654403,0.6658609759906002,-0.03074159222464421,-0.025215915272988033,-0.018500406700356947,-0.011889858779684752,-0.006394812612676577,-0.0025270431829424005
0.5925,1.6243054216902473,0.681133660587983,-0.030976880610494025,-0.025454658441676326,-0.018732651638152575,-0.012099561332856942,-0.006565901064634436,-0.002649658222869203
0.5975000000000001,1.6438346740034049,0.6964703712033482,-0.031208343837036988,-0.025688975214429026,-0.018960276306084094,-0.012305205267270861,-0.006734224083788917,-0.0027711606772105974
0.6025,1.6635270312426464,0.7118475294333931,-0.03143584645022081,-0.025918686465223953,-0.019183041916249782,-0.012506491417539425,-0.0068994439999933025,-0.0028912166062013446
0.6074999999999999,1.6833611236102413,0.7272477608133494,-0.031659333092346933,-0.026143687932054474,-0.019400776048828564,-0.012703174882232804,-0.007061262036062945,-0.0030095137995793286
0.6125,1.7033192278358213,0.7426568888934196,-0.031878787067050586,-0.026363912827308662,-0.019613340969354628,-0.012895040152124138,-0.007219400547753832,-0.00312575051898558
0.6174999999999999,1.7233849371832468,0.7580620739563337,-0.03209420864740331,-0.02657931169399111,-0.01982061589335855,-0.01308188654923255,-0.00737359208606172,-0.003239628127898948
0.6225,1.7435415137794452,0.7734505396348134,-0.032305602525448784,-0.02678984050047095,-0.02002248620950155,-0.013263519091866027,-0.007523572282323845,-0.0033508460716049795
0.6275,1.7637704962077614,0.7888085055833979,-0.032512965112282334,-0.026995449140010855,-0.020218833661545768,-0.01343974068236274,-0.007669074133544274,-0.0034590980688633506
0.6325000000000001,1.784050196310973,0.8041200534224617,-0.03271626846244778,-0.02719606734808722,-0.020409524870075142,-0.01361034347784204,-0.007809822092276921,-0.0035640684598759924
0.6375,1.804353686216062,0.8193656739987145,-0.032915440012202334,-0.02739158706925024,-0.020594397091172067,-0.013775098298515542,-0.007945524896591824,-0.0036654278362504896
0.6425000000000001,1.824645805131464,0.8345201531460781,-0.03311033411158681,-0.027581837786000943,-0.02077323841021484,-0.013933740008096197,-0.00807586576794622,-0.0037628271633021867
0.6475,1.8448783293058355,0.8495491340108303,-0.03330069144861887,-0.027766550943723836,-0.020945758693235138,-0.01408594560310236,-0.00820048735629117,-0.0038558885664968807
0.6525000000000001,1.8649823587192251,0.8644037011569541,-0.03348608469148373,-0.027945311475397402,-0.021111549057107756,-0.014231302766725663,-0.008318969482912948,-0.00394419137603365
0.6575,1.8848561142460785,0.879011781708236,-0.033665835001477185,-0.028117483706808173,-0.021270020386458612,-0.014369262693557035,-0.008430796316021906,-0.0040272521699123345
0.6625000000000001,1.9043467289786862,0.8932654385273416,-0.03383887282087667,-0.02828209001011805,-0.021420305322487242,-0.014499067613803263,-0.008535308453305065,-0.004104497905783049
0.6675,1.9232246041674912,0.9070031149239765,-0.03400354172476923,-0.028437641549354714,-0.021561123718954626,-0.01461965363089078,-0.008631641029734375,-0.004175233628937529
0.6725000000000001,1.941156175148466,0.9199910923320949,-0.034157395825019685,-0.02858196470206178,-0.021690646442039198,-0.014729554688457767,-0.008718665512707637,-0.004238615981504254
0.6775,1.957683418750348,0.9319099381850615,-0.03429708916499762,-0.028712110993077355,-0.021806431118036148,-0.01482686512724714,-0.00879497642860457,-0.004293659117194633
0.6825000000000001,1.9722291591798207,0.942359166994107,-0.03441841877465935,-0.028824408822730484,-0.021905482688468918,-0.014909306275999444,-0.008858959559782761,-0.004339300096284908
0.6875,1.9841556441876853,0.9508991294093805,-0.034516755400752754,-0.028914862488151147,-0.021984606913370865,-0.014974524150120593,-0.008909028897858613,-0.004374576483603502
0.6925000000000001,1.992876875888253,0.9571292679194547,-0.03458804532551252,-0.028980040392979377,-0.022041148894918074,-0.015020662322749973,-0.008944037956346535,-0.0043988965393397875
0.6975,1.9979825126357849,0.9607709165783256,-0.034628942961993626,-0.029017241865896617,-0.02207319217234212,-0.015046577899535044,-0.008963490001287535,-0.004412222159011943
0.7025000000000001,1.999617708096501,0.9619368126134871,-0.03464267161694195,-0.029029663369186606,-0.022083810714534968,-0.015055083787947475,-0.008969799139722762,-0.00441647829560834
0.7075,1.9999279306826654,0.9621579245538279,-0.03464530172914205,-0.02903204464427337,-0.022085848103056725,-0.015056717333496662,-0.008971011855728742,-0.004417296967979795
0.7125000000000001,1.99998639782297,0.962199598486857,-0.03464579738128636,-0.02903249358189211,-0.022086232410595277,-0.015057025646037938,-0.008971240875893407,-0.004417451657024006
0.7175,1.9999974330898787,0.9622074643005513,-0.03464589091464085,-0.029032578309384507,-0.022086304951083796,-0.015057083851146128,-0.008971284118102947,-0.004417480867948199
0.7225000000000001,1.9999995158292811,0.9622089488631267,-0.034645908568613874,-0.029032594301640083,-0.02208631864341179,-0.015057094837883526,-0.008971292280594591,-0.004417486381863073
0.7275,1.9999999087212443,0.9622092289145265,-0.03464591189918903,-0.029032597318721265,-0.022086321226591238,-0.0150570969106233,-0.008971293820504444,-0.004417487422082814
0.7324999999999999,1.9999999827998116,0.9622092817174243,-0.034645912527215786,-0.029032597887631933,-0.022086321713680995,-0.015057097301460542,-0.00897129411086723,-0.004417487618221189
0.7375,1.9999999967604951,0.9622092916685517,-0.0346459126455823,-0.02903259799485588,-0.02208632180548322,-0.015057097375121495,-0.00897129416559102,-0.004417487655186096
0.7424999999999999,1.9999999993901438,0.9622092935429581,-0.03464591266787981,-0.029032598015054634,-0.02208632182277692,-0.015057097388997333,-0.008971294175899496,-0.0044174876621491605
0.7475,1.9999999998852607,0.9622092938958747,-0.03464591267207802,-0.029032598018857853,-0.022086321826033425,-0.015057097391609844,-0.008971294177840431,-0.004417487663460238
0.7525,1.999999999978435,0.9622092939622898,-0.03464591267286828,-0.029032598019573634,-0.022086321826646237,-0.015057097392101525,-0.008971294178205705,-0.004417487663706957
0.7575000000000001,1.9999999999959477,0.9622092939747731,-0.03464591267301716,-0.029032598019708207,-0.022086321826761263,-0.015057097392194083,-0.008971294178274403,-0.004417487663753285
0.7625,1.9999999999992386,0.9622092939771181,-0.034645912673045065,-0.02903259801973346,-0.022086321826782954,-0.015057097392211444,-0.008971294178287289,-0.004417487663761995
0.7675000000000001,1.9999999999998541,0.9622092939775577,-0.03464591267305031,-0.02903259801973819,-0.022086321826786957,-0.015057097392214702,-0.008971294178289723,-0.004417487663763624
0.7725,1.999999999999972,0.962209293977639,-0.03464591267305138,-0.029032598019739137,-0.022086321826787672,-0.015057097392215332,-0.008971294178290165,-0.00441748766376392
0.7775000000000001,1.9999999999999942,0.962209293977653,-0.03464591267305141,-0.029032598019739193,-0.02208632182678791,-0.015057097392215356,-0.008971294178290231,-0.004417487663763997
0.7825,1.999999999999999,0.962209293977657,-0.034645912673051525,-0.029032598019739134,-0.02208632182678786,-0.015057097392215415,-0.008971294178290271,-0.00441748766376399
0.7875000000000001,2.,0.962209293977657,-0.03464591267305148,-0.029032598019739134,-0.02208632182678785,-0.015057097392215384,-0.008971294178290252,-0.0044174876637639885
0.7925,2.,0.962209293977657,-0.03464591267305148,-0.029032598019739134,-0.02208632182678785,-0.015057097392215384,-0.008971294178290252,-0.0044174876637639885
0.7975000000000001,2.,0.962209293977657,-0.03464591267305148,-0.029032598019739134,-0.02208632182678785,-0.015057097392215384,-0.008971294178290252,-0.0044174876637639885
0.8025,2.,0.962209293977657,-0.03464591267305148,-0.029032598019739134,-0.02208632182678785,-0.015057097392215384,-0.008971294178290252,-0.0044174876637639885
0.8075000000000001,2.,0.962209293977657,-0.03464591267305148,-0.029032598019739134,-0.02208632182678785,-0.015057097392215384,-0.008971294178290252,-0.0044174876637639885
0.8125,2.,0.962209293977657,-0.03464591267305148,-0.029032598019739134,-0.02208632182678785,-0.015057097392215384,-0.008971294178290252,-0.0044174876637639885
0.8175000000000001,2.,0.962209293977657,-0.03464591267305148,-0.029032598019739134,-0.02208632182678785,-0.015057097392215384,-0.008971294178290252,-0.0044174876637639885
0.8225,2.,0.962209293977657,-0.03464591267305148,-0.029032598019739134,-0.02208632182678785,-0.015057097392215384,-0.008971294178290252,-0.0044174876637639885
0.8275000000000001,2.,0.962209293977657,-0.03464591267305148,-0.029032598019739134,-0.02208632182678785,-0.015057097392215384,-0.008971294178290252,-0.0044174876637639885
0.8325,2.,0.962209293977657,-0.03464591267305148,-0.029032598019739134,-0.02208632182678785,-0.015057097392215384,-0.008971294178290252,-0.0044174876637639885
0.8375000000000001,2.,0.962209293977657,-0.03464591267305148,-0.029032598019739134,-0.02208632182678785,-0.015057097392215384,-0.008971294178290252,-0.0044174876637639885
0.8425,2.,0.962209293977657,-0.03464591267305148,-0.029032598019739134,-0.02208632182678785,-0.015057097392215384,-0.008971294178290252,-0.0044174876637639885
0.8475000000000001,2.,0.962209293977657,-0.03464591267305148,-0.029032598019739134,-0.02208632182678785,-0.015057097392215384,-0.008971294178290252,-0.0044174876637639885
0.8525,2.,0.962209293977657,-0.03464591267305148,-0.029032598019739134,-0.02208632182678785,-0.015057097392215384,-0.008971294178290252,-0.0044174876637639885
0.8574999999999999,2.,0.962209293977657,-0.03464591267305148,-0.029032598019739134,-0.02208632182678785,-0.015057097392215384,-0.008971294178290252,-0.0044174876637639885
0.8625,2.,0.962209293977657,-0.03464591267305148,-0.029032598019739134,-0.02208632182678785,-0.015057097392215384,-0.008971294178290252,-0.0044174876637639885
0.8674999999999999,2.,0.962209293977657,-0.03464591267305148,-0.029032598019739134,-0.02208632182678785,-0.015057097392215384,-0.008971294178290252,-0.0044174876637639885
0.8725,2.,0.962209293977657,-0.03464591267305148,-0.029032598019739134,-0.02208632182678785,-0.015057097392215384,-0.008971294178290252,-0.0044174876637639885
0.8775,2.,0.962209293977657,-0.03464591267305148,-0.029032598019739134,-0.02208632182678785,-0.015057097392215384,-0.008971294178290252,-0.0044174876637639885
0.8825000000000001,2.,0.962209293977657,-0.03464591267305148,-0.029032598019739134,-0.02208632182678785,-0.015057097392215384,-0.008971294178290252,-0.0044174876637639885
0.8875,2.,0.962209293977657,-0.03464591267305148,-0.029032598019739134,-0.02208632182678785,-0.015057097392215384,-0.008971294178290252,-0.0044174876637639885
0.8925000000000001,2.,0.962209293977657,-0.03464591267305148,-0.029032598019739134,-0.02208632182678785,-0.015057097392215384,-0.008971294178290252,-0.0044174876637639885
0.8975,2.,0.962209293977657,-0.03464591267305148,-0.029032598019739134,-0.02208632182678785,-0.015057097392215384,-0.008971294178290252,-0.0044174876637639885
0.9025000000000001,2.,0.962209293977657,-0.03464591267305148,-0.029032598019739134,-0.02208632182678785,-0.015057097392215384,-0.008971294178290252,-0.0044174876637639885
0.9075,2.,0.962209293977657,-0.03464591267305148,-0.029032598019739134,-0.02208632182678785,-0.015057097392215384,-0.008971294178290252,-0.0044174876637639885
0.9125000000000001,2.,0.962209293977657,-0.03464591267305148,-0.029032598019739134,-0.02208632182678785,-0.015057097392215384,-0.008971294178290252,-0.0044174876637639885
0.9175,2.,0.962209293977657,-0.03464591267305148,-0.029032598019739134,-0.02208632182678785,-0.015057097392215384,-0.008971294178290252,-0.0044174876637639885
0.9225000000000001,2.,0.962209293977657,-0.03464591267305148,-0.029032598019739134,-0.02208632182678785,-0.015057097392215384,-0.008971294178290252,-0.0044174876637639885
0.9275,2.,0.962209293977657,-0.03464591267305148,-0.029032598019739134,-0.02208632182678785,-0.015057097392215384,-0.008971294178290252,-0.0044174876637639885
0.9325000000000001,2.,0.962209293977657,-0.03464591267305148,-0.029032598019739134,-0.02208632182678785,-0.015057097392215384,-0.008971294178290252,-0.0044174876637639885
0.9375,2.,0.962209293977657,-0.03464591267305148,-0.029032598019739134,-0.02208632182678785,-0.015057097392215384,-0.008971294178290252,-0.0044174876637639885
0.9425000000000001,2.,0.962209293977657,-0.03464591267305148,-0.029032598019739134,-0.02208632182678785,-0.015057097392215384,-0.008971294178290252,-0.0044174876637639885
0.9475,2.,0.962209293977657,-0.03464591267305148,-0.029032598019739134,-0.02208632182678785,-0.015057097392215384,-0.008971294178290252,-0.0044174876637639885
0.9525000000000001,2.,0.962209293977657,-0.03464591267305148,-0.029032598019739134,-0.02208632182678785,-0.015057097392215384,-0.008971294178290252,-0.0044174876637639885
0.9575,2.,0.962209293977657,-0.03464591267305148,-0.029032598019739134,-0.02208632182678785,-0.015057097392215384,-0.008971294178290252,-0.0044174876637639885
0.9625000000000001,2.,0.962209293977657,-0.03464591267305148,-0.029032598019739134,-0.02208632182678785,-0.015057097392215384,-0.008971294178290252,-0.0044174876637639885
0.9675,2.,0.962209293977657,-0.03464591267305148,-0.029032598019739134,-0.02208632182678785,-0.015057097392215384,-0.008971294178290252,-0.0044174876637639885
0.9725000000000001,2.,0.962209293977657,-0.03464591267305148,-0.029032598019739134,-0.02208632182678785,-0.015057097392215384,-0.008971294178290252,-0.0044174876637639885
0.9775,2.,0.962209293977657,-0.03464591267305148,-0.029032598019739134,-0.02208632182678785,-0.015057097392215384,-0.008971294178290252,-0.0044174876637639885
0.9825000000000002,2.,0.962209293977657,-0.03464591267305148,-0.029032598019739134,-0.02208632182678785,-0.015057097392215384,-0.008971294178290252,-0.0044174876637639885
0.9875,2.,0.962209293977657,-0.03464591267305148,-0.029032598019739134,-0.02208632182678785,-0.015057097392215384,-0.008971294178290252,-0.0044174876637639885
0.9924999999999999,2.,0.962209293977657,-0.03464591267305148,-0.029032598019739134,-0.02208632182678785,-0.015057097392215384,-0.008971294178290252,-0.0044174876637639885
0.9975,2.,0.962209293977657,-0.03464591267305148,-0.029032598019739134,-0.02208632182678785,-0.015057097392215384,-0.008971294178290252,-0.0044174876637639885
