-0.9975,2.0,0.16896044016262005,-0.06677309096978563,-0.0636780368281521,-0.021835109324065204
-0.9925,2.0,0.16896044016262005,-0.06677309096978563,-0.0636780368281521,-0.021835109324065204
-0.9875,2.0,0.16896044016262005,-0.06677309096978563,-0.0636780368281521,-0.021835109324065204
-0.9825,2.0,0.16896044016262005,-0.06677309096978563,-0.0636780368281521,-0.021835109324065204
-0.9775,2.0,0.16896044016262005,-0.06677309096978563,-0.0636780368281521,-0.021835109324065204
-0.9725,2.0,0.16896044016262005,-0.06677309096978563,-0.0636780368281521,-0.021835109324065204
-0.9675,2.0,0.16896044016262005,-0.06677309096978563,-0.0636780368281521,-0.021835109324065204
-0.9625,2.0,0.16896044016262005,-0.06677309096978563,-0.0636780368281521,-0.021835109324065204
-0.9575,2.0,0.16896044016262005,-0.06677309096978563,-0.0636780368281521,-0.021835109324065204
-0.9525,2.0,0.16896044016262005,-0.06677309096978563,-0.0636780368281521,-0.021835109324065204
-0.9475,2.0,0.16896044016262005,-0.06677309096978563,-0.0636780368281521,-0.021835109324065204
-0.9425,2.0,0.16896044016262005,-0.06677309096978563,-0.0636780368281521,-0.021835109324065204
-0.9375,2.0,0.16896044016262005,-0.06677309096978563,-0.0636780368281521,-0.021835109324065204
-0.9325,2.0,0.16896044016262005,-0.06677309096978563,-0.0636780368281521,-0.021835109324065204
-0.9275,2.0,0.16896044016262005,-0.06677309096978563,-0.0636780368281521,-0.021835109324065204
-0.9225,2.0,0.16896044016262005,-0.06677309096978563,-0.0636780368281521,-0.021835109324065204
-0.9175,2.0,0.16896044016262005,-0.06677309096978563,-0.0636780368281521,-0.021835109324065204
-0.9125,2.0,0.16896044016262005,-0.06677309096978563,-0.0636780368281521,-0.021835109324065204
-0.9075,2.0,0.16896044016262005,-0.06677309096978563,-0.0636780368281521,-0.021835109324065204
-0.9025,2.0,0.16896044016262005,-0.06677309096978563,-0.0636780368281521,-0.021835109324065204
-0.8975,2.0,0.16896044016262005,-0.06677309096978563,-0.0636780368281521,-0.021835109324065204
-0.8925,2.0,0.16896044016262005,-0.06677309096978563,-0.0636780368281521,-0.021835109324065204
-0.8875,2.0,0.16896044016262005,-0.06677309096978563,-0.0636780368281521,-0.021835109324065204
-0.8825000000000001,2.0,0.16896044016262005,-0.06677309096978563,-0.0636780368281521,-0.021835109324065204
-0.8775,2.0,0.16896044016262005,-0.06677309096978563,-0.0636780368281521,-0.021835109324065204
-0.8725,2.0,0.16896044016262005,-0.06677309096978563,-0.0636780368281521,-0.021835109324065204
-0.8674999999999999,2.0,0.16896044016262005,-0.06677309096978563,-0.0636780368281521,-0.021835109324065204
-0.8625,2.0,0.16896044016262005,-0.06677309096978563,-0.0636780368281521,-0.021835109324065204
-0.8575,2.0,0.16896044016262005,-0.06677309096978563,-0.0636780368281521,-0.021835109324065204
-0.8525,2.0,0.16896044016262005,-0.06677309096978563,-0.0636780368281521,-0.021835109324065204
-0.8475,2.0,0.16896044016262005,-0.06677309096978563,-0.0636780368281521,-0.021835109324065204
-0.8425,2.0,0.16896044016262005,-0.06677309096978563,-0.0636780368281521,-0.021835109324065204
-0.8375,2.0,0.16896044016262005,-0.06677309096978563,-0.0636780368281521,-0.021835109324065204
-0.8325,2.0,0.16896044016262005,-0.06677309096978563,-0.0636780368281521,-0.021835109324065204
-0.8275,2.0,0.16896044016262005,-0.06677309096978563,-0.0636780368281521,-0.021835109324065204
-0.8225,2.0,0.16896044016262005,-0.06677309096978563,-0.0636780368281521,-0.021835109324065204
-0.8175,2.0,0.16896044016262005,-0.06677309096978563,-0.0636780368281521,-0.021835109324065204
-0.8125,2.0,0.16896044016262005,-0.06677309096978563,-0.0636780368281521,-0.021835109324065204
-0.8075,2.0,0.16896044016262005,-0.06677309096978563,-0.0636780368281521,-0.021835109324065204
-0.8025,2.0,0.16896044016262005,-0.06677309096978563,-0.0636780368281521,-0.021835109324065204
-0.7975,2.0,0.16896044016262005,-0.06677309096978563,-0.0636780368281521,-0.021835109324065204
-0.7925,2.0,0.16896044016262005,-0.06677309096978563,-0.0636780368281521,-0.021835109324065204
-0.7875,2.0,0.16896044016262005,-0.06677309096978563,-0.0636780368281521,-0.021835109324065204
-0.7825,2.0,0.16896044016262005,-0.06677309096978563,-0.0636780368281521,-0.021835109324065204
-0.7775,2.0,0.16896044016262005,-0.06677309096978563,-0.0636780368281521,-0.021835109324065204
-0.7725,2.0,0.16896044016262005,-0.06677309096978563,-0.0636780368281521,-0.021835109324065204
-0.7675,2.0,0.16896044016262005,-0.06677309096978563,-0.0636780368281521,-0.021835109324065204
-0.7625,2.0,0.16896044016262005,-0.06677309096978563,-0.0636780368281521,-0.021835109324065204
-0.7575000000000001,2.0,0.16896044016262005,-0.06677309096978563,-0.0636780368281521,-0.021835109324065204
-0.7525,2.0,0.16896044016262005,-0.06677309096978563,-0.0636780368281521,-0.021835109324065204
-0.7475,2.0,0.16896044016262005,-0.06677309096978563,-0.0636780368281521,-0.021835109324065204
-0.7424999999999999,2.0,0.16896044016262005,-0.06677309096978563,-0.0636780368281521,-0.021835109324065204
-0.7375,2.0,0.16896044016262005,-0.06677309096978563,-0.0636780368281521,-0.021835109324065204
-0.7324999999999999,2.0,0.16896044016262005,-0.06677309096978563,-0.0636780368281521,-0.021835109324065204
-0.7275,2.0,0.16896044016262005,-0.06677309096978563,-0.0636780368281521,-0.021835109324065204
-0.7224999999999999,2.0,0.16896044016262005,-0.06677309096978563,-0.0636780368281521,-0.021835109324065204
-0.7175,2.0,0.16896044016262005,-0.06677309096978563,-0.0636780368281521,-0.021835109324065204
-0.7125,2.0,0.16896044016262005,-0.06677309096978563,-0.0636780368281521,-0.021835109324065204
-0.7075,2.0,0.16896044016262005,-0.06677309096978563,-0.0636780368281521,-0.021835109324065204
-0.7025,2.0,0.16896044016262005,-0.06677309096978563,-0.0636780368281521,-0.021835109324065204
-0.6975,2.0,0.16896044016262005,-0.06677309096978563,-0.0636780368281521,-0.021835109324065204
-0.6925,2.0,0.16896044016262005,-0.06677309096978563,-0.0636780368281521,-0.021835109324065204
-0.6875,2.0,0.16896044016262005,-0.06677309096978563,-0.0636780368281521,-0.021835109324065204
-0.6825,2.0,0.16896044016262005,-0.06677309096978563,-0.0636780368281521,-0.021835109324065204
-0.6775,2.0,0.16896044016262005,-0.06677309096978563,-0.0636780368281521,-0.021835109324065204
-0.6725,2.0,0.16896044016262005,-0.06677309096978563,-0.0636780368281521,-0.021835109324065204
-0.6675,2.0,0.16896044016262005,-0.06677309096978563,-0.0636780368281521,-0.021835109324065204
-0.6625,2.0,0.1689604401626201,-0.06677309096978563,-0.06367803682815211,-0.021835109324065207
-0.6575,1.9999999999999993,0.16896044016262052,-0.0667730909697856,-0.06367803682815217,-0.021835109324065245
-0.6525000000000001,1.999999999999997,0.16896044016262224,-0.06677309096978555,-0.06367803682815233,-0.0218351093240654
-0.6475,1.999999999999986,0.16896044016262973,-0.0667730909697855,-0.06367803682815308,-0.02183510932406609
-0.6425000000000001,1.9999999999999423,0.16896044016266057,-0.06677309096978513,-0.06367803682815622,-0.0218351093240689
-0.6375,1.99999999999977,0.16896044016278133,-0.06677309096978375,-0.0636780368281687,-0.021835109324080153
-0.6325000000000001,1.999999999999122,0.16896044016323541,-0.066773090969779,-0.06367803682821598,-0.021835109324123077
-0.6275,1.9999999999967855,0.16896044016487308,-0.06677309096976317,-0.06367803682838868,-0.021835109324280365
-0.6225,1.9999999999886948,0.16896044017054254,-0.06677309096971284,-0.06367803682899381,-0.021835109324834
-0.6174999999999999,1.9999999999617857,0.1689604401893968,-0.06677309096956148,-0.0636780368310311,-0.02183510932670628
-0.6125,1.9999999998757556,0.16896044024966608,-0.06677309096913124,-0.06367803683762743,-0.02183510933279513
-0.6074999999999999,1.9999999996112356,0.16896044043495073,-0.06677309096798127,-0.0636780368581763,-0.021835109351847723
-0.6025,1.9999999988286101,0.1689604409830589,-0.06677309096511572,-0.06367803691980146,-0.021835109409241032
-0.5974999999999999,1.999999996599431,0.16896044254399484,-0.06677309095856052,-0.06367803709780509,-0.02183510957576482
-0.5925,1.9999999904840489,0.16896044682541353,-0.06677309094521561,-0.06367803759326178,-0.021835110041352232
-0.5875,1.9999999743194172,0.16896045814028643,-0.06677309092286149,-0.06367803892272941,-0.021835111296293223
-0.5825,1.9999999331350895,0.16896048696274377,-0.0667730909006483,-0.06367804236321452,-0.021835114558529267
-0.5775,1.9999998319614072,0.1689605577535304,-0.06677309093629595,-0.06367805095320528,-0.021835122740091962
-0.5725,1.9999995922417892,0.16896072544749996,-0.06677309124710776,-0.06367807165200139,-0.021835142543112845
-0.5675,1.9999990442714906,0.16896110868639108,-0.06677309250647046,-0.06367811980383069,-0.02183518881674782
-0.5625,1.999997835536378,0.16896195384027016,-0.06677309657133647,-0.06367822797710147,-0.021835293231803544
-0.5575,1.999995262085932,0.16896375273315403,-0.06677310814390579,-0.06367846271303082,-0.02183552080885367
-0.5525,1.9999899729103263,0.168967448923622,-0.06677313833137084,-0.06367895485924065,-0.02183600001993945
-0.5475,1.9999794771859527,0.16897478133588847,-0.06677321182840841,-0.06367995200076343,-0.021836975110746944
-0.5425,1.9999593657584946,0.16898882679353683,-0.06677338059746536,-0.06368190477821552,-0.02183889272218949
-0.5375,1.999922150213604,0.16901480837616395,-0.06677374848602484,-0.06368560188178161,-0.02184253810992832
-0.5325,1.9998556387579685,0.16906122515268054,-0.06677451306261295,-0.06369236988997631,-0.021849237885652947
-0.5275000000000001,1.9997408237516916,0.16914131976258032,-0.0667760326602756,-0.0637043519325248,-0.02186114416435888
-0.5225,1.9995493636559243,0.169274824942837,-0.06677892739643305,-0.06372487118809733,-0.02188160686385294
-0.5175000000000001,1.9992409021648943,0.16948981890264084,-0.06678422163341148,-0.06375886984632961,-0.021915624710460192
-0.5125,1.998760655605902,0.16982438939738628,-0.06679353066463822,-0.06381339156570819,-0.02197034111851371
-0.5075000000000001,1.9980378629618853,0.17032769491487249,-0.06680928547897139,-0.06389804893228943,-0.022055521657673573
-0.5025,1.9969857551317307,0.17105997132527664,-0.06683497659850204,-0.06402539382181145,-0.02218392244173854
-0.49750000000000005,1.9955035882220697,0.1720911135955576,-0.06687538348066746,-0.06421109711719519,-0.022371443667924363
-0.49250000000000005,1.9934809691454765,0.17349768425226386,-0.06693674418692497,-0.06447385337997166,-0.022636969809427192
-0.48750000000000004,1.9908042274166329,0.17535852859081252,-0.06702681639142724,-0.0648349592798334,-0.023001832967660677
-0.48250000000000004,1.9873640834035817,0.1777495206953943,-0.067154789665032,-0.0653175672120786,-0.023488895212593126
-0.47750000000000004,1.9830634992705212,0.18073820786956427,-0.0673310309910914,-0.06594567502170749,-0.02412131641991942
-0.47250000000000003,1.9778245095950913,0.18437917349453298,-0.06756667625483208,-0.06674296276348313,-0.024921137352679933
-0.4675,1.971593049577087,0.18871077913089532,-0.06787311151934157,-0.06773161413939321,-0.025907845805004527
-0.4625,1.9643412484558076,0.19375363507219467,-0.06826140994952455,-0.06893125760634232,-0.027097096625155435
-0.4575,1.9560671781217542,0.19951079269110256,-0.06874179701460256,-0.07035813341409476,-0.028499725537228335
-0.4525,1.9467924846161395,0.20596935815975392,-0.06932320726495532,-0.07202454822970812,-0.030121142620781846
-0.4475,1.936558585769005,0.2131030593811423,-0.07001297487591124,-0.07393863108280611,-0.03196112944284761
-0.4425,1.9254221747242668,0.2208752651416703,-0.07081667435997505,-0.07610436366977545,-0.034014008522236724
-0.4375,1.9134506720366848,0.22924202502243182,-0.07173810420473233,-0.0785218306586692,-0.03626911447959007
-0.4325,1.9007180902730176,0.23815482126440815,-0.07277938918702717,-0.08118762287322076,-0.03871147618331417
-0.4275,1.8873015809013194,0.24756285503680867,-0.07394116827566108,-0.08409532593003353,-0.04132261662691838
-0.4225,1.873278767568652,0.2574148004504877,-0.0752228335159403,-0.08723603513905923,-0.04408138739039649
-0.4175,1.858725851858035,0.2676600378860088,-0.07662278895979652,-0.09059885012376839,-0.046964771763158955
-0.4125,1.8437164080868969,0.2782494236912859,-0.07813870517611894,-0.09417131628857876,-0.04994861006152359
-0.4075,1.8283207534964192,0.2891356724715,-0.07976775215259832,-0.09793979268891201,-0.053008218907657306
-0.40249999999999997,1.812605777006969,0.30027342939717233,-0.08150680014125204,-0.10188973585275526,-0.05611889130683507
-0.39749999999999996,1.796635122296587,0.31161910078206634,-0.08335258349923995,-0.10600589630179569,-0.059256275557590055
-0.39249999999999996,1.7804696407088776,0.3231304973677183,-0.08530182661273672,-0.11027242910277352,-0.062396638482274995
-0.38749999999999996,1.7641680506793431,0.33476633011577567,-0.08735133364529381,-0.11467292221306073,-0.06551702276894193
-0.38249999999999995,1.747787759516921,0.3464855851785742,-0.08949804535316694,-0.11919034725855834,-0.06859531016192759
-0.37749999999999995,1.7313858184721413,0.35824679449405744,-0.09173906683022363,-0.12380693732497285,-0.07161020265778834
-0.37250000000000005,1.7150199917139877,0.37000721216091015,-0.09407167003383399,-0.12850399600723536,-0.07454113355482025
-0.36750000000000005,1.6987499227814535,0.38172190552143226,-0.09649327449598409,-0.1332616420608177,-0.07736811993855189
-0.36250000000000004,1.6826383764202097,0.3933427753288966,-0.0990014088703019,-0.13805849538643591,-0.08007156874585966
-0.35750000000000004,1.6667525167428443,0.4048175338857883,-0.10159365497020367,-0.14287131384087048,-0.08263205079120466
-0.35250000000000004,1.6511651506965597,0.41608869683816757,-0.10426757472673213,-0.1476745978881776,-0.08503006202177386
-0.34750000000000003,1.6359558147208964,0.42709268712127574,-0.10702061902291533,-0.15244019304843,-0.08724579981898517
-0.3425,1.6212115090694146,0.43775921136145085,-0.10985001567059595,-0.15713694012909715,-0.08925899524403309
-0.3375,1.607026789724691,0.44801114932985664,-0.1127526320823269,-0.1617304512522608,-0.09104885987408946
-0.3325,1.5935028236322388,0.4577652867268715,-0.11572480705210236,-0.16618312435287824,-0.0925942266401529
-0.3275,1.5807449295614906,0.466934295549057,-0.11876214681678945,-0.1704545439686299,-0.09387398276606028
-0.3225,1.5688581224761133,0.4754303756967409,-0.12185928556164285,-0.1745024377467508,-0.09486789912984804
-0.3175,1.5579403408392476,0.48317084238168284,-0.12500962295776008,-0.17828434235754795,-0.09555793765598448
-0.3125,1.5480734579862963,0.4900855950891973,-0.12820507389604324,-0.18176004902651843,-0.09593004709968736
-0.3075,1.5393129016857663,0.4961257979937078,-0.13143589724907578,-0.18489472414226496,-0.09597632499420278
-0.3025,1.5316776218613852,0.5012723279907292,-0.13469070158832103,-0.18766234335361506,-0.09569724113332051
-0.2975,1.5251429174862787,0.5055418895789746,-0.1379567352420507,-0.1900488074177687,-0.09510343916840004
-0.2925,1.5196387411867778,0.50898859550442,-0.14122052941408123,-0.1920539564190788,-0.09421655179255105
-0.2875,1.5150551141967628,0.511699633151975,-0.1444688636313855,-0.19369180650926532,-0.09306857698895647
-0.2825,1.5112542708582897,0.5137853226542672,-0.14768988754012732,-0.1949887472440941,-0.09169969352714386
-0.27749999999999997,1.5080868815195247,0.5153657714411625,-0.15087412844423517,-0.19598003159460825,-0.0901548454741027
-0.27249999999999996,1.5054083219959598,0.5165574777685609,-0.15401511208609583,-0.19670540011787976,-0.08847980326014877
-0.26749999999999996,1.5030912265533738,0.5174630027790186,-0.15710944555331557,-0.19720486147260521,-0.0867175334407341
-0.26249999999999996,1.5010322783962693,0.5181653961619785,-0.16015639842923435,-0.19751544309468128,-0.08490553364048312
-0.25749999999999995,1.4991533540798618,0.5187272669938229,-0.16315717285573675,-0.1976692789861791,-0.0830744227111402
-0.25249999999999995,1.497398684609729,0.5191931186451834,-0.166114105303096,-0.19769295518910468,-0.0812477015104637
-0.24750000000000005,1.495730156453443,0.5195931959368466,-0.16902999209944813,-0.1976077602740408,-0.07944235863238787
-0.24250000000000005,1.4941224602181835,0.5199474428760277,-0.1719076296345075,-0.1974304248753428,-0.07766992882659421
-0.23750000000000004,1.4925590310953838,0.5202688015823205,-0.1747495677477309,-0.19717401499253717,-0.07593767546894559
-0.23250000000000004,1.4910290567957947,0.5205656326408091,-0.17755802297473014,-0.19684877472092863,-0.07424968672217211
-0.22750000000000004,1.489525440691894,0.5208433539342829,-0.18033488724079544,-0.1964628285928872,-0.07260778719113219
-0.22250000000000003,1.488043474472075,0.5211055021407601,-0.18308178060570285,-0.1960227265157138,-0.07101224442252096
-0.21750000000000003,1.4865799870556,0.5213544089473303,-0.18580011644543296,-0.19553384890010347,-0.0694622904944439
-0.21250000000000002,1.485132798460448,0.5215916320539401,-0.18849116389212842,-0.1950007000031218,-0.06795649366590373
-0.20750000000000002,1.4837003670483118,0.521818231538039,-0.19115610258190036,-0.19442711647190175,-0.06649301552558048
-0.2025,1.4822815605438207,0.5220349476239913,-0.19379606987638115,-0.19381641322583743,-0.0650697837307897
-0.1975,1.480875507121581,0.5222423147463054,-0.19641220281217622,-0.19317148357703404,-0.06368460376877612
-0.1925,1.4794814983645999,0.5224407342063478,-0.19900567773510933,-0.19249486595856233,-0.06233522706321476
-0.1875,1.4780989254668566,0.522630519981063,-0.2015777508455547,-0.19178878596382862,-0.06101938770195406
-0.1825,1.476727236201428,0.5228119272481278,-0.20412980321362226,-0.19105517946107242,-0.059734816031297135
-0.1775,1.475365904182458,0.5229851698706575,-0.20666339454158328,-0.19029570011250305,-0.058479234093837554
-0.1725,1.4740144044822852,0.5231504308574403,-0.20918033135419864,-0.18951171244230477,-0.057250335068808035
-0.16749999999999998,1.4726721911338907,0.5233078683281757,-0.2116827575138108,-0.18870426945893176,-0.05604574631462131
-0.16249999999999998,1.4713386728411038,0.5234576185307899,-0.21417327725508348,-0.187874071866888,-0.05486297365774942
-0.15749999999999997,1.4700131839552644,0.5235997968214862,-0.21665512042604246,-0.18702140506207174,-0.053699324776706
-0.15249999999999997,1.4686949495373893,0.5237344971365191,-0.2191323501043972,-0.1861460526929016,-0.052551815129321576
-0.14749999999999996,1.4673830475787744,0.5238617903283138,-0.22161008561876308,-0.18524719500681108,-0.05141707497961584
-0.14249999999999996,1.4660763793487706,0.5239817218220029,-0.22409466332838307,-0.1843233192448989,-0.0502913026446003
-0.13749999999999996,1.4647736698246356,0.524094309385298,-0.22659358915010733,-0.18337219669691382,-0.04917034212943435
-0.13249999999999995,1.46347353062932,0.5241995423407687,-0.22911507639350118,-0.18239100799815808,-0.048049987603558046
-0.12749999999999995,1.4621746211910764,0.5242973841070595,-0.23166695370556015,-0.18137670863548783,-0.04692660973430824
-0.12250000000000005,1.4608759326096465,0.5243877802310326,-0.23425481522180994,-0.1803267023187859,-0.045798139842309536
-0.11750000000000005,1.4595771893498555,0.5244706737147057,-0.236879484286992,-0.1792398213491515,-0.044665335616478404
-0.11250000000000004,1.4582793205788716,0.52454602818134,-0.2395341361222803,-0.17811750955861552,-0.0435331138545815
-0.10750000000000004,1.4569849086157878,0.5246138571940917,-0.24220168259308683,-0.17696499514418326,-0.04241162315148596
-0.10250000000000004,1.455698494482156,0.5246742549424521,-0.24485315083173642,-0.1757921698998722,-0.041316698784155045
-0.09750000000000003,1.4544266261195058,0.5247274194549796,-0.24744770402553978,-0.17461389362666485,-0.040269426198180316
-0.09250000000000003,1.4531775820674708,0.5247736530441024,-0.24993464906415255,-0.17344952912951322,-0.039294728398613366
-0.08750000000000002,1.451960792834619,0.5248133101186314,-0.25225733034190373,-0.17232166318343223,-0.03841913223554333
-0.08250000000000002,1.4507861160546365,0.5248466225883439,-0.25435835908955023,-0.1712541345155877,-0.037668079791287154
-0.07750000000000001,1.4496633307088682,0.5248732212611519,-0.25618531849742276,-0.17026960999240703,-0.037063256239681076
-0.07250000000000001,1.448602621426473,0.5248908675364737,-0.25769602477309816,-0.16938695715113802,-0.03662034741879539
-0.0675,1.4476177777167276,0.5248921091464603,-0.25886267114124867,-0.16861846423889748,-0.03634737516291726
-0.0625,1.4467362422436982,0.5248555213980408,-0.25967478071270716,-0.16796637869298076,-0.03624320483330996
-0.057499999999999996,1.4460262199655647,0.5247230593487845,-0.26014198131601013,-0.16741684187068911,-0.03629473251937406
-0.05249999999999999,1.4456659342516402,0.5243425733408504,-0.26029961207513747,-0.16692606812811228,-0.03646897069062741
-0.04749999999999999,1.4461144891557984,0.5233258476096146,-0.2602240326375147,-0.1663863725989271,-0.036691229357786126
-0.04249999999999998,1.448513389210261,0.5207146913827038,-0.2600713573917006,-0.16554519711816124,-0.03679030085432019
-0.03749999999999998,1.4555369504896445,0.5142752394359345,-0.2601590782309356,-0.1638321071513335,-0.03637671428953009
-0.03249999999999997,1.4727573333061506,0.49938382563664735,-0.26107637389701993,-0.16008147606090964,-0.03463228186670715
-0.02749999999999997,1.5091384490158373,0.46876274807103574,-0.26359571398692155,-0.15243200912713573,-0.030167627277606145
-0.022499999999999964,1.5719288790280013,0.41718224286256833,-0.2677626681883059,-0.1392811518676582,-0.021551812054605088
-0.01749999999999996,1.6547978786076716,0.3512721978061588,-0.2714399316649753,-0.1212755449864535,-0.008769521156673484
-0.012499999999999956,1.736667056813669,0.2886135349780413,-0.27125549936852517,-0.10136886201732374,0.006179387806674003
-0.007499999999999951,1.80003071219054,0.24200578610584594,-0.26588650631083005,-0.08246513022055012,0.02054950516973401
-0.0024999999999999467,1.8418873218927483,0.2124389167075991,-0.25666827825404626,-0.06617826559898465,0.032167053475001005
0.0024999999999999467,1.8676114185364574,0.19505171013243322,-0.24556786172454784,-0.053010697720704866,0.03992099404750173
0.007500000000000062,1.8833202661879325,0.18495963649896038,-0.2337900204045349,-0.0427455686977611,0.04363013700123004
0.012499999999999956,1.8932849814119825,0.17893032830025865,-0.22159241617758382,-0.03483133579521894,0.043575851112549975
0.01750000000000007,1.9000547258342275,0.1751210086631525,-0.20848911487362545,-0.028710876192754045,0.040056075597942345
0.022499999999999964,1.9050763599502893,0.17253042145426295,-0.19351126736423285,-0.024024997906797883,0.033217725748161495
0.02750000000000008,1.9091120568525353,0.17061091505591572,-0.1756962984905126,-0.020674806882599005,0.023290355018972284
0.03249999999999997,1.9124829759831574,0.16904414445498223,-0.15436666571468713,-0.018695840789204693,0.010718356606241262
0.03750000000000009,1.9150784112890877,0.16762091526885348,-0.13078779841543636,-0.017966316120698506,-0.002853779541645013
0.04249999999999998,1.916634694160934,0.16616480057236388,-0.10734808194938227,-0.017807808784905003,-0.01539801713686466
0.0475000000000001,1.9169217536270136,0.16447088967806156,-0.0859075381187926,-0.017007110078054326,-0.025705762768514693
0.05249999999999999,1.9156519570954993,0.1622242070396095,-0.06700290387968807,-0.014677653336647063,-0.033296418041434156
0.05750000000000011,1.9121915121532584,0.158846761803153,-0.04994519329236079,-0.010600057238712577,-0.037891496081796976
0.0625,1.905093063780488,0.15320918756391294,-0.03361313687889012,-0.0047592072327603705,-0.039158660676060955
0.0674999999999999,1.8914017644734231,0.14312208472039573,-0.01715484920031171,0.003042626596151691,-0.03668277878765657
0.07250000000000001,1.8658094733828996,0.12463999992590313,-0.00018588507650242823,0.013115898616189937,-0.030144002498834373
0.0774999999999999,1.8206510309026245,0.09185161623696242,0.016999834829078107,0.025618841717491004,-0.019691974785466675
0.08250000000000002,1.7497477202738374,0.039336942331678226,0.03323392138176174,0.040092336615405066,-0.006424833431673657
0.08749999999999991,1.658181140144531,-0.030579112453917423,0.046535576537502205,0.05500599102057475,0.007163031968680004
0.09250000000000003,1.5675429244162866,-0.10228152696043166,0.05574870920193456,0.06743568427247301,0.018229738683253848
0.09749999999999992,1.500456148763129,-0.15702937501680597,0.06197460307484015,0.075838903192511,0.025317564375631513
0.10250000000000004,1.4619818316440778,-0.1891804320783741,0.06654748943003018,0.08006633921149317,0.028562936091972548
0.10749999999999993,1.4436889416711052,-0.20488171300168623,0.07041416163160238,0.08140655226285376,0.029280766309931292
0.11250000000000004,1.436120607472888,-0.21173900258220768,0.07401235456546686,0.08120172417553632,0.02870647379238779
0.11749999999999994,1.4334602494172302,-0.21452006959764497,0.07750434376136031,0.08027446619498321,0.027566660676421627
0.12250000000000005,1.4328738391068923,-0.21555963836816502,0.08093690819229248,0.0790309911660133,0.02620935293322736
0.12749999999999995,1.4331207277643614,-0.21588298488799562,0.08430247724548395,0.0776618186754539,0.024790649720840864
0.13250000000000006,1.4336882885766113,-0.21591721002993342,0.08755455945771426,0.07626815419000388,0.02338777984291606
0.13749999999999996,1.4343752165198866,-0.21583506173289246,0.09060923667456615,0.07492307304262391,0.022054233600223096
0.14250000000000007,1.4351096759314057,-0.215705044732903,0.09334925523031569,0.07369524255438885,0.020842962859726952
0.14749999999999996,1.4358727296484588,-0.21555390220102133,0.0956398556222505,0.07265143453101215,0.019811305140207642
0.15250000000000008,1.436665529934147,-0.21539191188186899,0.09735814476571046,0.07184701397817572,0.01901392024891568
0.15749999999999997,1.437494118254524,-0.21522292649220784,0.09842860719724518,0.07131238233736724,0.01848906725556435
0.1625000000000001,1.4383620050774,-0.21504830151172435,0.0988500375944416,0.07104358673464393,0.01824545974646556
0.16749999999999998,1.4392674515279145,-0.21486842610186774,0.09869934766154105,0.07100326325338524,0.01825748305146519
0.1725000000000001,1.4402042381092943,-0.21468332849560265,0.0981076713649821,0.07113280876759408,0.018472871894294553
0.1775,1.4411644226861997,-0.21449291625870734,0.09721915512213293,0.0713704597888873,0.01882990531050853
0.1825000000000001,1.442141167779835,-0.21429706066483725,0.09615265640642898,0.07166671454790784,0.01927536932673999
0.1875,1.4431301988496903,-0.2140956141399452,0.09498341183481664,0.07199072509092674,0.01977459519300401
0.1924999999999999,1.444129651038428,-0.2138884076910588,0.09374755281063508,0.07232740499577377,0.02031090403531837
0.1975,1.4451390710198238,-0.2136752493465122,0.09245856906545805,0.07267025728513714,0.020878681184435827
0.2024999999999999,1.4461585075005974,-0.21345592607242217,0.09112199185674505,0.07301547271638348,0.021476510506199316
0.20750000000000002,1.4471880988588208,-0.2132302052191622,0.08974212671806718,0.07335944815458321,0.022103756204940497
0.2124999999999999,1.4482280201754114,-0.2129978336512482,0.08832300663028017,0.0736985699974186,0.022759948855791214
0.21750000000000003,1.4492785201240146,-0.21275853540169032,0.08686786677765239,0.07402947132863068,0.02344500476079883
0.22249999999999992,1.4503399316483314,-0.21251200886289862,0.08537904077842509,0.07434905805261198,0.02415929662722432
0.22750000000000004,1.4514126651256587,-0.21225792371671764,0.08385815161885801,0.07465440539205634,0.024903585321215452
0.23249999999999993,1.4524972031584895,-0.21199591745800342,0.08230628361054071,0.0749426643690784,0.025678955817673595
0.23750000000000004,1.4535940985798903,-0.21172559130235877,0.08072411340832197,0.07521098671650595,0.026486768267550816
0.24249999999999994,1.4547039760094256,-0.21144650510609334,0.07911200236086932,0.07545646546411652,0.02732862280496315
0.24750000000000005,1.455827538092403,-0.211158170672731,0.07747004351212906,0.07567609171741305,0.028206342750508612
0.25249999999999995,1.456965575686369,-0.21086004243180098,0.07579810007810547,0.07586671151847807,0.029121957934915767
0.25750000000000006,1.4581189828954426,-0.2105515037747465,0.07409585949719885,0.0760249723926571,0.03007767204035563
0.26249999999999996,1.4592887820322904,-0.21023184618488694,0.07236287392603112,0.07614726853039114,0.031075822893863493
0.26750000000000007,1.4604761656970324,-0.20990023656726126,0.07059855620016879,0.07622969178154612,0.03211884674311191
0.27249999999999996,1.4616825637797917,-0.20955566552419808,0.06880215360536784,0.07626797440361219,0.0332092289199117
0.2775000000000001,1.4629097477766135,-0.20919686510182933,0.06697273799707387,0.07625740339988556,0.03434940951212543
0.2825,1.4641599949865178,-0.20882217798166583,0.0651092089260437,0.0761926996168293,0.03554162897349592
0.2875000000000001,1.4654363487244744,-0.20842935046883632,0.06321026722652137,0.07606786601052465,0.036787715657833404
0.2925,1.466743026211811,-0.20801520854443037,0.0612743235530448,0.07587600744832686,0.03808881222459154
0.2975000000000001,1.4680860420480786,-0.20757516052261854,0.059299371236319114,0.07560910542222271,0.0394450062605651
0.3025,1.4694741308096126,-0.2071024550215028,0.05728291006935707,0.07525771757839735,0.0408548066345578
0.3075000000000001,1.4709200621147633,-0.20658711726834292,0.055221932002545014,0.07481061131962245,0.042314459216529
0.3125,1.4724424240486669,-0.20601450461357315,0.053112847879683865,0.0742544083893809,0.043817194704917385
0.3174999999999999,1.4740678730258487,-0.20536348215913894,0.05095132719034534,0.0735733154681529,0.04535250231457723
0.3225,1.4758336964694254,-0.20460433643716552,0.04873227138239941,0.07274896714181142,0.04690544084979322
0.3274999999999999,1.4777903296194315,-0.20369671668588366,0.04645007063322323,0.0717604660127637,0.048456062892266255
0.3325,1.4800032473626559,-0.20258808556258315,0.04409894058546271,0.07058482828971128,0.04997922882946065
0.3374999999999999,1.4825534804843183,-0.2012133015734206,0.0416732207599254,0.06919795230868313,0.0514450443819237
0.3425,1.4855360103600952,-0.19949594588869668,0.03916786639721397,0.06757601291922935,0.05281989491859468
0.3474999999999999,1.4890555971631467,-0.19735176768157395,0.0365790504674001,0.06569721361136276,0.05406804212358783
0.35250000000000004,1.4932201636775628,-0.19469415810381505,0.033904488700497164,0.0635438160990604,0.05515376461207935
0.35749999999999993,1.4981325193060413,-0.1914409944528452,0.031143826235128007,0.06110398678798821,0.05604356519793475
0.36250000000000004,1.5038817738031796,-0.18752172938796494,0.028299112819147366,0.05837310098818518,0.05670806310803644
0.36749999999999994,1.5105359903702715,-0.18288343982647037,0.025374767699645934,0.05535446545342848,0.057123553122691885
0.37250000000000005,1.5181373349792384,-0.17749478128561985,0.02237706751490006,0.0520593085422405,0.057273069858461076
0.37749999999999995,1.526700342448548,-0.17134732436202074,0.01931357178846639,0.04850598849902013,0.05714672485388598
0.38250000000000006,1.5362131852672902,-0.16445437034963248,0.016193125017150704,0.04471852384041247,0.05674103175042182
0.38749999999999996,1.546641270056073,-0.1568478320381634,0.013025712708854394,0.0407249004002547,0.056057842332545994
0.39250000000000007,1.557932195174472,-0.14857400556174086,0.009821201210237246,0.036555685625723595,0.055103708961767146
0.39749999999999996,1.5700210793507017,-0.13968905082356725,0.006589422124258868,0.0322424881209465,0.053888514302072706
0.4025000000000001,1.5828355302690482,-0.1302548041815067,0.003340563042069749,0.027816606484542445,0.052424090041015385
0.4075,1.596299806259408,-0.12033529727374469,8.375628649225031e-05,0.023308226561696233,0.05072429904311088
0.4125000000000001,1.6103379619478966,-0.10999414263732579,-0.0031722880759559417,0.018745934041777542,0.048803860550135386
0.4175,1.6248759994372635,-0.09929275799413453,-0.006419939614776131,0.014156530026861718,0.04667834120889708
0.4225000000000001,1.6398431533483675,-0.08828932443724025,-0.009651141679679216,0.009564480146125598,0.04436314829186412
0.4275,1.6551724730192916,-0.07703831764920735,-0.01285851553271059,0.004992272221402177,0.041874094441446796
0.4325000000000001,1.6708008807288899,-0.06559047149705288,-0.01603526650951439,0.00046107743352675725,0.03922708624490386
0.4375,1.686668866406592,-0.05399302742243707,-0.01917522084666982,-0.004010223237715134,0.03643901077189193
0.4424999999999999,1.7027199570684728,-0.04229018768048453,-0.022271688509907423,-0.008404185026794745,0.033526713468625326
0.4475,1.7189000070513194,-0.030523670595177094,-0.02531805707869973,-0.012704415113452184,0.03050740207618296
0.4524999999999999,1.7351563874364744,-0.018733331732338408,-0.02830924008395601,-0.016895417906973517,0.027399753912912096
0.4575,1.7514371966462712,-0.00695783208970709,-0.03123900524240224,-0.020963072753390027,0.024222175415669418
0.4624999999999999,1.7676902325978523,0.00476468769196239,-0.03410481962035488,-0.02489582049439808,0.020998906172641243
0.4675,1.7838622516962517,0.016395845318128693,-0.03689856567017853,-0.028681464998634717,0.017749673030849896
0.4724999999999999,1.7998984135866205,0.027896410189389466,-0.03959872181495779,-0.032296592814038884,0.014501055298727358
0.47750000000000004,1.8157419736754676,0.039226888210731344,-0.04219371081793793,-0.0357245245306452,0.011282304343189801
0.48249999999999993,1.8313337359765458,0.05034714305998653,-0.04468841685654921,-0.03896803036033661,0.008111112263904369
0.48750000000000004,1.8466114275739511,0.06121476261712713,-0.04707454191986634,-0.04201726051618523,0.005011909523755074
0.49249999999999994,1.8615086852113742,0.07178492328538517,-0.04934365883998191,-0.04486332306752954,0.002009301351502158
0.49750000000000005,1.875954943251316,0.08201028556783185,-0.051487366374539476,-0.04749853632507371,-0.0008723928650832508
0.5025,1.889875647525829,0.09184110991780385,-0.053497511596610946,-0.04991673003803789,-0.003609714765082822
0.5075000000000001,1.9031929262279723,0.10122568076277447,-0.05536647151743421,-0.052113593168223386,-0.00618074974563197
0.5125,1.9158268605201698,0.11011113457273021,-0.05708749230456806,-0.054087050108402396,-0.008565898832164905
0.5175000000000001,1.9276974955833395,0.11844478700975575,-0.05865507778394907,-0.0558376372383406,-0.010748704922925349
0.5225,1.938727701863985,0.12617603409521905,-0.06006540989191314,-0.05736884110923652,-0.012716679760643128
0.5275000000000001,1.9488469193928293,0.13325885141713628,-0.06131677264256502,-0.05868735020346892,-0.014462058855870487
0.5325,1.957995683027766,0.13965482521543357,-0.062409939162660896,-0.05980316694512846,-0.015982396116813347
0.5375000000000001,1.9661306328261263,0.14533651896692476,-0.06334847072994279,-0.06072952884257782,-0.017280903414135348
0.5425,1.973229483487373,0.15029082307621328,-0.064138871046472,-0.061482600493205614,-0.018366448502085516
0.5475000000000001,1.9792952130011037,0.1545217886907467,-0.06479054243255994,-0.06208092323134125,-0.019253152123763346
0.5525,1.9843586151004469,0.15805236460660685,-0.06531550694043092,-0.06254464481920574,-0.01995957251078271
0.5575000000000001,1.98847843184831,0.16092449967996666,-0.06572788570150923,-0.06289459187950648,-0.020507527575286098
0.5625,1.991738596398401,0.1631972811366364,-0.06604317065724283,-0.06315128303046239,-0.02092066980376206
0.5674999999999999,1.994242645896617,0.16494313691370172,-0.06627736528359297,-0.06333399990250187,-0.02122297939775854
0.5725,1.996105983094058,0.16624255323965728,-0.06644610248304342,-0.06346002829738696,-0.021437361296897696
0.5774999999999999,1.997447174322131,0.1671781123388615,-0.06656385689801327,-0.06354415160006374,-0.02158451238838387
0.5825,1.9983796844195678,0.1678288096710303,-0.06664335035741167,-0.06359843064390643,-0.021682169733215198
0.5874999999999999,1.9990052836404963,0.16826550498422715,-0.06669520760541037,-0.06363225224235361,-0.02174477451425344
0.5925,1.999409884329242,0.1685480386157727,-0.06672786786109558,-0.06365258698582915,-0.02178351156977813
0.5974999999999999,1.9996619581066843,0.16872412719097904,-0.06674771186721186,-0.06366437520709756,-0.021806630433095563
0.6025,1.9998131533093304,0.16882978375762092,-0.0667593357454791,-0.0636709599285561,-0.021819930912389554
0.6074999999999999,1.9999004169078927,0.1688907850868326,-0.06676589609133853,-0.0636745018555356,-0.02182730302808846
0.6125,1.999948857373505,0.16892465809648616,-0.06676946154424271,-0.06367633541803301,-0.021831237760437695
0.6174999999999999,1.9999747076232888,0.1689427398602737,-0.06677132654129343,-0.06367724836240825,-0.021833258971642493
0.6225,1.9999879632000062,0.16895201449253472,-0.06677226491575917,-0.063677685294665,-0.021834257706122205
0.6275,1.9999944913978576,0.1689565833258979,-0.06677271881249758,-0.06367788616607475,-0.02183473215099858
0.6325000000000001,1.9999975775241272,0.16895874371584738,-0.06677292974971064,-0.06367797481006017,-0.02183494870041752
0.6375,1.9999989771188629,0.16895972370289994,-0.06677302386873983,-0.06367801233125896,-0.02183504360370796
0.6425000000000001,1.9999995856409893,0.1689601498776698,-0.06677306416085638,-0.06367802755224207,-0.021835083511024058
0.6475,1.9999998391103755,0.16896032742923392,-0.06677308069746328,-0.06367803346458571,-0.021835099600393253
0.6525000000000001,1.999999940177404,0.168960398238637,-0.06677308719867375,-0.06367803566146897,-0.02183510581453205
0.6575,1.9999999787213383,0.16896042524805313,-0.06677308964475802,-0.0636780364415281,-0.02183510811167516
0.6625000000000001,1.9999999927675203,0.16896043509248904,-0.06677309052469814,-0.06367803670590497,-0.02183510892363949
0.6675,1.999999997653728,0.16896043851759415,-0.06677309082702641,-0.0636780367913236,-0.021835109197776804
0.6725000000000001,1.9999999992744621,0.1689604396538589,-0.06677309092612063,-0.06367803681759725,-0.0218351092860812
0.6775,1.999999999786436,0.16896044001284538,-0.06677309095706761,-0.0636780368252793,-0.021835109313185413
0.6825000000000001,1.9999999999402518,0.16896044012071293,-0.06677309096626363,-0.0636780368274109,-0.02183510932110204
0.6875,1.999999999984139,0.1689604401514938,-0.06677309096885982,-0.06367803682797123,-0.02183510932329911
0.6924999999999999,1.9999999999960119,0.16896044015982217,-0.06677309096955504,-0.06367803682811043,-0.021835109323877545
0.6975,1.999999999999052,0.16896044016195502,-0.06677309096973134,-0.06367803682814308,-0.021835109324021742
0.7024999999999999,1.9999999999997875,0.16896044016247086,-0.06677309096977355,-0.06367803682815033,-0.0218351093240557
0.7075,1.9999999999999551,0.1689604401625886,-0.0667730909697831,-0.06367803682815175,-0.021835109324063254
0.7124999999999999,1.9999999999999913,0.1689604401626138,-0.06677309096978513,-0.06367803682815205,-0.02183510932406484
0.7175,1.9999999999999984,0.16896044016261896,-0.06677309096978552,-0.06367803682815211,-0.021835109324065145
0.7224999999999999,1.9999999999999998,0.16896044016261988,-0.06677309096978563,-0.06367803682815212,-0.0218351093240652
0.7275,2.0,0.16896044016262005,-0.06677309096978563,-0.0636780368281521,-0.021835109324065204
0.7324999999999999,2.0,0.16896044016262005,-0.06677309096978563,-0.0636780368281521,-0.021835109324065204
0.7375,2.0,0.16896044016262005,-0.06677309096978563,-0.0636780368281521,-0.021835109324065204
0.7424999999999999,2.0,0.16896044016262005,-0.06677309096978563,-0.0636780368281521,-0.021835109324065204
0.7475,2.0,0.16896044016262005,-0.06677309096978563,-0.0636780368281521,-0.021835109324065204
0.7525,2.0,0.16896044016262005,-0.06677309096978563,-0.0636780368281521,-0.021835109324065204
0.7575000000000001,2.0,0.16896044016262005,-0.06677309096978563,-0.0636780368281521,-0.021835109324065204
0.7625,2.0,0.16896044016262005,-0.06677309096978563,-0.0636780368281521,-0.021835109324065204
0.7675000000000001,2.0,0.16896044016262005,-0.06677309096978563,-0.0636780368281521,-0.021835109324065204
0.7725,2.0,0.16896044016262005,-0.06677309096978563,-0.0636780368281521,-0.021835109324065204
0.7775000000000001,2.0,0.16896044016262005,-0.06677309096978563,-0.0636780368281521,-0.021835109324065204
0.7825,2.0,0.16896044016262005,-0.06677309096978563,-0.0636780368281521,-0.021835109324065204
0.7875000000000001,2.0,0.16896044016262005,-0.06677309096978563,-0.0636780368281521,-0.021835109324065204
0.7925,2.0,0.16896044016262005,-0.06677309096978563,-0.0636780368281521,-0.021835109324065204
0.7975000000000001,2.0,0.16896044016262005,-0.06677309096978563,-0.0636780368281521,-0.021835109324065204
0.8025,2.0,0.16896044016262005,-0.06677309096978563,-0.0636780368281521,-0.021835109324065204
0.8075000000000001,2.0,0.16896044016262005,-0.06677309096978563,-0.0636780368281521,-0.021835109324065204
0.8125,2.0,0.16896044016262005,-0.06677309096978563,-0.0636780368281521,-0.021835109324065204
0.8174999999999999,2.0,0.16896044016262005,-0.06677309096978563,-0.0636780368281521,-0.021835109324065204
0.8225,2.0,0.16896044016262005,-0.06677309096978563,-0.0636780368281521,-0.021835109324065204
0.8274999999999999,2.0,0.16896044016262005,-0.06677309096978563,-0.0636780368281521,-0.021835109324065204
0.8325,2.0,0.16896044016262005,-0.06677309096978563,-0.0636780368281521,-0.021835109324065204
0.8374999999999999,2.0,0.16896044016262005,-0.06677309096978563,-0.0636780368281521,-0.021835109324065204
0.8425,2.0,0.16896044016262005,-0.06677309096978563,-0.0636780368281521,-0.021835109324065204
0.8474999999999999,2.0,0.16896044016262005,-0.06677309096978563,-0.0636780368281521,-0.021835109324065204
0.8525,2.0,0.16896044016262005,-0.06677309096978563,-0.0636780368281521,-0.021835109324065204
0.8574999999999999,2.0,0.16896044016262005,-0.06677309096978563,-0.0636780368281521,-0.021835109324065204
0.8625,2.0,0.16896044016262005,-0.06677309096978563,-0.0636780368281521,-0.021835109324065204
0.8674999999999999,2.0,0.16896044016262005,-0.06677309096978563,-0.0636780368281521,-0.021835109324065204
0.8725,2.0,0.16896044016262005,-0.06677309096978563,-0.0636780368281521,-0.021835109324065204
0.8775,2.0,0.16896044016262005,-0.06677309096978563,-0.0636780368281521,-0.021835109324065204
0.8825000000000001,2.0,0.16896044016262005,-0.06677309096978563,-0.0636780368281521,-0.021835109324065204
0.8875,2.0,0.16896044016262005,-0.06677309096978563,-0.0636780368281521,-0.021835109324065204
0.8925000000000001,2.0,0.16896044016262005,-0.06677309096978563,-0.0636780368281521,-0.021835109324065204
0.8975,2.0,0.16896044016262005,-0.06677309096978563,-0.0636780368281521,-0.021835109324065204
0.9025000000000001,2.0,0.16896044016262005,-0.06677309096978563,-0.0636780368281521,-0.021835109324065204
0.9075,2.0,0.16896044016262005,-0.06677309096978563,-0.0636780368281521,-0.021835109324065204
0.9125000000000001,2.0,0.16896044016262005,-0.06677309096978563,-0.0636780368281521,-0.021835109324065204
0.9175,2.0,0.16896044016262005,-0.06677309096978563,-0.0636780368281521,-0.021835109324065204
0.9225000000000001,2.0,0.16896044016262005,-0.06677309096978563,-0.0636780368281521,-0.021835109324065204
0.9275,2.0,0.16896044016262005,-0.06677309096978563,-0.0636780368281521,-0.021835109324065204
0.9325000000000001,2.0,0.16896044016262005,-0.06677309096978563,-0.0636780368281521,-0.021835109324065204
0.9375,2.0,0.16896044016262005,-0.06677309096978563,-0.0636780368281521,-0.021835109324065204
0.9424999999999999,2.0,0.16896044016262005,-0.06677309096978563,-0.0636780368281521,-0.021835109324065204
0.9475,2.0,0.16896044016262005,-0.06677309096978563,-0.0636780368281521,-0.021835109324065204
0.9524999999999999,2.0,0.16896044016262005,-0.06677309096978563,-0.0636780368281521,-0.021835109324065204
0.9575,2.0,0.16896044016262005,-0.06677309096978563,-0.0636780368281521,-0.021835109324065204
0.9624999999999999,2.0,0.16896044016262005,-0.06677309096978563,-0.0636780368281521,-0.021835109324065204
0.9675,2.0,0.16896044016262005,-0.06677309096978563,-0.0636780368281521,-0.021835109324065204
0.9724999999999999,2.0,0.16896044016262005,-0.06677309096978563,-0.0636780368281521,-0.021835109324065204
0.9775,2.0,0.16896044016262005,-0.06677309096978563,-0.0636780368281521,-0.021835109324065204
0.9824999999999999,2.0,0.16896044016262005,-0.06677309096978563,-0.0636780368281521,-0.021835109324065204
0.9875,2.0,0.16896044016262005,-0.06677309096978563,-0.0636780368281521,-0.021835109324065204
0.9924999999999999,2.0,0.16896044016262005,-0.06677309096978563,-0.0636780368281521,-0.021835109324065204
0.9975,2.0,0.16896044016262005,-0.06677309096978563,-0.0636780368281521,-0.021835109324065204
