-0.9975,1.004529587588123,-0.004084181651845501,0.00038357476385727807,0.0005016589920203657,0.0005001515549970673,0.0003917398440424633,0.0003162871263499141,0.00016719319196271463
-0.9925,1.0047625127728441,-0.004315855826538079,0.0003932665097335596,0.0005149263664987646,0.0005149805339643044,0.0004053493987393361,0.00033014558015252314,0.00017785091499417606
-0.9875,1.0050665309982447,-0.004617658363057596,0.0004104626810242886,0.0005382312573069628,0.0005403794894754943,0.00042777571781107087,0.0003520814650681228,0.00019343725168795753
-0.9825,1.0054037450636735,-0.004951796368363322,0.0004334097658020738,0.0005689948393574268,0.0005731340672412955,0.0004557340258398254,0.000378284954826153,0.00021069280081801076
-0.9775,1.0057658998373469,-0.005310051200781697,0.00046095159091698556,0.0006055765128428203,0.0006113421011443277,0.00048749799336877286,0.0004069106317537383,0.0002283831923985087
-0.9725,1.006151909361339,-0.005691341098454039,0.0004923680309052353,0.0006469974257068531,0.0006539679327535113,0.0005222584965595189,0.00043723153588878436,0.00024624695026410746
-0.9675,1.006562468242041,-0.006096347402186456,0.0005272266188899018,0.000692695614477328,0.0007004823657402387,0.0005596803523770051,0.00046905996462128164,0.00026438809946333823
-0.9625,1.0069987524002308,-0.006526221888136844,0.000565283423087659,0.0007423694933297202,0.0007506459988193495,0.0005996649296588565,0.0005024427605376004,0.0002830078697319632
-0.9575,1.007462104502589,-0.0069822751779261205,0.0006064205935406393,0.0007958838307862419,0.0008043878262233189,0.0006422324557314583,0.0005375174205666534,0.00030230588610764624
-0.9525,1.0079539581113357,-0.007465902219716726,0.0006506068473723769,0.0008532130149722559,0.0008617378779332624,0.0006874648933399353,0.000574449284178265,0.00032245295149142675
-0.9475,1.0084758202569328,-0.007978565396625711,0.0006978719317164759,0.0009144059684395861,0.000922789346145956,0.0007354781375462201,0.0006134067663635509,0.00034359006987036964
-0.9425,1.0090292685454212,-0.008521791753812652,0.0007482897519547186,0.0009795638580614972,0.0009876768372882713,0.0007864083128640072,0.0006545534804843122,0.0003658350538011227
-0.9375,1.009615952007245,-0.009097173723660756,0.0008019670310251069,0.0010488256128817497,0.0010565636129068509,0.0008404049378968835,0.0006980473470162147,0.0003892898844008373
-0.9325,1.0102375929880385,-0.009706370727053179,0.0008590356011242073,0.0011223583633502027,0.0011296339682084712,0.0008976275102141111,0.000744042231257806,0.00041404677891747826
-0.9275,1.0108959893856522,-0.010351110985969402,0.0009196471364141912,0.0012003510663931404,0.0012070886216526432,0.0009582438369680578,0.0007926902039938155,0.000440192676896645
-0.9225,1.0115930170449425,-0.01103319336459586,0.0009839695536163584,0.0012830102329183495,0.0012891419082080161,0.0010224292745768294,0.0008441436806529756,0.0004678123968681335
-0.9175,1.0123306322561232,-0.01175448917466699,0.0010521845646795935,0.001370557059739968,0.0013760200712757732,0.0010903664459561203,0.0008985572041552658,0.0004969908090830091
-0.9125,1.01311087434136,-0.012516943908400335,0.0011244860300584493,0.0014632255052100932,0.0014679602309407326,0.001162245206050115,0.000956088846321601,0.0005278143221183641
-0.9075,1.0139358683274327,-0.013322578866813558,0.0012010788694800244,0.0015612609991672115,0.0015652097699466521,0.0012382627310508212,0.0010169012780316107,0.0005603719052831251
-0.9025,1.0148078277073385,-0.014173492649757284,0.001282178360290923,0.0016649195769691677,0.0016680259762518787,0.0013186236627291317,0.001081162576236481,0.0005947558012882936
-0.8975,1.0157290572950777,-0.015071862471574089,0.0013680097038658175,0.0017744672936645574,0.001776675840454883,0.0014035402702133862,0.001149046831600621,0.0006310620327470286
-0.8925,1.0167019561762967,-0.016019945264766394,0.0014588077757030896,0.0018901798193034583,0.0018914359434059895,0.0014932326090257963,0.0012207346094868167,0.0006693907705530728
-0.8875,1.0177290207526375,-0.01702007853452095,0.0015548169995635616,0.0020123421471704103,0.00201259239283195,0.0015879286672837382,0.0012964133056500655,0.0007098466086137047
-0.8825000000000001,1.0188128478689844,-0.018074680930233643,0.0016562913034952598,0.0021412483679406715,0.0021404407829816734,0.001687864494953581,0.0013762774286611647,0.0007525387744646621
-0.8775,1.019956137999737,-0.019186252506890263,0.0017634941279486235,0.0022772014774250543,0.0022752861612326688,0.0017932843157012271,0.0014605288342104466,0.0007975812963466429
-0.8725,1.0211616984525966,-0.02035737465947216,0.0018766984648526338,0.0024205131956673157,0.00241744299211341,0.001904440623186138,0.001549376931747537,0.0008450931424342376
-0.8674999999999999,1.0224324465264176,-0.021590709727071385,0.0019961869124629074,0.0025715037820065703,0.0025672351133779643,0.002021594265079246,0.001643038880808883,0.0008951983456460086
-0.8625,1.0237714125345387,-0.022889000278965548,0.0021222517346673997,0.002730501835181606,0.002724995681232753,0.002145014518837502,0.0017417397922077562,0.0009480261267356205
-0.8575,1.0251817425785676,-0.024255068110527134,0.0022551949156976304,0.002897844070205603,0.002891067102897825,0.0022749791633487034,0.0018457129473679536,0.001003711028292961
-0.8525,1.0266667009325234,-0.02569181298974298,0.0023953282021665703,0.003073875064962369,0.003065800954567545,0.002411774549888195,0.0019552000469046787,0.0010623930721463109
-0.8475,1.0282296718768544,-0.027202211201955068,0.0025429731242892595,0.003258946969548442,0.0032495578816350646,0.002555695674301927,0.0020704514966468,0.001124217951858866
-0.8425,1.0298741608095585,-0.02878931393771472,0.002698460987258442,0.0034534191705432623,0.0034427074758816467,0.002707046249886032,0.002191726735368408,0.001189337270109039
-0.8375,1.0316037944605188,-0.030456245553317354,0.00286213282226331,0.0036576579008644233,0.00364562812137836,0.00286613877709811,0.002319294603467551,0.0012579088274695728
-0.8325,1.033422320047164,-0.0322062017037065,0.0030343392847872485,0.0038720357839127605,0.0038587067973558883,0.003033294602158377,0.0024534337458296516,0.0013300969644095045
-0.8275,1.0353336032349316,-0.03404244730278298,0.003215440485847918,0.004096931298619678,0.004082338822603768,0.0032088439520607205,0.0025944330354933983,0.001406072952429685
-0.8225,1.037341624802762,-0.03596831420866618,0.0034058057400017864,0.004332728150085642,0.00431692752246442,0.0033931259289130085,0.002742591998031912,0.0014860154235340401
-0.8175,1.0394504759575909,-0.037987198465292846,0.0036058132124561584,0.004579814529048753,0.004562883796611814,0.003586488442333379,0.002898221210417423,0.0015701108203482483
-0.8125,1.0416643522858684,-0.040102556862891506,0.003815849446693841,0.004838582242709822,0.004820625563935496,0.003789288055320305,0.0030616426432107267,0.0016585538428371494
-0.8075,1.0439875463660973,-0.04231790251515437,0.004036308753709241,0.005109425699643947,0.005090577060265254,0.004001889716981254,0.00323318991175051,0.0017515478624292853
-0.8025,1.046424439084671,-0.044636799096439396,0.0042675924442479325,0.00539274073270051,0.005373167965470509,0.0042246663549632395,0.003413208400912533,0.0018493052709476513
-0.7975,1.048979489687824,-0.04706285334137738,0.00451010788614807,0.005688923245820018,0.005668832338511897,0.004457998301326335,0.00360205522889616,0.0019520477302600332
-0.7925,1.0516572245545255,-0.049599705379850284,0.004764267369631382,0.005998367673271645,0.005978007341881266,0.004702272527536437,0.003800099017831483,0.0020600062887147787
-0.7875,1.0544622245764959,-0.05225101645246174,0.005030486763596424,0.006321465242419331,0.0063011317397820505,0.00495788166640576,0.004007719441672527,0.0021734213313215757
-0.7825,1.0573991108663596,-0.055020453504583386,0.005309183944773798,0.006658602033006626,0.00663864415625518,0.005225222799877346,0.004225306523092332,0.002292542330643487
-0.7775,1.0604725282608312,-0.057911670057052125,0.0056007769778240605,0.007010156826114366,0.006990981078732019,0.00550469598969457,0.004453259648445953,0.0024176273620256914
-0.7725,1.063687125710416,-0.06092828255085574,0.005905682016479958,0.007376498733135715,0.007358574587260766,0.005796702520801194,0.004691986260063356,0.002548942336743861
-0.7675,1.067047532107037,-0.06407384100193948,0.006224310881537034,0.00775798458782777,0.007741849777558707,0.00610164281179877,0.004941900164156399,0.002686759885697758
-0.7625,1.070558325345532,-0.0673517922162712,0.006557068248257305,0.008154956071062012,0.008141221824437132,0.006419913919550077,0.005203419355880595,0.002831357789586457
-0.7575000000000001,1.0742239913989355,-0.07076543295149594,0.006904348340645968,0.008567736516660866,0.008557092598386737,0.006751906522680428,0.005476963205978755,0.002983016794327522
-0.7525,1.078048868897287,-0.074317849255661,0.007266530980453613,0.008996627316471915,0.008989846700224461,0.0070980012088173675,0.005762948772509111,0.0031420175694672203
-0.7475,1.0820370731943776,-0.07801183683017883,0.007643976773443765,0.009441903803528325,0.009439846716506634,0.007458563812847158,0.006061785896159674,0.0033086364627239987
-0.7424999999999999,1.0861923923712151,-0.08184979584587629,0.008037021136522117,0.00990381044582515,0.009907427425136537,0.007833939462723562,0.006373870614404375,0.003483139582609198
-0.7375,1.0905181464234321,-0.08583359255464357,0.008445966784539056,0.01038255513523148,0.010392888604821175,0.008224444897019303,0.0066995763037270345,0.003665774620719186
-0.7324999999999999,1.0950170005888937,-0.08996437984961926,0.00887107422106829,0.010878302316000411,0.010896486039504154,0.008630358545495712,0.007039241858726001,0.0038567597369952183
-0.7275,1.0996907251592638,-0.094242370366901,0.009312549739522417,0.011391164679637696,0.01141842028336347,0.009051907841987337,0.007393156185010589,0.004056268821221879
-0.7224999999999999,1.104539898036124,-0.09866655957843415,0.00977053047574633,0.011921193175952437,0.011958822793974819,0.009489253308055268,0.0077615383745700435,0.004264412570506261
-0.7175,1.1095635534519306,-0.10323440322256358,0.01024506620264496,0.01246836517381067,0.012517739183913277,0.009942469149036546,0.008144513207073144,0.004481215146216494
-0.7125,1.1147587909293637,-0.10794146350565503,0.010736097859952,0.01303257076620756,0.013095109612161183,0.010411520475864243,0.008542082126763382,0.004706586741168261
-0.7075,1.1201203721139468,-0.11278105111841144,0.011243433288734984,0.013613597460191203,0.01369074674764821,0.010896237817401911,0.008954090598622188,0.004940293207337509
-0.7025,1.1256403478581611,-0.1177439034998291,0.0117667212765267,0.014211113814320907,0.014304312271245054,0.01139629029023031,0.009380193710559162,0.005181924912305075
-0.6975,1.1313077709222128,-0.12281795110427488,0.012305425750687009,0.014824652955031669,0.014935293485298127,0.011911159565089433,0.009819822949259288,0.005430868075391927
-0.6925,1.1371085570575223,-0.1279882290916299,0.012858802663820936,0.015453597266608688,0.015582982177802162,0.012440117477565772,0.010272158049694117,0.005686282768749756
-0.6875,1.1430255551275472,-0.13323698832448747,0.013425882628561007,0.016097165838231654,0.016246458318290437,0.012982210603326876,0.010736108461890307,0.005947092288578456
-0.6825,1.1490388724550136,-0.13854404445269777,0.0140054624970408,0.01675440639060822,0.016924581313586862,0.013536255179174268,0.011210309046098654,0.006211988444652947
-0.6775,1.1551264742783969,-0.1438873771553343,0.014596108693608258,0.017424193329469668,0.017615991316858738,0.014100845266937067,0.011693133911266416,0.0064794563000831204
-0.6725,1.16126503881681,-0.1492439563187484,0.015196174136953242,0.018105233247236636,0.01831912241366831,0.014674375984983565,0.012182730792181814,0.006747819992122611
-0.6675,1.1674310080384378,-0.15459073403839357,0.015803829100104236,0.018796078623257308,0.01903222843719595,0.01525508205290044,0.012677076134211674,0.007015308659160414
-0.6625,1.1736017370900353,-0.15990570863784181,0.0164171045650862,0.019495149710831706,0.0197534208139276,0.015841090016903852,0.01317404841859125,0.007280138571777242
-0.6575,1.1797566209678558,-0.1651689470444828,0.017033944852284204,0.02020076374207245,0.020480716406032464,0.016430480649544915,0.01367151464720185,0.007540604837453906
-0.6525000000000001,1.1858780717028818,-0.17036345014468168,0.017652264895880683,0.02091116975275066,0.02121209202822144,0.017021356481466934,0.014167422788375832,0.007795174062008535
-0.6475,1.1919522352865362,-0.17547576346862181,0.018270006792007316,0.021624586655968416,0.02194554139321574,0.0176119085146791,0.01465989177255796,0.008042568538067915
-0.6425000000000001,1.1979693720981537,-0.18049626956891424,0.0188851903244402,0.022339241782623077,0.022679129840047583,0.01820047606305596,0.015147290563634066,0.008281833102626292
-0.6375,1.2039238708760363,-0.18541914200312815,0.01949595305509178,0.023053407023897098,0.02341104239063127,0.018785594392090287,0.01562829894531726,0.008512377698017404
-0.6325000000000001,1.2098139152041343,-0.19024198542781304,0.02010057706732561,0.02376542996898565,0.024139621427253493,0.01936602625895356,0.016101944760763074,0.008733991562109229
-0.6275,1.215640864095764,-0.1949652239414668,0.02069750127094421,0.02447375798835423,0.024863391460845853,0.019940775339249588,0.016567615068346763,0.008946828365152986
-0.6225,1.2214084377770797,-0.19959132471647797,0.02128531998587437,0.025176953982852864,0.025581069879574373,0.02050908156009876,0.01702504158331148,0.009151364940700893
-0.6174999999999999,1.2271218128480772,-0.2041239535802893,0.021862770025692087,0.025873703388913368,0.02629156401883802,0.021070400233773587,0.01747426342679538,0.009348339019344643
-0.6125,1.232786727838696,-0.20856715419450841,0.022428709505522393,0.026562812880974736,0.02699395618210376,0.021624368352366214,0.017915572249015584,0.00953867320596998
-0.6074999999999999,1.2384086838633785,-0.21292462596414827,0.022982092021781187,0.027243201939807973,0.027687479218274445,0.022170762305329644,0.01834944601671759,0.009723393178115656
-0.6025,1.2439923003868745,-0.21719915229159428,0.02352193972363474,0.02791388898495644,0.028371485841321147,0.022709451567749533,0.01877647809465243,0.009903547757194733
-0.5974999999999999,1.2495408582715435,-0.22139220503410428,0.024047318229631836,0.02857397406470109,0.02904541504686194,0.023240352625205674,0.01919730778566535,0.01008013731072199
-0.5925,1.2550560359211302,-0.22550372715628714,0.024557315493753076,0.029222620160573167,0.029708758785041145,0.023763386672001948,0.019612557407720325,0.010254055180360707
-0.5875,1.2605378228565303,-0.22953207652307275,0.025051025756604346,0.029859035031789872,0.030361031581338238,0.024278443605408602,0.020022779519909172,0.010426044831226725
-0.5825,1.2659845803187983,-0.23347410108410752,0.025527538771316218,0.03048245525771423,0.03100174517254652,0.024785353709199206,0.020428416312885334,0.010596673490483986
-0.5775,1.271393210891776,-0.23732530956748787,0.025985933671907192,0.03109213380383491,0.03163038956205507,0.025283867324944215,0.02082977166972893,0.0107663214253634
-0.5725,1.2767593979003975,-0.2410801014070893,0.02642527621123177,0.031687332106948594,0.032246421298321296,0.02577364186058069,0.021226995139323555,0.01093518484588905
-0.5675,1.2820778789528056,-0.24473202351133064,0.02684461765291569,0.032267317402967365,0.032849259315017094,0.0262542347482933,0.021620076134069462,0.011103289752984687
-0.5625,1.2873427246314237,-0.24827402794337078,0.027242993346177535,0.032831365839272604,0.033438288376199596,0.0267251004604618,0.02200884608887458,0.011270513853449165
-0.5575,1.2925476012500356,-0.25169871202792443,0.0276194189218826,0.033378771829893454,0.034012870042926996,0.027185589413776495,0.022392986068618153,0.011436613837213323
-0.5525,1.2976860043662968,-0.2549985295648165,0.027972882103759412,0.03390886410626436,0.034572361083404536,0.02763494651015894,0.022772037324608318,0.011601255737043943
-0.5475,1.3027514564209581,-0.258165967887977,0.028302328325653943,0.034421028945120086,0.035116139325308764,0.028072307148087075,0.023145412503606046,0.011764046639027746
-0.5425,1.307737666985826,-0.26119369006718884,0.02860663869711698,0.03491474105626721,0.03564363701825694,0.028496688766564186,0.023512405538025208,0.011924566569762322
-0.5375,1.312638657553087,-0.2640746445670682,0.028884599392743765,0.035389602515002984,0.03615438175287891,0.028906976347445275,0.02387219864166874,0.012082399863854504
-0.5325,1.3174488547693048,-0.26680214634775234,0.02913486228600149,0.03584538985659711,0.03664804479344392,0.029301900804678996,0.02422386527110663,0.012237165653072951
-0.5275000000000001,1.32216315683075,-0.26936993402723053,0.029355897623560306,0.03628210895722291,0.03712449626520027,0.02968000984256892,0.02456636837640293,0.012388547285786868
-0.5225,1.326776977772436,-0.27177220766217053,0.029545940728379044,0.036700056578189456,0.03758386596849638,0.030039631676343777,0.024898553756305744,0.012536320478732202
-0.5175000000000001,1.3312862739271134,-0.2740036512392473,0.029702936069065437,0.03709988645971692,0.03802660768483613,0.030378832966402276,0.025219138855317742,0.012680379843119104
-0.5125,1.3356875561580437,-0.27605944332941607,0.02982448342265017,0.037482676678314765,0.038453563761152575,0.030695373381750688,0.025526697890176708,0.012820763154416312
-0.5075000000000001,1.339977890757187,-0.2779352586949674,0.02990779211501955,0.03784999374362125,0.03886602562616714,0.03098666029941687,0.02581964475422298,0.012957672407052846
-0.5025,1.3441548912545687,-0.27962726303961327,0.029949650232688224,0.03820394777141184,0.039265784871445275,0.031249708147060195,0.02609621568459066,0.01309149038046146
-0.49750000000000005,1.3482167028575511,-0.28113210259253174,0.029946416031786577,0.03854723222902442,0.03965516881442555,0.03148110765717044,0.0263544541353899,0.013222791214712983
-0.49250000000000005,1.3521619808468361,-0.28244688982392663,0.029894038320542358,0.038883141416465615,0.040037054249939884,0.031677010662448,0.026592200612723813,0.013352343421589823
-0.48750000000000004,1.3559898639939891,-0.28356918629106215,0.02978811122589056,0.039215559205191035,0.04041485355945946,0.03183313587645857,0.026807090323023263,0.013481103894734153
-0.48250000000000004,1.3596999439161643,-0.2844969833919816,0.029623966451595925,0.03954891372948733,0.040792468586516244,0.03194480026912191,0.026996561301974174,0.013610201859491551
-0.47750000000000004,1.3632922312243727,-0.28522868164103615,0.029396803015173986,0.03988809473922365,0.041174209707797824,0.032006979133958,0.02715787518733851,0.01374091231409715
-0.47250000000000003,1.3667671193256177,-0.2857630689603978,0.029101850784533437,0.04023833308492606,0.04156468021989239,0.03201439581832178,0.027288151971194823,0.013874619315088538
-0.4675,1.370125346777785,-0.28609929839299214,0.02873456032264664,0.04060504509855485,0.04196862928949597,0.031961639515191154,0.027384418956371115,0.014012770370484807
-0.4625,1.37336795913975,-0.2862368655760639,0.02829080807035477,0.04099364812728703,0.04239077994791337,0.0318433067518205,0.027443672836283618,0.014156824115368487
-0.4575,1.3764962712793696,-0.28617558626449174,0.02776710324395579,0.04140935677001493,0.04283564155704025,0.0316541595745829,0.02746295244699252,0.01430819423408339
-0.4525,1.3795118310748247,-0.2859155741540741,0.027160781414351732,0.04185697203355159,0.04330731843806914,0.031389291256520076,0.027439418462974808,0.01446819314568032
-0.4475,1.382416385354284,-0.28545721922311235,0.026470169840099013,0.04234067728638465,0.04380932759867148,0.03104428894747341,0.02737043528907525,0.01463797919504316
-0.4425,1.3852118487603715,-0.2848011667820667,0.02569471131865941,0.04286385526475479,0.044344438497590045,0.030615382266823643,0.027253649788104878,0.01481851094436742
-0.4375,1.3879002760078611,-0.2839482973927847,0.024835036448351725,0.043428939354095246,0.04491454648199038,0.0300995675057495,0.027087061382466575,0.015010511643177633
-0.4325,1.39048383774592,-0.28289970778864704,0.023892978405496326,0.04403730998324388,0.04552058902975357,0.02949469881899059,0.02686907852316243,0.015214446126548545
-0.4275,1.3929647999695134,-0.28165669289398493,0.022871529136715533,0.04468924346267391,0.04616251049399923,0.028799540367261376,0.026598557502111358,0.015430511349992146
-0.4225,1.3953455066809588,-0.28022072900571376,0.02177474067639889,0.04538391635359494,0.04683927707064022,0.028013776530183068,0.026274820993409644,0.015658640641110742
-0.4175,1.3976283653118142,-0.2785934581638973,0.020607579574553128,0.046119463949864506,0.04754893964630993,0.027137980685707663,0.02589765538628403,0.01589852066401581
-0.4125,1.399815834298289,-0.2767766737032847,0.019375745710738437,0.046893087193808546,0.04828873848603606,0.026173546268235807,0.025467287721103286,0.016149619170051616
-0.4075,1.4019104121688934,-0.2747723069473177,0.018085468782931338,0.04770119879011395,0.04905524077423688,0.025122586532690692,0.02498434465712706,0.016411220934995564
-0.40249999999999997,1.4039146275465735,-0.2725824149817954,0.01674329638791304,0.04853959678145076,0.049844500099919586,0.02398781140511481,0.024449797207197123,0.016682468906801355
-0.39749999999999996,1.4058310295733754,-0.27020916942858186,0.015355886924070597,0.049403652607371014,0.05065222620370052,0.022772390841663277,0.023864895839684645,0.01696240751598296
-0.39249999999999996,1.407662178410772,-0.2676548461306189,0.013929818768622,0.05028850071800808,0.051473953657510806,0.021479814218262346,0.023231100906297687,0.01725002530309805
-0.38749999999999996,1.4094106356277987,-0.2649218156572371,0.012471424628637661,0.05118921803068493,0.05230519947328919,0.020113754517381087,0.022550013210377525,0.017544294437311463
-0.38249999999999995,1.4110789544390472,-0.2620125345417908,0.010986657001208395,0.0521009836482742,0.05314160168408175,0.018677944641371017,0.021823308951663626,0.01784420526384736
-0.37749999999999995,1.4126696698779349,-0.2589295371700525,0.009480987655187192,0.053019211971385455,0.05397903340774954,0.01717607129561042,0.02105268238452571,0.01814879464943096
-0.37250000000000005,1.4141852890775415,-0.25567542824562084,0.007959341265629288,0.053939655275153674,0.0548136894824004,0.015611689800943735,0.02023979844668307,0.018457167522721096
-0.36750000000000005,1.4156282818790904,-0.25225287576611305,0.006426061013817013,0.054858474653534536,0.05564214518057266,0.013988161150367558,0.019386256495997654,0.018768511573531488
-0.36250000000000004,1.4170010720005788,-0.2486646044497348,0.0048849022416525365,0.05577228069188798,0.05646138855609762,0.012308610814009897,0.01849356525806069,0.019082105539779362
-0.35750000000000004,1.4183060289830307,-0.24491338955492375,0.003339049162639891,0.056678147132688955,0.05726882952163299,0.010575907354252179,0.017563128229637095,0.01939732185223535
-0.35250000000000004,1.4195454610994198,-0.2410020510354151,0.0017911491516387895,0.057573602065118946,0.05806228974410624,0.008792657909109701,0.016596238157181642,0.019713624618790674
-0.34750000000000003,1.420721609371757,-0.2369334479687089,0.0002433591761863465,0.05845660180038064,0.058839977898151076,0.006961217045151267,0.015594078832371036,0.020030564020470223
-0.3425,1.421836642804217,-0.23271047318708013,-0.0013026006254305475,0.05932549266353323,0.0596004548059959,0.005083705329841503,0.014557732302563324,0.0203477681791075
-0.3375,1.4228926549115168,-0.2283360480265595,-0.0028453905011804254,0.0601789655576453,0.060342592621346,0.0031620341515463933,0.013488189644920351,0.02066493346556281
-0.3325,1.4238916616066744,-0.22381311709045254,-0.004383995201859486,0.0610160074760065,0.061065531602998734,0.0011979337303720382,0.01238636364744941,0.020981814073683193
-0.3275,1.4248356005129301,-0.21914464289989738,-0.005917671188987631,0.061835853291032125,0.06176863728592762,-0.0008070181810323271,0.011253102024061504,0.02129821151377985
-0.3225,1.425726331780909,-0.2143336002750722,-0.007445898622100411,0.06263794025519498,0.062451460092069706,-0.002851368796711068,0.010089200113904408,0.021613964501734508
-0.3175,1.426565640521819,-0.20938297025805275,-0.008968339076309107,0.0634218668038395,0.06311369870569249,-0.004933765290053275,0.00889541233707083,0.021928939552721825
-0.3125,1.4273552410065047,-0.20429573335407156,-0.010484799341999446,0.06418735651554072,0.06375516791931381,-0.007052933039578503,0.007672461970385244,0.022243022443583945
-0.3075,1.4280967828224493,-0.1990748618354793,-0.011995201207590171,0.06493422749704406,0.06437577116220286,-0.009207657445358487,0.006421049051254683,0.022556110591840095
-0.3025,1.4287918592185205,-0.19372331082700567,-0.013499556816613786,0.06566236702644626,0.0649754775611925,-0.01139676929362041,0.005141856407789381,0.022868106314706083
-0.2975,1.429442017890776,-0.18824400787861245,-0.01499794900421041,0.06637171100162813,0.06555430314501169,-0.013619133406679314,0.003835553950750323,0.023178910877671776
-0.2925,1.4300487744609118,-0.1826398407414492,-0.01649051593173046,0.0670622275809265,0.06611229567154173,-0.0158736401628374,0.0025028014537559883,0.023488419216279463
-0.2875,1.430613628859957,-0.17691364310242771,-0.01797743932610195,0.06773390434391292,0.06664952251082278,-0.018159199389926245,0.001144250101614164,0.02379651521262441
-0.2825,1.4311380847416963,-0.17106817811317143,-0.019458935668859822,0.06838673831524099,0.06716606103307478,-0.020474736109276293,-0.00023945688781135723,0.024103067425053196
-0.27749999999999997,1.4316236719026874,-0.16510611967803346,-0.02093524974745698,0.06902072825933604,0.06766199100998813,-0.02281918761801082,-0.0016476842565880804,0.024407925200761845
-0.27249999999999996,1.4320719714718095,-0.15903003164922222,-0.02240665006209555,0.06963586874765071,0.068137388621759,-0.025191501433562496,-0.0030798050094719863,0.0247109151418514
-0.26749999999999996,1.4324846433510412,-0.1528423453158987,-0.023873425662668226,0.07023214560723115,0.06859232175800643,-0.027590633675668105,-0.004535200736304094,0.025011837941459114
-0.26249999999999996,1.4328634550477701,-0.14654533586275756,-0.025335884064440005,0.07080953246760575,0.06902684639738833,-0.030015547521785164,-0.0060132616852507,0.025310465653605205
-0.25749999999999995,1.4332103106548286,-0.14014109879797826,-0.026794349953336814,0.07136798822423208,0.06944100394077211,-0.03246521143877759,-0.007513386345633069,0.02560653950423617
-0.25249999999999995,1.4335272783364914,-0.13363152768687261,-0.028249164440514826,0.07190745532525641,0.06983481945063219,-0.034938596965732704,-0.009034980333931715,0.02589976838751001
-0.24750000000000005,1.4338166143071125,-0.12701829484290827,-0.029700684661833444,0.07242785886026568,0.07020830081081314,-0.0374346758997672,-0.010577454420319462,0.026189828216661548
-0.24250000000000005,1.4340807809935157,-0.12030283688095651,-0.03114928354309655,0.07292910648231547,0.07056143886280906,-0.03995241681849172,-0.012140221587187427,0.02647636230907358
-0.23750000000000004,1.4343224569076187,-0.11348634718290283,-0.03259534956964534,0.07341108922584726,0.0708942085949952,-0.04249078095837061,-0.013722693076061492,0.026758982977296328
-0.23250000000000004,1.434544535776024,-0.10656977731800817,-0.03403928641281826,0.0738736832919546,0.07120657145845917,-0.04504871755498138,-0.015324273454043746,0.027037274469508422
-0.22750000000000004,1.4347501127236317,-0.09955384926152382,-0.03548151227976925,0.07431675285853084,0.07149847885703761,-0.04762515883484959,-0.016944354812571297,0.0273107973535376
-0.22250000000000003,1.4349424558163653,-0.09243907984127978,-0.03692245887065107,0.07474015393709316,0.07176987681124421,-0.05021901492320397,-0.01858231029504238,0.02757909436916195
-0.21750000000000003,1.4351249620358988,-0.08522581821067259,-0.0383625698509632,0.0751437392431153,0.07202071172923312,-0.052829168990692635,-0.020237487229205698,0.027841697687270017
-0.21250000000000002,1.4353010977571372,-0.07791429632139776,-0.03980229877855074,0.07552736397700753,0.07225093713813194,-0.055454472997679714,-0.021909200207533362,0.028098137417121628
-0.20750000000000002,1.4354743249635529,-0.07050469140249845,-0.04124210646451625,0.07589089233484096,0.072460521143334,-0.05809374440098521,-0.023596724506260332,0.02834795110203204
-0.2025,1.4356480156711797,-0.06299719842242196,-0.042682457793809414,0.07623420448958322,0.0726494543006054,-0.06074576416074612,-0.025299290254376054,0.02859069384845386
-0.1975,1.4358253582206058,-0.05539210951632478,-0.044123818081601394,0.07655720371403006,0.07281775751586725,-0.0634092763235017,-0.027016077752542698,0.028825948653488406
-0.1925,1.4360092601084826,-0.04768989650974328,-0.04556664909159267,0.07685982326489957,0.07296548953973964,-0.06608298936449274,-0.028746214296545253,0.02905333644074883
-0.1875,1.4362022527423781,-0.039891292065640606,-0.0470114048872147,0.07714203262173076,0.07309275360635696,-0.06876557935431098,-0.0304887727818622,0.029272525292045354
-0.1825,1.4364064038146127,-0.03199736470973146,-0.0484585277212077,0.07740384268009201,0.07319970278387623,-0.07145569488272266,-0.03224277226042843,0.02948323837765331
-0.1775,1.4366232428397494,-0.024009583102143368,-0.04990844418880278,0.07764530953873812,0.07328654365915277,-0.07415196353840461,-0.034007180496173024,0.02968526014243902
-0.1725,1.4368537047734242,-0.01592986543420535,-0.05136156187150044,0.07786653659352864,0.07335353806875357,-0.0768529996210669,-0.035780918433493375,0.029878440396275435
-0.16749999999999998,1.4370980955672215,-0.007760610705190647,-0.052818266680815205,0.07806767475201294,0.07340100270623796,-0.07955741266473325,-0.03756286636474818,0.03006269607841074
-0.16249999999999998,1.4373560821050018,0.00049529019892874,-0.054278921075056046,0.07824892070306423,0.07342930657143107,-0.0822638162880439,-0.0393518714711457,0.03023801060682087
-0.15749999999999997,1.4376267073393605,0.008834464351419307,-0.055743863270033896,0.07841051330486151,0.07343886636896176,-0.08497083686572042,-0.04114675632637815,0.030404430872856675
-0.15249999999999997,1.437908429754812,0.017253086873807427,-0.0572134075011335,0.07855272827983265,0.07343014009755354,-0.08767712153653215,-0.04294632790138128,0.03056206208558192
-0.14749999999999996,1.4381991846834976,0.025746929251952305,-0.05868784532529647,0.07867587151527217,0.0734036191861931,-0.09038134512423752,-0.044749386595305134,0.0307110607966103
-0.14249999999999996,1.4384964636323974,0.03431142272202314,-0.06016744788351885,0.0787802713534045,0.07335981961835895,-0.09308221564181018,-0.04655473484177507,0.03085162653453383
-0.13749999999999996,1.4387974067612683,0.042941732716106566,-0.061652468983632164,0.0788662703077482,0.07329927253432494,-0.09577847816542352,-0.04836118489663201,0.030983992540854686
-0.13249999999999995,1.439098903050474,0.05163283985280886,-0.06314314881467362,0.07893421666036761,0.07322251481145034,-0.0984689169910224,-0.05016756549633661,0.031108416123124906
-0.12749999999999995,1.439397692544521,0.06037962282526876,-0.06463971807187842,0.07898445637730701,0.07313008009462986,-0.10115235611048874,-0.05197272717583566,0.031225169126136536
-0.12250000000000005,1.4396904653327032,0.0691769387625966,-0.06614240225729118,0.07901732573092211,0.07302249068856026,-0.10382765815521597,-0.053775546140802974,0.03133452897247912
-0.11750000000000005,1.4399739525757338,0.07801969717341393,-0.06765142592536223,0.0790331449444164,0.07290025063780273,-0.10649372204347621,-0.05557492669197527,0.031436770646504394
-0.11250000000000004,1.440245005819993,0.08690292434973955,-0.06916701666407743,0.07903221308391208,0.07276384021910157,-0.10914947962849676,-0.057369802290339125,0.03153215989957114
-0.10750000000000004,1.4405006619541882,0.0958218160288951,-0.07068940863710364,0.07901480432586605,0.07261371196295428,-0.11179389167424456,-0.05915913542479004,0.031620947849115594
-0.10250000000000004,1.4407381923462421,0.10477177708863535,-0.0722188455570156,0.07898116563138065,0.07245028821742741,-0.11442594348643023,-0.06094191649469936,0.03170336703913647
-0.09750000000000003,1.4409551358460662,0.11374844799945005,-0.07375558300926145,0.07893151577167995,0.07227396017472122,-0.11704464050087468,-0.06271716194730562,0.031779628933508594
-0.09250000000000003,1.4411493163629163,0.12274771860382139,-0.07529989009645927,0.07886604557672926,0.07208508820604642,-0.11964900408592082,-0.06448391191512258,0.03184992273273626
-0.08750000000000002,1.441318846556846,0.1317657304795583,-0.07685205041867503,0.0787849192255698,0.07188400329668519,-0.12223806775701775,-0.06624122758469815,0.031914415343672946
-0.08250000000000002,1.441462119781208,0.1407988696392335,-0.07841236244412152,0.07868827636410829,0.07167100934195382,-0.1248108739372457,-0.06798818849949492,0.031973252292339924
-0.07750000000000001,1.4415777927629396,0.14984375160848626,-0.07998113935393579,0.07857623482343906,0.07144638605525919,-0.1273664713341601,-0.06972388996149999,0.03202655935200235
-0.07250000000000001,1.4416647616199452,0.15889720102114477,-0.08155870846322885,0.07844889371712108,0.07121039224881975,-0.12990391294649087,-0.071447440653532,0.03207444465994705
-0.0675,1.4417221337208794,0.16795622779393699,-0.08314541032850593,0.07830633671573374,0.07096326927192861,-0.13242225466789395,-0.07315796056170946,0.03211700111341187
-0.0625,1.441749197636633,0.1770180017347085,-0.08474159764989588,0.07814863532729667,0.07070524442621184,-0.1349205544213062,-0.07485457923885022,0.03215430886349649
-0.057499999999999996,1.4417453930666408,0.18607982713812457,-0.08634763406719,0.07797585204835925,0.0704365342174345,-0.13739787173694726,-0.0765364344172287,0.03218643776106709
-0.05249999999999999,1.4417102821991965,0.1951391185749571,-0.08796389293372907,0.0777880432886231,0.07015734734467438,-0.13985326767866219,-0.07820267095446609,0.032213449646354315
-0.04749999999999999,1.441643523530746,0.2041933787242938,-0.08959075613404001,0.07758526200837616,0.06986788736653939,-0.14228580502506893,-0.07985244007963926,0.03223540041050147
-0.04249999999999998,1.4415448487631706,0.21324017876412388,-0.09122861299203429,0.07736756004019156,0.06956835501793844,-0.14469454862123007,-0.08148489889736776,0.03225234179001154
-0.03749999999999998,1.441414043047716,0.22227714154728298,-0.09287785929836792,0.07713499009263942,0.06925895017817008,-0.14707856583051554,-0.08309921010448307,0.032264322882115636
-0.03249999999999997,1.441250928565154,0.23130192755971368,-0.0945388964695938,0.07688760745347337,0.06893987351117785,-0.1494369270323891,-0.08469454187541459,0.032271391389745545
-0.02749999999999997,1.4410553512290578,0.24031222349063713,-0.09621213083882091,0.07662547142295205,0.06861132781195953,-0.15176870612788432,-0.08627006787707954,0.032273594619032564
-0.022499999999999964,1.440827170169173,0.2493057331367236,-0.09789797306805284,0.07634864651531702,0.06827351910012018,-0.15407298102901507,-0.08782496738043784,0.03227098026068542
-0.01749999999999996,1.440566249585184,0.25828017030686856,-0.09959683766611373,0.07605720346900119,0.06792665750359089,-0.15634883412035244,-0.08935842544280313,0.03226359699020235
-0.012499999999999956,1.4402724525447637,0.2672332533801222,-0.10130914259268846,0.0757512201050876,0.06757095797389405,-0.15859535269011868,-0.09086963314165618,0.032251494921806415
-0.007499999999999951,1.4399456363196117,0.2761627011851698,-0.10303530892793339,0.07543078207006006,0.0672066408702855,-0.16081162933445284,-0.09235778784655134,0.03223472594841708
-0.0024999999999999467,1.4395856488960526,0.2850662299046697,-0.10477576058773028,0.07509598349404278,0.06683393244474055,-0.16299676234233262,-0.0938220935204876,0.03221334399591881
0.0024999999999999467,1.4391923263513675,0.29394155075244405,-0.10653092406634328,0.07474692759035981,0.0664530652539474,-0.16514985607050045,-0.09526176104578223,0.032187405215300814
0.007500000000000062,1.4387654908447725,0.30278636821884697,-0.10830122819049233,0.07438372721697764,0.0660642785188543,-0.16727002131817548,-0.09667600857212721,0.032156968131536144
0.012499999999999956,1.4383049490267605,0.3115983787246384,-0.1100871038712556,0.0740065054156181,0.06566781844727017,-0.16935637571084608,-0.09806406188629024,0.032122093763749915
0.01750000000000007,1.4378104907188642,0.3203752695633901,-0.11188898384249835,0.07361539594025798,0.06526393853074872,-0.17140804410144514,-0.09942515480404081,0.032082845727512486
0.022499999999999964,1.437281887756095,0.3291147180454702,-0.11370730237651121,0.07321054378342672,0.0648528998235368,-0.17342415899603467,-0.10075852958551967,0.032039290327068023
0.02750000000000008,1.4367188929162091,0.3378143907827811,-0.11554249496915957,0.07279210570613942,0.06443497120869517,-0.1754038610099471,-0.10206343737558231,0.03199149664294884
0.03249999999999997,1.4361212388842213,0.34647194307316936,-0.11739499798809132,0.0723602507753727,0.06401042965449989,-0.1773462993592991,-0.10333913867075861,0.03193953661866115
0.03750000000000009,1.4354886372184854,0.35508501835768636,-0.11926524827845132,0.07191516091158083,0.06357956046277959,-0.17925063239191508,-0.10458490381445683,0.03188348514885237
0.04249999999999998,1.4348207772976378,0.36365124773359525,-0.12115368272118471,0.07145703144773968,0.06314265750980773,-0.18111602816097883,-0.10580001352194564,0.031823420170478865
0.0475000000000001,1.4341173252372836,0.3721682495120177,-0.12306073773945335,0.07098607170067889,0.06270002347963423,-0.18294166504409917,-0.1069837594364776,0.031759422757888844
0.05249999999999999,1.4333779227731178,0.3806336288118517,-0.12498684874905433,0.07050250555491501,0.062251970089207034,-0.18472673240981807,-0.10813544471763487,0.031691577222337036
0.05750000000000011,1.432602186115001,0.38904497718102354,-0.12693244954915728,0.07000657205873344,0.061798818304211925,-0.18647043133271868,-0.10925438466248806,0.031619971216197515
0.0625,1.4317897047867212,0.397399872231404,-0.12889797165037398,0.06949852603178766,0.06134089854417551,-0.18817197535690186,-0.11033990735928108,0.03154469584199721
0.0674999999999999,1.430940040482139,0.40569587726277034,-0.1308838435384734,0.06897863868288509,0.06087855087495252,-0.18983059130518712,-0.11139135437176659,0.03146584576634011
0.07250000000000001,1.4300527259954123,0.4139305408301585,-0.13289048987450142,0.06844719823576072,0.06041212518617149,-0.1914455201271028,-0.1124080814494642,0.031383519338837346
0.0774999999999999,1.429127264329475,0.4221013961710873,-0.13491833063655673,0.06790451055930966,0.059941981350436525,-0.1930160177711652,-0.11338945925406706,0.031297818716340256
0.08250000000000002,1.428163128166231,0.4302059603434336,-0.13696778021648637,0.06735089979666183,0.05946848935994695,-0.19454135605382414,-0.11433487408347372,0.031208849993175962
0.08749999999999991,1.4271597600149022,0.43824173281375134,-0.13903924649867505,0.0667867089842435,0.05899202943453246,-0.19602082347518054,-0.11524372856007511,0.031116723338862406
0.09250000000000003,1.4261165735733823,0.44620619305280856,-0.1411331299716138,0.06621230064700648,0.058512992092722864,-0.1974537258945818,-0.11611544222527391,0.03102155314618481
0.09749999999999992,1.4250329571882867,0.45409679640036327,-0.14324982296171557,0.06562805734860461,0.05803177817419362,-0.19883938691913955,-0.11694945194219739,0.03092345819497088
0.10250000000000004,1.4239082808501473,0.46191096699746254,-0.14538970914129937,0.06503438216456134,0.057548798797652,-0.2001771477629492,-0.11774521194510007,0.030822561841056088
0.10749999999999993,1.4227419090046147,0.46964608587215606,-0.14755316356086778,0.06443169903141695,0.05706447523305825,-0.20146636618719865,-0.11850219327561184,0.030718992246786904
0.11250000000000004,1.4215332227241526,0.47729947119636074,-0.1497405536065701,0.06382045290454771,0.056579238661567804,-0.20270641390817346,-0.11921988219726122,0.03061288268044293
0.11749999999999994,1.4202816566289815,0.484868346169437,-0.15195224150967526,0.06320110963123222,0.05609352979207287,-0.20389667153092472,-0.1198977769602213,0.03050437192929374
0.12250000000000005,1.418986758568858,0.4923497877575819,-0.1541885893651336,0.06257415541387408,0.05560779830236686,-0.20503651959296615,-0.12053538197251895,0.030393604897593948
0.12749999999999995,1.4176482837073776,0.4997406464293002,-0.15644996808683656,0.061940095702901536,0.05512250208040013,-0.20612532363965305,-0.12113219799173623,0.030280733500625864
0.13250000000000006,1.4162663395319743,0.5070374228625836,-0.15873677237983894,0.061299453324166905,0.05463810626437934,-0.20716241035101127,-0.12168770634899703,0.03016591802404613
0.13749999999999996,1.4148416046753125,0.5142360821549148,-0.16104944468966834,0.06065276561996074,0.054155082131050955,-0.2081470305492706,-0.12220134442127437,0.03004932920063647
0.14250000000000007,1.4133756524432333,0.5213317791894967,-0.16338851223894085,0.06000058037985637,0.05367390597597237,-0.20907830339711747,-0.12267246855117694,0.029931151371616744
0.14749999999999996,1.411871419626487,0.5283184604627766,-0.16575464271354512,0.05934345037872793,0.053195058290737424,-0.2099551342324988,-0.12310029936306054,0.029811587255390244
0.15250000000000008,1.4103338723002126,0.5351882980355794,-0.16814872592023067,0.05868192645522986,0.052719023800184256,-0.210776096306991,-0.12348384295816114,0.02969086505188815
0.15749999999999997,1.4087709322374125,0.541930900869332,-0.1705719907606974,0.05801654929765484,0.052246293316052406,-0.21153926431252448,-0.12382177985902108,0.02956924887440867
0.1625000000000001,1.407194738960448,0.5485322387673567,-0.17302616902454326,0.05734784051333962,0.05177736893982178,-0.21224198524067456,-0.12411231196990502,0.02944705383117908
0.16749999999999998,1.4056233309573016,0.5549732064968195,-0.1755137195220253,0.056676294219504125,0.0513127749633428,-0.21288057027995938,-0.12435295651719239,0.029324667482821875
0.1725000000000001,1.404082831195971,0.5612277539003584,-0.17803812745133168,0.05600237140801778,0.050853077936902025,-0.21344989091940267,-0.12454027543901289,0.02920257988489509
0.1775,1.402610210279014,0.5672605176299907,-0.18060429374301562,0.05532650083272642,0.050398920871678105,-0.2139428645150681,-0.1246695298448314,0.029081424989137045
0.1825000000000001,1.4012566651588139,0.5730239206121686,-0.18321902597882314,0.05464909230281955,0.04995107848283042,-0.2143498213929315,-0.12473425329315499,0.028962036816944457
0.1875,1.4000915767966415,0.578454770287449,-0.1858916339980715,0.05397057120939035,0.04951054279052346,-0.21465776028607167,-0.12472574675264311,0.02884552450169172
0.1924999999999999,1.399206874400863,0.5834705058563202,-0.18863461592677816,0.05329144699012234,0.04907865119887319,-0.2148495260158346,-0.12463251507028904,0.02873337091700768
0.1975,1.3987214084017054,0.587965443840266,-0.19146438911789326,0.05261243297906566,0.048657272017406925,-0.21490298842226677,-0.12443969318282073,0.028627559878884157
0.2024999999999999,1.398784588953009,0.5918076773426955,-0.19440196932589449,0.05193464010707009,0.04824906435282522,-0.21479037006133023,-0.12412855382233177,0.02853073614923627
0.20750000000000002,1.399578064689173,0.5948377122745878,-0.19747342503913753,0.05125987052310027,0.047857828387659826,-0.2144779638067905,-0.1236762486628568,0.028446399251659274
0.2124999999999999,1.4013136273212148,0.5968704454887753,-0.20070983245690682,0.05059103574864649,0.04748895458804996,-0.2139265908188845,-0.12305600681019281,0.028379123842239687
0.21750000000000003,1.4042249645201896,0.5977025816983025,-0.20414634532559187,0.04993271103711067,0.04714996059541325,-0.21309324219812661,-0.12223807961568893,0.028334782148578316
0.22249999999999992,1.4085506549964941,0.5971277630318921,-0.20781991718544468,0.049291804270668746,0.04685106558212422,-0.211934356703285,-0.12119173854082692,0.028320713608126262
0.22750000000000004,1.4145064284363538,0.5949610674518543,-0.21176525799585127,0.04867825601147719,0.046605689715317276,-0.21041100930927623,-0.1198885393047657,0.028345742533767718
0.23249999999999993,1.4222468309556269,0.5910725524053754,-0.21600889363989387,0.04810559910749426,0.04643068858628326,-0.20849581811037735,-0.11830679270987952,0.028419896373082627
0.23750000000000004,1.4318203956322433,0.5854259007825189,-0.22056182256379012,0.0475911167718372,0.046346069000140704,-0.2061806091929595,-0.11643671230866483,0.0285536537670019
0.24249999999999994,1.4431276039792469,0.578113625499133,-0.2254121755290018,0.04715530422022821,0.04637393892559574,-0.2034830172794928,-0.1142851519307081,0.028756599836986415
0.24750000000000005,1.4558951766080341,0.5693767956889542,-0.23052014116277872,0.04682043292934885,0.046536580230317606,-0.2004497141348556,-0.11187847877933599,0.02903552593011822
0.25249999999999995,1.4696802325052503,0.5595978770229294,-0.23581761395378956,0.04660827226252856,0.04685380969548621,-0.19715438502445615,-0.10926229034924625,0.02939226784454265
0.25750000000000006,1.4839111499514208,0.549261950736804,-0.2412140243847386,0.04653737252357951,0.047340124740196915,-0.19369007989604872,-0.10649751781062634,0.029821826254697103
0.26249999999999996,1.4979596991862638,0.5388926705876463,-0.24660772296181824,0.046620582890613216,0.048002343472126334,-0.19015758990643575,-0.10365367845546829,0.03031139678768352
0.26750000000000007,1.5112267567713993,0.5289794333078777,-0.2519000658108573,0.046863489758968924,0.048838392668142855,-0.1866529669436215,-0.10080101981204918,0.030840752260033022
0.27249999999999996,1.523218525855477,0.5199155425145792,-0.2570082637123691,0.04726417638084758,0.049837564631059775,-0.18325738918525677,-0.0980035093119045,0.031384018304936895
0.2775000000000001,1.5335947707973412,0.5119618464025045,-0.2618737347541922,0.04781426677077714,0.050982112762255075,-0.18003134130217865,-0.09531403350603232,0.031912455094630886
0.2825,1.5421820736525107,0.5052399633551262,-0.26646464226050276,0.04850084720039863,0.0522497001647908,-0.1770133527443586,-0.09277221620814759,0.032397599010433396
0.2875000000000001,1.5489569601666666,0.49974959102479555,-0.2707733463278025,0.049308703621171575,0.05361608591180058,-0.17422222077205163,-0.09040446550691825,0.032814111426110036
0.2925,1.5540106821638897,0.4953994570730797,-0.2748107179750254,0.050222376400116224,0.055057522151071646,-0.17166113912353234,-0.08822547929969311,0.03314187422575763
0.2975000000000001,1.5575082671009937,0.4920415770690876,-0.2785994378026987,0.05122771960925344,0.05655254313991418,-0.1693223251384084,-0.08624043971175073,0.03336714165998711
0.3025,1.559651172651826,0.48950160317798974,-0.2821678682519311,0.052312852176805334,0.05808304529180376,-0.16719122307470163,-0.08444732678397342,0.03348279595103911
0.3075000000000001,1.5606483869168974,0.48760180264860953,-0.2855453389552314,0.05346853540202124,0.05963471733171976,-0.16524985057041092,-0.08283901588049308,0.033487903279050525
0.3125,1.5606970861165819,0.48617612757956785,-0.28875905690018344,0.05468808793624703,0.06119696295659378,-0.1634792016837455,-0.08140500598189335,0.03338682265996523
0.3174999999999999,1.5599717144291585,0.4850785031584203,-0.2918324691470014,0.055966968612949024,0.06276247816924706,-0.16186080654649893,-0.08013273941651464,0.03318810724026541
0.3225,1.5586194331060534,0.4841860793321925,-0.29478474171305513,0.05730214275296207,0.06432662598145301,-0.16037761689349808,-0.07900853226706646,0.03290338717096914
0.3274999999999999,1.5567598275774848,0.4833991647858462,-0.2976309958128618,0.058691319313436546,0.06588671446504618,-0.15901438971149176,-0.078018159997473,0.03254636101490374
0.3325,1.5544871172967498,0.48263924329216645,-0.3003829872953749,0.060132117941315975,0.0674412449257054,-0.15775771593814858,-0.07714715151778757,0.032131964209956926
0.3374999999999999,1.551873587247847,0.4818460840231812,-0.3030499766334348,0.0616212034655378,0.06898916303213626,-0.15659580931724684,-0.07638084712270943,0.031675735440485124
0.3425,1.5489733992937544,0.48097460944534454,-0.30563958918611805,0.0631534128535458,0.07052911998534589,-0.15551814202154643,-0.07570427666528824,0.031193366234272536
0.3474999999999999,1.5458262888505931,0.47999191475946523,-0.30815849967567693,0.06472089570023186,0.07205873361166944,-0.1545149913944332,-0.07510191604396922,0.030700394317983746
0.35250000000000004,1.5424609015308464,0.4788746423096636,-0.3106127919257506,0.06631229198390952,0.0735738299754685,-0.1535769456665032,-0.07455738290478463,0.03021198507985593
0.35749999999999993,1.538897689936717,0.47760678929972605,-0.3130078513038168,0.06791197740413096,0.07506764400227556,-0.15269440396450448,-0.07405313563464286,0.029742736133829557
0.36250000000000004,1.5351513919260473,0.47617795093599086,-0.3153476521834617,0.06949941398388695,0.07652996221118935,-0.1518570952350652,-0.07357024175963935,0.02930643657494959
0.36749999999999994,1.5312331654559086,0.4745819590465385,-0.3176333165578103,0.07104864852913759,0.07794620177830075,-0.1510536300043194,-0.07308828079705851,0.028915715165851195
0.37250000000000005,1.5271524743857525,0.47281585675773274,-0.3198608532087555,0.07252800102014591,0.07929643766048915,-0.15027108702323988,-0.07258544031416528,0.028581521300651152
0.37749999999999995,1.5229188132384486,0.47087914440712636,-0.32201804864002354,0.0738999769317725,0.08055441301748438,-0.14949462375673675,-0.07203885059831397,0.028312400467942533
0.38250000000000006,1.518543332681927,0.4687732344377676,-0.32408057703460047,0.07512142130052771,0.0816865966856951,-0.1487070868532831,-0.07142518202205632,0.028113553253012714
0.38749999999999996,1.5140403853742774,0.46650105931983116,-0.3260075269881971,0.07614390994328776,0.08265138306533826,-0.14788858952486306,-0.07072150051388015,0.027985704048670124
0.39250000000000007,1.5094289572232245,0.46406678380258226,-0.3277367003656377,0.07691434954160434,0.08339856145976357,-0.14701602234734393,-0.06990634315730994,0.02792385142608012
0.39749999999999996,1.5047338863006723,0.4614755794575191,-0.32918020730118347,0.07737574150696737,0.08386920949734743,-0.1460624787095151,-0.06896094253436243,0.027916023212737697
0.4025000000000001,1.4999867072237256,0.4587334251071847,-0.33022103674335923,0.07746806505760727,0.08399618360665555,-0.14499661195943936,-0.06787050107567902,0.027942209787277607
0.4075,1.4952259031258022,0.45584690200832534,-0.3307113935993148,0.07712926283741438,0.08370538263004511,-0.14378200120514978,-0.06662540128282503,0.027973690362027938
0.4125000000000001,1.4904963153478015,0.4528229592158311,-0.33047362911005046,0.07629637296028859,0.08291794200830939,-0.14237668339158166,-0.06522223780834406,0.027972988453269974
0.4175,1.4858474716822145,0.44966863468709856,-0.3293045214595869,0.07490693931882608,0.0815534688562366,-0.14073309785502483,-0.0636645721805784,0.02789468286558393
0.4225000000000001,1.4813306676436357,0.4463907336471878,-0.3269834676997736,0.07290092642288785,0.07953434681117237,-0.13879876217950277,-0.061963334481350524,0.02768724894838885
0.4275,1.4769947875806348,0.4429954885902113,-0.32328481611801796,0.07022342776628188,0.0767910208332938,-0.13651802194169801,-0.06013681919299693,0.027296004941915728
0.4325000000000001,1.472881086237274,0.4394882533629618,-0.31799410368675207,0.06682843798659774,0.07326801961618667,-0.1338351568066731,-0.058210236570019884,0.026667090318569082
0.4375,1.469017446323134,0.4358733110291335,-0.31092738541608195,0.06268381266561983,0.06893030084701009,-0.130698956061396,-0.056214785252600326,0.02575221849397018
0.4424999999999999,1.4654129319779345,0.43215389054746584,-0.30195219241090493,0.05777724628088587,0.06376933909271101,-0.12706859661788572,-0.05418621677950733,0.02451375079428304
0.4475,1.4620536868735747,0.4283324763062955,-0.29100800769438423,0.05212269098577293,0.05780825512649737,-0.12292030017756542,-0.05216288839254438,0.022929472679082376
0.4524999999999999,1.458901273358294,0.42441144522800966,-0.278123623481649,0.04576621370633475,0.05110524839853797,-0.11825388706148707,-0.05018336755487362,0.020996366938628132
0.4575,1.4558943204114851,0.4203939781536059,-0.2634285065333264,0.0387899952479205,0.04375466872050291,-0.11309808398442868,-0.048283765070080656,0.018732717724506492
0.4624999999999999,1.452953807342082,0.41628508554120036,-0.24715553242089275,0.0313131665954056,0.035885253411393446,-0.10751338634079666,-0.046495109344791896,0.016178065709156596
0.4675,1.4499915290291319,0.4120925028278434,-0.22963328765761243,0.023488544179725557,0.027655341226279686,-0.10159149436536623,-0.04484117728936831,0.013390848842685859
0.4724999999999999,1.4469204636787736,0.407827195063514,-0.2112675727974586,0.015495032750541394,0.019245217489916526,-0.09545084229395852,-0.0433372013475349,0.010443940671315434
0.47750000000000004,1.443665171464414,0.40350329052441136,-0.19251355355709596,0.007526339405147271,0.010847105636211865,-0.08922844031949856,-0.04198973558917144,0.007418647582435742
0.48249999999999993,1.4401702380971584,0.399137422640717,-0.17384178766707478,-0.0002225694743923899,0.002653658833671191,-0.08306899266853274,-0.04079770374688799,0.004397962732158279
0.48750000000000004,1.4364052311215174,0.3947476385222937,-0.1557026099668097,-0.007569370365578127,-0.005153925322698234,-0.0771128442534363,-0.03975435125016243,0.0014599507567564785
0.49249999999999994,1.4323655250186023,0.39035215486553954,-0.1384937017082452,-0.014356722007918795,-0.012416903252197896,-0.07148456968096058,-0.038849597444053606,-0.0013279440927998426
0.49750000000000005,1.4280693635083999,0.38596825831965614,-0.12253498743385156,-0.020461507541225943,-0.019007879773328896,-0.06628386823339176,-0.03807222384005496,-0.003913073715939849
0.5025,1.4235523188716974,0.38161156032522164,-0.10805350107291625,-0.02580009383925265,-0.02483664254112559,-0.06157991078886388,-0.03741145669050166,-0.006259918186079084
0.5075000000000001,1.4188606550743215,0.37729567535726577,-0.09517898125564332,-0.030329440141164333,-0.02985242358063487,-0.05740955789800044,-0.03685774470113967,-0.008350526043101708
0.5125,1.4140449810035831,0.3730322603852956,-0.08394918902539955,-0.034044508407229855,-0.03404260530308525,-0.053779142860605054,-0.03640279027130224,-0.010183266880396861
0.5175000000000001,1.409155140135206,0.36883127693412204,-0.07432266809314639,-0.03697285057678871,-0.037428382879846026,-0.05066897167366876,-0.03603907283995385,-0.01177029029205421
0.5225,1.4042367411419707,0.3647013252973985,-0.06619605847319736,-0.03916744326980565,-0.040058247527754165,-0.04803942811738902,-0.03575916391314467,-0.013134189249210735
0.5275000000000001,1.3993292742436987,0.3606499345922474,-0.05942309279633919,-0.04069883280321393,-0.04200031163183626,-0.04583758192283309,-0.03555508847273272,-0.014304376007955349
0.5325,1.394465474460798,0.35668374289847077,-0.05383287855916989,-0.04164749797052275,-0.04333446125742626,-0.04400340392387195,-0.035417883339884125,-0.01531360657427147
0.5375000000000001,1.3896714893675994,0.3528085440062126,-0.049245779261352186,-0.04209709965540871,-0.04414514261131046,-0.04247499115587622,-0.03533739080089153,-0.016194963849123056
0.5425,1.384967433650343,0.34902919849774766,-0.04548595623128463,-0.04212902380321512,-0.04451533304480515,-0.04119250671715456,-0.03530224100322474,-0.016979464946986673
0.5475000000000001,1.3803679980940886,0.3453494049585414,-0.04239028477732922,-0.04181838176020344,-0.04452197742451159,-0.0401007863990585,-0.0352999332978002,-0.017694325935867207
0.5525,1.3758828704436246,0.3417713057397551,-0.039813843918427835,-0.04123143666915362,-0.04423293396327329,-0.03915073357832779,-0.03531692152475426,-0.0183618174422766
0.5575000000000001,1.371516785907907,0.3382948654702317,-0.037632483656435955,-0.040424288286222326,-0.0437052965626927,-0.03829971788997133,-0.03533862895542434,-0.018998584682613347
0.5625,1.3672690423101468,0.3349169122217383,-0.03574311800540515,-0.039442571373808424,-0.04298485200982244,-0.03751122751584409,-0.035349351596375526,-0.019615283226852773
0.5674999999999999,1.3631322889276538,0.3316296714016513,-0.034062413255306165,-0.03832189719516926,-0.042106385515559876,-0.03675401937881908,-0.035332043508029806,-0.020216389671528775
0.5725,1.3590903357266775,0.3284185505692415,-0.03252448050488076,-0.0370887819831322,-0.04109455485350602,-0.03600098449878795,-0.03526800929866599,-0.020800075869179372
0.5774999999999999,1.3551146413462019,0.32525885019810447,-0.03107807665498086,-0.03576184771801382,-0.03996509640571464,-0.03522791183085121,-0.03513655608834777,-0.021358079550226915
0.5825,1.3511590388010277,0.3221109865224476,-0.029683698590740576,-0.03435313702418264,-0.0387261906400468,-0.03441230346090066,-0.03491468194810839,-0.02187555885312653
0.5874999999999999,1.3471521733730638,0.3189137343537134,-0.028310842678904352,-0.03286944532361902,-0.03737988703999922,-0.03353237358480802,-0.03457690301965786,-0.02233098150292951
0.5925,1.3429871078776274,0.3155749679168408,-0.026935609886449788,-0.03131363173792113,-0.035923559224683786,-0.03256635609585771,-0.03409534913597961,-0.022696170044117614
0.5974999999999999,1.3385076953363304,0.31195947475540875,-0.025538773519495805,-0.0296859197047261,-0.03435142214355692,-0.03149224977814147,-0.033440286763705585,-0.022936699987382788
0.6025,1.3334918138848977,0.3078737925248662,-0.024104394642317437,-0.027985233836087232,-0.03265618776789013,-0.030288140084267553,-0.03258125232313704,-0.023012920331283788
0.6074999999999999,1.327632724841362,0.30304893820261536,-0.022619068114934915,-0.02621063559772121,-0.03083095530223416,-0.028933239800694458,-0.03148898474702535,-0.022881918556248885
0.6125,1.3205221347644642,0.2971237808917824,-0.0210719023284244,-0.02436290962479805,-0.028871415313029173,-0.027409767066607173,-0.030138310410525004,-0.02250075352329374
0.6174999999999999,1.3116425524308377,0.2896351624056384,-0.019455359063474984,-0.022446306379893817,-0.026778380544608796,-0.025705700180183536,-0.028512024610892892,-0.021831182007313734
0.6225,1.3003823296271142,0.2800259483070599,-0.017767065061639453,-0.020470359809706965,-0.024560528840646148,-0.02381828535322216,-0.02660559956929076,-0.02084585055079967
0.6275,1.2860927686562689,0.26768802423729404,-0.016012577407907,-0.01845157726338793,-0.022237060683614068,-0.02175791299584394,-0.024432217937821517,-0.019535472327942977
0.6325000000000001,1.2682075505230315,0.25205987148597575,-0.014208733671791698,-0.016414672408858237,-0.019839772258539532,-0.019551649045257913,-0.022027223060240644,-0.017915881059786844
0.6375,1.246430361299534,0.23278928757677791,-0.012386576347404542,-0.014392928632318738,-0.017413892766929596,-0.01724539712478324,-0.01945070260420025,-0.01603318991471942
0.6425000000000001,1.2209571198862064,0.20994079471373223,-0.010592063933314699,-0.012427273353963776,-0.015016991246949819,-0.014903495642988042,-0.016786729240033167,-0.013964848748276013
0.6475,1.1926417047599487,0.18417493417738567,-0.008882472026314042,-0.010563692396062817,-0.01271532704368444,-0.01260462846899842,-0.014137900621910116,-0.011814523571901459
0.6525000000000001,1.1629810384628234,0.1567837756806185,-0.0073174827201823835,-0.00884871575317474,-0.010577232942377647,-0.01043339165960005,-0.011614426096514637,-0.009699773102361208
0.6575,1.1338479268895278,0.129492016928837,-0.005946782398119739,-0.0073230813612195165,-0.008663779786373697,-0.008468038810196666,-0.009318499346441722,-0.007733785933176047
0.6625000000000001,1.1070436164756259,0.10405437015442003,-0.004798992879029199,-0.006014684085451187,-0.007018472782414628,-0.006767036298660373,-0.007327318028820171,-0.006005712137352181
0.6675,1.0838725974462537,0.08182399417666611,-0.0038770623025077286,-0.004933222321454473,-0.0056595042893317305,-0.0053590979816462115,-0.00568059599762779,-0.0045664982907208706
0.6725000000000001,1.0649322950303657,0.06349753327539434,-0.003161760677576987,-0.004069132454208471,-0.004578156482637871,-0.004241006388514668,-0.004377878074742743,-0.0034257371943363897
0.6775,1.0501648278874793,0.049120146921134165,-0.0026204148046118894,-0.003397498647426527,-0.003744167055008767,-0.0033838602697130733,-0.0033863572529898196,-0.0025596313561260797
0.6825000000000001,1.0390732145979893,0.038276255517022774,-0.0022162074279205215,-0.002884989280430815,-0.003115244998943886,-0.0027441348684203422,-0.0026546366851797126,-0.0019248600137219234
0.6875,1.0309649476831069,0.030328492484732742,-0.0019148352683811157,-0.0024967904045692965,-0.002646545802061571,-0.0022745897795777197,-0.00212626850462024,-0.0014719974947561764
0.6924999999999999,1.0251352812197283,0.02460642265256805,-0.00168780334347499,-0.002201458017286789,-0.0022972973568055866,-0.0019318551504463632,-0.0017491705870553132,-0.001154750617697742
0.6975,1.020968589678212,0.02051497572695269,-0.0015131763634062593,-0.0019732369762137,-0.0020339957622920977,-0.0016801186544606035,-0.0014802313442158262,-0.0009345038623836884
0.7024999999999999,1.0179748421371562,0.017576342447996184,-0.0013749410478012755,-0.001792447844376522,-0.0018309987762064532,-0.001491891976998441,-0.0012863186453093741,-0.000781429180091973
0.7075,1.0157876978393428,0.015431508243271119,-0.0012618486172641693,-0.0016448004640240987,-0.0016696740463833966,-0.0013471626649598503,-0.0011432993120636026,-0.0006737105563640908
0.7124999999999999,1.0141454189888812,0.013823183711357668,-0.0011662225544807328,-0.0015203074023658594,-0.0015370021753568055,-0.0012319297406273358,-0.0010342929003480802,-0.0005960329835546654
0.7175,1.0128673785392153,0.012573474079732817,-0.001082939254526973,-0.0014121888672281608,-0.0014241567729400457,-0.0011366978531709626,-0.0009478636045507668,-0.000537989073133315
0.7224999999999999,1.011832359052561,0.011562854851694821,-0.0010086356402512619,-0.0013159426179670925,-0.0013252935826354177,-0.0010551858330147608,-0.0008764645414411701,-0.0004926954823284022
0.7275,1.010960888626669,0.010712911252213929,-0.0009411283720469444,-0.0012286244693239328,-0.0012366112247921403,-0.0009833207142692579,-0.0008152232730642941,-0.0004557051929368685
0.7324999999999999,1.0102018771374932,0.009973220138749486,-0.0008790054145041107,-0.0011483242621600782,-0.0011556655628750464,-0.0009185005875482814,-0.0007610503082044118,-0.00042420382121452076
0.7375,1.0095229936017236,0.009311878729553278,-0.000821348012447811,-0.0010738005018068402,-0.0010808906806105236,-0.0008590776620968271,-0.0007120129522330555,-0.00039644149330936654
0.7424999999999999,1.008903993530121,0.008708925393668486,-0.0007675466679566978,-0.0010042343311108953,-0.0010112756876287656,-0.0008040081974756752,-0.0006669106849407562,-0.000371345102910343
0.7475,1.0083322360078837,0.008151914042778857,-0.0007171824341815757,-0.0009390687549188486,-0.0009461531248219537,-0.0007526224774739673,-0.0006249957918568466,-0.0003482615984331092
0.7525,1.007799756794127,0.007633021973438364,-0.0006699522091350347,-0.0008779064162783614,-0.0008850641961862266,-0.0007044777830823308,-0.0005857945984154205,-0.0003267927100502215
0.7575000000000001,1.007301408477801,0.007147210787517811,-0.0006256228411047821,-0.000820446271177728,-0.0008276751526901832,-0.0006592668627307188,-0.0005489960766502044,-0.000306691362821445
0.7625,1.0068337095431725,0.00669108769894561,-0.0005840035934313382,-0.0007664453365556553,-0.0007737267171755197,-0.0006167623986668015,-0.0005143842121578072,-0.0002877984396572874
0.7675000000000001,1.006394150529525,0.006262218838529335,-0.0005449299980017453,-0.0007156961419331632,-0.0007230042447811786,-0.0005767841537246195,-0.0004817979789187868,-0.0002700051721980976
0.7725,1.0059807864488912,0.005858725833176003,-0.0005082545859695974,-0.0006680137431404316,-0.0006753205338613499,-0.0005391800084441814,-0.000451108242146409,-0.0002532313462497856
0.7775000000000001,1.0055920033639725,0.005479054832534624,-0.0004738416605550035,-0.000623228397472413,-0.0006305061410042372,-0.0005038152683742563,-0.00042220475090085693,-0.0002374129902679777
0.7825,1.0052263879052796,0.0051218475057945995,-0.00044156438178781797,-0.0005811814977470191,-0.0005884040237854697,-0.00047056675809830056,-0.00039498897658454894,-0.00022249558939906353
0.7875000000000001,1.0048826558933701,0.004785870596986049,-0.00041130313803194835,-0.0005417233297985122,-0.0005488666097129464,-0.0004393196082333227,-0.0003693702435579694,-0.00020843042774958527
0.7925,1.0045596139276067,0.004469978133117136,-0.00038294461458762425,-0.00050471182140804,-0.0005117541871406317,-0.0004099655149213582,-0.0003452636616556909,-0.00019517265123400292
0.7975000000000001,1.0042561388396554,0.004173091308466449,-0.0003563812301363846,-0.0004700118149485409,-0.00047693399621775404,-0.00038240178187616417,-0.0003225890173160129,-0.00018268024982199572
0.8025,1.0039711665580646,0.003894187657847162,-0.0003315107626690169,-0.00043749460879353893,-0.00044427968018620684,-0.0003565307668030811,-0.00030127016060117046,-0.00017091351720880654
0.8075000000000001,1.0037036857989303,0.0036322949701978104,-0.000308236071171837,-0.00040703763281752734,-0.0004136709171812701,-0.00033225953124215997,-0.0002812346419503971,-0.000159834751633684
0.8125,1.0034527341728225,0.003386487554692664,-0.00028646486532645903,-0.0003785241891261058,-0.0003849931403049297,-0.00030949959038351283,-0.0002624134717587817,-0.00014940807549923793
0.8174999999999999,1.0032173954799195,0.0031558836471810635,-0.00026610949967213797,-0.00035184322401076595,-0.00035813730023102897,-0.0002881667113170514,-0.0002447409394321163,-0.0001395993124846401
0.8225,1.0029967975857923,0.002939643362860494,-0.00024708678101241467,-0.0003268891149967209,-0.000332999648487668,-0.0002681807349378308,-0.00022815446136482018,-0.00013037589248588404
0.8274999999999999,1.0027901105852421,0.0027369669149625285,-0.00022931778393938095,-0.00030356146572477416,-0.00030948153144724403,-0.00024946541008169065,-0.0002125944436760064,-0.00012170677057826545
0.8325,1.0025965451163361,0.0025470929729454832,-0.00021272767226459624,-0.00028176490566900414,-0.0002874891907786177,-0.00023194823491232312,-0.000198004153462895,-0.00011356235387397897
0.8374999999999999,1.0024153507606197,0.002369297106010547,-0.00019724552549601503,-0.00026140889366470433,-0.0002669335687764203,-0.00021556030358090282,-0.0001843295960253655,-0.00010591443371626012
0.8425,1.0022458144999233,0.0022028902901500484,-0.0001828041701010451,-0.000242407525091163,-0.0002477301181627813,-0.00020023615750948152,-0.00017151939715613024,-9.873612221936082e-05
0.8474999999999999,1.0020872592161745,0.0020472174704564395,-0.00016934001554619414,-0.0002246793429057355,-0.0002297986164387299,-0.00018591364119105314,-0.0001595246902589239,-9.200179278653499e-05
0.8525,1.0019390422281786,0.0019016561753930504,-0.00015679289519314154,-0.0002081471528385778,-0.00021306298502113882,-0.00017253376257748618,-0.00014829900827455615,-8.56870244301626e-05
0.8574999999999999,1.0018005538631256,0.0017656151810684629,-0.00014510591214782567,-0.00019273784306251182,-0.00019745111341302953,-0.00016004055814256056,-0.00013779818041003732,-7.976854972521583e-05
0.8625,1.0016712160625851,0.0016385332235385086,-0.00013422529014485386,-0.0001783822086118282,-0.0001828946886040357,-0.00014838096265644237,-0.00012798023359762917,-7.422420616660659e-05
0.8674999999999999,1.0015504810238667,0.0015198777567874975,-0.00012410022952493707,-0.0001650147807681041,-0.0001693290298248573,-0.00013750468363592333,-0.00011880529851585425,-6.903289062798908e-05
0.8725,1.001437829878168,0.0014091437537373892,-0.00011468276833999294,-0.00015257366157735307,-0.00015669292870641426,-0.0001273640803645457,-0.00011023551991147823,-6.417451655981701e-05
0.8775,1.001332771407091,0.0013058525475418588,-0.00010592764860722569,-0.0001410003636220293,-0.00014492849483363203,-0.00011791404731959111,-0.00010223497088299715,-5.962997352723543e-05
0.8825000000000001,1.0012348407989762,0.0012095507105480804,-9.779218773678833e-05,-0.0001302396551519819,-0.00013398100664304506,-0.0001091119018035728,-9.47695707252864e-05,-5.5381088673250855e-05
0.8875,1.0011435984461958,0.0011198089686118681,-9.023615518464846e-05,-0.00012023941068843133,-0.0001237987675980978,-0.00010091727555739259,-8.780700588802676e-05,-5.1410589692562234e-05
0.8925000000000001,1.001058628784106,0.0010362211488580018,-8.322165444146152e-05,-0.00011095046726361406,-0.00011433296759088756,-9.329201012955659e-05,-8.131665355771528e-05,-4.7702068903962456e-05
0.8975,1.0009795391719047,0.0009584031594189233,-7.67130105709103e-05,-0.00010232648655844743,-0.0001055375495703139,-8.620005578930798e-05,-7.526950732001648e-05,-4.423994799698487e-05
0.9025000000000001,1.0009059588151976,0.0008859920001055588,-7.067666367337178e-05,-9.432382337008485e-05,-9.736908149454837e-05,-7.960737380127341e-05,-6.963810427702648e-05,-4.100944297841581e-05
0.9075,1.000837537729697,0.0008186448033218682,-6.508106889695265e-05,-8.690140110929153e-05,-8.978663386863715e-05,-7.348184192913756e-05,-6.439645285967496e-05,-3.79965287252137e-05
0.9125000000000001,1.000773945745196,0.0007560379048092327,-5.989660398386391e-05,-8.002059543869252e-05,-8.275166338780253e-05,-6.779316311718165e-05,-5.9519960362664566e-05,-3.51879023185006e-05
0.9175,1.0007148715487633,0.0006978659439925029,-5.509548587974669e-05,-7.364512778594219e-05,-7.622790361821107e-05,-6.251277743509719e-05,-5.4985358911034346e-05,-3.25709439250822e-05
0.9225000000000001,1.0006600217659969,0.0006438409938038613,-5.065169872801795e-05,-6.77409714069061e-05,-7.018126430200269e-05,-5.7613777609019614e-05,-5.077062812365759e-05,-3.0133673315094195e-05
0.9275,1.0006091200791647,0.0005936917198977524,-4.6540936743082765e-05,-6.227627409731624e-05,-6.457974192861295e-05,-5.307082888499377e-05,-4.685491217692846e-05,-2.78646990223266e-05
0.9325000000000001,1.0005619063810958,0.0005471625691649578,-4.2740567192229e-05,-5.722130381376822e-05,-5.9393345937411765e-05,-4.8860094737908636e-05,-4.321842837435632e-05,-2.5753155485571283e-05
0.9375,1.0005181359638329,0.0005040129874407761,-3.922962130562922e-05,-5.254842677425859e-05,-5.459404777336613e-05,-4.495917134994092e-05,-3.984236396348691e-05,-2.3788621044565783e-05
0.9424999999999999,1.0004775787413267,0.0004640166663534958,-3.598882483563305e-05,-4.823213272944988e-05,-5.015576483865572e-05,-4.1347036430346054e-05,-3.670875851056877e-05,-2.1961006265740814e-05
0.9475,1.0004400185061,0.00042696081960899747,-3.3000685948556564e-05,-4.424913014901564e-05,-4.605439969107428e-05,-3.800402304580262e-05,-3.380037231448287e-05,-2.0260398011820268e-05
0.9524999999999999,1.0004052522217668,0.0003926454905275708,-3.0249667419476353e-05,-4.057854701913612e-05,-4.226796950204127e-05,-3.491183924510178e-05,-3.110055091805621e-05,-1.8676841566880228e-05
0.9575,1.0003730893601015,0.0003608828988115629,-2.7722484937091276e-05,-3.7202294399759705e-05,-3.8776887347685384e-05,-3.205367497639988e-05,-2.8593120208246567e-05,-1.720004642186103e-05
0.9624999999999999,1.0003433513175088,0.00033149685952597565,-2.540859776662243e-05,-3.410568670559266e-05,-3.556450631231392e-05,-2.9414481445003235e-05,-2.6262404348475628e-05,-1.581902639317024e-05
0.9675,1.0003158710502877,0.00030432240969583503,-2.330099964156446e-05,-3.1278478269061705e-05,-3.2618131464900826e-05,-2.698160197561263e-05,-2.4093589515572417e-05,-1.4521771447704105e-05
0.9724999999999999,1.0002904934953936,0.0002792062011301328,-2.1397490672657492e-05,-2.8716596339909688e-05,-2.9930886605238556e-05,-2.4746137202191858e-05,-2.2073943111446252e-05,-1.3295293815087212e-05
0.9775,1.0002670791111428,0.00025600997823176997,-1.970273981985984e-05,-2.6425074804977742e-05,-2.7505172728000565e-05,-2.2705864523624564e-05,-2.019600521585313e-05,-1.212701406358721e-05
0.9824999999999999,1.0002455202429201,0.00023462681840307926,-1.82316641674147e-05,-2.4423093443361897e-05,-2.5359098618118028e-05,-2.0871426525436654e-05,-1.846508027881936e-05,-1.1009895674813296e-05
0.9875,1.000225810935237,0.00021505072331400127,-1.701493997493163e-05,-2.2752622867646283e-05,-2.3538265913685972e-05,-1.9279106342579493e-05,-1.6915458998457477e-05,-9.956655415022366e-06
0.9924999999999999,1.0002083411764964,0.00019767058851348458,-1.6107422915928237e-05,-2.1492391965098867e-05,-2.213590278225042e-05,-1.801523443990915e-05,-1.5641960314120174e-05,-9.03255870586138e-06
0.9975,1.000195139101586,0.00018451265136726117,-1.559745907081572e-05,-2.0774803806058926e-05,-2.1319085385092094e-05,-1.725271908458671e-05,-1.4847435484081977e-05,-8.413521902573586e-06
