-0.9975,1.0261808563228694,-0.014399173652572088,0.00592119792757403,0.003891694524932225,0.0014148356512258022,0.00031355801298215465,2.0577092970679044e-05
-0.9925,1.0267875480451838,-0.014988139061352043,0.006039918970903083,0.003994249264417149,0.0014821303106084807,0.00036200665386107797,4.855753508014485e-05
-0.9875,1.0275179618054164,-0.01569037774055084,0.0062346550476700575,0.004149649434097772,0.001568624837623034,0.00040950792098629334,6.856481230039482e-05
-0.9825,1.028291783555754,-0.01642768322012102,0.006479517545526846,0.0043319832997025624,0.0016567365658673732,0.0004461256211375801,7.9137675389803e-05
-0.9775,1.0290953335722073,-0.017187129234050545,0.006759332889031174,0.004529428608689356,0.0017420166896244258,0.00047396230800506587,8.44579770595172e-05
-0.9725,1.0299263152588156,-0.01796673604151889,0.007064821069973028,0.00473656845859035,0.0018242384739010206,0.0004963833415984123,8.740200422996337e-05
-0.9675,1.0307845042202302,-0.018766415409488053,0.007390112300019039,0.004950938608416541,0.0019043400483206986,0.0005158106058156621,8.939339916311051e-05
-0.9625,1.0316701130228267,-0.019586423853819066,0.007731418919485966,0.00517148818185658,0.001983425883676709,0.0005337159338145942,9.105177299801685e-05
-0.9575,1.032583476232258,-0.020427085949332926,0.008086270013000451,0.005397851220079892,0.0020624618572061635,0.0005509430211214773,9.262047350090686e-05
-0.9525,1.0335249759834557,-0.02128873919413175,0.00845304553125514,0.005629986360365378,0.0021422114618180163,0.0005679662922286093,9.417985164902793e-05
-0.9475,1.0344950174550072,-0.02217171996869459,0.008830682318032508,0.00586799579230094,0.0022232531529969173,0.0005850530683901673,9.574438042141283e-05
-0.9425,1.0354940177081868,-0.023076358180218085,0.00921848391802327,0.006112035149111527,0.0023060191628753446,0.000602357425274791,9.730483913951782e-05
-0.9375,1.036522399539786,-0.0240029742080532,0.009615995236198544,0.0063622701265400134,0.002390834050797108,0.0006199729252967123,9.884579679641449e-05
-0.9325,1.0375805878067665,-0.02495187661658629,0.010022918764612504,0.006618856898730788,0.0024779462794562034,0.0006379619400317888,0.00010035235777542969
-0.9275,1.0386690071926734,-0.025923360120219625,0.010439057979340019,0.006881934286176142,0.0025675518969018487,0.0006563719409539784,0.00010181245098615317
-0.9225,1.0397880809305495,-0.026917703544083443,0.010864278767422611,0.0071516213728107505,0.002659811371640323,0.0006752446010156005,0.00010321742907904969
-0.9175,1.0409382302601324,-0.027935167600877827,0.011298482954255605,0.00742801733352958,0.0027548610569769184,0.0006946209386672266,0.00010456215715022117
-0.9125,1.0421198745518587,-0.0289759923216567,0.01174159001702836,0.007711201867242416,0.002852820630498644,0.0007145442692904124,0.00010584506175889037
-0.9075,1.0433334321341616,-0.03004039396995529,0.01219352436661955,0.008001235492841234,0.0029537975715197926,0.0007350619090883467,0.00010706829926885326
-0.9025,1.0445793219360795,-0.031128561248642852,0.01265420643466173,0.008298159412240458,0.003057889459431561,0.0007562261154457989,0.00010823806664222606
-0.8975,1.045857966111404,-0.032240650587670804,0.013123546378284865,0.008601994870798223,0.00316518464946794,0.0007780944855093731,0.00010936501718656376
-0.8925,1.047169793841618,-0.033376780289484057,0.01360143961204695,0.008912742058111192,0.0032757617180058656,0.0008007298841585618,0.00011046471344448287
-0.8875,1.0485152465145264,-0.034537023320283605,0.014087763656514955,0.009230378650230294,0.003389687961473332,0.0008241998875588549,0.00011155803063018894
-0.8825000000000001,1.049894784431547,-0.03572139858443507,0.014582375994421963,0.00955485812951889,0.003507017172114745,0.000848575685977304,0.00011267141049656083
-0.8775,1.0513088950953144,-0.036929860621237966,0.015085112772101788,0.009886108046791176,0.0036277868911962553,0.000873930379018779,0.00011383685715977567
-0.8725,1.052758102959045,-0.038162287830338225,0.015595788290016488,0.010224028418642325,0.0037520153471801913,0.0009003366138942618,0.00011509156612741896
-0.8674999999999999,1.054242980275408,-0.03941846956948258,0.016114195298973406,0.010568490481362177,0.0038796983142605447,0.0009278635611305964,0.00011647708963011555
-0.8625,1.0557641583732784,-0.04069809276909313,0.016640106160855768,0.01091933604742807,0.004010806165734421,0.0009565732900644851,0.00011803796910370619
-0.8575,1.0573223383406014,-0.042000729048525455,0.01717327494440584,0.011276377724095328,0.004145281435774415,0.0009865166935554871,0.00011981981140862489
-0.8525,1.058918299745685,-0.043325823655695095,0.017713440506860387,0.01163940024707139,0.0042830372296538705,0.0010177292084799392,0.00012186684829267909
-0.8475,1.060552905751153,-0.04467268782361373,0.018260330560950028,0.012008163146624302,0.004423956823295857,0.0010502266721213996,0.00012421909404085815
-0.8425,1.0622271028405963,-0.04604049627093617,0.018813666646461596,0.012382404891714585,0.004567894756405238,0.0010840017274075442,0.00012690929539294188
-0.8375,1.0639419134633772,-0.04742829149566198,0.019373169822825005,0.012761848547170784,0.00471467964133027,0.0011190212236995717,0.00012995993829084484
-0.8325,1.0656984202665416,-0.04883499616518751,0.019938566785470062,0.013146208833323968,0.0048641187803653545,0.0011552250384340107,0.00013338062363817685
-0.8275,1.0674977412462794,-0.05025943427068589,0.020509595999997257,0.013535200308435158,0.005016004513982807,0.001192526658596386,0.00013716613560546662
-0.8225,1.0693409960839886,-0.05170036081894656,0.021086013363486554,0.013928546220997715,0.005170122027262981,0.001230815710051689,0.00014129549164761408
-0.8175,1.0712292650418784,-0.053156498768758484,0.021667596860635227,0.014325987426790301,0.0053262581457330285,0.001269962419740507,0.0001457321808052758
-0.8125,1.0731635429318709,-0.05462658082445498,0.022254149699443,0.014727290661836617,0.005484210484440664,0.001309823765404425,0.00015042567241667636
-0.8075,1.0751446916539682,-0.056109392754670126,0.02284550149508656,0.015132255431774617,0.005643796205375026,0.0013502508436985358,0.00015531412651769336
-0.8025,1.077173395436484,-0.057603814292054675,0.02344150721937394,0.015540718836726693,0.005804859612820577,0.0013910968076035265,0.0001603280825131631
-0.7975,1.0792501230461575,-0.05910885353761038,0.024042043833117418,0.015952557801677345,0.0059672778871695635,0.0014322246213932298,0.00016539476989013382
-0.7925,1.0813751007902068,-0.060623671218339704,0.024647004745827896,0.016367688413054332,0.006130964423048281,0.0014735138782174721,0.00017044259755482719
-0.7875,1.083548299122822,-0.06214759210995942,0.025256292470277657,0.016786062345066844,0.006295869478674322,0.0015148660269965304,0.0001754053533637524
-0.7825,1.0857694342181268,-0.06368010231666696,0.025869810026037544,0.017207660655629627,0.006461978127186944,0.0015562075481880902,0.0001802256880330336
-0.7775,1.0880379841886698,-0.06522083269168863,0.026487451767808128,0.017632485498136567,0.006629305785508539,0.0015974908714269911,0.00018485756060187126
-0.7725,1.0903532179674995,-0.06676953023135455,0.027109094352678244,0.018060550492083095,0.00679789183911075,0.0016386931000520095,0.00018926746726274907
-0.7675,1.0927142334799254,-0.06832602052653089,0.02773458850977044,0.01849187059345855,0.006967792045570522,0.0016798128529004542,0.00019343443516861968
-0.7625,1.0951200007942548,-0.06989016509907967,0.028363752143800103,0.01892645229153751,0.007139070462698742,0.0017208657125597137,0.00019734890885869525
-0.7575000000000001,1.0975694055421745,-0.07146181755911649,0.028996365109258508,0.019364284835915114,0.007311791601221213,0.001761878853799511,0.00020101076340322556
-0.7525,1.1000612879998957,-0.07304078195901591,0.029632165758257223,0.019805332984811175,0.007486013356169331,0.0018028854043979682,0.00020442672710896213
-0.7475,1.1025944736684927,-0.07462677555167979,0.03027084911630857,0.02024953149065327,0.0076617810460697005,0.001843918967371232,0.00020760747985653174
-0.7424999999999999,1.1051677917587053,-0.07621939651535953,0.030912066294945393,0.020696781232419668,0.007839122612176046,0.0018850085265659873,0.00021056461411799165
-0.7375,1.107780078431415,-0.07781809526785845,0.03155542451893794,0.021146946594115947,0.008018044730453179,0.001926173694262191,0.00021330751799945134
-0.7324999999999999,1.1104301617936096,-0.07942214597983742,0.03220048693374271,0.0215998533976905,0.008198529294784566,0.0019674199742707537,0.0002158400858632171
-0.7275,1.1131168254670039,-0.08103061307251332,0.03284677117032071,0.022055286445517335,0.008380529468621003,0.0020087334475444776,0.00021815701271118504
-0.7224999999999999,1.1158387472038862,-0.0826423061699709,0.033493745492962634,0.022512985532811693,0.008563964305477133,0.002050074087696304,0.0002202393210403795
-0.7175,1.1185944089227893,-0.08425571656345711,0.03414082127269046,0.022972638683431544,0.008748710846765066,0.0020913668384292595,0.0002220487459790427
-0.7125,1.121381975266904,-0.08586892918378496,0.03478734056907562,0.023433871387258942,0.00893459267052015,0.0021324896985441956,0.0002235207094596911
-0.7075,1.1241991400135083,-0.0874795068015574,0.03543255784204372,0.023896230831141785,0.009121364146088676,0.0021732584257231663,0.00022455588161453784
-0.7025,1.1270429439120921,-0.08908434795619012,0.036075615332047936,0.024359164578460723,0.009308690200225988,0.0022134081289406134,0.000225010768910167
-0.6975,1.1299095739350962,-0.09067952686564162,0.03671551249730891,0.02482199390610743,0.00949612224002809,0.0022525729625082454,0.00022468835431975164
-0.6925,1.1327941619697426,-0.09226013163838402,0.03735107107476502,0.025283883044922455,0.009683071966844524,0.0022902662739882635,0.00022333045969670983
-0.6875,1.1356906093445676,-0.09382012517023891,0.03798089873500026,0.02574380680615819,0.009868786025447619,0.002325864706311583,0.000220614059304318
-0.6825,1.1385914702205269,-0.09535225923405481,0.03860335571543986,0.026200520335255096,0.010052325544010093,0.0023586006323834756,0.00021615405717249886
-0.6775,1.1414879293594942,-0.09684807426646364,0.03921652992733512,0.026652535755659228,0.010232555343991393,0.0023875675815828467,0.0002095148570547827
-0.6725,1.1443699059453556,-0.09829801334081929,0.039818226485932175,0.027098110951222616,0.010408147636811051,0.0024117427094257145,0.00020023226666134782
-0.6675,1.1472263038375097,-0.09969166791025391,0.04040597710606123,0.027535255422074446,0.010577604154973178,0.0024300287097171703,0.00018784587450812272
-0.6625,1.1500454104436746,-0.10101815581372706,0.040977073190241235,0.027961756892473977,0.010739298834027848,0.002441314949746654,0.0001719401743808408
-0.6575,1.1528154238416906,-0.10226661125322896,0.04152862380718397,0.028375230198613703,0.010891540539809482,0.0024445543764625654,0.0001521907173855173
-0.6525000000000001,1.1555250650412554,-0.10342674590422211,0.04205763647581764,0.02877318720720859,0.011032652322162327,0.002438849488209594,0.00012840988932916024
-0.6475,1.1581642142553021,-0.10448942449310342,0.04256111530633933,0.029153123563484706,0.011161060828811626,0.0024235381032371825,0.00010058599348643343
-0.6425000000000001,1.160724501057626,-0.10544719088804586,0.04303616826152093,0.029512615480436623,0.011275387416256505,0.002398268429127508,6.890949203105198e-05
-0.6375,1.1631997808075265,-0.10629468405397056,0.043480113661285576,0.029849418060361007,0.011374531610852629,0.0023630534425800533,3.378161299121346e-05
-0.6325000000000001,1.1655864435958236,-0.10702889676766884,0.0438905758996253,0.030161556121076575,0.01145773811866306,0.0023182968461964173,-4.197131624854464e-06
-0.6275,1.167883524500567,-0.1076492511076435,0.04426556169389147,0.030447399275580878,0.011524640471552891,0.002264786500503412,-4.4258088649127456e-05
-0.6225,1.170092610614912,-0.10815748919830713,0.044603510748449565,0.030705714921251025,0.011575277270630782,0.0022036555539931128,-8.551198871427457e-05
-0.6174999999999999,1.172217566024471,-0.10855740085743679,0.04490331797203751,0.030935695465429486,0.011610080313257174,0.002136315700880465,-0.00012700731182973762
-0.6125,1.1742641162526373,-0.10885442774670533,0.04516432774245718,0.03113695907379607,0.011629837091815661,0.0020643703441430676,-0.0001677926785317103
-0.6074999999999999,1.1762393458457505,-0.10905519394604864,0.04538630362238017,0.03130952600360938,0.011635632741229147,0.0019895174195901514,-0.0002069763287870485
-0.6025,1.1781511658852872,-0.1091670149457389,0.045569379015296556,0.031453774795997376,0.0116287781691145,0.0019134520502007552,-0.00024377668997508463
-0.5974999999999999,1.1800078032306123,-0.10919743185470565,0.04571399533693288,0.03157038401843724,0.011610731713702527,0.0018377781669109466,-0.0002775597509844976
-0.5925,1.1818173523974325,-0.10915380722287653,0.045820834388970264,0.03166026580151708,0.011583021315230643,0.0017639361106567906,-0.00030786106203582313
-0.5875,1.1835874169070528,-0.10904300579058146,0.045890750933451505,0.03172449717717737,0.011547173070096731,0.0016931505077557786,-0.0003343922738864588
-0.5825,1.1853248523704416,-0.10887117012618203,0.04592471023803428,0.03176425437471744,0.011504650450793494,0.0016263998869289747,-0.00035703389376168866
-0.5775,1.1870356106435096,-0.10864358940843077,0.04592373387521392,0.03178075399374207,0.011456806716009897,0.0015644070020757708,-0.00037581716621895
-0.5725,1.1887246744895785,-0.10836465076480592,0.04588885556359078,0.0317752035829146,0.011404851362348953,0.0015076469248307214,-0.0003908986127889283
-0.5675,1.1903960659000181,-0.10803785707970379,0.04582108752487436,0.03174876281154108,0.01134983006957004,0.0014563688055325645,-0.00040253082494952255
-0.5625,1.192052908460443,-0.10766589291075335,0.04572139681051066,0.03170251527529313,0.01129261657078484,0.0014106267614845674,-0.0004110327196326724
-0.5575,1.193697524329052,-0.10725072053984662,0.04559069036892741,0.031637450112932945,0.011233914265798227,0.0013703155240027702,-0.0004167617928686962
-0.5525,1.1953315486761869,-0.10679369045293172,0.045429807263091926,0.031554452053858775,0.011174265156275386,0.0013352070875165699,-0.00042009010618643126
-0.5475,1.1969560479234145,-0.1062956538624105,0.04523951635450028,0.03145429824563093,0.011114063741878346,0.0013049854645799804,-0.0004213849491815914
-0.5425,1.1985716320173565,-0.10575706852861426,0.045020517871096566,0.0313376601743104,0.011053573784928914,0.0012792775867076637,-0.00042099443852272367
-0.5375,1.2001785546691464,-0.1051780925523815,0.04477344749787087,0.03120510912181326,0.010992946235878362,0.0012576792677643253,-0.0004192377936810234
-0.5325,1.2017767985991543,-0.10455866365650505,0.04449888190430711,0.03105712383627842,0.010932237034685287,0.00123977587718559,-0.0004163996889567333
-0.5275000000000001,1.2033661451716007,-0.10389856359891232,0.04419734490247427,0.030894099365517735,0.010871423906251702,0.0012251579137510125,-0.00041272790646989697
-0.5225,1.2049462293729727,-0.1031974687638587,0.04386931368076973,0.0307163562761363,0.010810421615279456,0.0012134320237698652,-0.0004084334740117869
-0.5175000000000001,1.206516581978535,-0.1024549887556418,0.043515224764212955,0.03052414972360807,0.01074909542060374,0.001204228192989051,-0.00040369252580526823
-0.5125,1.208076661114203,-0.10167069511649879,0.04313547950796534,0.03031767803712727,0.0106872726693373,0.0011972038957078427,-0.00039864923489316194
-0.5075000000000001,1.2096258754198508,-0.10084414225897409,0.04273044903968302,0.030097090633844692,0.01062475260470373,0.0011920459476903252,-0.00039341930079165883
-0.5025,1.2111636008011288,-0.09997488247841908,0.042300478635991824,0.029862495183672354,0.01056131454081254,0.0011884707184687741,-0.00038809361151545264
-0.49750000000000005,1.2126891924350809,-0.09906247659866459,0.041845891557911796,0.029613964015552743,0.010496724596658288,0.0011862232433266953,-0.0003827418201706771
-0.49250000000000005,1.2142019933502641,-0.09810650147577685,0.041366992388190915,0.0293515397975635,0.010430741193045705,0.0011850756569325113,-0.0003774156755872091
-0.48750000000000004,1.2157013405831631,-0.09710655528442655,0.040864069917676486,0.029075240544672566,0.01036311951036382,0.0011848252625174093,-0.00037215202206521125
-0.48250000000000004,1.2171865696432294,-0.09606226125946053,0.04033739962387206,0.02878506401626136,0.010293615089863083,0.0011852924593428662,-0.00036697543694770324
-0.47750000000000004,1.2186570178057556,-0.09497327036707749,0.03978724577698836,0.028480991565944046,0.010221986741505222,0.0011863186789350278,-0.00036190050995928467
-0.47250000000000003,1.220112026591694,-0.09383926323180353,0.03921386320013752,0.02816299150240484,0.010147998900644621,0.0011877644261260184,-0.0003569337892158742
-0.4675,1.2215509436782472,-0.09265995153918029,0.03861749870292375,0.02783102201431153,0.01007142355531818,0.0011895074817089082,-0.0003520754294439295
-0.4625,1.2229731244038902,-0.09143507906047582,0.03799839220291525,0.027485033706219065,0.009992041846315412,0.001191441296295044,-0.00034732058156149284
-0.4575,1.2243779329772915,-0.09016442239624053,0.03735677754813818,0.027124971786460166,0.009909645423470644,0.001193473586659726,-0.0003426605619264462
-0.4525,1.2257647434637648,-0.0888477915030308,0.03669288305608949,0.026750777942636587,0.009824037623565028,0.00119552513381242,-0.00033808383609921177
-0.4475,1.2271329405994813,-0.08748503004665371,0.03600693179060142,0.026362391935569315,0.009735034517706938,0.0011975287741462781,-0.00033357684716517653
-0.4425,1.2284819204684758,-0.08607601561189543,0.03529914160647558,0.025959752938453515,0.009642465859146663,0.001199428569809835,-0.000329124713351429
-0.4375,1.2298110910675262,-0.08462065979015887,0.03456972500195507,0.025542800644495007,0.009546175946525223,0.0012011791409232268,-0.0003247118143931485
-0.4325,1.2311198727773602,-0.08311890816094693,0.03381888882927061,0.025111476163496977,0.009446024403165904,0.0012027451398742134,-0.00032032228120791004
-0.4275,1.2324076987541275,-0.08157074017952866,0.03304683392195752,0.024665722725742023,0.00934188686096729,0.0012041008464267026,-0.0003159403991539563
-0.4225,1.233674015251937,-0.07997616898068835,0.03225375470272352,0.024205486210080236,0.009233655528552404,0.0012052298617098414,-0.0003115509316335746
-0.4175,1.234918281885062,-0.0783352411067464,0.03143983883600499,0.023730715512352837,0.009121239618237614,0.0012061248793844852,-0.00030713936814283957
-0.4125,1.2361399718368986,-0.07664803616677614,0.030605266984194846,0.023241362770039364,0.009004565605477723,0.0012067875134817298,-0.00030269209908951564
-0.4075,1.2373385720217969,-0.07491466643297409,0.029750212715805954,0.022737383459130872,0.008883577297680897,0.001207228164607116,-0.0002981965187584907
-0.40249999999999997,1.2385135832053111,-0.0731352763793509,0.028874842598285867,0.022218736379442945,0.008758235696158937,0.0012074659093487855,-0.0002936410575889546
-0.39749999999999996,1.2396645200882188,-0.0713100421672502,0.027979316489286053,0.021685383544602945,0.008628518644543112,0.0012075284016612527,-0.000289015145266778
-0.39249999999999996,1.2407909113596716,-0.06943917108161397,0.027063788019886875,0.0211372899924859,0.00849442026797362,0.001207451779462727,-0.00028430910680994485
-0.38749999999999996,1.2418922997250719,-0.06752290092136548,0.026128405243802635,0.02057442353070573,0.00835595021832183,0.001207280574357301,-0.000279513994593134
-0.38249999999999995,1.2429682419145758,-0.06556149934674788,0.02517331141004167,0.019996754429757662,0.008213132750219766,0.001207067626916296,-0.00027462135988187074
-0.37749999999999995,1.2440183086785268,-0.06355526318589973,0.024198645804563833,0.019404255073546303,0.008066005659569983,0.0012068740139833097,-0.0002696229677238103
-0.37250000000000005,1.2450420847765304,-0.06150451770234758,0.023204544600192344,0.01879689957344113,0.00791461911969131,0.0012067689977198059,-0.0002645104588248712
-0.36750000000000005,1.246039168967372,-0.05940961582438994,0.022191141653653865,0.018174663347906947,0.007759034449985691,0.0012068300083840334,-0.00025927496124298255
-0.36250000000000004,1.2470091740075668,-0.05727093733647584,0.021158569193630784,0.017537522665458473,0.007599322848129655,0.001207142674039002,-0.00025390665335465166
-0.35750000000000004,1.2479517266671656,-0.05508888803153249,0.020106958352970963,0.016885454144502973,0.0074355641098443875,0.0012078009105105957,-0.00024839427765074867
-0.35250000000000004,1.2488664677727317,-0.052863898821593445,0.019036439510161804,0.01621843419983792,0.007267845351106417,0.0012089070840274783,-0.00024272460261187185
-0.34750000000000003,1.249753052289498,-0.050596424801748176,0.017947142418137732,0.01553643842235738,0.007096259737173946,0.0012105722571531651,-0.0002368818273562923
-0.3425,1.2506111494580878,-0.04828694425894063,0.016839196110859392,0.014839440875966725,0.006920905211935321,0.0012129165259194535,-0.00023084692113005723
-0.3375,1.251440443006652,-0.045935957611840876,0.015712728588595362,0.014127413293766516,0.006741883210583727,0.0012160694524465236,-0.000224596887235628
-0.3325,1.252240631467854,-0.04354398625994849,0.014567866290606541,0.013400324154086258,0.006559297328983054,0.0012201705925986063,-0.0002181039389311095
-0.3275,1.2530114286434004,-0.041111571307910946,0.01340473336861777,0.012658137615700468,0.006373251914529354,0.0012253701119867748,-0.0002113345735084668
-0.3225,1.2537525642787528,-0.038639272112944545,0.012223450776148956,0.011900812290296964,0.006183850535793032,0.001231829475284118,-0.00020424853061924326
-0.3175,1.2544637850398783,-0.03612766457690275,0.011024135187935968,0.011128299828800302,0.005991194281531732,0.001239722182533304,-0.00019679762256725713
-0.3125,1.2551448559254643,-0.03357733906715884,0.009806897761033804,0.010340543296434801,0.005795379833517912,0.0012492345109020205,-0.00018892442854159136
-0.3075,1.2557955623052866,-0.030988897799030732,0.008571842745670685,0.00953747530963659,0.005596497251841407,0.0012605662001155967,-0.00018056085266043287
-0.3025,1.2564157128514148,-0.028362951444145672,0.00731906595051984,0.008719015906648274,0.005394627406001198,0.001273930993634557,-0.00017162655848107925
-0.2975,1.2570051437255572,-0.02570011464212433,0.006048653064844189,0.00788507012388626,0.00518983898071516,0.001289556915035285,-0.00016202731164869074
-0.2925,1.2575637245023834,-0.023000999987678385,0.00476067784007212,0.007035525253583552,0.004982184983109103,0.0013076861202966888,-0.00015165328884785042
-0.2875,1.2580913664400355,-0.02026620994597426,0.0034552001369714046,0.00617024776706933,0.0047716986797556715,0.0013285741234032524,-0.0001403774459852889
-0.2825,1.2585880338434712,-0.01749632602609249,0.0021322638529702393,0.00528907990529703,0.004558388900786273,0.0013524881482936478,-0.00012805408145472624
-0.27749999999999997,1.2590537593831757,-0.0146918944336986,0.0007918947586455567,0.004391835967325757,0.004342234667762825,0.0013797043204897557,-0.0001145177798058618
-0.27249999999999996,1.2594886642997667,-0.011853407357252543,-0.0005659017057770216,0.003478298371983557,0.004123179136638842,0.001410503385128736,-9.95829734413062e-05
-0.26749999999999996,1.2598929844017268,-0.008981279054832703,-0.0019411425928773087,0.0025482136309755935,0.003901122901658623,0.0014451646355134124,-8.304440875683792e-05
-0.26249999999999996,1.2602671025973382,-0.006075816046918701,-0.0033338694494218397,0.0016012884548634407,0.003675916784543528,0.0014839577704489544,-6.467883923678279e-05
-0.25749999999999995,1.2606115883375435,-0.003137181033977938,-0.004744149989434214,0.0006371863155578914,0.00344735433811397,0.00152713248265246,-4.42482796873014e-05
-0.25249999999999995,1.2609272437343515,-0.00016535069151456407,-0.006172079218422245,-0.0003444750949042134,0.003215164423610627,0.0015749057254985678,-2.1505129804529455e-05
-0.24750000000000005,1.2612151552296542,0.00283993172241426,-0.007617779733078531,-0.0013441249499529173,0.0029790043704653493,0.0016274468172204667,3.8006011650743496e-06
-0.24250000000000005,1.2614767485286813,0.005879206985059325,-0.009081400870489864,-0.0023622382526211237,0.002738454383756597,0.001684860817576657,3.191187336880563e-05
-0.23750000000000004,1.261713843141728,0.008953350569499205,-0.010563116344815859,-0.0033993319414184005,0.002493014008441464,0.0017471709369190362,6.305310298635812e-05
-0.23250000000000004,1.2619287014260558,0.012063618862689472,-0.012063119999074725,-0.004455957392277635,0.002242101564199726,0.0018143010821466369,9.74169158616172e-05
-0.22750000000000004,1.2621240656879538,0.01521168524776007,-0.013581619327770491,-0.005532688651583692,0.001985057499120262,0.0018860599643243524,0.00013514981870626656
-0.22250000000000003,1.262303175955157,0.01839965947520724,-0.015118826504524518,-0.006630105928556022,0.0017211525426662248,0.0019621284335364832,0.0001763377327293904
-0.21750000000000003,1.2624697607556672,0.02163008345321965,-0.01667494678619727,-0.007748774193392273,0.0014496013419917756,0.0020420518079704206,0.00022099258747964548
-0.21250000000000002,1.2626279939154181,0.024905897128400366,-0.018250164363400736,-0.008889217165521617,0.001169581927115694,0.002125238871974615,0.00026904133403181894
-0.20750000000000002,1.2627824122060536,0.028230369681547,-0.0198446259797568,-0.01005188750650172,0.0008802608759638141,0.0022109688953995794,0.0003203187586690733
-0.2025,1.2629377916767472,0.031606993874695725,-0.0214584229304768,-0.01123713460258629,0.0005808234712532683,0.0022984074672323233,0.000374565325957442
-0.1975,1.2630989845278036,0.03503934492099362,-0.023091572345089673,-0.012445171859504294,0.00027050751530869406,0.0023866311722924556,0.0004314309414993554
-0.1925,1.263270723040632,0.03853090937281336,-0.024743998920421836,-0.01367604585058758,-5.136112411146971e-05,0.002474660243590102,0.0004904850177496655
-0.1875,1.2634574017808524,0.04208489372020782,-0.026415518454777354,-0.014929609874283968,-0.00038533363263019543,0.0025614974030894236,0.0005512326013004703
-0.1825,1.263662853329236,0.045704026032571336,-0.02810582460183436,-0.016205504421437523,-0.0007318066849461221,0.0026461702889615793,0.0006131356546212993
-0.1775,1.26389013545847,0.049390366425843574,-0.029814480182925915,-0.017503146693722313,-0.001090996827229622,0.0027277742861699385,0.00067563797300339
-0.1725,1.2641413483917165,0.05314514287922103,-0.03154091415712394,-0.01882173066502919,-0.001462923104553039,0.002805512333002287,0.0007381917518472574
-0.16749999999999998,1.2644174992486996,0.05696862767692535,-0.03328442496095205,-0.020160238298939107,-0.001847399607837507,0.002878728426608652,0.00080028357619811
-0.16249999999999998,1.2647184270536878,0.06086006653996696,-0.0350441904285514,-0.021517461531178415,-0.002244038763285661,0.002946932093938706,0.0008614576267457248
-0.15749999999999997,1.2650427961574797,0.06481766769239157,-0.0368192839437022,-0.02289203362561411,-0.0026522652121279806,0.0030098119672694215,0.0009213341862198751
-0.15249999999999997,1.2653881593241092,0.06883865230019055,-0.038608695924305506,-0.02428246764925513,-0.003071339156142375,0.003067237690571066,0.000979622047135161
-0.14749999999999996,1.2657510849425042,0.07291936171579456,-0.04041135926626676,-0.025687199199804167,-0.0035003872019226195,0.003119250537141224,0.0010361240915801337
-0.14249999999999996,1.2661273367557735,0.07705541156738176,-0.042226177036163,-0.027104630233691383,-0.003938438130508231,0.0031660441865626917,0.0010907360407674017
-0.13749999999999996,1.2665120899356748,0.08124187864581026,-0.04405205054082303,-0.02853317090813159,-0.0043844607171524335,0.0032079379554118947,0.0011434390567979654
-0.13249999999999995,1.2669001647924598,0.08547350423450648,-0.04588790593272095,-0.029971276740675065,-0.004837400750099573,0.003245345306193295,0.0011942874341858512
-0.12749999999999995,1.2672862591041951,0.08974489718561925,-0.04773271772265296,-0.031417479032997804,-0.00529621472143723,0.0032787406295361086,0.0012433929819549588
-0.12250000000000005,1.2676651618489843,0.09405072156367118,-0.04958552793214393,-0.03287040730197547,-0.005759898222160035,0.0033086271169616038,0.0012909078391892986
-0.11750000000000005,1.268031934620677,0.09838585670040133,-0.05144546007696276,-0.0343288032988852,-0.006227507776507004,0.003335508074312597,0.0013370073927733775
-0.11250000000000004,1.2683820516019175,0.10274552150394982,-0.05331172767070036,-0.03579152697211124,-0.006698175596839387,0.0033598633618319904,0.0013818747108539705
-0.10750000000000004,1.2687114939705395,0.10712535923853589,-0.055183637414234564,-0.03725755535666087,-0.007171117435543895,0.003382131894542337,0.0014256875259733553
-0.10250000000000004,1.2690167993640262,0.11152148315510237,-0.05706058764181174,-0.038725975802637196,-0.007645634279626353,0.0034027004024520424,0.0014686083648679268
-0.09750000000000003,1.2692950709787363,0.11593048683084924,-0.05894206289053347,-0.04019597516623258,-0.008121109029251472,0.0034218980226867644,0.0015107779932490447
-0.09250000000000003,1.2695439536767075,0.12034942554896491,-0.06082762562837218,-0.041666826594138236,-0.00859699950634907,0.00343999583463967,0.0015523119777375292
-0.08750000000000002,1.2697615859664841,0.1247757763877285,-0.06271690621624393,-0.0431378753734654,-0.009072829164610302,0.0034572101809455234,0.0015932998995182904
-0.08250000000000002,1.2699465369720282,0.1292073849367271,-0.06460959210832326,-0.044608525047082494,-0.009548176750692519,0.0034737085359223194,0.0016338066002280342
-0.07750000000000001,1.2700977367236748,0.13364240590524598,-0.06650541713974503,-0.04607822466572175,-0.010022665944299094,0.003489616758255494,0.0016738747954336882
-0.07250000000000001,1.2702144066154728,0.13807924360990217,-0.06840415154613762,-0.04754645771530532,-0.010495955731787876,0.0035050267498084203,0.0017135284350647123
-0.0675,1.2702959950236357,0.14251649672953928,-0.07030559313910544,-0.049012732961021405,-0.010967731989358454,0.003520003786311879,0.0017527762949354363
-0.0625,1.2703421211908472,0.1469529100743751,-0.07220955985480967,-0.05047657721406454,-0.011437700502604415,0.003534593041441706,0.0017916154186519502
-0.057499999999999996,1.270352528796948,0.15138733464906248,-0.07411588371980826,-0.05193752986287734,-0.011905581451061107,0.003548825057329351,0.0018300341679180498
-0.05249999999999999,1.270327049309639,0.15581869612938362,-0.0760244061503443,-0.053395138915806294,-0.012371105248016998,0.0035627200994839264,0.0018680147618085619
-0.04749999999999999,1.2702655742970437,0.16024597107173336,-0.07793497442039886,-0.05484895826527133,-0.012834009545170512,0.00357629146353827,0.0019055352806458437
-0.04249999999999998,1.270168035368452,0.16466816971843307,-0.0798474390952303,-0.05629854588944902,-0.013294037179295674,0.003589547877160994,0.0019425711741581867
-0.03749999999999998,1.2700343902209585,0.1690843240909007,-0.0817616522217382,-0.05774346274009717,-0.013750934840965257,0.003602495172022215,0.001979096348986041
-0.03249999999999997,1.2698646133153524,0.17349348009673854,-0.08367746608418483,-0.05918327211057541,-0.014204452270243955,0.0036151374002407703,0.0020150839232195837
-0.02749999999999997,1.2696586898913251,0.17789469253498422,-0.0855947323634951,-0.06061753932590035,-0.01465434181961707,0.003627477549751197,0.002050506732664328
-0.022499999999999964,1.2694166122812944,0.1822870220976875,-0.08751330157237723,-0.06204583164014252,-0.015100358261733296,0.0036395179840090796,0.0020853376616954116
-0.01749999999999996,1.2691383777371423,0.18666953368599493,-0.08943302267117206,-0.06346771826228609,-0.015542258753436155,0.003651260700980566,0.002119549856235627
-0.012499999999999956,1.2688239872105593,0.19104129555487,-0.09135374279739233,-0.06488277045896959,-0.015979802895388643,0.0036627074790290186,0.00215311686120024
-0.007499999999999951,1.2684734447098787,0.19540137895858137,-0.09327530706406022,-0.0662905617019892,-0.016412752847711484,0.0036738599552411026,0.002186012711700014
-0.0024999999999999467,1.2680867569918453,0.1997488580868561,-0.09519755839824547,-0.0676906678415143,-0.01684087347703405,0.003684719665305603,0.002218211997144445
0.0024999999999999467,1.2676639334411208,0.20408281016365967,-0.09712033740248022,-0.06908266729426299,-0.017263932520361038,0.0036952880626477543,0.0022496899100965576
0.007500000000000062,1.2672049860520898,0.20840231563433995,-0.0990434822290858,-0.07046614124087415,-0.017681700757472787,0.0037055665270718514,0.002280422286841084
0.012499999999999956,1.266709929465744,0.2127064584001844,-0.10096682846200143,-0.07184067382955983,-0.018093952187353986,0.003715556368574405,0.0023103856435445535
0.01750000000000007,1.2661787810368066,0.2169943260789444,-0.10289020900338099,-0.07320585238466006,-0.018500464206287624,0.0037252588293122117,0.0023395572100531
0.022499999999999964,1.2656115609186787,0.22126501028072484,-0.10481345396371496,-0.0745612676195094,-0.018901017786402623,0.003734675085229481,0.002367914962342252
0.02750000000000008,1.2650082921603527,0.22551760689433953,-0.10673639055503435,-0.07590651385340039,-0.01929539765404921,0.0037438062480711423,0.002395437654084131
0.03249999999999997,1.264369000812736,0.22975121638205664,-0.10865884298715608,-0.07724118923259198,-0.019683392467652955,0.0037526533681248803,0.0024221048475216852
0.03750000000000009,1.2636937160434505,0.23396494408193802,-0.11058063236713317,-0.07856489595536341,-0.020064794994814138,0.0037612174378566596,0.0024478969437120354
0.04249999999999998,1.262982470260083,0.23815790051739708,-0.11250157660217544,-0.07987724050110036,-0.02043940228844456,0.003769499396540751,0.0024727952121556076
0.0475000000000001,1.2622352992426582,0.24232920171339895,-0.11442149030637477,-0.08117783386331448,-0.020807015861688212,0.003777500135997437,0.002496781819841098
0.05249999999999999,1.2614522422874592,0.24647796951774098,-0.11634018471163289,-0.08246629178629003,-0.021167441861226745,0.0037852205076568065,0.002519839859822037
0.05750000000000011,1.2606333423672222,0.25060333192336043,-0.11825746758330886,-0.08374223500457187,-0.021520491238221588,0.0037926613314435633,0.002541953379662609
0.0625,1.2597786463191525,0.254704423381991,-0.12017314314133186,-0.0850052894834401,-0.021865979915360784,0.0037998234076127087,0.0025631074105941457
0.0674999999999999,1.2588882050860617,0.25878038508729084,-0.12208701198801704,-0.08625508665618853,-0.02220372894677205,0.003806707534052992,0.0025832879993141853
0.07250000000000001,1.2579620740648407,0.2628303651801121,-0.12399887104482879,-0.08749126364910129,-0.02253356466396501,0.0038133145344799117,0.0026024822466241522
0.0774999999999999,1.2570003136747614,0.26685351877725944,-0.12590851350237098,-0.0887134634749476,-0.02285531879362688,0.003819645308813819,0.002620678361639148
0.08250000000000002,1.2560029903715815,0.27084900762512815,-0.12781572879183503,-0.08992133515586193,-0.023168828518617055,0.0038257009284981647,0.0026378657490716538
0.08749999999999991,1.2549701785469074,0.27481599899150955,-0.1297203025935472,-0.09111453369826099,-0.02347393642589346,0.003831482821100172,0.002654035163445331
0.09250000000000003,1.2539019641402587,0.2787536630668519,-0.13162201691164557,-0.09229271977167647,-0.02377049023418883,0.00383699312779942,0.0026691789935210162
0.09749999999999992,1.2527984514724881,0.2826611675455347,-0.1335206502671607,-0.09345555881665307,-0.024058342103510908,0.003842235386312834,0.0026832917912895174
0.10250000000000004,1.2516597759643298,0.28653766703861705,-0.13541597810056838,-0.09460271908751058,-0.024337347172239374,0.003847215808626052,0.002696371245333105
0.10749999999999993,1.2504861272948236,0.2903822833004351,-0.13730777353690068,-0.09573386776884951,-0.024607360707499065,0.0038519456138151223,0.002708419936057572
0.11250000000000004,1.2492777905408623,0.29419406961411704,-0.139195808761303,-0.09684866371183001,-0.024868232836579993,0.003856445176876787,0.0027194484237772405
0.11749999999999994,1.2480352173853004,0.29797194866455534,-0.14107985739084758,-0.09794674441160382,-0.02511979917931588,0.003860751210062455,0.002729480538487989
0.12250000000000005,1.2467591461419887,0.30171460733975675,-0.1429596984181914,-0.09902770345661528,-0.025361864733444588,0.0038649288563361336,0.0027385621935365908
0.12749999999999995,1.2454507987201602,0.305420323612107,-0.144835122546932,-0.10009105266666161,-0.025594176973818078,0.003869091499171038,0.002746775662626744
0.13250000000000006,1.244112195282363,0.3090866894768281,-0.1467059420267317,-0.1011361603352316,-0.025816382207605047,0.003873432322651917,0.002754262057063589
0.13749999999999996,1.2427466435657284,0.3127101795771712,-0.14857200539438628,-0.10216215326216974,-0.026027956698656995,0.003878273205604392,0.002761255708562296
0.14250000000000007,1.2413594794913423,0.316285497757093,-0.15043321876343652,-0.10316776554124123,-0.026228100911093927,0.003884138362094828,0.00276813524874813
0.14749999999999996,1.2399591577964701,0.3198046142399927,-0.1522895753517831,-0.10415111145044584,-0.026415581516947683,0.0038918621135720236,0.0027754972574502695
0.15250000000000008,1.2385588136243806,0.32325538657377234,-0.15414119458405426,-0.10510935366884484,-0.026588501859508906,0.0039027420161308383,0.0027842592055368864
0.15749999999999997,1.2371784337337843,0.3266196420487689,-0.15598837102250673,-0.10603823229567103,-0.026743977990696718,0.003918749774391907,0.0027957986776648972
0.1625000000000001,1.235847781204917,0.32987059531905694,-0.15783163105433576,-0.10693141647865916,-0.026877695374405895,0.003942812131943305,0.00281213494868326
0.16749999999999998,1.2346101966966363,0.33296949483926586,-0.15967179090219613,-0.10777964190079546,-0.02698332289621762,0.003979170927745382,0.0028361560112592577
0.1725000000000001,1.2335273304552663,0.3358614557173256,-0.16151000191642662,-0.10856960904422897,-0.027051769311249467,0.0040338236987168185,0.002871887740133731
0.1775,1.2326847081467158,0.33847057628818783,-0.16334775647155036,-0.10928264721595977,-0.027070288030749633,0.004115030469542959,0.0029247899658355497
0.1825000000000001,1.2321977506625452,0.3406946968316248,-0.16518680777588363,-0.10989320982578535,-0.02702147705906139,0.004233844205924784,0.0030020438773093946
0.1875,1.2322173911973089,0.3424005983989697,-0.167028927167383,-0.11036737278900782,-0.026882292141016492,0.0044045760614421624,0.003112762698871092
0.1924999999999999,1.2329337068461461,0.34342110698414824,-0.16887538274962285,-0.11066167455577033,-0.026623302660731964,0.004645036489608136,0.0032680097249686143
0.1975,1.2345750142923189,0.34355645084948494,-0.17072598041792095,-0.11072286333940443,-0.026208573046595466,0.004976298894929136,0.0034804451799957106
0.2024999999999999,1.2373988549585937,0.3425831324749653,-0.17257748590793268,-0.11048936368427169,-0.02559672323977285,0.005421628428300776,0.003763358152370601
0.20750000000000002,1.2416707465283854,0.34027400491643195,-0.17442129632133205,-0.10989541932237033,-0.02474383389191478,0.006004151940695981,0.004128808144533235
0.2124999999999999,1.2476275094318081,0.3364322274906966,-0.17624043407104112,-0.10887868463506246,-0.023608765405570487,0.006742912890791901,0.00458467476780155
0.21750000000000003,1.255425667756762,0.33093813849392567,-0.17800637226975127,-0.10739124248339776,-0.02216095638835222,0.007647296141638913,0.005130694864452396
0.22249999999999992,1.2650825130007157,0.3238013511770248,-0.17967683334910167,-0.10541250634117466,-0.020389742951350206,0.008710525340312974,0.005754122742344556
0.22750000000000004,1.2764262599190954,0.3152023785797913,-0.1811962364756641,-0.10296062527075059,-0.01831291090068178,0.009903924780163702,0.006426383543273699
0.23249999999999993,1.2890772552883565,0.3055038501470223,-0.18250033048802086,-0.10009795088918993,-0.015981271145035964,0.011174414588733148,0.007102606171789687
0.23750000000000004,1.3024778092073717,0.2952169111015913,-0.18352525106563713,-0.09692711661364165,-0.013476477568688298,0.012447514043559208,0.0077256162424882814
0.24249999999999994,1.3159715110567938,0.28492491696407507,-0.18421905626982474,-0.09357754991095601,-0.010901452539303833,0.013636502646189626,0.0082345052264112
0.24750000000000005,1.328910924196676,0.2751861974147668,-0.18455201053830778,-0.09018620437076003,-0.008365752421585469,0.014655852670478729,0.008575771961323352
0.25249999999999995,1.340759038169263,0.2664476533293521,-0.1845219395472887,-0.08687850375695352,-0.005970242019164972,0.015435041504843454,0.008713530277519314
0.25750000000000006,1.3511540718375998,0.2589944064787915,-0.18415306040312707,-0.08375466940079865,-0.0037953411082077178,0.015928667596357242,0.00863547377004103
0.26249999999999996,1.3599255913318702,0.25294295811946094,-0.18348943822804664,-0.0808836683956635,-0.0018951592915315617,0.016120481265556468,0.008353102000580296
0.26750000000000007,1.367069770719566,0.24826833502308615,-0.1825859380886396,-0.07830399743979481,-0.0002974217186456056,0.016021357557974025,0.00789697663536586
0.27249999999999996,1.3727024143909357,0.24484787559277707,-0.18149957752356136,-0.07602883493471456,0.0009925444396408092,0.01566306335485725,0.007309251391856581
0.2775000000000001,1.3770081969593841,0.24250590085835963,-0.18028308528850862,-0.07405292017662302,0.0019859448659775825,0.015090293175409638,0.006635936230084402
0.2825,1.380198084645969,0.2410498138231576,-0.178981176165463,-0.0723592332823152,0.00270454734165531,0.01435305811383088,0.005920646517322538
0.2875000000000001,1.382479592157382,0.24029449049591006,-0.1776291667652828,-0.07092446373801424,0.00317564684497456,0.013500664935935009,0.005200586854625547
0.2925,1.3840394485708207,0.24007591430330952,-0.17625320158816787,-0.06972297272102669,0.0034283487901484552,0.012577700679470978,0.004504708101745016
0.2975000000000001,1.3850358772542382,0.24025674028504743,-0.17487137215427506,-0.06872937171044419,0.0034911256288066815,0.011621878672779494,0.003853533638251122
0.3025,1.3855972473031792,0.24072665593017012,-0.1734951892210871,-0.06792001223020462,0.003390401619429863,0.010663331273920848,0.00326003334934354
0.3075000000000001,1.3858243595262847,0.24139986880951592,-0.17213106900114236,-0.06727370470074072,0.003149874489686767,0.009724876136237442,0.002731002395483326
0.3125,1.3857944134185218,0.24221134316575357,-0.1707816556870006,-0.06677193781676577,0.002790316305052733,0.00882284139792357,0.002268556689639444
0.3174999999999999,1.3855654228435437,0.24311278678000206,-0.16944691080631746,-0.0663988028338008,0.002329657115934979,0.007968137857046012,0.0018715122390155032
0.3225,1.38518039238151,0.24406893305394464,-0.1681249632564439,-0.06614076389736674,0.001783215908318368,0.0071673699682303135,0.0015365370730549145
0.3274999999999999,1.3846709307382228,0.24505436313846637,-0.16681274599018953,-0.06598636491979407,0.0011639928261792454,0.00642386305497367,0.0012590454210439543
0.3325,1.3840601997996844,0.2460509328890588,-0.16550645824644006,-0.06592592656200107,0.00048297250981462294,0.005738546490866574,0.0010338501436783036
0.3374999999999999,1.3833652207274623,0.24704577180751439,-0.16420189445760186,-0.06595126157537762,-0.00025058747019415475,0.00511067379632263,0.0008556110360180861
0.3425,1.3825986173229174,0.2480297759300244,-0.162894677885855,-0.06605542033263147,-0.0010288938579476182,0.004538385171747022,0.0007191227130832487
0.3474999999999999,1.381769897282467,0.24899650258054268,-0.1615804317307265,-0.06623246830860062,-0.0018453824261557457,0.004019130713574948,0.0006194833463258088
0.35250000000000004,1.3808863710170691,0.24994137794924903,-0.16025491452028806,-0.06647729159214641,-0.0026945071967340553,0.003549977486882715,0.0005521792065302024
0.35749999999999993,1.3799537962786,0.2508611397072768,-0.15891414075302895,-0.06678542379785388,-0.0035715492541092547,0.0031278238439526205,0.0005131125995872565
0.36250000000000004,1.37897682149366,0.25175345100403274,-0.15755450218489025,-0.06715288703516188,-0.00447244012413933,0.0027495420680570606,0.0004985938672256942
0.36749999999999994,1.3779592851777644,0.2526166362192563,-0.15617289978163051,-0.06757604025537417,-0.005393595779769987,0.0024120670391713788,0.0005053123388524948
0.37250000000000005,1.3769044149839458,0.25344950125776955,-0.15476689102141067,-0.06805142993605857,-0.006331759187631827,0.002112445065741546,0.0005302966375703459
0.37749999999999995,1.3758149585819726,0.254251211399916,-0.15333485182129933,-0.06857564041243644,-0.007283851595699856,0.0018478538138904095,0.0005708714652351526
0.38250000000000006,1.374693269744349,0.25502120770770265,-0.15187614689701728,-0.06914514401046676,-0.00824683518508601,0.0016156016347992712,0.0006246156921628493
0.38749999999999996,1.3735413664446656,0.25575914896621227,-0.15039129706600216,-0.06975615424307105,-0.009217591968938697,0.001413112609244021,0.0006893249915870053
0.39250000000000007,1.372360973002074,0.2564648704568962,-0.148882127300224,-0.0704044884044852,-0.010192825601525308,0.0012379022513551794,0.0007629811357260749
0.39749999999999996,1.3711535548483662,0.2571383538759526,-0.1473518758368491,-0.0710854485665185,-0.011168993742542302,0.0010875479307029285,0.0008437292022368134
0.4025000000000001,1.369920351911891,0.25777970475460443,-0.1458052430650528,-0.07179373181500329,-0.01214227852451099,0.0009596575354080848,0.0009298631803669392
0.4075,1.3686624145557544,0.2583891350800273,-0.14424835988873738,-0.07252338113076573,-0.013108601305557997,0.0008518395482647621,0.0010198197349098306
0.4125000000000001,1.3673806442386143,0.258966949667634,-0.14268865927480556,-0.07326778725979675,-0.014063685215933082,0.0007616773883825227,0.0011121791655951253
0.4175,1.366075839462622,0.2595135353555429,-0.14113464182095348,-0.07401974904677457,-0.015003165178263151,0.0006867104535478707,0.0012056719236584353
0.4225000000000001,1.364748746116176,0.2600293523944257,-0.13959553600364474,-0.07477159509790657,-0.015922740463601412,0.0006244236971182682,0.0012991884829071335
0.4275,1.363400110068612,0.2605149275705811,-0.13808086533935965,-0.07551536367671256,-0.016818359991179192,0.000572246757773063,0.0013917899870700327
0.4325000000000001,1.3620307289310198,0.2609708486815964,-0.1365999465738243,-0.07624303110812207,-0.017686426166437758,0.0005275626629139764,0.0014827169737895024
0.4375,1.3606414993645797,0.2613977600185967,-0.13516135347319302,-0.07694677258970807,-0.01852399977903747,0.00048772503644841953,0.001571393642587805
0.4424999999999999,1.3592334562620494,0.2617963585203211,-0.13377238808578396,-0.07761923419018232,-0.019328986951379436,0.0004500816900122014,0.0016574255820197463
0.4475,1.3578078005555008,0.2621673902673163,-0.1324386040514115,-0.07825379186618706,-0.02010028972410297,0.0004120016101815212,0.0017405895493592517
0.4524999999999999,1.356365913251421,0.26251164698933016,-0.1311634238630799,-0.07884477318003318,-0.020837904668847166,0.00037090180537627205,0.0018208147183775834
0.4575,1.3549093544405957,0.2628299622723262,-0.12994788397045956,-0.07938762025893917,-0.021542958668375276,0.00032427033487975607,0.0018981556693881956
0.4624999999999999,1.3534398473153182,0.26312320717760324,-0.12879052917292302,-0.07987897811533787,-0.02221767711989462,0.0002696821361487411,0.0019727581785461286
0.4675,1.3519592484817526,0.2633922850257963,-0.12768746254579436,-0.0803167000063111,-0.022865286487304345,0.00020480495342965443,0.0020448194701598913
0.4724999999999999,1.3504695069286579,0.263638125151163,-0.12663254130010076,-0.0806997699791825,-0.023489859442350044,0.00012739364672830866,0.0021145449518730646
0.47750000000000004,1.3489726147885102,0.26386167549104916,-0.12561769469535353,-0.08102815092847336,-0.02409611594032001,3.527227916808616e-05,0.0021821035183376965
0.48249999999999993,1.3474705534317153,0.26406389393310575,-0.12463332929759001,-0.08130257326001944,-0.024689196821681945,-7.369551870832211e-05,0.0022475832840218443
0.48750000000000004,1.345965238444866,0.2642457383881899,-0.12366878076624883,-0.08152428377943793,-0.025274427572079167,-0.000201646475102414,0.0023109491277129544
0.49249999999999994,1.344458466679663,0.264408155579038,-0.12271277042488979,-0.08169477625384206,-0.025857088714992232,-0.00035076580364165784,0.0023720027689882474
0.49750000000000005,1.3429518678770667,0.2645520685235522,-0.12175382876521242,-0.081815524239027,-0.026442206286510988,-0.0005233411161522511,0.0024303453387421138
0.5025,1.3414468624545135,0.26467836263674926,-0.12078065571206303,-0.08188773361774429,-0.027034371526252113,-0.0007218197115039904,0.0024853416443872626
0.5075000000000001,1.3399446259864494,0.26478787026399286,-0.11978239746263293,-0.0819121275421668,-0.02763759401144545,-0.0009488671027630599,0.0025360846468565337
0.5125,1.3384460597933825,0.2648813532674842,-0.11874883038457172,-0.08188877093605182,-0.028255187653039766,-0.0012074250766424502,0.002581358118488412
0.5175000000000001,1.3369517659280739,0.2649594829748693,-0.11767045232712306,-0.08181693619419587,-0.02888968483130864,-0.0015007680270694664,0.002619595065984348
0.5225,1.3354620236842927,0.2650228162810724,-0.11653848962387493,-0.08169500687921008,-0.029542770843019033,-0.0018325566000735806,0.002648829281872938
0.5275000000000001,1.3339767634167212,0.2650717658225014,-0.11534483336456944,-0.08152041249147936,-0.030215228903739667,-0.002206887639731669,0.002666637318795243
0.5325,1.3324955316487386,0.26510656065537475,-0.11408192098212722,-0.08128958495173082,-0.030906885125405757,-0.00262833881531193,0.002670068260980025
0.5375000000000001,1.3310174386212568,0.26512719132769036,-0.11274257903807745,-0.08099792622091642,-0.031616542934428685,-0.00310200487114153,0.002655558938176383
0.5425,1.3295410747291652,0.2651333289232775,-0.11131984076495595,-0.08063977623933546,-0.032341896973910454,-0.003633519829391863,0.0026188328206435793
0.5475000000000001,1.3280643743577933,0.26512420045467466,-0.10980674802661712,-0.08020837074253702,-0.03307941727660456,-0.004229055237148674,0.0025547820315046745
0.5525,1.3265843924705298,0.26509839118728806,-0.10819614245510839,-0.07969577913738674,-0.03382419505801459,-0.00489527808893035,0.002457334226534011
0.5575000000000001,1.3250969380365105,0.2650535256028321,-0.10648044506850098,-0.07909281320445294,-0.03456974158047665,-0.005639242640206013,0.002319310364641118
0.5625,1.3235959750524515,0.2649857492701196,-0.10465141797603039,-0.07838889780296651,-0.03530773099266605,-0.0064681771436830345,0.002132286922158051
0.5674999999999999,1.322072651282594,0.26488888924540743,-0.10269989605434053,-0.07757189512415145,-0.036027676796081515,-0.007389108879743575,0.0018864887645975263
0.5725,1.3205137405216236,0.2647531050064304,-0.10061547102446028,-0.07662787489069044,-0.03671652976519439,-0.008408248512257063,0.0015707591964231832
0.5774999999999999,1.3188991792678222,0.26456274893437615,-0.09838610584947136,-0.07554082534578242,-0.037358183229171844,-0.00953002885441489,0.0011726846820917462
0.5825,1.3171982377259435,0.2642930295191426,-0.09599765540430846,-0.07429230593451881,-0.037932870769809654,-0.010755667298058028,0.0006789962406811744
0.5874999999999999,1.3153636889709328,0.2639049111670643,-0.09343327337972215,-0.07286105569312214,-0.03841644415647279,-0.012081104105383506,7.642849395591211e-05
0.5925,1.3133231476007456,0.26333750523055155,-0.09067270222160972,-0.07122259714063593,-0.03877953106884183,-0.01349417764032719,-0.0006467142410248504
0.5974999999999999,1.3109666018022765,0.26249705575209636,-0.08769148541492112,-0.06934892260602814,-0.03898660344647305,-0.01497096299425273,-0.0014979764910073104
0.6025,1.3081292163516172,0.261241625966979,-0.08446023220179168,-0.06720843072231651,-0.03899505762804367,-0.016471371574778466,-0.002476843211074824
0.6074999999999999,1.3045690849877711,0.2593610323227477,-0.08094424015784915,-0.06476640967564627,-0.03875454869689669,-0.017934455433435186,-0.0035693366933190395
0.6125,1.2999414426183025,0.2565530251638585,-0.07710408963196784,-0.061986549799349054,-0.038207076150316197,-0.019274457272508923,-0.004741391264870055
0.6174999999999999,1.293775058571356,0.25240017273583715,-0.07289830427682703,-0.05883419492352862,-0.03728871885227685,-0.02037952567449201,-0.005932196556990971
0.6225,1.2854645071531925,0.2463586603298952,-0.06828977121217203,-0.05528222763967401,-0.035934424269387415,-0.021116036123739475,-0.007050181219415276
0.6275,1.2743039051994784,0.23778076568816667,-0.06325799908958175,-0.0513204241747667,-0.03408763075467079,-0.021342101919467074,-0.007976023529680474
0.6325000000000001,1.2595983722959994,0.22600352119969497,-0.05781856271370172,-0.04696844822397338,-0.03171614445889385,-0.02093302330496622,-0.008577811854424787
0.6375,1.2408823957149218,0.21053382616224273,-0.052047734575615644,-0.04229093902844777,-0.02883364675780796,-0.019817596514773602,-0.008740988921843348
0.6425000000000001,1.2182229925174106,0.19132131243301304,-0.046103405070854,-0.03741018784789764,-0.0255217232627863,-0.01801664158053349,-0.008407993737266485
0.6475,1.1924834377822944,0.16902198758739964,-0.04022579897334025,-0.032508420634576894,-0.021941359457771835,-0.015666252343817022,-0.007611330806667707
0.6525000000000001,1.1653398624222804,0.1450667823646776,-0.03470234238997614,-0.027810408575172238,-0.018320008628736017,-0.013005663724799344,-0.006477957312478122
0.6575,1.1389154386147664,0.1213823634699624,-0.029799230546421245,-0.023542740158881713,-0.014907775803165832,-0.010322421271642188,-0.005193752018996041
0.6625000000000001,1.1151566622628277,0.09983128342978827,-0.025689736676217687,-0.01988063118233768,-0.011915553031775519,-0.007874302276855344,-0.003942963296578252
0.6675,1.0952985602341672,0.0816765585839677,-0.022418469074416993,-0.016907174618289462,-0.00946515346410692,-0.0058270763857046605,-0.002856440311827225
0.6725000000000001,1.0796946095265505,0.06736339772309939,-0.01991663825654382,-0.014606427659764627,-0.007576474119328136,-0.0042369195373354535,-0.001993307334446749
0.6775,1.0680011873520203,0.05665328243010013,-0.01804935644432361,-0.012889658188177715,-0.006191128969413886,-0.003074262381707187,-0.0013539487188808793
0.6825000000000001,1.059508580092743,0.04892710114992182,-0.01666440358965312,-0.011635021145286245,-0.005211402339867066,-0.0022640242942860646,-0.0009055964135520475
0.6875,1.053427190487646,0.043463631246929105,-0.015624272314910488,-0.010720754987001374,-0.004533645899487576,-0.0017198431207572761,-0.0006045590867751217
0.6924999999999999,1.0490550425834124,0.03960902930011258,-0.014819698624872974,-0.010043755211847989,-0.004067601728820449,-0.0013640150070246939,-0.0004094408449312993
0.6975,1.0458409269729982,0.036844618701658796,-0.014170854474634828,-0.009525403695252286,-0.0037432842482760078,-0.0011351428059059197,-0.000286622075417438
0.7024999999999999,1.0433853654903837,0.034792297577411396,-0.013622787589188157,-0.00910995105838031,-0.0035104661338239483,-0.0009885366850264706,-0.0002111602548683741
0.7075,1.04141488033496,0.03319231408438905,-0.013139347990826599,-0.00875993621388659,-0.0033350659700946868,-0.0008934948974295834,-0.00016564736453975057
0.7124999999999999,1.0397503146829812,0.03187414916280739,-0.012697623649337618,-0.008451238800363813,-0.003194951652050869,-0.0008298470789718472,-0.00013848153050923767
0.7175,1.0382785335199038,0.0307300109042667,-0.012283558222341413,-0.008168879085883955,-0.0030762729553317604,-0.0007848305612334827,-0.00012222155185997126
0.7224999999999999,1.0369303854740648,0.029694011198959827,-0.011888781186788147,-0.007903848643978757,-0.00297064496967538,-0.0007506391017228807,-0.00011225684269315804
0.7275,1.035664855754026,0.02872711657774152,-0.011508442932885957,-0.007650887128627759,-0.002873145743690729,-0.0007226489777948621,-0.00010582303062237357
0.7324999999999999,1.0344582875150679,0.027806877581924884,-0.011139800740529017,-0.007407002933759081,-0.0027809686319455328,-0.0006982056581337801,-0.00010131534756672975
0.7375,1.0332973703494215,0.026920730488920786,-0.010781330229380402,-0.00717053042716475,-0.002692554572404882,-0.0006758306784414641,-9.783167479661548e-05
0.7424999999999999,1.0321747563377999,0.026061800451844332,-0.010432186830503867,-0.006940551943710387,-0.0026070550177697462,-0.0006547237357310214,-9.488081314002223e-05
0.7475,1.0310864198789205,0.02522637001545456,-0.010091890758962153,-0.006716556265043122,-0.002524011801144911,-0.0006344619483048048,-9.220346831062857e-05
0.7525,1.0300301250187285,0.024412408751571232,-0.009760149207013114,-0.006498244121663104,-0.002443173330827792,-0.0006148250607710672,-8.966664373201872e-05
0.7575000000000001,1.029004567368292,0.023618751746038325,-0.009436759646065995,-0.006285421562507176,-0.002364393065998162,-0.0005956977964566134,-8.720379984139168e-05
0.7625,1.0280089102442618,0.022844659273777917,-0.009121559319706473,-0.006077943876516786,-0.002287575746242729,-0.0005770175700622741,-8.478235202406749e-05
0.7675000000000001,1.0270425417400595,0.022089591700036843,-0.008814400110026111,-0.005875687545766164,-0.002212650292442104,-0.0005587478009699508,-8.238680943861324e-05
0.7725,1.0261049504688158,0.021353101133113474,-0.008515136878160679,-0.005678537204057498,-0.002139557048517884,-0.0005408650781605571,-8.001046662390899e-05
0.7775000000000001,1.0251956624495668,0.02063478379712912,-0.008223622749747939,-0.005486380362521982,-0.002068242438040037,-0.0005233534778676643,-7.76515396451321e-05
0.7825,1.0243142083924146,0.019934262452105306,-0.007939707892229723,-0.005299106017723224,-0.001998657280900759,-0.0005062023583012096,-7.531146471770264e-05
0.7875000000000001,1.0234601058848498,0.019251182616483776,-0.007663240005458718,-0.005116605105891521,-0.0019307567863663803,-0.0004894056806924566,-7.299414339336127e-05
0.7925,1.0226328492031005,0.018585214200469345,-0.007394065612153927,-0.004938771737168995,-0.0018645011845626594,-0.00047296185071366405,-7.070551585088067e-05
0.7975000000000001,1.021831903627519,0.0179360542930505,-0.00713203166000291,-0.0047655046337194695,-0.0017998564478320376,-0.00045687357886270734,-6.845316938309342e-05
0.8025,1.0210567030529323,0.01730342900180556,-0.006876987149944148,-0.00459670844121654,-0.0017367948073706764,-0.0004411475289246842,-6.624586498675848e-05
0.8075000000000001,1.0203066504211056,0.01668709340646304,-0.00662878460539335,-0.004432294715159123,-0.001675294911808216,-0.00042579367545604336,-6.409296080626339e-05
0.8125,1.0195811206645031,0.016086829365187946,-0.006387281256346238,-0.004272182467869842,-0.001615341564968702,-0.0004108243829624994,-6.200376356901137e-05
0.8174999999999999,1.0188794657694178,0.015502441344524389,-0.006152339858413563,-0.004116298228126331,-0.001556925047144644,-0.00039625327732984616,-5.9986865623938697e-05
0.8225,1.0182010214219466,0.014933750725314674,-0.005923829109900257,-0.003964575622665625,-0.0015000400767626512,-0.0003820940140933115,-5.8049533852256936e-05
0.8274999999999999,1.0175451145863759,0.014380589199446904,-0.005701623671048375,-0.003816954537497935,-0.0014446845080659336,-0.0003683590616614575,-5.619721189389711e-05
0.8325,1.0169110713255158,0.013842791927367737,-0.0054856038258333465,-0.003673379954048025,-0.001390857883738043,-0.00035505861267953027,-5.443318231336112e-05
0.8374999999999999,1.0162982242166478,0.01332019108605287,-0.005275654854843334,-0.0035338005777199658,-0.001338559968241953,-0.0003421997164002967,-5.2758414268076534e-05
0.8425,1.0157059188335225,0.012812610321618866,-0.00507166620531186,-0.0033981673834105096,-0.00128778937895604,-0.0003297856938828668,-5.1171598994101615e-05
0.8474999999999999,1.0151335189297455,0.01231986045738383,-0.0048735305504801615,-0.0032664321948487466,-0.0012385424108880601,-0.0003178158617845002,-4.966935386539223e-05
0.8525,1.0145804101422546,0.011841736627296165,-0.00468114282602348,-0.00313854639541049,-0.001190812121236354,-0.00030628555526453514,-4.824655902588758e-05
0.8574999999999999,1.0140460022071656,0.011378016834259418,-0.004494399318548049,-0.003014459841445869,-0.0011445877073199622,-0.0002951864109990423,-4.689678054121317e-05
0.8625,1.01352972982232,0.010928461794339718,-0.00431319686322697,-0.0028941200197043376,-0.0010998541800701918,-0.00028450685079774434,-4.561273119539166e-05
0.8674999999999999,1.0130310523886326,0.010492815833422667,-0.004137432187758005,-0.0027774714622208927,-0.0010565923089862863,-0.0002742326961653689,-4.438672373750959e-05
0.8725,1.0125494529124952,0.010070808555584818,-0.003967001420921936,-0.002664455408098666,-0.0010147787953966893,-0.00026434784386853094,-4.321107992684971e-05
0.8775,1.0120844363585886,0.009662156997519704,-0.003801799768341399,-0.0025550096837551653,-0.0009743866197196731,-0.00025483494026407575,-4.2078470046592794e-05
0.8825000000000001,1.011635527716276,0.009266568010953208,-0.003641721347014361,-0.002449068761887258,-0.0009353855045613121,-0.0002456760051234824,-4.0982169575531705e-05
0.8875,1.0112022699954204,0.008883740663056248,-0.0034866591644975423,-0.0023465639541044884,-0.0008977424373620712,-0.00023685297107267305,-3.99162307064698e-05
0.8925000000000001,1.0107842223108041,0.008513368501714276,-0.0033365052283674235,-0.0022474236916366595,-0.0008614222018161918,-0.00022834811998820312,-3.8875575231676104e-05
0.8975,1.0103809581581151,0.008155141588572671,-0.0031911507766567465,-0.002151573851180027,-0.0008263878741910938,-0.00022014441079033095,-3.785602145703916e-05
0.9025000000000001,1.0099920639354374,0.007808748251483885,-0.0030504866302835526,-0.0020589380872779715,-0.0007926012468089332,-0.00021222570278835902,-3.685426128703998e-05
0.9075,1.0096171377260168,0.007473876545876737,-0.002914403684381264,-0.001969438137427169,-0.000760023144358284,-0.00020457688438796037,-3.586780487001913e-05
0.9125000000000001,1.0092557883318019,0.007150215440822927,-0.0027827935779530704,-0.001882994070718094,-0.0007286135975812056,-0.00019718391820240904,-3.48949098397384e-05
0.9175,1.0089076345320405,0.006837455761242517,-0.002655549612575587,-0.0017995244554614,-0.0006983318314419984,-0.0001900338099575055,-3.3934510860722544e-05
0.9225000000000001,1.0085723045352275,0.006535290924899347,-0.0025325680347573895,-0.0017189464273887607,-0.0006691360091421594,-0.0001831144988967024,-3.298616325514392e-05
0.9275,1.0082494355938538,0.006243417514121402,-0.0024137498592292812,-0.0016411756511600585,-0.000640982646940658,-0.00017641464898171923,-3.205001171531705e-05
0.9325000000000001,1.0079386737579363,0.005961535720021392,-0.002299003501841004,-0.001566126191091535,-0.000613825574993779,-0.00016992328739506575,-3.1126789938206826e-05
0.9375,1.0076396737543425,0.005689349693604528,-0.002188248626746729,-0.0014937103555897322,-0.0005876142640884891,-0.00016362917863259351,-3.0217845127205992e-05
0.9424999999999999,1.0073520989947824,0.005426567835520177,-0.0020814218188837806,-0.0014238386786361108,-0.0005622912677902551,-0.0001575197179478436,-2.932515235062404e-05
0.9475,1.0070756217384895,0.005172903056511437,-0.00197848501179664,-0.0013564203970963067,-0.0005377884539486762,-0.00015157893837488843,-2.8451214258823278e-05
0.9524999999999999,1.0068099234722638,0.004928073047361465,-0.001879438104267905,-0.0012913651608918466,-0.0005140216530264228,-0.00014578388056573897,-2.7598579362104118e-05
0.9575,1.0065546956364801,0.004691800619651274,-0.0017843380112939576,-0.001228587436612954,-0.000490883427621499,-0.00014009795050343963,-2.676834125568154e-05
0.9624999999999999,1.006309640969269,0.00446381425230622,-0.001693327738255321,-0.0011680164464126024,-0.0004682341028016408,-0.00013445878861052452,-2.59561471189811e-05
0.9675,1.0060744761546385,0.004243849269204377,-0.0016066813563144868,-0.0011096171485584832,-0.00044589255354268996,-0.00012875636162843537,-2.5142397251679195e-05
0.9724999999999999,1.0058489380662583,0.004031651443668883,-0.0015248748088871518,-0.0010534330564680703,-0.0004236318817356599,-0.0001227945918467919,-2.4269368568679727e-05
0.9775,1.0056328035899906,0.003826992025185975,-0.0014487000394468633,-0.0009996728047323854,-0.00040119451301163746,-0.00011622935303586079,-2.3190425334563722e-05
0.9824999999999999,1.0054259740350355,0.0036297430535835425,-0.0013794551434841878,-0.0009488878471218862,-0.0003783664343649038,-0.00010849057795152473,-2.1567352822085786e-05
0.9875,1.0052289052564414,0.0034402888902313636,-0.0013192766968070388,-0.0009023530024741182,-0.0003552238103369424,-9.878387841573665e-05,-1.8714207428198255e-05
0.9924999999999999,1.0050449900210634,0.003261867194923078,-0.0012717553439372967,-0.000862928067504612,-0.0003328924818507629,-8.663044370314244e-05,-1.3635291749161189e-05
0.9975,1.0048942747241716,0.003114194713416473,-0.0012430737402399237,-0.0008369890494241322,-0.00031575731190986036,-7.450329856842388e-05,-6.716844602018311e-06
