-0.9975,3.0,1.2534542508900616e-16,-3.6778977257500386e-20
-0.9925,2.999999999999999,5.12779723556326e-16,-1.7261003255246874e-19
-0.9875,2.999999999999997,1.889802806847788e-15,-6.806925637252541e-19
-0.9825,2.999999999999989,6.518362455078515e-15,-2.4038979019670714e-18
-0.9775,2.999999999999964,2.0845900126383728e-14,-7.901824382062771e-18
-0.9725,2.999999999999889,6.413790701467911e-14,-2.484043226917522e-17
-0.9675,2.99999999999967,1.9066918814628478e-13,-7.522727915073785e-17
-0.9625,2.9999999999990514,5.478256806478214e-13,-2.2016041882401513e-16
-0.9575,2.9999999999973603,1.5239533706625639e-12,-6.238904056094926e-16
-0.9525,2.999999999992882,4.109125077308005e-12,-1.7139586006013394e-15
-0.9475,2.9999999999813833,1.0747456646868015e-11,-4.568936238185006e-15
-0.9425,2.9999999999527307,2.7288665033648346e-11,-1.1828044851352206e-14
-0.9375,2.9999999998834026,6.731223589612092e-11,-2.9759067080230746e-14
-0.9325,2.999999999720404,1.6141159179307834e-10,-7.28179024224901e-14
-0.9275,2.9999999993477937,3.765200222943767e-10,-1.7340418130408985e-13
-0.9225,2.99999999851911,8.549190934804685e-10,-4.0212441304614477e-13
-0.9175,2.9999999967250592,1.890622808228263e-09,-9.086702769375842e-13
-0.9125,2.9999999929420884,4.074523846251121e-09,-2.0019474554023333e-12
-0.9075,2.9999999851686443,8.562107793758974e-09,-4.3027463755755e-12
-0.9025,2.9999999695947563,1.7552844103124228e-08,-9.026582700483822e-12
-0.8975,2.9999999391581547,3.5123720486147996e-08,-1.8493352880133486e-11
-0.8925,2.999999881106386,6.863659837999438e-08,-3.702079292449398e-11
-0.8875,2.9999997729997334,1.3104565752883064e-07,-7.244863935802693e-11
-0.8825000000000001,2.9999995763479346,2.4457079463935015e-07,-1.38669222547956e-10
-0.8775,2.999999226775803,4.4637478415910475e-07,-2.597172941831724e-10
-0.8725,2.9999986192729056,7.970782620277969e-07,-4.762044814967712e-10
-0.8674999999999999,2.9999975867329622,1.3931483039248563e-06,-8.551741253358547e-10
-0.8625,2.9999958696863165,2.38437088489956e-06,-1.5047937716773895e-09
-0.8575,2.9999930749566333,3.9977168812746526e-06,-2.5956753953155443e-09
-0.8525,2.9999886210381597,6.5688736545939304e-06,-4.390980411442828e-09
-0.8475,2.9999816684139318,1.0582469523903084e-05,-7.287770681785588e-09
-0.8425,2.9999710339355423,1.672149893241079e-05,-1.1872231490157148e-08
-0.8375,2.999955089847234,2.59256124544373e-05,-1.8991326389346284e-08
-0.8325,2.9999316500819067,3.9456756148492876e-05,-2.9843050636199446e-08
-0.8275,2.999897849005806,5.8969174496253836e-05,-4.6086644279584155e-08
-0.8225,2.9998500206390166,8.657914779495578e-05,-6.997285364562868e-08
-0.8175,2.999783589193689,0.00012492821279697517,-1.0449258994166417e-07
-0.8125,2.999692984100094,0.00017723227497655394,-1.5354019758726156e-07
-0.8075,2.999571594017522,0.00024730825864547164,-2.2208516857983777e-07
-0.8025,2.9994117741573216,0.000339570042343007,-3.1634376144942835e-07
-0.7975,2.9992049192064334,0.00045898660525580857,-4.439399073908676e-07
-0.7925,2.998941610087257,0.000610997647558692,-6.140433437712481e-07
-0.7875,2.9986118368898844,0.0008013853460122329,-8.374724165134423e-07
-0.7825,2.9982052930753174,0.0010361050707845345,-1.1267496695336312e-06
-0.7775,2.99771172829167,0.0013210823482522993,-1.496100292422836e-06
-0.7725,2.997121339889818,0.001661987520667601,-1.9613866614162525e-06
-0.7675,2.996425177527969,0.0020640028204513437,-2.539976342287075e-06
-0.7625,2.995615532020809,0.0025315984273707494,-3.250545632810109e-06
-0.7575000000000001,2.994686279395697,0.0030683341826691114,-4.112825511270495e-06
-0.7525,2.9936331540997454,0.003676701921710976,-5.14730120175649e-06
-0.7475,2.9924539311166787,0.004358020053617362,-6.374879992474285e-06
-0.7424999999999999,2.991148504646369,0.005112387495955934,-7.816544096022481e-06
-0.7375,2.989718859941179,0.0059386989549002215,-9.493006034479567e-06
-0.7324999999999999,2.988168943751069,0.006834718471511718,-1.1424383267687653e-05
-0.7275,2.9865044465536923,0.007797203731475043,-1.3629906735222946e-05
-0.7224999999999999,2.9847325155095645,0.008822070329889182,-1.6127674964527815e-05
-0.7175,2.9828614203666888,0.009904583291267807,-1.8934461810341106e-05
-0.7125,2.980900195151161,0.011039562779471084,-2.2065582167700874e-05
-0.7075,2.9788582765184137,0.01222159204028548,-2.5534816560462408e-05
-0.7025,2.9767451554222326,0.013445218023474207,-2.9354392714750134e-05
-0.6975,2.9745700527447543,0.014705138573873447,-3.3535020371019646e-05
-0.6925,2.972341622255202,0.015996374261017188,-3.8085974870026195e-05
-0.6875,2.9700676763058915,0.017314427506181593,-4.301522557358948e-05
-0.6825,2.9677549216582957,0.018655436305923888,-4.8329606958053605e-05
-0.6775,2.9654086854798143,0.020016334126859943,-5.403503314463225e-05
-0.6725,2.9630326057383582,0.021395030949444865,-6.0136760476047614e-05
-0.6675,2.960628257026958,0.022790632338794768,-6.663970712894937e-05
-0.6625,2.9581946835548476,0.02420371306891216,-7.354884310369354e-05
-0.6575,2.95572781701816,0.02563665841757878,-8.086966750466164e-05
-0.6525000000000001,2.9532197695279407,0.027094079067545875,-8.860879189543103e-05
-0.6475,2.9506580113753547,0.028583294209085293,-9.677464767218343e-05
-0.6425000000000001,2.9480244697116094,0.030114862189601778,-0.00010537833088750637
-0.6375,2.945294615144978,0.031703120096718905,-0.00011443458908559502
-0.6325000000000001,2.9424366347625646,0.03336667534475487,-0.00012396294132077006
-0.6275,2.9394108162153896,0.035128777123627594,-0.00013398890525523094
-0.6225,2.936169281114061,0.037017487615487676,-0.00014454528565983728
-0.6174999999999999,2.9326562001714582,0.039065576181078324,-0.00015567345931448813
-0.6125,2.928808592652,0.04131007693321416,-0.0001674245754493659
-0.6074999999999999,2.924557758408441,0.043791481399799215,-0.00017986058186279926
-0.6025,2.9198313174573096,0.04655258018669094,-0.00019305498749332248
-0.5974999999999999,2.914555750642583,0.04963701429983719,-0.000207093283973149
-0.5925,2.9086592601919814,0.0530876395809033,-0.0002220729711174499
-0.5875,2.9020747159237876,0.05694483794514651,-0.00023810316194610839
-0.5825,2.89474243286092,0.061244920373197696,-0.00025530377757010825
-0.5775,2.8866125434839827,0.06601875649631832,-0.0002738043761443449
-0.5725,2.877646779075432,0.07129073638803629,-0.0002937426883456994
-0.5675,2.8678195488618843,0.07707812802340082,-0.0003152629509185416
-0.5625,2.857118288385379,0.0833908470901384,-0.0003385141379904703
-0.5575,2.845543125197577,0.09023161262836146,-0.00036364818730193004
-0.5525,2.833105969414504,0.09759642856396485,-0.00039081830704824937
-0.5475,2.8198291729653047,0.10547531083648884,-0.00042017743154503515
-0.5425,2.805743913965598,0.11385317273898438,-0.00045187687354411056
-0.5375,2.790888455180029,0.12271078519908493,-0.0004860652005940295
-0.5325,2.775306403991734,0.13202574067177106,-0.0005228873445168104
-0.5275000000000001,2.759045072184294,0.14177336545084998,-0.0005624839381862662
-0.5225,2.742154002869019,0.15192754237328393,-0.0006049908628810239
-0.5175000000000001,2.7246837032319386,0.1624614217815208,-0.0006505389824648948
-0.5125,2.7066845979146312,0.1733480118557644,-0.0006992540370294625
-0.5075000000000001,2.688206199789147,0.1845606494766396,-0.0007512566677235922
-0.5025,2.6692964825678,0.19607335966852504,-0.0008066625455498953
-0.49750000000000005,2.6500014323728176,0.20786111580531325,-0.0008655825792449103
-0.49250000000000005,2.630364752046124,0.21990001469908246,-0.0009281231804086881
-0.48750000000000004,2.6104276915261164,0.23216738102945378,-0.0009943865673753107
-0.48250000000000004,2.590228979083467,0.24464181484036232,-0.0010644710926121365
-0.47750000000000004,2.569804830798832,0.25730319446670075,-0.001138471581505995
-0.47250000000000003,2.549189018786018,0.2701326455835865,-0.0012164796731293384
-0.4675,2.5284129818996766,0.28311248532496647,-0.001298584155932292
-0.4625,2.507505965751906,0.2962261487432082,-0.0013848712932740602
-0.4575,2.486495181646256,0.30945810336200413,-0.001475425135312934
-0.4525,2.465405976451412,0.32279375625133705,-0.0015703278150564304
-0.4475,2.4442620074650696,0.33621935693552873,-0.0016696598273767964
-0.4425,2.4230854179794283,0.34972189852518604,-0.0017735002905680188
-0.4375,2.401897010589417,0.3632890187227438,-0.001881927190602025
-0.4325,2.3807164163270293,0.37690890176642017,-0.0019950176086730408
-0.4275,2.3595622585047593,0.39057018192518744,-0.0021128479329340887
-0.4225,2.338452310749881,0.40426184881573396,-0.0022354940555567053
-0.4175,2.3174036491460748,0.4179731545619902,-0.0023630315564068033
-0.4125,2.2964327987003803,0.4316935226425012,-0.0024955358747432706
-0.4075,2.2755558745465474,0.4454124581580731,-0.0026330824704225556
-0.40249999999999997,2.254788718399325,0.4591194591923723,-0.00277574697613723
-0.39749999999999996,2.234147030801623,0.4728039289254066,-0.0029236053422278937
-0.39249999999999996,2.213646499666335,0.4864550881909282,-0.0030767339755768145
-0.38749999999999996,2.193302925511007,0.500061888243464,-0.0032352098740007695
-0.38249999999999995,2.1731323436166528,0.5136129236212343,-0.003399110757382052
-0.37749999999999995,2.153151143108455,0.5270963451624037,-0.0035685151964706618
-0.37250000000000005,2.1333761826493753,0.5404997734609367,-0.0037435027398034395
-0.36750000000000005,2.113824902048968,0.5538102133437075,-0.003924154038446899
-0.36250000000000004,2.0945154286082897,0.5670139703227529,-0.004110550967190976
-0.35750000000000004,2.07546667643655,0.5800965704366348,-0.004302776739291871
-0.35250000000000004,2.056698436275943,0.5930426854531512,-0.004500916009755686
-0.34750000000000003,2.0382314525512637,0.6058360660700285,-0.004705054959325595
-0.3425,2.020087483420456,0.6184594865236451,-0.004915281347630639
-0.3375,2.0022893385524374,0.630894704892406,-0.005131684519226755
-0.3325,1.9848608882275498,0.6431224443417931,-0.005354355340393712
-0.3275,1.9678270361959762,0.6551224015635033,-0.0055833860374979805
-0.3225,1.9512136476246857,0.666873289646194,-0.005818869899566359
-0.3175,1.9350474225384786,0.6783529234810419,-0.006060900798709028
-0.3125,1.9193557045875098,0.6895383564120658,-0.006309572472738275
-0.3075,1.904166214975174,0.7004060770050488,-0.006564977505688186
-0.3025,1.8895067022268788,0.7109322743033563,-0.006827205935366544
-0.2975,1.8754045004751874,0.7210931785055847,-0.0070963434145185425
-0.2925,1.8618859923852709,0.7308654813730558,-0.007372468856137185
-0.2875,1.8489759780029293,0.740226836623139,-0.007655651506796326
-0.2825,1.8366969578103292,0.7491564349505111,-0.007945947417560424
-0.27749999999999997,1.8250683470447036,0.757635641177707,-0.00824339532251156
-0.27249999999999996,1.8141056484857965,0.765648672659137,-0.008548011991427235
-0.26749999999999996,1.8038196216710558,0.773183289067495,-0.00885978719459353
-0.26249999999999996,1.794215496649827,0.780231455058664,-0.009178678499876356
-0.25749999999999995,1.7852922883579874,0.786789930347933,-0.009504606206809166
-0.25249999999999995,1.7770422716872256,0.7928607379375899,-0.00983744879745068
-0.24750000000000005,1.7694506756170376,0.7984514620689963,-0.01017703933404372
-0.24250000000000005,1.762495646113113,0.8035753340145226,-0.01052316324331199
-0.23750000000000004,1.7561485114917825,0.8082510764368189,-0.010875557883519441
-0.23250000000000004,1.7503743614357916,0.8125024950810757,-0.011233914186759586
-0.22750000000000004,1.7451329239842408,0.8163578282778282,-0.011597880508921233
-0.22250000000000003,1.74037969692056,0.8198488874123219,-0.011967068618619039
-0.21750000000000003,1.7360672649963043,0.8230100419270248,-0.012341061539832526
-0.21250000000000002,1.7321467161889361,0.8258771174315147,-0.012719422763185237
-0.20750000000000002,1.7285690616003613,0.8284862827356285,-0.013101706189743297
-0.2025,1.7252865659778096,0.8308730000352106,-0.01348746609371724
-0.1975,1.7222539086180848,0.8330711025333292,-0.013876266398323841
-0.1925,1.7194291153081884,0.8351120473353109,-0.014267688648461098
-0.1875,1.7167742274812694,0.8370243713147529,-0.014661338216443507
-0.1825,1.7142557010342276,0.8388333569208524,-0.015056848464577898
-0.1775,1.711844550736649,0.8405608963806783,-0.015453882779110029
-0.1725,1.7095162742961352,0.8422255284583824,-0.01585213455540514
-0.16749999999999998,1.7072506016259346,0.8438426128790353,-0.016251325333635446
-0.16249999999999998,1.7050311196250365,0.845424603740351,-0.01665120134801944
-0.15749999999999997,1.7028448217657028,0.8469813839765856,-0.01705152876210676
-0.15249999999999997,1.7006816265667535,0.8485206269697089,-0.017452087828522457
-0.14749999999999996,1.6985339014867422,0.8500481572667244,-0.017852666151905464
-0.14249999999999996,1.6963960208440196,0.8515682885537779,-0.018253051171573307
-0.13749999999999996,1.694263980058743,0.8530841220141546,-0.01865302194352384
-0.13249999999999995,1.6921350861527935,0.8545977901514983,-0.01905234032499456
-0.12749999999999995,1.6900077494588963,0.856110627441333,-0.019450741799990703
-0.12250000000000005,1.6878814198918453,0.8576232351205452,-0.019847926516455196
-0.11750000000000005,1.6857567543928693,0.8591353741360309,-0.020243551792818257
-0.11250000000000004,1.6836361925812697,0.8606455504390291,-0.02063722869736935
-0.10750000000000004,1.681525298428012,0.8621500169081113,-0.021028527899785925
-0.10250000000000004,1.6794355796403917,0.8636406419760995,-0.021417004987639845
-0.09750000000000003,1.677390180003866,0.8651005648856374,-0.02180226503704887
-0.09250000000000003,1.6754351453157053,0.8664955442871011,-0.02218410461406095
-0.08750000000000002,1.6736614240295329,0.8677569956128984,-0.022562804385783865
-0.08250000000000002,1.6722473125640793,0.8687491759059807,-0.022939711340314927
-0.07750000000000001,1.6715391770074524,0.869206652954338,-0.02331837050115593
-0.07250000000000001,1.6722017702460583,0.8686176862352983,-0.02370667722592902
-0.0675,1.675488193060719,0.8660145764769609,-0.024120847823400914
-0.0625,1.6836921222142605,0.859622702747318,-0.024592340829069505
-0.057499999999999996,1.700800115802946,0.84635859598047,-0.025178483007059667
-0.05249999999999999,1.7331141498885758,0.8213797690868638,-0.025973821098739927
-0.04749999999999999,1.7889480128494655,0.7784674908512057,-0.027106602671298982
-0.04249999999999998,1.8756840314457168,0.7126824105172771,-0.028685296924439475
-0.03749999999999998,1.9935066564797537,0.6254803594876319,-0.03067882617584923
-0.03249999999999997,2.1301414661963043,0.5278235266774016,-0.032827575662397884
-0.02749999999999997,2.2642504289257483,0.43567186173185984,-0.03473925466057947
-0.022499999999999964,2.376873124229289,0.36110094382994185,-0.036112374629492364
-0.01749999999999996,2.459915573733902,0.3078431951911192,-0.036858245623932764
-0.012499999999999956,2.5154455043585853,0.27325256419261457,-0.0370535559257753
-0.007499999999999951,2.5502209854521265,0.2523076180794809,-0.03683496559497683
-0.0024999999999999467,2.5712757653774934,0.2402624596851729,-0.036328341841952966
0.0024999999999999467,2.5841103150507565,0.23355409454506187,-0.03562454830925546
0.007500000000000062,2.592529434964446,0.2297664989095314,-0.03478048233691017
0.012499999999999956,2.599059359313578,0.2273102200670401,-0.03382764855294816
0.01750000000000007,2.6054141034902187,0.22510993558493514,-0.03278047272399309
0.022499999999999964,2.6128475074607214,0.2223788041672891,-0.03164229965881093
0.02750000000000008,2.622373624975458,0.2184805661956783,-0.03040909499230143
0.03249999999999997,2.634873359255112,0.21286463371008385,-0.029071343287301408
0.03750000000000009,2.651104104059619,0.2050623020476919,-0.02761469437860194
0.04249999999999998,2.6716257268305044,0.19473461999344452,-0.026020018849121137
0.0475000000000001,2.696664788242596,0.18175653342837564,-0.024263772395699792
0.05249999999999999,2.7259619910447843,0.16630694597938592,-0.02231976746118719
0.05750000000000011,2.758673926828389,0.14891869954209183,-0.020163252401383055
0.0625,2.7934034633595557,0.13044290034184167,-0.0177772950007643
0.0674999999999999,2.828390227310426,0.11191130909962206,-0.015160035545867232
0.07250000000000001,2.861811915174631,0.09432903459777338,-0.012330277972806147
0.0774999999999999,2.8920767280971202,0.07846419298392414,-0.009329098576624504
0.08250000000000002,2.9179764060104674,0.06469243259678165,-0.006216765936344695
0.08749999999999991,2.9386180288435453,0.05290614344440005,-0.003066299248657591
0.09250000000000003,2.9531111158301204,0.042441649037062164,4.369071214369241e-05
0.09749999999999992,2.9600079198872797,0.03194075764053598,0.0030340001895377586
0.10250000000000004,2.9564894882902335,0.01905980727160684,0.005825321719884294
0.10749999999999993,2.9373630249936284,5.098804835662606e-07,0.008333025065218222
0.11250000000000004,2.8943343974973956,-0.030929613763376985,0.01045793514790611
0.11749999999999994,2.817041401367966,-0.08093236041523044,0.01208242523221417
0.12250000000000005,2.69837563299991,-0.15595739603296402,0.013093754049315785
0.12749999999999995,2.544216273320302,-0.2548006170302242,0.013454915806413208
0.13250000000000006,2.3788769972455297,-0.3641322554489552,0.013286657180219976
0.13749999999999996,2.234314759574936,-0.4629299149627107,0.012847953040468934
0.14250000000000007,2.130097610349321,-0.5359321028383466,0.01238325169236616
0.14749999999999996,2.066160801430463,-0.5813545235931687,0.012002541850684043
0.15250000000000008,2.0315808552460446,-0.6061197472250697,0.01170520436653398
0.15749999999999997,2.0147963448036785,-0.6182412677528097,0.011455701361680637
0.1625000000000001,2.007693503851942,-0.6234607735074937,0.011224185676667659
0.16749999999999998,2.005536978504444,-0.6251468929080296,0.010993970952721728
0.1725000000000001,2.005813339977185,-0.6250905617240005,0.010758007155445485
0.1775,2.0072562114011014,-0.6241953998985552,0.010514613549391982
0.1825000000000001,2.009247179758019,-0.6229036516664574,0.01026465185089158
0.1875,2.0114906537405783,-0.6214274539024773,0.010009958695102347
0.1924999999999999,2.013847720166178,-0.6198670450585095,0.009752554258017333
0.1975,2.0162540763464496,-0.6182692065039308,0.009494276344715264
0.2024999999999999,2.0186804022344944,-0.6166555318846086,0.00923663506889505
0.20750000000000002,2.02111357866791,-0.615035865449309,0.008980777811298342
0.2124999999999999,2.0235479541977988,-0.6134145801869678,0.008727507261298159
0.21750000000000003,2.025981387482663,-0.6117934442236924,0.008477323392628456
0.22249999999999992,2.0284135387358253,-0.610172874124865,0.008230474563502036
0.22750000000000004,2.0308452220739652,-0.6085524231899098,0.007987010144400425
0.23249999999999993,2.033278271681175,-0.6069308969854273,0.00774683070250313
0.23750000000000004,2.0357156762260162,-0.605306273495912,0.007509733634913066
0.24249999999999994,2.0381618742086647,-0.6036755063950257,0.007275453155468128
0.24750000000000005,2.0406231631231435,-0.6020342465880973,0.007043694143563948
0.25249999999999995,2.043108198007499,-0.6003765005886765,0.0068141597631872506
0.25750000000000006,2.045628559125558,-0.5986942409539561,0.006586573045802202
0.26249999999999996,2.048199363187083,-0.5969769874909671,0.0063606928375437395
0.26750000000000007,2.0508398823318656,-0.5952113849239966,0.006136324652748889
0.27249999999999996,2.0535741231169333,-0.5933808110116213,0.0059133270591479135
0.2775000000000001,2.0564313066075766,-0.5914650568284053,0.005691614252880789
0.2825,2.059446183077076,-0.5894401261633863,0.005471155474996931
0.2875000000000001,2.0626591134375616,-0.587278201829657,0.005251971888929262
0.2925,2.0661158566128,-0.5849478215063181,0.005034131494558469
0.2975000000000001,2.069867018900128,-0.5824142936138134,0.004817742610243534
0.3025,2.0739671476816626,-0.5796403648242033,0.004602946415970911
0.3075000000000001,2.0784734854506692,-0.5765871266701564,0.004389909018945512
0.3125,2.0834444369564316,-0.5732151222455638,0.004178813472589044
0.3174999999999999,2.0889378369435017,-0.5694855890812498,0.003969852143104303
0.3225,2.0950091327406173,-0.5653617550964624,0.003763219766832451
0.3274999999999999,2.101709610030241,-0.5608100945954352,0.0035591074722713507
0.3325,2.1090847887595463,-0.5558014526278247,0.003357697953884701
0.3374999999999999,2.1171730993628795,-0.5503119586628124,0.003159161887274385
0.3425,2.1260049200638176,-0.5443236723778885,0.0029636555773360734
0.3474999999999999,2.1356020189302343,-0.5378249317981425,0.00277131974414456
0.35250000000000004,2.145977405442236,-0.5308104026815278,0.0025822792850774736
0.35749999999999993,2.1571355611528493,-0.5232808538059686,0.002396643811570257
0.36250000000000004,2.169072991761806,-0.5152427025741388,0.002214508745525206
0.36749999999999994,2.1817790258320198,-0.5067073874685346,0.0020359567701139026
0.37250000000000005,2.19523677872174,-0.4976906282125812,0.0018610594560882628
0.37749999999999995,2.2094242027474027,-0.4882116320734735,0.0016898789203773027
0.38250000000000006,2.2243151538099273,-0.47829229736253837,0.0015224694119512377
0.38749999999999996,2.239880418042872,-0.46795645487577975,0.0013588787555696802
0.39250000000000007,2.2560886569836494,-0.4572291766459022,0.0011991496139813498
0.39749999999999996,2.2729072443437888,-0.44613617042489034,0.0010433205521430816
0.4025000000000001,2.2903029803148987,-0.43470326876739485,0.0008914269032126235
0.4075,2.3082426797674374,-0.4229560139513551,0.0007435014464400427
0.4125000000000001,2.326693638461591,-0.4109193343826311,0.00059957491300507
0.4175,2.3456239866339903,-0.3986173044485189,0.00045967633870087123
0.4225000000000001,2.36500294240378,-0.386072977721358,0.0003238332833198084
0.4275,2.3848009788021756,-0.3733082826165606,0.00019207193652440727
0.4325000000000001,2.404989918323561,-0.36034396972968574,6.441712945184347e-05
0.4375,2.425542968130363,-0.34719960080502105,-5.910772939233454e-05
0.4424999999999999,2.446434707754407,-0.3338935703715332,-0.00017848077613285762
0.4475,2.4676410395824973,-0.3204431523301201,-0.0002936818543885717
0.4524999999999999,2.489139110779301,-0.30686456505408344,-0.00040469270288992243
0.4575,2.5109072137101585,-0.2931730497847117,-0.0005114971528644106
0.4624999999999999,2.5329246704555484,-0.27938295821438897,-0.0006140813216098378
0.4675,2.555171705696638,-0.2655078461259322,-0.0007124337903955279
0.4724999999999999,2.577629311111603,-0.2515605707923406,-0.0008065457568608404
0.47750000000000004,2.6002791034526793,-0.23755339054080982,-0.0008964111543719141
0.48249999999999993,2.623103177662072,-0.22349806546031994,-0.0009820267332721164
0.48750000000000004,2.6460839557141025,-0.20940595869787604,-0.001063392101516298
0.49249999999999994,2.669204031323249,-0.19528813815974813,-0.001140509724699819
0.49750000000000005,2.692446010216392,-0.18115547872491763,-0.0012133848878670794
0.5025,2.7157923453186856,-0.16701876530053658,-0.0012820256236095
0.5075000000000001,2.739225165936571,-0.15288879721299484,-0.0013464426127585722
0.5125,2.762726099833905,-0.13877649453954072,-0.001406649065391811
0.5175000000000001,2.7862760869895182,-0.12469300704710141,-0.0014626605908747371
0.5225,2.8098551838048365,-0.11064982641573,-0.001514495066267821
0.5275000000000001,2.8334423566143934,-0.09665890237801829,-0.0015621725126697891
0.5325,2.8570152635647297,-0.08273276329142192,-0.0016057149890079455
0.5375000000000001,2.8805500243031705,-0.06888464146003404,-0.0016451465124997751
0.5425,2.9040209775042776,-0.05512860321106342,-0.0016804930145853999
0.5475000000000001,2.927400427119209,-0.04147968327646766,-0.0017117823406560455
0.5525,2.9506583794385857,-0.027954022391083945,-0.0017390443014600667
0.5575000000000001,2.9737622747059844,-0.014569006146542825,-0.0017623107837187756
0.5625,2.9966767192153383,-0.0013434019801905417,-0.0017816159272648704
0.5674999999999999,3.019363226689386,0.01170251032812539,-0.0017969963759232655
0.5725,3.0417799813834763,0.024546821186494414,-0.001808491609331581
0.5774999999999999,3.063881639880666,0.037165895634565856,-0.0018161443628213591
0.5825,3.085619193971564,0.049534311389961665,-0.0018200011421412718
0.5874999999999999,3.1069399232640276,0.06162484539515332,-0.0018201128388859143
0.5925,3.127787472975165,0.07340852723102795,-0.0018165354505632252
0.5974999999999999,3.1481020991705235,0.08485478120429228,-0.0018093309057274297
0.6025,3.1678211295908256,0.09593168184059873,-0.0017985679888446752
0.6074999999999999,3.1868796917052986,0.10660634918023976,-0.0017843233508026374
0.6125,3.205211758749748,0.11684550964593902,-0.0017666825785261485
0.6174999999999999,3.2227515567168266,0.1266162440293217,-0.001745741280563131
0.6225,3.239435357729749,0.13588693486333409,-0.0017216061248452495
0.6275,3.2552036553092902,0.14462840975175856,-0.0016943957411332837
0.6325000000000001,3.2700036731446627,0.1528152542919608,-0.0016642413763397971
0.6375,3.283792101735268,0.1604272383787214,-0.001631287170134598
0.6425000000000001,3.2965378908542,0.16745076507114393,-0.0015956899069274391
0.6475,3.3082248589134067,0.17388021635838544,-0.001557618105687441
0.6525000000000001,3.3188538262775538,0.1797190419846645,-0.0015172503381771197
0.6575,3.328443954567088,0.1849804244444659,-0.0014747727237508167
0.6625000000000001,3.3370329932886964,0.18968736337010814,-0.0014303756344617754
0.6675,3.3446762075658865,0.19387206053135791,-0.0013842497499374244
0.6725000000000001,3.351443882984027,0.19757455093858398,-0.001336581711319653
0.6775,3.357417456727678,0.20084060628020126,-0.0012875497156866983
0.6825000000000001,3.362684475272094,0.20371901678561274,-0.001237319444503919
0.6875,3.3673326880908228,0.2062584154740026,-0.0011860407164168245
0.6924999999999999,3.371443619164099,0.20850382587098176,-0.001133845194235851
0.6975,3.375085895215691,0.21049308061589755,-0.0010808453728208933
0.7024999999999999,3.378308457410976,0.21225317672181299,-0.0010271349571522165
0.7075,3.381133572024111,0.2137965194689187,-0.0009727906429597096
0.7124999999999999,3.3835493344574936,0.21511688701054255,-0.0009178752675231629
0.7175,3.3855011912325352,0.2161848541903435,-0.0008624423260836292
0.7224999999999999,3.3868819583901533,0.21694238486455203,-0.0008065419544878925
0.7275,3.387519984881228,0.2172963857865432,-0.0007502286489434904
0.7324999999999999,3.387165630013493,0.21711128216837478,-0.0006935711978719319
0.7375,3.3854772930479893,0.21620123058576043,-0.0006366654805687932
0.7424999999999999,3.3820101094788533,0.21432356992619112,-0.0005796508372609066
0.7475,3.3762133369598595,0.21117665794976465,-0.0005227304487143044
0.7525,3.367446282154366,0.20640732288466804,-0.0004661952800259866
0.7575000000000001,3.355026281260317,0.1996352604279119,-0.000410449247810579
0.7625,3.3383227780533304,0.19050232832285247,-0.00035603006542855224
0.7675000000000001,3.3169037126577905,0.17875105916398973,-0.0003036160268898821
0.7725,3.2907188325049286,0.16432569032444586,-0.0002540055742117013
0.7775000000000001,3.2602702694674788,0.14747047055687934,-0.0002080575540077527
0.7825,3.2266903497108173,0.1287818804735541,-0.00016658981819482114
0.7875000000000001,3.1916512610024,0.10917049030425001,-0.00013025256489616264
0.7925,3.1570923712835492,0.08971847743231384,-9.941223416232887e-05
0.7975000000000001,3.12484551164171,0.07147148151711315,-7.408715947915313e-05
0.8025,3.0962998359171006,0.05524286733177305,-5.395876950306793e-05
0.8075000000000001,3.0722246685207577,0.041501780390343045,-3.8450520269217566e-05
0.8125,3.052780255219268,0.03036868162224986,-2.6841529174350622e-05
0.8174999999999999,3.0376615750950635,0.021691331409596528,-1.837715443809864e-05
0.8225,3.026288938482123,0.015152278054483794,-1.2351590211155376e-05
0.8274999999999999,3.0179778362766227,0.010367359886407985,-8.155184184596403e-06
0.8325,3.0120574253171837,0.0069557250035464,-5.291623074803657e-06
0.8374999999999999,3.007936332688865,0.00457946367055156,-3.374924954691977e-06
0.8425,3.00512844804828,0.0029597302234194984,-2.115685529570618e-06
0.8474999999999999,3.0032538082404123,0.0018780406935996524,-1.3033943727538917e-06
0.8525,3.0020267067668547,0.0011698610184183585,-7.888874400124699e-07
0.8574999999999999,3.0012390059838308,0.0007152141826491313,-4.689319892617252e-07
0.8625,3.000743166479465,0.00042900376762006106,-2.7363800332454715e-07
0.8674999999999999,3.0004371655455544,0.00025236476052720744,-1.566800163574174e-07
0.8725,3.000252086737023,0.00014552505893777203,-8.798500767752743e-08
0.8775,3.0001424238305523,8.221929543421552e-05,-4.8432945600892664e-08
0.8825000000000001,3.000078798862524,4.5489725761411775e-05,-2.6120643076764844e-08
0.8875,3.000042670948141,2.4633569075547894e-05,-1.3794531343714093e-08
0.8925000000000001,3.000022604036665,1.3049154390126392e-05,-7.129773805009843e-09
0.8975,3.0000117069521313,6.758359898121045e-06,-3.6045599542736164e-09
0.9025000000000001,3.000005924681803,3.4202943138563356e-06,-1.7815357843366472e-09
0.9075,3.0000029282277816,1.6904572568858924e-06,-8.603127382981431e-10
0.9125000000000001,3.0000014125832304,8.154816879494952e-07,-4.0568256000274905e-10
0.9175,3.0000006647188076,3.837416309372659e-07,-1.8669271788012412e-10
0.9225000000000001,3.0000003049409347,1.7604245717167145e-07,-8.379453586954113e-11
0.9275,3.000000136294772,7.868312540109408e-08,-3.665894527318399e-11
0.9325000000000001,3.000000059313284,3.4241679146309864e-08,-1.5622131764250187e-11
0.9375,3.000000025115871,1.4499465167753935e-08,-6.48048076259642e-12
0.9424999999999999,3.0000000103412177,5.970023555217958e-09,-2.615053522836858e-12
0.9475,3.0000000041372727,2.3884662613582686e-09,-1.0257659943166101e-12
0.9524999999999999,3.0000000016071424,9.27811797281126e-10,-3.908274767524037e-13
0.9575,3.0000000006056986,3.4967334533181513e-10,-1.4452768035408236e-13
0.9624999999999999,3.0000000002212937,1.2775414708438545e-10,-5.183104758950857e-14
0.9675,3.0000000000783107,4.5209240839375664e-11,-1.8010580720962237e-14
0.9724999999999999,3.000000000026818,1.5482097116521818e-11,-6.058565310053189e-15
0.9775,3.000000000008879,5.1258694036138765e-12,-1.9710537296059136e-15
0.9824999999999999,3.000000000002839,1.6391705749516102e-12,-6.195691458249196e-16
0.9875,3.0000000000008757,5.058764605192842e-13,-1.8802873737715372e-16
0.9924999999999999,3.0000000000002602,1.5055586828584967e-13,-5.528497094300062e-17
0.9975,3.0000000000000764,4.427265358087856e-14,-1.750341704112393e-17
