-0.9975,1.0429101311346147,0.8316407535379168,-0.04132409182263836,-0.013547736817184698,0.00013547381363493484
-0.9925,1.0429787863699957,0.8315738082422418,-0.04132592393461109,-0.013547224149073436,0.00013583434942419687
-0.9875,1.0431028767571517,0.8314531217270653,-0.04132874335380965,-0.013546430008739282,0.00013648320647618566
-0.9825,1.0432723575078042,0.8312887427611763,-0.04133199044370804,-0.013545468817441576,0.00013731585779868313
-0.9775,1.0434794181107887,0.8310884957671207,-0.04133529736530888,-0.013544401126813665,0.00013824818847271708
-0.9725,1.0437178561646867,0.8308586011452894,-0.04133842729377029,-0.013543261970977253,0.00013922013710466924
-0.9675,1.0439826590872852,0.8306040903363968,-0.041341233649114136,-0.013542073665359637,0.00014019073467262018
-0.9625,1.0442697225151396,0.830329085813536,-0.04134363232908259,-0.013540851659417983,0.0001411329738150249
-0.9575,1.044575657857675,0.8300369929075406,-0.04134558256492114,-0.01353960729006012,0.00014202985937720794
-0.9525,1.0448976573403848,0.8297306347214302,-0.04134707354711966,-0.013538349147533922,0.00014287155291629205
-0.9475,1.0452333956449396,0.8294123507571164,-0.041348114941685346,-0.013537083815456853,0.0001436533239671128
-0.9425,1.045580954612014,0.8290840726127324,-0.0413487300593963,-0.013535816324077138,0.00014437406463570413
-0.9375,1.045938762489534,0.828747385156261,-0.04134895086601524,-0.013534550467261777,0.00014503519499406837
-0.9325,1.0463055425890098,0.8284035782466094,-0.04134881430157593,-0.013533289049199178,0.00014563984364298382
-0.9275,1.046680268433038,0.828053691885067,-0.04134835955869318,-0.013532034088977872,0.00014619222741800458
-0.9225,1.0470621238743372,0.8276985563051816,-0.04134762608568106,-0.013530786994551127,0.00014669718022838776
-0.9175,1.047450467486438,0.8273388277040077,-0.041346652152521195,-0.013529548710651913,0.0001471597974663899
-0.9125,1.0478448009522612,0.8269750199003085,-0.041345473861978996,-0.013528319842718397,0.00014758517249012696
-0.9075,1.0482447413478735,0.8266075320384011,-0.04134412451512618,-0.013527100758350506,0.00014797820768430877
-0.9025,1.0486499972380903,0.8262366724378647,-0.04134263425738521,-0.01352589166804639,0.00014834348615473393
-0.8975,1.0490603484426986,0.8258626787459825,-0.04134102994259778,-0.013524692687385645,0.00014868519229783254
-0.8925,1.04947562924772,0.8254857346316292,-0.04133933516134872,-0.013523503883166595,0.00014900707099242775
-0.8875,1.0498957147569137,0.8251059833355562,-0.04133757038739068,-0.01352232530616769,0.00014931241638900712
-0.8825000000000001,1.0503205100215336,0.8247235384461779,-0.04133575320321058,-0.013521157013174197,0.00014960408242634126
-0.8775,1.050749941557301,0.8243384922963719,-0.04133389857275121,-0.013519999080724649,0.00014988450836256366
-0.8725,1.0511839508557612,0.823950922376414,-0.04133201913596529,-0.013518851612736013,0.00015015575376924875
-0.8674999999999999,1.0516224895176765,0.8235608961360684,-0.04133012550605085,-0.013517714743814533,0.00015041953856809856
-0.8625,1.0520655156722187,0.8231684745116548,-0.04132822655570703,-0.013516588639696,0.0001506772847459299
-0.8575,1.0525129913907494,0.8227737144682306,-0.04132632968342668,-0.013515473495916306,0.00015093015732578325
-0.8525,1.0529648808520882,0.8223766707985906,-0.04132444105464732,-0.013514369535512698,0.0001511791029744433
-0.8475,1.0534211490629706,0.821977397373931,-0.04132256581553127,-0.01351327700630793,0.00015142488527903714
-0.8425,1.0538817609799385,0.8215759479985553,-0.04132070827930892,-0.013512196178134274,0.00015166811623059805
-0.8375,1.0543466809155837,0.8211723769844833,-0.041318872086606305,-0.01351112734020912,0.0001519092838239136
-0.8325,1.0548158721423178,0.8207667395317935,-0.04131706034211787,-0.013510070798771279,0.00015214877594007788
-0.8275,1.0552892966308831,0.8203590919766749,-0.04131527573050225,-0.013509026875017921,0.00015238690084313567
-0.8225,1.0557669148792463,0.8199494919509365,-0.041313520614594236,-0.013507995903339332,0.00015262390471727026
-0.8175,1.0562486858012636,0.8195379984831366,-0.04131179711904013,-0.013506978229824258,0.00015285998671592927
-0.8125,1.056734566654436,0.8191246720617298,-0.041310107202359635,-0.013505974210997432,0.0001530953120066341
-0.8075,1.0572245129931022,0.8187095746737459,-0.041308452720277035,-0.013504984212748362,0.0001533300232880557
-0.8025,1.0577184786382716,0.818292769827863,-0.041306835482996115,-0.0135040086094151,0.00015356425124006044
-0.7975,1.0582164156586515,0.8178743225676708,-0.04130525730894962,-0.013503047782996944,0.00015379812434998275
-0.7925,1.058718274359743,0.8174542994790758,-0.04130372007745882,-0.013502102122488117,0.00015403177854445756
-0.7875,1.0592240032796583,0.8170327686948384,-0.041302225782708396,-0.013501172023353235,0.00015426536704858136
-0.7825,1.0597335491918713,0.8166097998991114,-0.041300776591491936,-0.01350025788721163,0.00015449907089442455
-0.7775,1.0602468571168777,0.8161854643355028,-0.0412993749073253,-0.013499360121871574,0.00015473311050816284
-0.7725,1.0607638703471243,0.8157598348238798,-0.041298023443772924,-0.013498479141971196,0.00015496775881751574
-0.7675,1.0612845304931222,0.8153329857941917,-0.04129672531020216,-0.013497615370662372,0.00015520335633364442
-0.7625,1.061808777564124,0.814904993350657,-0.04129548411368976,-0.013496769243043287,0.0001554403286670348
-0.7575000000000001,1.0623365501050615,0.8144759353875768,-0.04129430408147045,-0.013495941212440039,0.00015567920692328882
-0.7525,1.0628677854238422,0.814045891789953,-0.04129319020915597,-0.013495131761196799,0.00015592065137584374
-0.7475,1.06340241996108,0.8136149447694258,-0.041292148440966445,-0.013494341418399006,0.00015616547870656638
-0.7424999999999999,1.063940389879481,0.8131831794103118,-0.041291185889393234,-0.013493570787959715,0.00015641469291390164
-0.7375,1.0644816319840231,0.8127506845332515,-0.0412903111029964,-0.013492820591760244,0.00015666951967996428
-0.7324999999999999,1.0650260851277689,0.8123175540261263,-0.041289534392326,-0.01349209173403161,0.00015693144352825944
-0.7275,1.0655736923115955,0.8118838888433995,-0.0412888682250468,-0.013491385394807789,0.00015720224646305242
-0.7224999999999999,1.0661244037472242,0.8114497999338395,-0.04128832770193635,-0.013490703161905234,0.00015748404594204257
-0.7175,1.0666781812165613,0.8110154124176745,-0.04128793112507241,-0.013490047212199876,0.00015777932900294762
-0.7125,1.067235004117258,0.8105808713886684,-0.04128770066763688,-0.013489420553570925,0.00015809097818721542
-0.7075,1.0677948776203308,0.810146349750597,-0.04128766315061773,-0.013488827338224455,0.00015842228367816074
-0.7025,1.0683578433612593,0.8097120584924106,-0.041287850924494766,-0.013488273255577195,0.0001587769349589964
-0.6975,1.068923993017572,0.8092782597392287,-0.041288302843000536,-0.013487766007845807,0.00015915898452751877
-0.6925,1.0694934849682398,0.8088452827628878,-0.0412890653007345,-0.013487315863445069,0.00015957277606568976
-0.6875,1.0700665639608182,0.8084135428745797,-0.04129019328673216,-0.013486936272043422,0.00016002283026859477
-0.6825,1.0706435833180998,0.8079835627407616,-0.04129175138276254,-0.013486644510941736,0.00016051368358057012
-0.6775,1.0712250287011618,0.8075559951662453,-0.04129381460988665,-0.013486462316291825,0.00016104967856584088
-0.6725,1.0718115418392469,0.8071316458036746,-0.041296469002604835,-0.013486416436308568,0.00016163470957979498
-0.6675,1.072403941998922,0.8067114936346805,-0.041299811770902486,-0.01348653902958124,0.00016227193357252803
-0.6625,1.0730032423875964,0.8062967065141345,-0.04130395090174532,-0.013486867822964816,0.00016296346270596083
-0.6575,1.0736106582882998,0.8058886486896072,-0.041309004058447674,-0.013487445943603881,0.00016371006214123692
-0.6525000000000001,1.0742276036340672,0.8054888771290701,-0.041315096663540864,-0.013488321351242855,0.00016451088174565743
-0.6475,1.0748556730705292,0.8050991238257201,-0.04132235910113196,-0.013489545821769824,0.00016536325336454746
-0.6425000000000001,1.0754966074033727,0.8047212620749458,-0.04133092304796685,-0.013491173470719544,0.00016626258460036985
-0.6375,1.0761522416922928,0.8043572560426026,-0.04134091703409663,-0.013493258853644323,0.0001672023750038669
-0.6325000000000001,1.0768244370514408,0.8040090946839343,-0.04135246143530167,-0.013495854733791638,0.00016817437108353106
-0.6275,1.0775149992642168,0.8036787130497803,-0.04136566319739448,-0.013499009659283204,0.00016916886322678785
-0.6225,1.0782255893464405,0.803367905968058,-0.04138061067190144,-0.013502765533755652,0.00017017511194636898
-0.6174999999999999,1.0789576328744326,0.8030782407024277,-0.041397368988135765,-0.013507155388294433,0.00017118187491860072
-0.6125,1.0797122359159363,0.8028109761601928,-0.041415976386043246,-0.01351220156247064,0.00017217799250424307
-0.6074999999999999,1.080490115513799,0.8025669963095069,-0.041436441881056524,-0.01351791447571,0.00017315298017520268
-0.6025,1.0812915517547679,0.8023467645583641,-0.04145874452814932,-0.01352429211865142,0.00017409757328149515
-0.5974999999999999,1.0821163665552442,0.802150303993166,-0.04148283440762506,-0.013531320323495003,0.00017500417369234963
-0.5925,1.0829639316319726,0.8019772057887874,-0.041508635287775486,-0.01353897379204001,0.00017586715866626753
-0.5875,1.083833205060903,0.8018266651382376,-0.04153604875209199,-0.013547217781570607,0.00017668302832177726
-0.5825,1.0847227928049528,0.8016975411380053,-0.04156495943481301,-0.013556010283274071,0.00017745038687193542
-0.5775,1.085631029053956,0.8015884346322382,-0.041595240908486195,-0.013565304484624053,0.000178169771483413
-0.5725,1.0865560675280697,0.8014977764104517,-0.041626761724147414,-0.0135750512914868,0.0001788433584514013
-0.5675,1.0874959752622586,0.8014239175707153,-0.041659391122596943,-0.013585201698320209,0.00017947458717459423
-0.5625,1.0884488208457468,0.8013652143285286,-0.04169300400830821,-0.013595708831886811,0.00018006774697365896
-0.5575,1.089412750490154,0.8013201009247722,-0.041727484891711575,-0.013606529547972717,0.0001806275700519978
-0.5525,1.0903860473573164,0.8012871462846178,-0.04176273064167008,-0.013617625522305273,0.00018115886682578528
-0.5475,1.0913671719293883,0.8012650923513872,-0.04179865202710343,-0.013628963836678776,0.00018166622919028248
-0.5425,1.092354783481818,0.8012528742108201,-0.04183517414634566,-0.013640517111272073,0.00018215381513775344
-0.5375,1.0933477446169269,0.8012496239381306,-0.04187223593148551,-0.013652263269045313,0.00018262521652315583
-0.5325,1.094345112131538,0.8012546613525813,-0.04190978896593399,-0.013664185035930046,0.0001830834022828041
-0.5275000000000001,1.0953461181513893,0.8012674754832078,-0.04194779586693968,-0.013676269282294463,0.00018353072299752662
-0.5225,1.0963501455102969,0.8012877005784742,-0.04198622846655459,-0.01368850630016608,0.00018396895960701598
-0.5175000000000001,1.0973567009132685,0.8013150900592312,-0.04202506598408277,-0.013700889091461442,0.0001843993989766167
-0.5125,1.0983653886768303,0.8013494910894555,-0.04206429333102515,-0.013713412719717296,0.00018482292113960121
-0.5075000000000001,1.0993758869687833,0.8013908215980036,-0.042103899635837556,-0.013726073755577018,0.00018524008646526895
-0.5025,1.1003879276275272,0.8014390507745413,-0.042143877028001854,-0.013738869827400487,0.00018565121485597972
-0.49750000000000005,1.1014012799345612,0.8014941833853518,-0.042184219683541246,-0.01375179927432855,0.00018605645266497582
-0.49250000000000005,1.1024157381965731,0.8015562477605103,-0.04222492310883063,-0.013764860890229788,0.00018645582591943406
-0.48750000000000004,1.1034311126731222,0.801625286999192,-0.042265983625671244,-0.013778053742600712,0.00018684928045431922
-0.48250000000000004,1.1044472232368268,0.801701352799532,-0.042307398015948364,-0.013791377049605704,0.0001872367107383233
-0.47750000000000004,1.105463895132315,0.8017845013018914,-0.04234916328598543,-0.013804830099825144,0.00018761797965737953
-0.47250000000000003,1.106480956261196,0.8018747903945981,-0.04239127651623089,-0.01381841220184305,0.00018799293152025058
-0.4675,1.1074982355218403,0.8019722780297107,-0.04243373476894688,-0.013832122653721322,0.00018836140026647628
-0.4625,1.108515561844186,0.8020770212038614,-0.04247653503356383,-0.013845960725139817,0.00018872321445273038
-0.4575,1.1095327636618855,0.8021890753574343,-0.04251967419543839,-0.013859925647256598,0.00018907820018090296
-0.4525,1.1105496686475904,0.802308494025479,-0.04256314901853914,-0.013874016607075728,0.0001894261827727747
-0.4475,1.111566103599749,0.8024353286337215,-0.04260695613607995,-0.013888232744339136,0.0001897669877163015
-0.4425,1.112581894412955,0.8025696283748435,-0.042651092045508154,-0.013902573149775886,0.00019010044120785854
-0.4375,1.1135968660924633,0.802711440127512,-0.04269555310579099,-0.013917036864055134,0.00019042637048051462
-0.4325,1.1146108427911208,0.8028608083974844,-0.04274033553587707,-0.013931622877093031,0.00019074460402427487
-0.4275,1.1156236478572616,0.8030177752699486,-0.04278543541374875,-0.013946330127535631,0.0001910549717543607
-0.4225,1.1166351038878024,0.8031823803676748,-0.0428308486757756,-0.01396115750233125,0.00019135730515581085
-0.4175,1.1176450327837715,0.8033546608124065,-0.042876571116231485,-0.013976103836352352,0.00019165143741787418
-0.4125,1.11865325580699,0.8035346511883403,-0.04292259838691457,-0.013991167912049839,0.00019193720356434264
-0.4075,1.1196595936373321,0.8037223835072036,-0.042968925996843696,-0.01400634845913244,0.00019221444058234989
-0.40249999999999997,1.1206638664303035,0.8039178871747521,-0.04301554931202155,-0.014021644154268985,0.00019248298755069452
-0.39749999999999996,1.1216658938748179,0.8041211889586207,-0.04306246355526026,-0.01403705362081259,0.00019274268576787175
-0.39249999999999996,1.122665495251101,0.8043323129575242,-0.04310966380606969,-0.014052575428547206,0.0001929933788799924
-0.38749999999999996,1.1236624894886762,0.8045512805718162,-0.04315714500060746,-0.014068208093456507,0.00019323491300837756
-0.38249999999999995,1.124656695224393,0.8047781104754221,-0.04320490193169165,-0.014083950077515794,0.00019346713687676904
-0.37749999999999995,1.125647930860461,0.8050128185891626,-0.04325292924887671,-0.014099799788507242,0.0001936899019380046
-0.37250000000000005,1.1266360146224557,0.8052554180554864,-0.043301221458592824,-0.01411575557985892,0.0001939030625000292
-0.36750000000000005,1.1276207646172616,0.805505919214623,-0.04334977292434949,-0.014131815750508142,0.00019410647585106327
-0.36250000000000004,1.1286019988909184,0.8057643295821757,-0.043398577867003664,-0.014147978544789427,0.00019430000238382348
-0.35750000000000004,1.129579535486341,0.8060306538281613,-0.043447630365092804,-0.01416424215234753,0.00019448350571862826
-0.35250000000000004,1.1305531925008774,0.8063048937575124,-0.04349692435523326,-0.014180604708075969,0.00019465685282523337
-0.34750000000000003,1.131522788143674,0.8065870482920513,-0.043546453632584234,-0.014197064292081438,0.0001948199141432528
-0.3425,1.1324881407928205,0.8068771134539428,-0.043596211851377964,-0.014213618929674368,0.00019497256370105238
-0.3375,1.133449069052241,0.8071750823506355,-0.04364619252551574,-0.014230266591386142,0.00019511467923289774
-0.3325,1.1344053918083044,0.8074809451612984,-0.04369638902923077,-0.014247005193013215,0.00019524614229428567
-0.3275,1.1353569282861258,0.8077946891247544,-0.04374679459781717,-0.014263832595688412,0.00019536683837525736
-0.3225,1.1363034981055287,0.8081162985289174,-0.04379740232842606,-0.014280746605979854,0.0001954766570115758
-0.3175,1.1372449213366456,0.8084457547017371,-0.04384820518092827,-0.014297744976017667,0.00019557549189361343
-0.3125,1.1381810185551282,0.8087830360036476,-0.04389919597884396,-0.014314825403648824,0.00019566324097280245
-0.3075,1.1391116108969437,0.8091281178215277,-0.043950367410339246,-0.01433198553262037,0.00019573980656552593
-0.3025,1.1400365201127318,0.8094809725641583,-0.044001712029289396,-0.014349222952791185,0.0001958050954542804
-0.2975,1.140955568621701,0.8098415696591996,-0.04405322225640935,-0.01436653520037269,0.00019585901898601528
-0.2925,1.1418685795650405,0.8102098755516535,-0.04410489038045044,-0.014383919758198504,0.00019590149316744808
-0.2875,1.1427753768588271,0.8105858537038333,-0.044156708559464,-0.014401374056023299,0.00019593243875731204
-0.2825,1.1436757852464075,0.8109694645968194,-0.04420866882213125,-0.014418895470851125,0.00019595178135530146
-0.27749999999999997,1.1445696303502328,0.8113606657334055,-0.04426076306915963,-0.014436481327293223,0.00019595945148770874
-0.27249999999999996,1.1454567387231338,0.8117594116425166,-0.044312983074744926,-0.014454128897955493,0.00019595538468952442
-0.26749999999999996,1.1463369378990111,0.8121656538851036,-0.04436532048809926,-0.014471835403855807,0.00019593952158293327
-0.26249999999999996,1.1472100564429295,0.8125793410614932,-0.04441776683504442,-0.014489598014871083,0.00019591180795208694
-0.25749999999999995,1.148075924000598,0.8130004188201913,-0.04447031351967042,-0.014507413850214444,0.00019587219481404124
-0.25249999999999995,1.1489343713472215,0.8134288298681257,-0.04452295182605874,-0.014525279978942233,0.00019582063848572559
-0.24750000000000005,1.1497852304357097,0.8138645139823166,-0.04457567292007002,-0.014543193420491197,0.00019575710064690034
-0.24250000000000005,1.150628334444232,0.8143074080229624,-0.044628467851195626,-0.01456115114524561,0.00019568154839892315
-0.23750000000000004,1.1514635178231019,0.814757445947928,-0.044681327554472884,-0.014579150075134538,0.0001955939543193129
-0.23250000000000004,1.1522906163409843,0.8152145588286216,-0.044734242852463094,-0.014597187084259063,0.00019549429651196813
-0.22750000000000004,1.1531094671304147,0.815678674867245,-0.04478720445729259,-0.014615258999549546,0.00019538255865297202
-0.22250000000000003,1.153919908732618,0.8161497194154003,-0.04484020297275526,-0.01463336260145274,0.00019525873003192065
-0.21750000000000003,1.1547217811416188,0.8166276149940425,-0.044893228896477115,-0.014651494624648846,0.00019512280558868763
-0.21250000000000002,1.1555149258476394,0.8171122813147553,-0.04494627262214147,-0.014669651758798216,0.0001949747859455592
-0.20750000000000002,1.156299185879773,0.8176036353023352,-0.04499932444177465,-0.01468783064931774,0.000194814677434682
-0.2025,1.1570744058479305,0.8181015911186686,-0.04505237454809143,-0.014706027898186678,0.00019464249212077943
-0.1975,1.1578404319840512,0.8186060601878811,-0.045105413036899585,-0.01472424006478186,0.00019445824781907513
-0.1925,1.158597112182577,0.8191169512227399,-0.045158429909563036,-0.014742463666742013,0.00019426196810837807
-0.1875,1.1593442960401834,0.8196341702522933,-0.04521141507552279,-0.01476069518086103,0.00019405368233931718
-0.1825,1.1600818348947644,0.8201576206507277,-0.045264358354874995,-0.01477893104401001,0.00019383342563766536
-0.1775,1.1608095818636701,0.8206872031674174,-0.0453172494810056,-0.014797167654087801,0.00019360123890274622
-0.1725,1.1615273918811948,0.8212228159581548,-0.04537007810328075,-0.014815401370999789,0.0001933571688009115
-0.16749999999999998,1.1622351217353122,0.821764354617535,-0.04542283378979213,-0.01483362851766465,0.00019310126775407344
-0.16249999999999998,1.1629326301036622,0.8223117122124771,-0.04547550603015681,-0.014851845381048908,0.0001928335939232752
-0.15749999999999997,1.1636197775887829,0.8228647793168592,-0.045528084238370466,-0.014870048213228756,0.00019255421118731771
-0.15249999999999997,1.1642964267525948,0.8234234440472497,-0.0455805577557135,-0.014888233232479023,0.00019226318911646516
-0.14749999999999996,1.1649624421501337,0.8239875920997108,-0.045632915853709356,-0.014906396624388887,0.000191960602941212
-0.14249999999999996,1.1656176903625373,0.8245571067876528,-0.04568514773713364,-0.014924534543003918,0.00019164653351615502
-0.13749999999999996,1.1662620400292865,0.8251318690807213,-0.0457372425470743,-0.014942643111994156,0.00019132106727900495
-0.13249999999999995,1.1668953618797029,0.8257117576446873,-0.045789189364040715,-0.014960718425847742,0.0001909842962047518
-0.12749999999999995,1.1675175287637083,0.8262966488823341,-0.04584097721112229,-0.014978756551089866,0.00019063631775504626
-0.12250000000000005,1.1681284156818486,0.8268864169753036,-0.04589259505719466,-0.014996753527526356,0.00019027723482283794
-0.11750000000000005,1.1687278998145858,0.827480933926885,-0.04594403182017301,-0.015014705369511676,0.00018990715567232248
-0.11250000000000004,1.1693158605508642,0.8280800696057321,-0.04599527637031185,-0.015032608067240784,0.00018952619387426316
-0.10750000000000004,1.1698921795159538,0.8286836917904757,-0.04604631753355021,-0.015050457588064406,0.00018913446823675884
-0.10250000000000004,1.1704567405985766,0.8292916662152198,-0.046097144094901205,-0.015068249877827181,0.00018873210273150274
-0.09750000000000003,1.171009429977323,0.8299038566158898,-0.04614774480188552,-0.015085980862228295,0.00018831922641566895
-0.09250000000000003,1.1715501361463607,0.8305201247774231,-0.0461981083680075,-0.015103646448203929,0.00018789597334943422
-0.08750000000000002,1.172078749940446,0.831140330581769,-0.04624822347627312,-0.01512124252533111,0.0001874624825093124
-0.08250000000000002,1.172595164559241,0.8317643320566831,-0.04629807878274902,-0.01513876496725237,0.00018701889769730896
-0.07750000000000001,1.1730992755909446,0.8323919854252932,-0.04634766292016143,-0.015156209633120617,0.00018656536744605942
-0.07250000000000001,1.173590981035243,0.8330231451564183,-0.04639696450153425,-0.015173572369063755,0.00018610204492004593
-0.0675,1.1740701813255865,0.8336576640156135,-0.046445972123865385,-0.015190849009668304,0.00018562908781298134
-0.0625,1.174536779350802,0.834295393116923,-0.04649467437183999,-0.015208035379481531,0.0001851466582414936
-0.057499999999999996,1.1749906804760444,0.8349361819753249,-0.046543059821580024,-0.015225127294531453,0.00018465492263522676
-0.05249999999999999,1.1754317925630962,0.8355798785598364,-0.046591117044429156,-0.015242120563864047,0.00018415405162349895
-0.04749999999999999,1.1758600259900234,0.8362263293472701,-0.046638834610771576,-0.015259010991097043,0.00018364421991859896
-0.04249999999999998,1.1762752936701928,0.8368753793766152,-0.04668620109388429,-0.015275794375989719,0.0001831256061959353
-0.03749999999999998,1.1766775110706598,0.8375268723040188,-0.04673320507382124,-0.0152924665160278,0.00018259839297108166
-0.03249999999999997,1.1770665962299325,0.8381806504583597,-0.04677983514132871,-0.015309023208023116,0.00018206276647391993
-0.02749999999999997,1.1774424697751205,0.8388365548973808,-0.04682607990179066,-0.015325460249727033,0.0001815189165200285
-0.022499999999999964,1.1778050549384744,0.8394944254643701,-0.046871927979202886,-0.015341773441457091,0.0001809670363793995
-0.01749999999999996,1.1781542775733262,0.8401541008453645,-0.04691736802017525,-0.015357958587736146,0.00018040732264271335
-0.012499999999999956,1.178490066169432,0.8408154186268603,-0.04696238869796023,-0.015374011498943185,0.0001798399750852655
-0.007499999999999951,1.1788123518677298,0.8414782153540082,-0.0470069787165072,-0.015389927992975219,0.00017926519652872793
-0.0024999999999999467,1.1791210684745166,0.8421423265892745,-0.04705112681454093,-0.01540570389691933,0.0001786831927008871
0.0024999999999999467,1.17941615247505,0.8428075869715516,-0.04709482176966338,-0.015421335048734323,0.00017809417209352368
0.007500000000000062,1.1796975430465846,0.8434738302756924,-0.0471380524024772,-0.01543681729894102,0.00017749834581858603
0.012499999999999956,1.1799651820708459,0.8441408894724565,-0.047180807580730004,-0.015452146512320478,0.00017689592746283263
0.01750000000000007,1.1802190141459503,0.8448085967888428,-0.04722307622347805,-0.015467318569619455,0.00017628713294109077
0.022499999999999964,1.1804589865977761,0.8454767837687958,-0.047264847305267976,-0.015482329369262112,0.00017567218034828273
0.02750000000000008,1.1806850494907917,0.8461452813342603,-0.047306109860335135,-0.015497174829067307,0.00017505128981042424
0.03249999999999997,1.1808971556383452,0.8468139198465714,-0.04734685298681759,-0.015511850887970614,0.00017442468333471453
0.03750000000000009,1.181095260612424,0.8474825291681551,-0.04738706585098384,-0.015526353507750201,0.00017379258465890135
0.04249999999999998,1.1812793227528844,0.8481509387245277,-0.04742673769147319,-0.015540678674755755,0.0001731552191000786
0.0475000000000001,1.1814493031761604,0.8488189775665689,-0.04746585782354731,-0.01555482240163966,0.00017251281340307495
0.05249999999999999,1.1816051657834552,0.8494864744330539,-0.04750441564335123,-0.015568780729089498,0.0001718655955886163
0.05750000000000011,1.181746877268416,0.8501532578134222,-0.047542400632182555,-0.01558254972756096,0.00017121379480138435
0.0625,1.1818744071243021,0.8508191560107696,-0.04757980236076711,-0.015596125499010505,0.0001705576411581709
0.0674999999999999,1.1819877276506425,0.8514839972050403,-0.047616610493539484,-0.01560950417862666,0.00016989736559625172
0.07250000000000001,1.1820868139593954,0.8521476095163975,-0.047652814792926934,-0.01562268193655918,0.00016923319972214168
0.0774999999999999,1.182171643980601,0.8528098210687654,-0.047688405123634696,-0.01563565497964517,0.0001685653756609456
0.08250000000000002,1.182242198467541,0.8534704600535072,-0.04772337145693131,-0.015648419553131253,0.000167894125906322
0.08749999999999991,1.182298461001402,0.8541293547932373,-0.04775770387493218,-0.01566097194239088,0.0001672196831713631
0.09250000000000003,1.1823404179954407,0.854786333805729,-0.04779139257487902,-0.015673308474635862,0.00016654228024042913
0.09749999999999992,1.1823680586986602,0.8554412258679216,-0.047824427873414184,-0.015685425520621202,0.00016586214982212939
0.10250000000000004,1.1823813751989953,0.8560938600799833,-0.04785680021084742,-0.0156973194963423,0.00016517952440357473
0.10749999999999993,1.1823803624260036,0.8567440659294323,-0.047888500155413204,-0.015708986864723593,0.00016449463610604742
0.11250000000000004,1.1823650181530678,0.8573916733552776,-0.047919518407517,-0.015720424137297743,0.00016380771654222204
0.11749999999999994,1.182335342999109,0.8580365128121729,-0.04794984580396789,-0.01573162787587427,0.00016311899667505848
0.12250000000000005,1.1822913404298052,0.8586784153345575,-0.047979473322196126,-0.01574259469419694,0.00016242870667851307
0.12749999999999995,1.182233016758321,0.8593172126007649,-0.048008392084452914,-0.015753321259588667,0.00016173707580015772
0.13250000000000006,1.1821603811455421,0.8599527369970782,-0.04803659336199088,-0.015763804294583173,0.00016104433222588916
0.13749999999999996,1.1820734455998156,0.8605848216817109,-0.04806406857922251,-0.01577404057854243,0.0001603507029467491
0.14250000000000007,1.1819722249761946,0.861213300648695,-0.04809080931785463,-0.015784026949258706,0.00015965641362807514
0.14749999999999996,1.181856736975181,0.8618380087916526,-0.048116807320996595,-0.015793760304540595,0.00015896168848098788
0.15250000000000008,1.1817270021409676,0.8624587819674261,-0.04814205449723978,-0.01580323760378173,0.00015826675013640376
0.15749999999999997,1.1815830438591763,0.863075457059553,-0.04816654292470624,-0.015812455869511396,0.00015757181952160524
0.1625000000000001,1.1814248883540848,0.8636878720415565,-0.048190264855063815,-0.01582141218892602,0.00015687711573949124
0.16749999999999998,1.1812525646853402,0.8642958660400331,-0.048213212717505505,-0.015830103715400515,0.00015618285595060544
0.1725000000000001,1.18106610474416,0.8648992793975092,-0.04823537912269047,-0.01583852766997859,0.00015548925525799318
0.1775,1.1808655432490058,0.8654979537350487,-0.04825675686664442,-0.01584668134284096,0.00015479652659501595
0.1825000000000001,1.1806509177407334,0.866091732014589,-0.04827733893461632,-0.01585456209475046,0.00015410488061613336
0.1875,1.1804222685772097,0.8666804586009724,-0.04829711850488927,-0.015862167358473248,0.00015341452559078494
0.1924999999999999,1.1801796389273915,0.8672639793236622,-0.04831608895254285,-0.015869494640174897,0.00015272566730039207
0.1975,1.1799230747648604,0.867842141538102,-0.048334243853164004,-0.015876541520790568,0.00015203850893854643
0.2024999999999999,1.1796526248608064,0.8684147941867114,-0.04835157698650409,-0.015883305657368146,0.00015135325101448007
0.20750000000000002,1.179368340776455,0.8689817878594783,-0.04836808234007923,-0.015889784784383548,0.00015067009125979545
0.2124999999999999,1.1790702768549306,0.8695429748541295,-0.04838375411271112,-0.01589597671502708,0.00014998922453855868
0.21750000000000003,1.1787584902125459,0.870098209235848,-0.04839858671800572,-0.0159018793424599,0.00014931084276077652
0.22249999999999992,1.1784330407295145,0.8706473468965178,-0.0484125747877667,-0.015907490641039714,0.00014863513479927367
0.22750000000000004,1.178093991040075,0.8711902456134605,-0.048425713175341265,-0.015912808667514676,0.00014796228641003495
0.23249999999999993,1.1777414065220173,0.8717267651076426,-0.04843799695889495,-0.015917831562184525,0.00014729248015600188
0.23750000000000004,1.1773753552856114,0.872256767101326,-0.04844942144461318,-0.015922557550028114,0.0001466258953343757
0.24249999999999994,1.1769959081619177,0.8727801153751252,-0.04845998216982607,-0.0159269849417963,0.00014596270790740592
0.24750000000000005,1.1766031386904778,0.873296675824452,-0.04846967490605387,-0.0159311121350693,0.00014530309043671923
0.25249999999999995,1.1761971231063755,0.8738063165153158,-0.048478495661970336,-0.015934937615277665,0.00014464721202116413
0.25750000000000006,1.1757779403266582,0.8743089077394486,-0.04848644068628075,-0.01593845995668581,0.00014399523823815504
0.26249999999999996,1.1753456719361088,0.8748043220687272,-0.04849350647051186,-0.01594167782333741,0.0001433473310885793
0.26750000000000007,1.1749004021723601,0.8752924344088577,-0.0484996897517109,-0.015944589969961582,0.00014270364894518957
0.27249999999999996,1.1744422179103375,0.8757731220523,-0.04850498751505072,-0.015947195242839114,0.0001420643465045197
0.2775000000000001,1.17397120864603,0.8762462647303947,-0.048509396996337925,-0.015949492580627844,0.00014142957474226687
0.2825,1.173487466479569,0.8767117446646673,-0.04851291568442157,-0.01595148101514636,0.00014079948087216055
0.2875000000000001,1.1729910860976094,0.8771694466172693,-0.04851554132349931,-0.015953159672115157,0.00014017420830828167
0.2925,1.1724821647550072,0.8776192579405366,-0.048517271915317906,-0.015954527771854483,0.00013955389663078071
0.2975000000000001,1.1719608022557757,0.8780610686256255,-0.04851810572126584,-0.015955584629938086,0.00013893868155501752
0.3025,1.171427100933318,0.8784947713501964,-0.04851804126435468,-0.015956329657802068,0.00013832869490401726
0.3075000000000001,1.1708811656299196,0.8789202615251106,-0.048517077331086775,-0.015956762363308077,0.00013772406458428753
0.3125,1.1703231036754973,0.8793374373401159,-0.04851521297320647,-0.015956882351260193,0.0001371249145648843
0.3174999999999999,1.169753024865591,0.8797461998084779,-0.04851244750933218,-0.015956689323874656,0.00013653136485972903
0.3225,1.1691710414385887,0.8801464528105329,-0.048508780526466524,-0.015956183081201933,0.00013594353151310964
0.3274999999999999,1.1685772680521787,0.8805381031361249,-0.048504211881382146,-0.015955363521500274,0.0001353615265883496
0.3325,1.1679718217590165,0.8809210605258975,-0.048498741701880795,-0.01595423064156029,0.00013478545815951998
0.3374999999999999,1.1673548219815988,0.8812952377114025,-0.04849237038792246,-0.015952784536979778,0.0001342154303062345
0.3425,1.1667263904863376,0.8816605504540028,-0.0484850986126235,-0.01595102540238842,0.00013365154311140948
0.3474999999999999,1.1660866513568222,0.8820169175825234,-0.04847692732311982,-0.01594895353162157,0.00013309389266195142
0.35250000000000004,1.1654357309662657,0.8823642610296346,-0.048467857741294314,-0.015946569317842826,0.00013254257105229988
0.35749999999999993,1.1647737579491246,0.8827025058669119,-0.04845789136436527,-0.015943873253614696,0.00013199766639079648
0.36250000000000004,1.164100863171886,0.8830315803385721,-0.04844702996533445,-0.015940865930917102,0.0001314592628087817
0.36749999999999994,1.163417179703016,0.8833514158938213,-0.04843527559329214,-0.0159375480411131,0.00013092744047236255
0.37250000000000005,1.1627228427820602,0.8836619472178064,-0.04842263057357785,-0.015933920374861587,0.00013040227559680525
0.37749999999999995,1.1620179897878946,0.8839631122611281,-0.048409097507794485,-0.015929983821976565,0.00012988384046346658
0.38250000000000006,1.1613027602061177,0.8842548522678868,-0.04839467927367436,-0.0159257393712326,0.00012937220343920094
0.38749999999999996,1.1605772955955804,0.8845371118022332,-0.048379379024795666,-0.01592118811011637,0.00012886742899817353
0.39250000000000007,1.15984173955405,0.88480983877339,-0.04836320019014728,-0.0159163312245238,0.00012836957774602228
0.39749999999999996,1.1590962376830034,0.8850729844591188,-0.04834614647354158,-0.015911169998402874,0.00012787870644626146
0.4025000000000001,1.1583409375515485,0.8853265035275969,-0.048328221852872714,-0.01590570581334168,0.00012739486804892277
0.4075,1.1575759886594674,0.8855703540576927,-0.04830943057922045,-0.01589994014810188,0.00012691811172127677
0.4125000000000001,1.1568015423993847,0.885804497557584,-0.04828977717579761,-0.01589387457809719,0.0001264484828806508
0.4175,1.1560177520180575,0.886028898981723,-0.048269266436740996,-0.015887510774817173,0.00012598602322919233
0.4225000000000001,1.1552247725767861,0.8862435267460987,-0.04824790342574436,-0.015880850505196078,0.00012553077079057598
0.4275,1.1544227609109483,0.8864483527417865,-0.04822569347453351,-0.015873895630927035,0.00012508275994852744
0.4325000000000001,1.1536118755886577,0.8866433523467513,-0.048202642181182684,-0.01586664810772152,0.00012464202148711637
0.4375,1.1527922768685481,0.8868285044358888,-0.04817875540827195,-0.015859109984514303,0.00012420858263277105
0.4424999999999999,1.1519641266566878,0.8870037913892748,-0.04815403928088574,-0.015851283402614227,0.00012378246709789483
0.4475,1.1511275884626277,0.8871691990986095,-0.048128500184452194,-0.015843170594800813,0.00012336369512603622
0.4524999999999999,1.1502828273545913,0.8873247169718311,-0.04810214476242375,-0.01583477388436719,0.00012295228353856018
0.4575,1.1494300099138048,0.8874703379358829,-0.048074979913799214,-0.015826095684109698,0.00012254824578274026
0.4624999999999999,1.1485693041879859,0.8876060584376172,-0.04804701279048783,-0.015817138495264418,0.0001221515919811709
0.4675,1.1477008796439891,0.887731878442813,-0.0480182507945161,-0.01580790490639126,0.00012176232898248816
0.4724999999999999,1.146824907119623,0.887847801433306,-0.04798870157507786,-0.015798397592205984,0.00012138046041329884
0.47750000000000004,1.1459415587746493,0.8879538344022035,-0.047958373025429164,-0.015788619312360846,0.00012100598673123803
0.48249999999999993,1.1450510080409706,0.8880499878471823,-0.047927273279628785,-0.015778572910174322,0.00012063890527912778
0.48750000000000004,1.144153429572025,0.8881362757618563,-0.04789541070912555,-0.015768261311310698,0.00012027921034014698
0.49249999999999994,1.1432489991913997,0.8882127156251992,-0.047862793919194596,-0.015757687522410205,0.00011992689319394845
0.49750000000000005,1.1423378938406745,0.8882793283890272,-0.047829431745223513,-0.01574685462967041,0.00011958194217366746
0.5025,1.141420291526517,0.8883361384635265,-0.04779533324885109,-0.01573576579737982,0.00011924434272377542
0.5075000000000001,1.1404963712670435,0.8883831737008241,-0.047760507713959593,-0.01572442426640436,0.00011891407745866872
0.5125,1.139566313037463,0.8884204653766026,-0.04772496464252439,-0.0157128333526279,0.00011859112622200644
0.5175000000000001,1.1386302977150256,0.8884480481697566,-0.04768871375032127,-0.01570099644534759,0.00011827546614665834
0.5225,1.1376885070232976,0.8884659601400933,-0.04765176496249623,-0.015688917005625094,0.00011796707171527816
0.5275000000000001,1.136741123475779,0.888474242704078,-0.047614128408998556,-0.01567659856459493,0.00011766591482138452
0.5325,1.135788330318894,0.8884729406086357,-0.04757581441988132,-0.01566404472173081,0.00011737196483095559
0.5375000000000001,1.1348303114743736,0.8884621019030099,-0.04753683352047204,-0.015651259143071316,0.00011708518864441149
0.5425,1.133867251481057,0.8884417779086946,-0.047497196426416546,-0.01563824555940612,0.0001168055507590064
0.5475000000000001,1.1328993354361394,0.8884120231874403,-0.04745691403859945,-0.015625007764423892,0.00011653301333151745
0.5525,1.131926748935891,0.8883728955073634,-0.04741599743794544,-0.015611549612823418,0.00011626753624121219
0.5575000000000001,1.130949678015881,0.8883244558071567,-0.047374457880104026,-0.015597875018389086,0.00011600907715304282
0.5625,1.1299683090907315,0.8882667681584288,-0.0473323067900227,-0.015583987952032247,0.0001157575915809967
0.5674999999999999,1.1289828288934347,0.8881998997261927,-0.04728955575641173,-0.01556989243979989,0.00011551303295158051
0.5725,1.1279934244142646,0.8881239207275199,-0.04724621652610533,-0.015555592560852096,0.00011527535266739748
0.5774999999999999,1.1270002828393197,0.888038904388383,-0.04720230099832297,-0.015541092445409792,0.00011504450017071125
0.5825,1.1260035914887236,0.8879449268987183,-0.047157821218835834,-0.015526396272674386,0.00011482042300705583
0.5874999999999999,1.125003537754528,0.8878420673657322,-0.04711278937404262,-0.015511508268720876,0.00011460306688872515
0.5925,1.1240003090383466,0.8877304077654792,-0.04706721778495951,-0.015496432704366063,0.00011439237575821848
0.5974999999999999,1.1229940926887598,0.8876100328927474,-0.047021118901129054,-0.015481173893013513,0.00011418829185150367
0.6025,1.1219850759385306,0.8874810303092827,-0.04697450529445314,-0.015465736188477009,0.00011399075576113117
0.6074999999999999,1.1209734458416658,0.8873434902903848,-0.04692738965295469,-0.015450123982784206,0.00011379970649909517
0.6125,1.1199593892103656,0.8871975057699196,-0.0468797847744736,-0.015434341703962158,0.00011361508155945307
0.6174999999999999,1.1189430925519015,0.8870431722837817,-0.04683170356030193,-0.015418393813806627,0.00011343681698063563
0.6225,1.1179247420054608,0.8868805879118485,-0.04678315900876382,-0.015402284805636903,0.00011326484740743058
0.6275,1.1169045232790056,0.8867098532184724,-0.04673416420874532,-0.01538601920203788,0.0001130991061525845
0.6325000000000001,1.115882621586181,0.8865310711915526,-0.04668473233317972,-0.015369601552591355,0.00011293952525800785
0.6375,1.1148592215833202,0.8863443471802382,-0.04663487663249413,-0.015353036431598374,0.00011278603555552535
0.6425000000000001,1.1138345073065916,0.8861497888313055,-0.04658461042802236,-0.01533632843579432,0.00011263856672715281
0.6475,1.1128086621093263,0.8859475060242611,-0.046533947105390286,-0.015319482182058855,0.00011249704736488239
0.6525000000000001,1.111781868599573,0.8857376108052281,-0.04648290010787905,-0.015302502305122445,0.00011236140502990881
0.6575,1.110754308577929,0.8855202173196597,-0.04643148292977188,-0.015285393455271386,0.00011223156631128166
0.6625000000000001,1.1097261629756818,0.8852954417439431,-0.0463797091096903,-0.015268160296053185,0.00011210745688398507
0.6675,1.108697611793319,0.8850634022159458,-0.046327592223925455,-0.015250807501984294,0.00011198900156635081
0.6725000000000001,1.1076688340394412,0.8848242187645591,-0.046275145879770205,-0.015233339756261892,0.00011187612437684264
0.6775,1.106640007670129,0.884578013238307,-0.046222383708857825,-0.015215761748481809,0.00011176874859014993
0.6825000000000001,1.1056113095288072,0.884324909233072,-0.046169319360513175,-0.015198078172364246,0.00011166679679254579
0.6875,1.1045829152866522,0.8840650320189992,-0.04611596649512165,-0.015180293723489315,0.00011157019093654246
0.6924999999999999,1.103554999383586,0.8837985084666463,-0.04606233877752206,-0.015162413097044138,0.00011147885239475686
0.6975,1.1025277349699036,0.8835254669724394,-0.046008449870428715,-0.015144440985583412,0.00011139270201300401
0.7024999999999999,1.1015012938485762,0.8832460373834982,-0.04595431342788871,-0.015126382076805176,0.00011131166016258758
0.7075,1.100475846418277,0.8829603509218916,-0.04589994308877943,-0.01510824105134358,0.00011123564679173522
0.7124999999999999,1.0994515616171705,0.8826685401084005,-0.045845352470352325,-0.01509002258058048,0.00011116458147621319
0.7175,1.0984286068675104,0.8823707386858406,-0.04579055516182804,-0.015071731324477542,0.00011109838346905623
0.7224999999999999,1.0974071480210896,0.8820670815420161,-0.04573556471804824,-0.015053371929430497,0.00011103697174940518
0.7275,1.0963873493055825,0.8817577046323718,-0.0456803946531897,-0.01503494902614738,0.00011098026507047398
0.7324999999999999,1.095369373271829,0.8814427449024067,-0.045625058434545514,-0.015016467227552212,0.00011092818200659246
0.7375,1.094353380742099,0.881122340209909,-0.045569569476379045,-0.014997931126715797,0.00011088064099936778
0.7424999999999999,1.0933395307593925,0.8807966292470748,-0.045513941133855436,-0.01497934529481509,0.00011083756040301819
0.7475,1.0923279805378274,0.8804657514625579,-0.04545818669705628,-0.014960714279122522,0.0001107988585289073
0.7525,1.0913188854141946,0.8801298469834805,-0.045402319385083253,-0.014942042601026542,0.00011076445368957362
0.7575000000000001,1.0903123988007792,0.8797890565374139,-0.04534635234025688,-0.014923334754084378,0.00011073426424249872
0.7625,1.0893086721396037,0.879443521374276,-0.045290298622418144,-0.014904595202107457,0.00011070820863436858
0.7675000000000001,1.0883078548583465,0.8790933831880077,-0.04523417120334356,-0.014885828377279522,0.00011068620544693757
0.7725,1.0873100943283405,0.8787387840377358,-0.045177982961287236,-0.014867038678306079,0.00011066817344665192
0.7775000000000001,1.0863155358253311,0.8783798662678702,-0.045121746675671155,-0.014848230468592133,0.00011065403164144585
0.7825,1.0853243224940974,0.8780167724261663,-0.04506547502195547,-0.014829408074442307,0.00011064369935071199
0.7875000000000001,1.0843365953187427,0.8776496451781229,-0.04500918056673746,-0.014810575783272965,0.00011063709629796402
0.7925,1.0833524931015255,0.8772786272150492,-0.04495287576315403,-0.014791737841819072,0.00011063414274158042
0.7975000000000001,1.0823721524547405,0.876903861151568,-0.04489657294670143,-0.014772898454308563,0.00011063475966749083
0.8025,1.0813957078125684,0.8765254894060072,-0.0448402843316409,-0.01475406178056235,0.00011063886908036789
0.8075000000000001,1.0804232914732976,0.8761436540537818,-0.044784022008237924,-0.01473523193395752,0.0001106463944474709
0.8125,1.0794550336871884,0.8757584966392045,-0.044727797941187426,-0.014716412979163486,0.00011065726137409097
0.8174999999999999,1.0784910628118858,0.8753701579247744,-0.04467162396971518,-0.014697608929523648,0.0001106713986219117
0.8225,1.0775315055659995,0.8749787775486296,-0.04461551181001769,-0.01467882374390868,0.00011068873962365758
0.8274999999999999,1.0765764874225483,0.8745844935502067,-0.044559473060906976,-0.014660061322810185,0.00011070922469860688
0.8325,1.0756261331974304,0.8741874417112026,-0.04450351921375434,-0.014641325503378117,0.00011073280423345935
0.8374999999999999,1.0746805679036775,0.8737877546439488,-0.04444766166805901,-0.014622620053034673,0.00011075944315794845
0.8425,1.0737399179591698,0.8733855605430515,-0.044391911754169566,-0.014603948661228649,0.00011078912710864043
0.8474999999999999,1.0728043128522917,0.8729809815000055,-0.04433628076481106,-0.014585314928838779,0.00011082187072731679
0.8525,1.0718738873843396,0.8725741312667592,-0.04428077999705041,-0.014566722354706137,0.00011085772856793192
0.8574999999999999,1.0709487846161252,0.8721651123459548,-0.04422542080608614,-0.014548174318795503,0.0001108968090697668
0.8625,1.0700291596449323,0.8717540122869432,-0.04417021467168463,-0.014529674061574618,0.00011093929197162493
0.8674999999999999,1.069115184321892,0.8713408990823216,-0.0441151732771103,-0.01451122465938252,0.00011098544936884805
0.8725,1.0682070529836558,0.8709258155948515,-0.04406030859894116,-0.014492828995855852,0.00011103567032927924
0.8775,1.067304989211142,0.8705087730037866,-0.04400563300418613,-0.0144744897299078,0.00011109048856937613
0.8825000000000001,1.0664092535385126,0.870089743346416,-0.04395115934865499,-0.014456209261311477,0.00011115061214325871
0.8875,1.0655201519162711,0.8696686513460589,-0.043896901067692756,-0.014437989695611353,0.00011121695342871342
0.8925000000000001,1.0646380445859565,0.8692453658594321,-0.04384287224739916,-0.014419832810832782,0.00011129065694204117
0.8975,1.063763354857512,0.8688196914373214,-0.043789087661651266,-0.014401740029216485,0.0001113731217426337
0.9025000000000001,1.0628965771066294,0.8683913606605494,-0.043735562758079036,-0.01438371239787978,0.0001114660144909737
0.9075,1.0620382831462407,0.8679600280709416,-0.0436823135751347,-0.014365750582788932,0.00011157126871730522
0.9125000000000001,1.061189125996647,0.867525266642088,-0.043629356573094955,-0.014347854880593808,0.0001116910656744338
0.9175,1.0603498400081992,0.8670865678024142,-0.04357670836473332,-0.014330025252610477,0.00011182779241814458
0.9225000000000001,1.059521236304833,0.8666433460080936,-0.043524385336845314,-0.0143122613844435,0.0001119839735943036
0.9275,1.0587041926384881,0.8661949487440461,-0.04347240316190663,-0.014294562773367395,0.00011216217488047924
0.9325000000000001,1.0578996369883589,0.8657406725930826,-0.04342077620967508,-0.014276928843646161,0.00011236487813726566
0.9375,1.0571085246083682,0.8652797856529624,-0.04336951688094432,-0.014259359087548617,0.0001125943309976062
0.9424999999999999,1.0563318087098255,0.8648115561098055,-0.043318634899095126,-0.014241853227083393,0.00011285237672324016
0.9475,1.0555704055359385,0.8643352862211924,-0.043268136608953546,-0.014224411388677825,0.0001131402735592998
0.9524999999999999,1.0548251551963803,0.8638503503665796,-0.04321802434799763,-0.014207034280492508,0.000113458516710299
0.9575,1.054096780225224,0.8633562352429249,-0.04316829598129815,-0.01418972336038362,0.00011380668206089375
0.9624999999999999,1.0533858443368194,0.8628525797848106,-0.043118944768001016,-0.01417248098390482,0.00011418332601413604
0.9675,1.0526927142124531,0.8623392120395477,-0.04306996000590412,-0.014155310539624663,0.000114586028084263
0.9724999999999999,1.0520175273203816,0.8618161801257218,-0.043021329956629516,-0.014138216703264256,0.00011501185534426051
0.9775,1.0513601692178256,0.8612837751370952,-0.04297305254771966,-0.014121206770234287,0.00011545922767010806
0.9824999999999999,1.0507202721702131,0.8607425531247985,-0.04292517450928361,-0.014104299439573982,0.00011593454625827234
0.9875,1.0500973724698892,0.8601934884430421,-0.04287793931835099,-0.014087581522531822,0.00011647352577727177
0.9924999999999999,1.049493134610461,0.8596401276248322,-0.042832393806414064,-0.014071550598559213,0.00011719064629885918
0.9975,1.0489422463347713,0.8591187756444372,-0.042793484637413476,-0.014058878536734182,0.00011822219560324502
