-0.9975,1.001361647432463,0.15812285148431157,-0.051948513998731995,-0.015725004778813827,0.0010262307556252173,0.00013200767955243116,-4.828641080960574e-06,-4.08802326122772e-07
-0.9925,1.0014097306924903,0.15807668184628865,-0.05194384778290643,-0.015721181053524363,0.0010276654010193413,0.00013235979292401377,-4.679555853058306e-06,-3.7773160954411644e-07
-0.9875,1.0014765622922899,0.15801402459292785,-0.051934815717232824,-0.015715488135894278,0.0010293404035944757,0.00013263944599764635,-4.620669745465734e-06,-3.744234751989519e-07
-0.9825,1.0015536202195314,0.157943494711604,-0.051922573893022156,-0.01570889873104718,0.0010308661607834693,0.0001328201023884666,-4.61154193620489e-06,-3.775181239741604e-07
-0.9775,1.001638545998332,0.15786750439338443,-0.05190801270803539,-0.015701784118139998,0.001032215465170578,0.00013294848252573196,-4.615971559243091e-06,-3.7973709872627013e-07
-0.9725,1.0017308546003845,0.15778660148493867,-0.05189167713886625,-0.015694252262311564,0.001033451096207522,0.00013305825834346205,-4.620690979288115e-06,-3.80550960355411e-07
-0.9675,1.0018306564332808,0.15770075512169493,-0.05187386474346964,-0.015686311594656308,0.0010346366610040681,0.0001331656841816435,-4.622704413022682e-06,-3.805795968064351e-07
-0.9625,1.0019382688656187,0.15760974322729845,-0.051854718375994306,-0.015677937260413638,0.0010358184035178066,0.0001332773442985416,-4.6221362462627155e-06,-3.8027849944102297e-07
-0.9575,1.0020540952467882,0.15751327160378104,-0.051834288315834406,-0.01566909498039814,0.001037026928063407,0.000133395623667008,-4.619694524032548e-06,-3.798632989714232e-07
-0.9525,1.0021785862083876,0.15741101131321134,-0.051812569891323754,-0.0156597485587615,0.0010382821919337436,0.00013352135067581182,-4.61598993377226e-06,-3.794158764330502e-07
-0.9475,1.0023122270554805,0.15730261060093562,-0.05178952537582942,-0.01564986166125732,0.0010395976056720752,0.00013365487792059438,-4.61143526966185e-06,-3.7896039310341975e-07
-0.9425,1.0024555337904257,0.1571876986353439,-0.05176509650937897,-0.01563939782857012,0.001040982750918479,0.00013379647151414003,-4.606285127246602e-06,-3.7849997985700537e-07
-0.9375,1.002609052171639,0.1570658864995882,-0.05173921159330072,-0.01562832008082991,0.0010424450455701019,0.0001339464301765004,-4.600689493983006e-06,-3.7803159445453886e-07
-0.9325,1.002773357933171,0.15693676720154617,-0.05171178947821593,-0.015616590520094158,0.0010439907312043833,0.00013410511000088736,-4.594733925179646e-06,-3.775512308133441e-07
-0.9275,1.0029490575000422,0.1567999153018343,-0.05168274177910206,-0.015604170019398778,0.0010456254517560296,0.00013427292136483515,-4.5884654431447066e-06,-3.770553918348009e-07
-0.9225,1.0031367889452463,0.15665488637600267,-0.05165197407759002,-0.015591017993968299,0.0010473545926406866,0.0001344503206368657,-4.5819082771445415e-06,-3.76541289107639e-07
-0.9175,1.0033372230828086,0.15650121639491088,-0.05161938654389791,-0.015577092231246805,0.0010491834812681655,0.00013463780320267105,-4.575073194544114e-06,-3.7600669201581215e-07
-0.9125,1.0035510646491455,0.1563384210589641,-0.05158487422467501,-0.015562348758562886,0.0010511175078229975,0.0001348358989586481,-4.567962982686792e-06,-3.754497329897131e-07
-0.9075,1.0037790535495406,0.15616599510287452,-0.051548327137465176,-0.015546741733340396,0.0010531622003607604,0.00013504516991681194,-4.56057566901007e-06,-3.748687511558127e-07
-0.9025,1.004021966157882,0.15598341157956824,-0.05150963025257142,-0.015530223346077059,0.0010553232738885043,0.00013526620932866976,-4.552906426425942e-06,-3.7426218368316034e-07
-0.8975,1.0042806166634912,0.1557901211282345,-0.05146866340902594,-0.015512743730042428,0.0010576066648337345,0.000135499641844776,-4.544948720103501e-06,-3.736284953794294e-07
-0.8925,1.004555858461912,0.1555855512299079,-0.051425301191973756,-0.01549425087405727,0.0010600185575691135,0.00013574612438605263,-4.5366950206649245e-06,-3.7296613558230825e-07
-0.8875,1.0048485855883231,0.15536910545337532,-0.05137941278774554,-0.015474690536226498,0.0010625654069435421,0.0001360063475345124,-4.528137273583844e-06,-3.7227351424107434e-07
-0.8825000000000001,1.0051597341934235,0.1551401626942137,-0.05133086182665497,-0.015454006157446175,0.0010652539592077514,0.00013628103734583433,-4.519267235195966e-06,-3.715489922185207e-07
-0.8775,1.0054902840625768,0.1548980764102147,-0.05127950622006446,-0.015432138774125016,0.0010680912728159655,0.00013657095755199,-4.510076738255445e-06,-3.707908832040444e-07
-0.8725,1.0058412601798958,0.15464217385725978,-0.0512251979963602,-0.015409026930001166,0.001071084740046434,0.00013687691216832294,-4.5005579202888336e-06,-3.6999746614000393e-07
-0.8674999999999999,1.0062137343398925,0.154371755330868,-0.05116778313947447,-0.015384606587286118,0.001074242110044071,0.00013719974855220198,-4.49070342804055e-06,-3.6916700781186325e-07
-0.8625,1.0066088268103937,0.1540860934201027,-0.051107101433084764,-0.015358811037681526,0.001077571513646924,0.0001375403609827131,-4.4805065963443565e-06,-3.6829779531418287e-07
-0.8575,1.0070277080516035,0.15378443228227548,-0.05104298631333936,-0.015331570814113986,0.00108108149015346,0.00013789969484305235,-4.4699615873480866e-06,-3.6738817751945626e-07
-0.8525,1.007471600497406,0.15346598694882788,-0.05097526473272794,-0.015302813604321265,0.0010847810159823046,0.00013827875148733154,-4.4590634651255855e-06,-3.6643661342788985e-07
-0.8475,1.0079417804061115,0.1531299426747499,-0.05090375703738853,-0.015272464167682943,0.0010886795349488267,0.00013867859385812076,-4.4478081713753916e-06,-3.6544172350080884e-07
-0.8425,1.0084395797885803,0.15277545434566822,-0.0508282768596008,-0.015240444256885661,0.0010927869896266563,0.00013910035288656114,-4.436192360865837e-06,-3.6440233775784076e-07
-0.8375,1.008966388421686,0.15240164595796246,-0.050748631026360916,-0.015206672546099967,0.0010971138529815455,0.00013954523465007805,-4.42421305198719e-06,-3.633175318687971e-07
-0.8325,1.0095236559539398,0.15200761018751843,-0.05066461948368574,-0.015171064567261859,0.0011016711591786772,0.00014001452818260032,-4.411867050010946e-06,-3.621866400808099e-07
-0.8275,1.0101128941073174,0.15159240806150767,-0.05057603523461947,-0.015133532655735913,0.0011064705322030154,0.00014050961373086092,-4.399150110108118e-06,-3.6100923199936176e-07
-0.8225,1.0107356789743978,0.1511550687444194,-0.05048266428682557,-0.015093985906034472,0.0011115242107394892,0.00014103197113508921,-4.386055825367258e-06,-3.5978503974945223e-07
-0.8175,1.011393653402468,0.15069458944407463,-0.05038428560323394,-0.015052330137345873,0.001116845067685237,0.00014158318789544248,-4.372574252262471e-06,-3.585138234141311e-07
-0.8125,1.0120885294460975,0.15020993543535693,-0.0502806710466547,-0.015008467867393476,0.001122446622763163,0.00014216496638533335,-4.358690321360741e-06,-3.571951664429487e-07
-0.8075,1.0128220908570273,0.14970004018910193,-0.05017158530684192,-0.014962298291666514,0.0011283430470180713,0.000142779129611243,-4.344382121771789e-06,-3.558281992328766e-07
-0.8025,1.0135961955657227,0.14916380558165304,-0.05005678579655717,-0.014913717263462706,0.0011345491585291947,0.0001434276249195349,-4.32961918902563e-06,-3.544112580942069e-07
-0.7975,1.0144127780938024,0.1486001021482318,-0.04993602250216573,-0.01486261726865496,0.0011410804094606857,0.00014411252513504496,-4.314360961565085e-06,-3.529414975848391e-07
-0.7925,1.0152738518225162,0.1480077693322473,-0.04980903777464153,-0.014808887387893052,0.0011479528655492038,0.00014483602679643963,-4.298555593196301e-06,-3.514144854756124e-07
-0.7875,1.016181511031634,0.1473856156751377,-0.04967556604893512,-0.014752413238357347,0.0011551831802056288,0.0001456004454298034,-4.282139310744268e-06,-3.4982381947005413e-07
-0.7825,1.0171379326178345,0.1467324188896535,-0.04953533348372839,-0.014693076887469137,0.0011627885664555193,0.00014640820815670137,-4.265036482234238e-06,-3.4816081123890643e-07
-0.7775,1.018145377403982,0.1460469257657866,-0.049388057519688375,-0.014630756732341493,0.0011707867708007236,0.00014726184433052315,-4.2471605089841e-06,-3.4641428431593997e-07
-0.7725,1.0192061909619923,0.14532785187430805,-0.049233446362194226,-0.01456532734132307,0.0011791960535854943,0.0001481639752822543,-4.2284155774219e-06,-3.4457052651742847e-07
-0.7675,1.0203228038925924,0.14457388105851732,-0.049071198403595896,-0.014496659257680684,0.0011880351804477041,0.00014911730457068366,-4.208699210737488e-06,-3.426134243275517e-07
-0.7625,1.0214977315340419,0.14378366473925638,-0.048901001609519906,-0.014424618770034828,0.001197323428834747,0.00015012461030829778,-4.187905458701124e-06,-3.405247870624214e-07
-0.7575000000000001,1.0227335731060734,0.14295582109889723,-0.04872253290251921,-0.014349067659174312,0.0012070806123458846,0.00015118874111993803,-4.165928471790924e-06,-3.3828484477390783e-07
-0.7525,1.0240330103307458,0.1420889342527347,-0.0485354575833316,-0.014269862935760285,0.0012173271239062698,0.00015231261705748818,-4.142666139229104e-06,-3.358728792800525e-07
-0.7475,1.025398805603442,0.14118155355589646,-0.04833942883412558,-0.014186856587549547,0.0012280839966543236,0.00015349923634398077,-4.118023443859553e-06,-3.332679264970566e-07
-0.7424999999999999,1.0268337998094272,0.1402321932250741,-0.048134087348612936,-0.01409989535752242,0.001239372979183995,0.0001547516881956113,-4.091915208475049e-06,-3.3044947440088555e-07
-0.7375,1.0283409098894882,0.13923933247224324,-0.04791906113046915,-0.014008820575233744,0.0012512166197187757,0.00015607317124463946,-4.064267979564012e-06,-3.273980775797096e-07
-0.7324999999999999,1.0299231262489694,0.13820141634875618,-0.047693965494346555,-0.013913468062599497,0.0012636383521930216,0.0001574670163588215,-4.035020907876043e-06,-3.240958179027934e-07
-0.7275,1.0315835100771502,0.13711685748167818,-0.047458403293673616,-0.013813668132263883,0.0012766625763089845,0.00015893671202923788,-4.004125625528124e-06,-3.2052656063432687e-07
-0.7224999999999999,1.0333251906001508,0.13598403885157373,-0.04721196538766071,-0.013709245692048504,0.001290314723557487,0.00016048593007186813,-3.9715452659033625e-06,-3.1667598367576277e-07
-0.7175,1.0351513622348318,0.13480131771622803,-0.046954231348042476,-0.013600020463405688,0.0013046213019401772,0.0001621185492227907,-3.9372529031543696e-06,-3.1253139007579475e-07
-0.7125,1.037065281549837,0.13356703073411527,-0.04668477039569578,-0.013485807316082987,0.0013196099135866898,0.00016383867432330677,-3.901229782990237e-06,-3.080813453285721e-07
-0.7075,1.0390702638804372,0.13227950029184227,-0.04640314254981018,-0.013366416716176258,0.0013353092413851356,0.00016565064916339325,-3.863463762145387e-06,-3.033152062048978e-07
-0.7025,1.0411696793933705,0.1309370419981767,-0.04610889996874567,-0.01324165528111524,0.001351749002837283,0.0001675590616112013,-3.823948366147271e-06,-2.982226232210786e-07
-0.6975,1.043366948362257,0.12953797327904726,-0.04580158846250398,-0.01311132643336361,0.0013689598712962486,0.0001695687403058501,-3.7826828182650205e-06,-2.9279310233250357e-07
-0.6925,1.0456655353969548,0.1280806229962273,-0.0454807491616374,-0.012975231144895613,0.0013869733662731903,0.00017168474282302566,-3.739673299880288e-06,-2.870157035270597e-07
-0.6875,1.0480689423721945,0.1265633420176312,-0.04514592033562048,-0.01283316876668296,0.0014058217154276442,0.00017391233574159614,-3.6949355918821857e-06,-2.8087893695771666e-07
-0.6825,1.0505806998201024,0.12498451468688089,-0.044796639363996624,-0.01268493794105847,0.001425537691113548,0.00017625696737423203,-3.6484991372628907e-06,-2.7437089495169896e-07
-0.6775,1.053204356583829,0.12334257116947302,-0.04443244487455378,-0.0125303375992983,0.0014461544239862528,0.00017872423404434177,-3.6004124736714677e-06,-2.674796349259577e-07
-0.6725,1.0559434675702097,0.12163600068663774,-0.04405287907299253,-0.012369168051388293,0.0014677051953268317,0.00018131984070220335,-3.550749922733144e-06,-2.601938079672683e-07
-0.6675,1.0588015794829027,0.11986336567972557,-0.04365749029685564,-0.012201232179058165,0.0014902232086133752,0.00018404955641680064,-3.4996193948628748e-06,-2.525035133597048e-07
-0.6625,1.0617822144592142,0.11802331697229218,-0.043245835832089796,-0.012026336746254775,0.0015137413396887718,0.0001869191649200199,-3.4471711717668095e-06,-2.444013520868865e-07
-0.6575,1.064888851570849,0.11611461001001575,-0.042817485033123735,-0.011844293842948519,0.0015382918638467732,0.00018993440998862595,-3.393607556162535e-06,-2.3588365201977756e-07
-0.6525000000000001,1.0681249061799136,0.1141361222579883,-0.042372022786769076,-0.011654922478386044,0.0015639061574410458,0.00019310093509387652,-3.3391933184678136e-06,-2.269518426882727e-07
-0.6475,1.0714937071672763,0.11208687182036091,-0.04190905335688513,-0.011458050338657795,0.0015906143713120618,0.00019642421648131226,-3.284266911638432e-06,-2.1761396591189596e-07
-0.6425000000000001,1.0749984720728567,0.10996603731983517,-0.041428204641059535,-0.011253515720903901,0.001618445073456663,0.0001999094886960547,-3.2292524579504344e-06,-2.0788631767746703e-07
-0.6375,1.0786422802094224,0.10777297903609782,-0.04092913286306811,-0.011041169652866022,0.001647424858915899,0.0002035616615544956,-3.174672527726024e-06,-1.9779522423650817e-07
-0.6325000000000001,1.0824280438361185,0.10550726125545402,-0.040411527716040896,-0.010820878202044372,0.0016775779257735593,0.00020738522767699367,-3.1211617260462947e-06,-1.8737895985274993e-07
-0.6275,1.0863584775079904,0.10316867573108796,-0.039875117961416774,-0.010592524973643875,0.0017089256173691211,0.00021138415992303175,-3.069481078303876e-06,-1.76689813968576e-07
-0.6225,1.090436065755218,0.10075726609672447,-0.03931967747810156,-0.010356013790943265,0.0017414859322619606,0.00021556179839057776,-3.0205331608700754e-06,-1.6579631157762253e-07
-0.6174999999999999,1.0946630292917385,0.0982733530177268,-0.03874503174481016,-0.010111271545791407,0.0017752730050744588,0.00021992072703560112,-2.9753778620686015e-06,-1.547855825042172e-07
-0.6125,1.0990412900074673,0.095717559804212,-0.03815106472634143,-0.009858251200680897,0.0018102965630382303,0.00022446264041981682,-2.9352485851120856e-06,-1.4376586370031347e-07
-0.6074999999999999,1.1035724350604885,0.09309083815173437,-0.03753772612144138,-0.009596934917306024,0.001846561364829729,0.00022918820159307637,-2.901568622162643e-06,-1.3286910423984257e-07
-0.6025,1.108257680453704,0.09039449361762358,-0.036905038915918974,-0.009327337279725153,0.0018840666300725044,0.00023409689265286687,-2.875967341212054e-06,-1.2225362622435073e-07
-0.5974999999999999,1.1130978345520064,0.08763021038645924,-0.03625310716983361,-0.009049508573294429,0.001922805469666457,0.0002391868600900198,-2.860295738082531e-06,-1.1210677690315692e-07
-0.5925,1.1180932620681836,0.08480007482806748,-0.03558212395202835,-0.008763538073548077,0.00196276432883412,0.0002444547576184968,-2.856640818241132e-06,-1.0264748871660244e-07
-0.5875,1.1232438491150532,0.08190659730786358,-0.034892379319333505,-0.008469557292359124,0.002003922456390747,0.0002498955897857088,-2.8673381908293434e-06,-9.412864537083558e-08
-0.5825,1.1285489699841098,0.07895273167475882,-0.034184268221847613,-0.008167743122272832,0.00204625141517625,0.0002555025602504374,-2.894982184696538e-06,-8.683913426709348e-08
-0.5775,1.134007456363371,0.07594189182890963,-0.03345829820039004,-0.00785832081416927,0.002089714649743508,0.0002612669291738843,-2.9424327383284836e-06,-8.110544965813753e-08
-0.5725,1.1396175697451723,0.07287796476315543,-0.03271509672820309,-0.007541566718727226,0.002134267128180667,0.0002671778846648196,-3.0128182780319905e-06,-7.729269800922524e-08
-0.5675,1.1453769777945613,0.06976531948083128,-0.031955418037041765,-0.007217810718899371,0.0021798550752505975,0.0002732224336162205,-3.1095337877064775e-06,-7.580484855205059e-08
-0.5625,1.1512827354470616,0.06660881122119724,-0.031180149258759185,-0.006887438279137074,0.002226415813757051,0.00027938531752856144,-3.2362332952829033e-06,-7.708406952424493e-08
-0.5575,1.1573312714778856,0.06341378047387136,-0.030390315708213107,-0.0065508920377640575,0.002273877730104695,0.0002856489589933916,-3.396816061086206e-06,-8.160899560317635e-08
-0.5525,1.1635183812308556,0.06018604633642815,-0.02958708513257559,-0.006208672871977947,0.0023221603783411373,0.00029199344437212834,-3.595405856488524e-06,-8.989178598146569e-08
-0.5475,1.169839226113098,0.05693189386474754,-0.028771770756615193,-0.0058613403706601185,0.0023711747345158455,0.0002983965478168761,-3.836322870072393e-06,-1.0247385658813349e-07
-0.5425,1.1762883403510005,0.053658055182558,-0.027945832963762088,-0.005509512658589956,0.002420823609966228,0.00030483380112057636,-4.124047973039983e-06,-1.1992020468383104e-07
-0.5375,1.1828596453654445,0.050371684252403834,-0.02711087946907286,-0.005153865526750796,0.0024710022281937997,0.0003112786129442908,-4.46317931292984e-06,-1.4281228949294426e-07
-0.5325,1.1895464719630044,0.04708032536114658,-0.02626866386262105,-0.004795130836995915,0.002521598965422061,0.0003177024397579353,-4.85838147817073e-06,-1.7173948777771703e-07
-0.5275000000000001,1.196341590359229,0.04379187553401615,-0.0254210824300871,-0.004434094185076537,0.0025724962498820314,0.0003240750093741437,-5.314327775522846e-06,-2.0728920654939812e-07
-0.5225,1.203237247856414,0.040514541256072706,-0.024570169190816126,-0.004071591823435007,0.002623571609546448,0.0003303645962992745,-5.835636474438792e-06,-2.500358037388985e-07
-0.5175000000000001,1.210225213798716,0.03725679004189163,-0.02371808913143992,-0.0037085068636205326,0.002674698852663857,0.00033653834633583013,-6.426802180381206e-06,-3.0052853801316744e-07
-0.5125,1.2172968312301977,0.03402729754617782,-0.022867129654109832,-0.003345764796975632,0.0027257493602876283,0.00034256264602741313,-7.092123785049285e-06,-3.5927883676565604e-07
-0.5075000000000001,1.2244430744950086,0.030834891042789737,-0.022019690301001094,-0.0029843283905899706,0.002776593465321406,0.0003484035307328537,-7.835630686423094e-06,-4.267472320144203e-07
-0.5025,1.2316546118517633,0.0276884902108062,-0.021178270859395155,-0.0026251920326282006,0.002827101888671014,0.00035402712344821376,-8.661009157752726e-06,-5.033303627363705e-07
-0.49750000000000005,1.2389218720340243,0.024597046248346313,-0.020345457992610207,-0.0022693756162483615,0.002877147200135193,0.00035940009505984466,-9.571530856799693e-06,-5.893484748539015e-07
-0.49250000000000005,1.2462351135821212,0.021569480383791986,-0.01952391057963571,-0.0019179180637578363,0.002926605269869479,0.00036449013559587624,-1.0569985493424682e-05,-6.850338631146027e-07
-0.48750000000000004,1.2535844957031825,0.01861462286753076,-0.01871634397896374,-0.0015718706018542524,0.002975356675744172,0.00036926642531859825,-1.1658619608970008e-05,-7.905206902120735e-07
-0.48250000000000004,1.2609601493890796,0.01574115350486552,-0.01792551345844926,-0.0012322899043827765,0.0030232880327417727,0.00037370009421507214,-1.2839083264680377e-05,-9.058365869082077e-07
-0.47750000000000004,1.2683522475366662,0.01295754473376029,-0.017154197052031295,-0.0009002312208102915,0.0030702932126784907,0.00037776465862092586,-1.4112386194805471e-05,-1.0308963834350578e-06
-0.47250000000000003,1.2757510728697263,0.010272008162818256,-0.016405178115133735,-0.0005767416065707234,0.003116274425889788,0.00038143642434686437,-1.547886466519814e-05,-1.165498249623405e-06
-0.4675,1.2831470825539224,0.007692445370049507,-0.015681227853265933,-0.0002628533657663858,0.0031611431409243477,0.0003846948467354132,-1.6938159907232122e-05,-1.3093224329479486e-06
-0.4625,1.2905309685194426,0.005226403627476727,-0.014985088092895438,4.042219221618571e-05,0.003204820823521899,0.0003875228394980713,-1.8489208590621855e-05,-1.4619326851267947e-06
-0.4575,1.2978937126544434,0.0028810370670815087,-0.014319454550586044,0.00033210059229113464,0.003247239481945539,0.0003899070258911533,-2.01302453800383e-05,-1.6227803649122709e-06
-0.4525,1.3052266361982936,0.0006630736469267313,-0.013686960836535842,0.0006112295533809788,0.0032883420118163826,0.00039183792768925557,-2.1858817212264347e-05,-1.791211103308268e-06
-0.4475,1.3125214428392882,-0.0014212118807360504,-0.013090163403126904,0.0008768938074335465,0.003328082339673219,0.00039331008940861486,-2.3671808554459166e-05,-1.9664738234627025e-06
-0.4425,1.319770255199314,-0.003366018948741817,-0.0125315276192085,0.0011282193329639804,0.003366425370286292,0.0003943221372196344,-2.5565476578112925e-05,-2.1477318259344962e-06
-0.4375,1.3269656445608555,-0.00516603619101373,-0.012013415117968001,0.0013643769744631376,0.003403346748057178,0.0003948767738766834,-2.753549492139952e-05,-2.3340755848947207e-06
-0.4325,1.3341006538536666,-0.006816450709141516,-0.01153807253179988,0.0015845854346256724,0.0034388324474467847,0.00039498071270501346,-2.9577004523872418e-05,-2.524536854727212e-06
-0.4275,1.3411688140644435,-0.00831295190936241,-0.011107621692892627,0.0017881136409263177,0.0034728782111515233,0.0003946445551573052,-3.168466990537576e-05,-2.718103660596906e-06
-0.4225,1.3481641543593414,-0.009651730315370581,-0.010724051344518308,0.001974282501192756,0.003505488857610281,0.0003938826176430033,-3.3852739224495155e-05,-2.913735740704165e-06
-0.4175,1.3550812063138606,-0.010829471826929688,-0.010389210376252232,0.002142466074183465,0.0035366774813409617,0.0003927127142190289,-3.6075106485119404e-05,-3.1103800206735787e-06
-0.4125,1.3619150027265072,-0.011843347938119085,-0.010104802567386061,0.0022920921905889634,0.0035664645705934164,0.00039115590230614144,-3.8345374353672396e-05,-3.3069857294166852e-06
-0.4075,1.3686610715518153,-0.012691002453421881,-0.00987238279722393,0.0024226425672532817,0.0035948770669247524,0.000389236198873057,-4.0656916192803155e-05,-3.5025188077479763e-06
-0.40249999999999997,1.3753154255258828,-0.013370535246641618,-0.00969335465914594,0.002533652462773684,0.003621947390645434,0.00038698027453575035,-4.3002936097003006e-05,-3.695975312505738e-06
-0.39749999999999996,1.3818745480753436,-0.013880483599144554,-0.009568969397465935,0.0026247099260758053,0.003647712454765094,0.00038441713278740164,-4.53765259186949e-05,-3.8863935763424785e-06
-0.39249999999999996,1.3883353761009984,-0.014219801632755717,-0.009500326072198771,0.0026954546912363753,0.0036722126882137314,0.00038157778114665644,-4.7770718487347205e-05,-4.07286494326322e-06
-0.38749999999999996,1.3946952802128356,-0.014387838321461973,-0.009488372846740941,0.0027455767719396394,0.003695491086860374,0.0003784949004326534,-5.017853643791586e-05,-4.2545429593450424e-06
-0.38249999999999995,1.400952042966656,-0.014384314527504098,-0.009533909286892144,0.0027748148077365326,0.0037175923083272227,0.00037520251768884534,-5.259303626909361e-05,-4.430650954295171e-06
-0.37749999999999995,1.407103835616733,-0.014209299463904649,-0.00963758955626045,0.002782954211970523,0.0037385618239248524,0.00037173568752573154,-5.500734743905724e-05,-4.6004880006305075e-06
-0.37250000000000005,1.413149193856512,-0.013863186939166112,-0.00979992639250121,0.002769825168082322,0.003758445138321944,0.0003681301858728137,-5.7414706471366436e-05,-4.763433281854658e-06
-0.36750000000000005,1.4190869929726417,-0.013346671692654266,-0.01002129575061745,0.0027353005172375843,0.0037772870849042003,0.0003644222193542949,-5.98084861832488e-05,-4.9189489382906914e-06
-0.36250000000000004,1.4249164227887163,-0.012660726082608974,-0.010301942003271745,0.0026792935760484716,0.0037951312022475453,0.0003606481527573352,-6.218222026126018e-05,-5.066581488870567e-06
-0.35750000000000004,1.430636962725735,-0.011806577344029207,-0.010641983593316699,0.002601755918768829,0.0038120191947894305,0.00035684425636609647,-6.452962349533028e-05,-5.205961949259266e-06
-0.35250000000000004,1.4362483572579143,-0.010785685591769829,-0.011041419040160923,0.0025026751538931333,0.0038279904786705553,0.00035304647430324466,-6.684460804296496e-05,-5.33680478170544e-06
-0.34750000000000003,1.4417505919961777,-0.009599722705708347,-0.011500133208807233,0.002382072720713818,0.0038430818118651085,0.0003492902144620177,-6.912129613305783e-05,-5.458905820600985e-06
-0.3425,1.4471438705882567,-0.00825055220017911,-0.01201790375812635,0.0022400017271940933,0.003857327006133974,0.0003456101601305675,-7.135402963628175e-05,-5.572139320749803e-06
-0.3375,1.452428592584409,-0.006740210149215741,-0.012594407692906697,0.002076544846572719,0.00387075671702454,0.00034204010300654817,-7.353737692951796e-05,-5.676454273688898e-06
-0.3325,1.4576053323816278,-0.005070887212505987,-0.013229227952235125,0.0018918122864887328,0.003883398307096129,0.0003386127969713039,-7.566613746860078e-05,-5.7718701320394e-06
-0.3275,1.46267481932703,-0.0032449117842362936,-0.013921859974642513,0.0016859398411323448,0.0038952757767573153,0.00033535983173491046,-7.77353444599208e-05,-5.858472073627959e-06
-0.3225,1.4676379190328857,-0.001264734267976421,-0.014671718188058978,0.0014590870340109167,0.0039064097565416995,0.00033231152526951675,-7.974026599011973e-05,-5.936405926853959e-06
-0.3175,1.4724956159313647,0.0008670875348499132,-0.015478142379865277,0.00121143535636882,0.003916817554299007,0.0003294968338118409,-8.167640493690796e-05,-6.005872867226918e-06
-0.3125,1.4772489970763312,0.0031479019478584313,-0.01634040390912984,0.0009431866041091876,0.003926513250614312,0.0003269432781288611,-8.353949794521062e-05,-6.067123982755894e-06
-0.3075,1.4818992371821789,0.005574975888638487,-0.0172577117294379,0.0006545613142170767,0.003935507835763843,0.00032467688469620066,-8.532551371325703e-05,-6.120454793462129e-06
-0.3025,1.4864475848754566,0.008145506325703837,-0.018229218196525954,0.0003457973001545514,0.003943809381646192,0.00032272214042924425,-8.703065079445138e-05,-6.166199798111638e-06
-0.2975,1.4908953501236066,0.010856630770642733,-0.019254024640220867,1.714828446137411e-05,0.0039514232423679164,0.0003211019596258684,-8.865133508402172e-05,-6.20472710965678e-06
-0.2925,1.4952438927961869,0.013705436856077809,-0.02033118668495252,-0.00033111737417875576,0.003958352277489956,0.00031983766182083843,-9.01842171253216e-05,-6.2364332300087725e-06
-0.2875,1.4994946123072028,0.016688971051993236,-0.021459719307375627,-0.0006987178628877774,0.003964597092334434,0.0003189489593098903,-9.162616933988304e-05,-6.261738004822956e-06
-0.2825,1.5036489382823108,0.019804246573718546,-0.02263860162342023,-0.00108535900957889,0.003970156290191405,0.00031845395317161944,-9.297428325808532e-05,-6.28107979004046e-06
-0.27749999999999997,1.507708322191432,0.02304825053461471,-0.023866781400416745,-0.0014907352953640134,0.003975026731735061,0.0003183691366935091,-9.42258668038598e-05,-6.2949108540134e-06
-0.27249999999999996,1.511674229885456,0.026417950395497027,-0.02514317929284062,-0.0019145307889884475,0.003979203797444219,0.00031870940519147404,-9.537844166692553e-05,-6.303693032132732e-06
-0.26749999999999996,1.5155481349750122,0.0299102997612349,-0.026466692802722038,-0.002356420007996973,0.003982681649310233,0.0003194880712973933,-9.642974077970595e-05,-6.307893644953138e-06
-0.26249999999999996,1.5193315129895335,0.03352224357294634,-0.02783619996790099,-0.002816068711336924,0.003985453488596343,0.00032071688487402233,-9.737770590292043e-05,-6.307981685807238e-06
-0.25749999999999995,1.5230258362558409,0.03725072274188319,-0.029250562783108214,-0.0032931346280275597,0.003987511806877814,0.00032240605679984463,-9.822048531360134e-05,-6.304424279727424e-06
-0.25249999999999995,1.5266325694371057,0.04109267826859276,-0.030708630360348318,-0.0037872681263896113,0.003988848628035141,0.00032456428594641455,-9.895643158166474e-05,-6.2976834120924615e-06
-0.24750000000000005,1.5301531656751381,0.045045054888327975,-0.03220924183628357,-0.004298112828149478,0.003989455739288671,0.00032719878874677856,-9.958409941575353e-05,-6.288212922675534e-06
-0.24250000000000005,1.5335890632813984,0.04910480428103452,-0.033751229035292804,-0.0048253061715224435,0.003989324909748089,0.0003303153308248279,-0.00010010224355562793,-6.2764557586305015e-06
-0.23750000000000004,1.536941682924843,0.05326888788162309,-0.03533341889763634,-0.005368479927149485,0.003988448095302735,0.00033391826022170844,-0.00010050981668646407,-6.262841478318397e-06
-0.23250000000000004,1.540212425267587,0.057534279323679896,-0.036954635682721386,-0.005927260670521746,0.00398681762899704,0.0003380105418164093,-0.00010080596734987613,-6.247783996661042e-06
-0.22750000000000004,1.5434026690023506,0.06189796654731091,-0.038613702957853255,-0.006501270214282911,0.003984426396319474,0.0003425937925932748,-0.00010099003782686907,-6.231679561882083e-06
-0.22250000000000003,1.5465137692486701,0.06635695359947602,-0.04030944538310144,-0.007090126003558273,0.003981267995083444,0.0003476683174596636,-0.00010106156196921305,-6.2149049529446736e-06
-0.21750000000000003,1.5495470562678808,0.07090826215296127,-0.04204069030302205,-0.007693441477224418,0.003977336879796168,0.0003532331453622911,-0.0001010202629574947,-6.197815886692023e-06
-0.21250000000000002,1.5525038344598296,0.07554893276807269,-0.0438062691559804,-0.008310826397808826,0.003972628490597484,0.0003592860654913225,-0.00010086605096633775,-6.180745623618087e-06
-0.20750000000000002,1.555385381607186,0.0802760259192088,-0.045605018711724246,-0.008941887152495723,0.00396713936700739,0.00036582366339723296,-0.00010059902071969814,-6.164003761221266e-06
-0.2025,1.5581929483359929,0.08508662280669109,-0.04743578214768549,-0.009586227027515857,0.003960867246850273,0.0003728413568771064,-0.00010021944892179497,-6.147875204085035e-06
-0.1975,1.5609277577637855,0.08997782597259024,-0.04929740997424798,-0.010243446458012898,0.0039538111508282195,0.0003803334315147662,-9.972779155182496e-05,-6.132619300113657e-06
-0.1925,1.5635910053091295,0.09494675973777562,-0.051188760818926024,-0.010913143255309203,0.003945971453297209,0.0003882930757833082,-9.912468101313893e-05,-6.1184691326416e-06
-0.1875,1.5661838586388352,0.09999057047603728,-0.05310870207905965,-0.011594912813338076,0.003937349939861149,0.0003967124156393702,-9.841092313013878e-05,-6.105630958560312e-06
-0.1825,1.5687074577313411,0.10510642673986564,-0.05505611045226117,-0.012288348295867961,0.003927949852441674,0.0004055825485563654,-9.758749398835868e-05,-6.094283782998365e-06
-0.1775,1.5711629150368636,0.11029151925132093,-0.05702987235345044,-0.01299304080601569,0.00391777592250879,0.0004148935769591379,-9.665553661545925e-05,-6.084579061532472e-06
-0.1725,1.5735513157168393,0.11554306077037287,-0.05902888422689932,-0.013708579539429765,0.0039068343931708835,0.00042463464103526183,-9.561635750269952e-05,-6.076640521342488e-06
-0.16749999999999998,1.5758737179469882,0.1208582858521353,-0.06105205276127889,-0.01443455192242047,0.0038951330308242024,0.000434793950909023,-9.447142296834568e-05,-6.070564093190529e-06
-0.16249999999999998,1.578131153269955,0.12623445050354182,-0.0630982950152683,-0.015170543736219368,0.0038826811270537566,0.00044535881817292505,-9.322235536589608e-05,-6.066417946541519e-06
-0.15749999999999997,1.5803246269849953,0.1316688317492148,-0.06516653846084845,-0.01591613922846655,0.0038694894914612045,0.00045631568677902715,-9.187092914146238e-05,-6.064242620553973e-06
-0.15249999999999997,1.5824551185635225,0.13715872711555216,-0.06725572095097036,-0.01667092121294799,0.0038555704360722664,0.00046765016329807955,-9.041906674568426e-05,-6.064051244157706e-06
-0.14749999999999996,1.5845235820805623,0.1427014540413885,-0.06936479061786077,-0.017434471158537152,0.003840937751947873,0.0004793470465594234,-8.886883440667119e-05,-6.065829838800916e-06
-0.14249999999999996,1.5865309466532584,0.1482943492229802,-0.0714927057078079,-0.01820636926823359,0.003825606678591221,0.0004913903566881128,-8.722243777113554e-05,-6.069537697879035e-06
-0.13749999999999996,1.5884781168785562,0.15393476790050464,-0.07363843435786366,-0.018986194549135627,0.0038095938667074905,0.0005037633635587449,-8.548221742156986e-05,-6.075107837242116e-06
-0.13249999999999995,1.590365973263054,0.1596200830927527,-0.07580095431950279,-0.019773524874134054,0.0037929173348360836,0.0005164486146875207,-8.365064427787832e-05,-6.082447511566665e-06
-0.12749999999999995,1.5921953726387807,0.16534768478621872,-0.07797925263389846,-0.020567937036068063,0.003775596420336813,0.0005294279625857122,-8.173031489215828e-05,-6.0914387917347905e-06
-0.12250000000000005,1.5939671485593225,0.17111497908436182,-0.08017232526310972,-0.02136900679504268,0.0037576517251730933,0.000542682591598816,-7.972394664560709e-05,-6.101939198700827e-06
-0.11750000000000005,1.595682111671293,0.17691938732240456,-0.08237917668112475,-0.02217630891956869,0.0037391050568962177,0.0005561930442564212,-7.763437285675141e-05,-6.113782389704721e-06
-0.11250000000000004,1.5973410500566412,0.18275834515267353,-0.08459881942837418,-0.02298941722215107,0.0037199793651973953,0.0005699392471581935,-7.54645378101794e-05,-6.126778892970806e-06
-0.10750000000000004,1.5989447295417043,0.18862930160513172,-0.0868302736330108,-0.023807904589918362,0.003700298674357191,0.0005839005364218367,-7.321749171501273e-05,-6.140716887363929e-06
-0.10250000000000004,1.6004938939692595,0.19452971812744285,-0.08907256650195465,-0.024631343010855754,0.003680088011886619,0.0005980556827187685,-7.089638560227031e-05,-6.155363023780752e-06
-0.09750000000000003,1.6019892654301162,0.20045706760860632,-0.09132473178442096,-0.02545930359617519,0.003659373333620504,0.0006123829159234113,-6.850446617017979e-05,-6.170463285347623e-06
-0.09250000000000003,1.6034315444510185,0.2064088333899286,-0.09358580921038466,-0.026291356599329234,0.003638181445491748,0.0006268599494019718,-6.604507058631984e-05,-6.185743883741825e-06
-0.08750000000000002,1.604821410135799,0.2123825082668391,-0.09585484390618552,-0.027127071432149794,0.0036165399221854237,0.0006414640039665067,-6.352162125531995e-05,-6.200912189271264e-06
-0.08250000000000002,1.6061595202568644,0.21837559348482147,-0.0981308857892498,-0.02796601667856811,0.0035944770228438358,0.0006561718315201513,-6.09376205605885e-05,-6.215657692576267e-06
-0.07750000000000001,1.607446511294182,0.22438559773250377,-0.10041298894368555,-0.028807760106349393,0.003572021603968307,0.0006709597384194025,-5.829664558836269e-05,-6.229652996080547e-06
-0.07250000000000001,1.6086829984189899,0.23041003613474795,-0.10270021097831082,-0.029651868677252485,0.003549203029640286,0.0006858036085796029,-5.5602342842169876e-05,-6.242554833567206e-06
-0.0675,1.6098695754194814,0.23644642924837705,-0.10499161236848922,-0.03049790855600367,0.0035260510791635486,0.0007006789263499202,-5.2858422955409724e-05,-6.25400511647925e-06
-0.0625,1.611006814565715,0.24249230206299893,-0.10728625578297704,-0.03134544511845246,0.003502595852211085,0.0007155607991846944,-5.006865540972882e-05,-6.263632005808152e-06
-0.057499999999999996,1.6120952664109744,0.24854518300920844,-0.10958320539682903,-0.03219404295925586,0.0034788676715438232,0.0007304239801384461,-4.723686326649254e-05,-6.271051008634874e-06
-0.05249999999999999,1.613135459526762,0.25460260297628934,-0.11188152619127019,-0.0330432658994183,0.0034548969833552573,0.0007452428902125664,-4.4366917918448704e-05,-6.2758660986097155e-06
-0.04749999999999999,1.6141279001685556,0.2606620943413769,-0.11418028324131148,-0.03389267699399362,0.0034307142552846294,0.0007599916405827442,-4.1462733868515176e-05,-6.277670859923811e-06
-0.04249999999999998,1.6150730718693844,0.266721190011896,-0.11647854099177019,-0.03474183854023564,0.003406349872132469,0.0007746440547369835,-3.852826354240319e-05,-6.276049654472173e-06
-0.03749999999999998,1.6159714349582062,0.27277742248294756,-0.11877536252225625,-0.035590312086464376,0.0033818340293065912,0.0007891736905556726,-3.556749214155062e-05,-6.270578812210536e-06
-0.03249999999999997,1.6168234259999854,0.27882832291117166,-0.12106980880159365,-0.036437658441894755,0.0033571966240223973,0.0008035538623663712,-3.2584432542808115e-05,-6.260827844843981e-06
-0.02749999999999997,1.6176294571542855,0.2848714202064867,-0.12336093793206736,-0.03728343768765425,0.003332467144280507,0.000817757663007843,-2.9583120250935435e-05,-6.246360683274759e-06
-0.022499999999999964,1.6183899154491022,0.290904240142968,-0.12564780438382403,-0.03812720918919664,0.003307674555646131,0.0008317579859397925,-2.656760841007451e-05,-6.226736939392053e-06
-0.01749999999999996,1.6191051619665873,0.2969243044899956,-0.12792945821969928,-0.03896853161029681,0.0032828471858586815,0.0008455275474369142,-2.3541962880061163e-05,-6.20151319305239e-06
-0.012499999999999956,1.6197755309372328,0.3029291301646693,-0.1302049443107014,-0.0398069629287915,0.003258012607306989,0.000859038908908291,-2.0510257383415062e-05,-6.170244305323944e-06
-0.007499999999999951,1.6204013287390175,0.3089162284063573,-0.13247330154235848,-0.04064206045420867,0.003233197517415288,0.0008722644993860547,-1.7476568728742615e-05,-6.132484759239159e-06
-0.0024999999999999467,1.6209828327979612,0.3148831039740997,-0.13473356201211376,-0.04147338084740529,0.003208427616997866,0.0008851766382300428,-1.4444972116129523e-05,-6.08779002958369e-06
0.0024999999999999467,1.6215202903864927,0.32082725436745313,-0.13698475021795412,-0.04230048014231017,0.003183727486655855,0.0008977475580987777,-1.1419536530063552e-05,-6.035717983448573e-06
0.007500000000000062,1.6220139173160046,0.32674616907121184,-0.13922588223846652,-0.043122913769844534,0.0031591204613089464,0.0009099494282404196,-8.404320225461683e-06,-5.975830313532658e-06
0.012499999999999956,1.6224638965199674,0.33263732882428304,-0.14145596490453882,-0.04394023658406612,0.0031346285029770784,0.0009217543781617523,-5.403366312060312e-06,-5.907694006381055e-06
0.01750000000000007,1.622870376523983,0.3384982049128343,-0.14367399496296243,-0.04475200289055786,0.003110272071953201,0.0009331345217373185,-2.420698442615281e-06,-5.8308828480105345e-06
0.022499999999999964,1.6232334697992077,0.34432625848765314,-0.14587895823224414,-0.0455577664770522,0.0030860699965380672,0.0009440619818258005,5.396833899113253e-07,-5.74497896959707e-06
0.02750000000000008,1.6235532509956343,0.35011893990547865,-0.14806982875100597,-0.04635708064625438,0.003062039341541977,0.0009545089154658012,3.4738069410098677e-06,-5.64957443616011e-06
0.03249999999999997,1.62382975505183,0.35587368809386083,-0.15024556791943505,-0.04714949825079547,0.003038195275796133,0.0009644475397289567,6.3777316839857666e-06,-5.5442728813656055e-06
0.03750000000000009,1.62406297517786,0.3615879299388972,-0.1524051236343496,-0.04793457173021488,0.0030145509389590576,0.0009738501583142282,9.247552655193234e-06,-5.428691191880171e-06
0.04249999999999998,1.6242528607083047,0.36725907969496935,-0.15454742941856864,-0.04871185314983645,0.0029911173079507597,0.0009826891889738924,1.20794041701981e-05,-5.302461244889308e-06
0.0475000000000001,1.6243993148224904,0.37288453841535774,-0.15667140354541517,-0.04948089424136753,0.0029679030633994615,0.000990937191868892,1.4869463406354586e-05,-5.1652317025602015e-06
0.05249999999999999,1.6245021921293303,0.3784616934023572,-0.15877594815934498,-0.05024124644501239,0.002944914456543182,0.0009985668989586972,1.7613953847261476e-05,-5.016669867575213e-06
0.05750000000000011,1.6245612961144746,0.3839879176752433,-0.16085994839387935,-0.05099246095285179,0.002922155177091376,0.0010055512445390398,2.0309148584956667e-05,-4.85646360390329e-06
0.0625,1.6245763764478516,0.38946056945414176,-0.1629222714882304,-0.05173408875320092,0.0028996262226205272,0.001011863397049693,2.2951373475970434e-05,-4.684323327232234e-06
0.0674999999999999,1.6245471261501094,0.3948769916575517,-0.1649617659042425,-0.05246568067561507,0.0028773257701517735,0.0010174767922836974,2.5537010147587993e-05,-4.499984069594009e-06
0.07250000000000001,1.624473178616968,0.40023451141094474,-0.1669772604455397,-0.05318678743617028,0.002855249050639855,0.0010223651681394172,2.8062498851369067e-05,-4.3032076227556835e-06
0.0774999999999999,1.6243541045010528,0.40553043956352813,-0.1689675633810579,-0.053896959682601976,0.0028333882271885944,0.0010265026010672937,3.0524341161114036e-05,-4.093784765128182e-06
0.08250000000000002,1.6241894084514348,0.410762070209904,-0.1709314615754705,-0.05459574803884174,0.0028117322779021704,0.0010298635443743917,3.2919102513349264e-05,-3.8715375767332265e-06
0.08749999999999991,1.6239785257118136,0.41592668021300017,-0.17286771962936823,-0.05528270314844844,0.0027902668843799746,0.0010324228685614013,3.524341458883936e-05,-3.636321846887245e-06
0.09250000000000003,1.623720818579095,0.4210215287242815,-0.1747750790324528,-0.055957375716389146,0.002768974326969031,0.0010341559038792184,3.7493977534605476e-05,-3.3880295789212554e-06
0.09749999999999992,1.6234155727250175,0.4260438566968788,-0.17665225733343035,-0.0566193165485848,0.0027478333879993053,0.0010350384853049955,3.966756202676008e-05,-3.126591596029523e-06
0.10250000000000004,1.623061993384472,0.4309908863869156,-0.17849794733076443,-0.057268076588601,0.0027268192643444644,0.0010350470001509295,4.176101117540667e-05,-2.85198025194905e-06
0.10749999999999993,1.6226592014152679,0.4358598208379563,-0.18031081628895568,-0.05790320695083255,0.002705903490773689,0.0010341584385329026,4.377124227442159e-05,-2.5642122495325324e-06
0.11250000000000004,1.622206229235298,0.4406478433431743,-0.18208950518557845,-0.05852425894950719,0.002685053875686706,0.0010323504469402505,4.5695248399941006e-05,-2.2633515695790514e-06
0.11749999999999994,1.6217020166443934,0.44535211687953574,-0.18383262799489652,-0.05913078412281909,0.0026642344509554662,0.0010296013851624239,4.7530099863377144e-05,-1.949512511293483e-06
0.12250000000000005,1.621145406539592,0.44996978350804595,-0.18553877101453906,-0.05972233425149915,0.002643405437729764,0.0010258903868429398,4.927294552653104e-05,-1.622862844552673e-06
0.12749999999999995,1.6205351405341284,0.4544979637339048,-0.18720649224240965,-0.06029846137113991,0.0026225232301987154,0.001021197423945799,5.0921013988771326e-05,-1.2836270726337257e-06
0.13250000000000006,1.619869854492164,0.4589337558203023,-0.18883432081175983,-0.06085871777762139,0.0026015403994352902,0.0010155033754339568,5.247161465867944e-05,-9.320898022691664e-07
0.13749999999999996,1.6191480739931379,0.46327423504955656,-0.19042075649315549,-0.06140265602503388,0.002580405719583556,0.001008790100473631,5.3922138725932566e-05,-5.685992156541699e-07
0.14250000000000007,1.6183682097416252,0.4675164529253923,-0.19196426927293075,-0.06192982891556743,0.002559064218777022,0.0010010405164919082,5.52700600524863e-05,-1.9357063647886553e-07
0.14749999999999996,1.617528552940779,0.4716574363103905,-0.19346329901864112,-0.06243978948094523,0.0025374572572977676,0.0009922386824276772,5.651293600665372e-05,1.9250982116484244e-07
0.15250000000000008,1.616627270649788,0.47569418649304046,-0.19491625524299916,-0.06293209095511515,0.0025155226355977533,0.0009823698875273455,5.764840826833247e-05,5.890815356406794e-07
0.15749999999999997,1.6156624011483358,0.47962367817943874,-0.1963215169788158,-0.06340628673809669,0.002493194734901741,0.0009714207460465281,5.8674203639644014e-05,9.955056113820298e-07
0.1625000000000001,1.6146318493338139,0.48344285840550943,-0.1976774327785673,-0.06386193035110901,0.0024704046931921363,0.0009593792982263747,5.958813490179464e-05,1.4110610870669416e-06
0.16749999999999998,1.6135333821800386,0.4871486453667441,-0.19898232085336368,-0.06429857538338692,0.0024470806194356377,0.0009462351179180532,6.038810176683735e-05,1.8349411478914874e-06
0.1725000000000001,1.61236462428948,0.4907379271638789,-0.200234469367319,-0.06471577543143527,0.00242314784894399,0.0009319794272297327,6.107209198214049e-05,2.2662493776580886e-06
0.1775,1.6111230535745427,0.4942075604647338,-0.20143213690460923,-0.06511308403188541,0.00239852924276263,0.0009166052185677428,6.163818265554108e-05,2.703996093903923e-06
0.1825000000000001,1.6098059971073,0.49755436908462863,-0.20257355312785316,-0.06549005458960629,0.002373145533944372,0.0009001073844345654,6.208454188134743e-05,3.1470948172322544e-06
0.1875,1.6084106271812986,0.500775142490466,-0.2036569196478623,-0.06584624030329635,0.0023469157234846205,0.0008824828553313523,6.240943076057129e-05,3.594358935163284e-06
0.1924999999999999,1.6069339576336557,0.5038666342367717,-0.2046804111262912,-0.06618119409145365,0.002319757528563783,0.0008637307460895187,6.261120592433569e-05,4.044498630905016e-06
0.1975,1.6053728404807392,0.5068255603457625,-0.20564217663425197,-0.06649446852238998,0.0022915878855527413,0.0008438525109228631,6.268832268613791e-05,4.496118158384515e-06
0.2024999999999999,1.603723962926293,0.5096485976479511,-0.20654034129156704,-0.06678561575283923,0.002262323509982194,0.0008228521074474006,6.263933896755041e-05,4.947713557063937e-06
0.20750000000000002,1.6019838448070012,0.5123323821049698,-0.20737300821299245,-0.06705418748071044,0.0022318815153474286,0.0008007361698572255,6.246292016262733e-05,5.397670912886606e-06
0.2124999999999999,1.6001488365472756,0.5148735071422628,-0.2081382607894682,-0.0672997349186633,0.002200180092207543,0.0007775141913697141,6.2157845128105e-05,5.844265285715395e-06
0.21750000000000003,1.5982151177025383,0.5172685220261598,-0.20883416533421972,-0.0675218087964437,0.0021671392485351137,0.0007531987159578345,6.172301351000468e-05,6.285660438057754e-06
0.22249999999999992,1.5961786961785607,0.5195139303276548,-0.20945877412535044,-0.06771995940131359,0.002132681611667481,0.0007278055392690192,6.115745464136539e-05,6.719909515347077e-06
0.22750000000000004,1.5940354082235895,0.5216061885241042,-0.21001012887841905,-0.06789373666744503,0.0020967332914973024,0.0007013539184831928,6.0460338270164735e-05,7.144956843243579e-06
0.23249999999999993,1.5917809193001078,0.5235417048000528,-0.21048626468435905,-0.06804269032682277,0.002059224803707089,0.0006738667906840818,5.963098740025613e-05,7.55864102336628e-06
0.23750000000000004,1.5894107259542494,0.5253168381196435,-0.21088521444997457,-0.06816637013600946,0.0020200920508918873,0.0006453709991009537,5.866889354978815e-05,7.958699523620323e-06
0.24249999999999994,1.5869201588131423,0.5269278976555817,-0.21120501388008736,-0.06826432619506385,0.0019792773583190695,0.0006158975263179283,5.7573734750684244e-05,8.3427749737603e-06
0.24750000000000005,1.584304386853897,0.5283711426735322,-0.21144370704219476,-0.06833610937695005,0.0019367305598338859,0.0005854817332376217,5.6345396625774416e-05,8.708423389140027e-06
0.25249999999999995,1.581558423102572,0.5296427829861485,-0.21159935255617965,-0.06838127188791603,0.0018924101280321745,0.0005541636022186519,5.4983996887116616e-05,9.05312455560787e-06
0.25750000000000006,1.5786771319372608,0.5307389801077009,-0.21167003045311358,-0.0683993679815219,0.0018462843412790334,0.0005219879823756305,5.348991359533594e-05,9.374294815053575e-06
0.26249999999999996,1.575655238186388,0.5316558492585233,-0.2116538497484672,-0.06838995485122315,0.0017983324784549793,0.0004890048345280394,5.1863817504107284e-05,9.669302492571007e-06
0.26750000000000007,1.572487338231272,0.5323894623881339,-0.2115489567759479,-0.06835259372861349,0.0017485460304592613,0.00045526947270444797,5.0106708780914966e-05,9.935486201756528e-06
0.27249999999999996,1.569167913340784,0.5329358524068708,-0.21135354432863304,-0.0682868512165357,0.0016969299154988556,0.00042084279844474434,4.821995834350412e-05,1.0170176252054141e-05
0.2775000000000001,1.5656913454852228,0.5332910188379939,-0.21106586165387234,-0.06819230088820714,0.0016435036830515712,0.000385791523391321,4.6205353974026694e-05,1.037071935951671e-05
0.2825,1.5620519358958609,0.5334509351251799,-0.21068422534741296,-0.06806852518516876,0.0015883026891297825,0.00035018837481778323,4.406515126770541e-05,1.0534506828053746e-05
0.2875000000000001,1.558243926655384,0.5334115578537978,-0.21020703119011855,-0.06791511764814734,0.0015313792231126738,0.000314112277812733,4.180212933394284e-05,1.0659006319123323e-05
0.2925,1.5542615256218342,0.5331688381676952,-0.2096327669672062,-0.06773168551567131,0.0014728035639936976,0.0002776485068218838,3.941965099083228e-05,1.0741797262114799e-05
0.2975000000000001,1.5500989350035632,0.5327187356857546,-0.20896002630479715,-0.06751785272534426,0.0014126649414552992,0.00024088879816751236,3.6921726976251605e-05,1.0780609872373928e-05
0.3025,1.5457503839137838,0.5320572352431396,-0.20818752355134051,-0.06727326335186613,0.001351072374793555,0.00020393141402944113,3.4313083435309e-05,1.0773367636652742e-05
0.3075000000000001,1.5412101652388486,0.5311803667997708,-0.20731410972169548,-0.06699758551399075,0.0012881553604524038,0.00016688114721782524,3.159923163460453e-05,1.0718232994572147e-05
0.3125,1.5364726771523312,0.5300842288714741,-0.20633878950881426,-0.06669051577938444,0.001224064376886115,0.00012984925493778746,2.8786538498781924e-05,1.0613655788079447e-05
0.3174999999999999,1.5315324695948596,0.5287650158455816,-0.20526073935149777,-0.06635178409155126,0.001158971173769548,9.295330869699299e-05,2.5882296166889252e-05,1.0458423868125703e-05
0.3225,1.5263842960145877,0.5272190495401414,-0.2040793265260056,-0.06598115923634887,0.0010930688113609587,5.631694661260888e-05,2.2894788333335217e-05,1.02517150396973e-05
0.3274999999999999,1.5210231706218769,0.5254428153516096,-0.2027941292037658,-0.06557845485686183,0.0010265714152571204,2.0069513727307907e-05,1.9833350681718535e-05,9.99314929597191e-06
0.3325,1.5154444313505895,0.5234330033068028,-0.2014049573864714,-0.06514353601427075,0.0009597136120562717,-1.565442434662599e-05,1.6708422257507016e-05,9.682840044324737e-06
0.3374999999999999,1.5096438086334105,0.5211865542874787,-0.19991187459292104,-0.06467632627861117,0.0008927496127697878,-5.071570894104087e-05,1.3531584181657641e-05,9.32144277010671e-06
0.3425,1.503617499985855,0.518700711626405,-0.19831522012869124,-0.06417681531678182,0.0008259519134266606,-8.497137066575088e-05,1.0315581712536299e-05,8.91019932993961e-06
0.3474999999999999,1.4973622502491646,0.5159730781782869,-0.19661563171989574,-0.06364506692572346,0.0007596095864253455,-0.00011827557861969385,7.074325357140162e-06,8.45097583085139e-06
0.35250000000000004,1.490875437162771,0.5130016788436403,-0.1948140682360371,-0.0630812274363613,0.0006940261420336075,-0.00015048076599454737,3.822866559048462e-06,7.946291854947055e-06
0.35749999999999993,1.484155161719894,0.5097850283652755,-0.19291183216479132,-0.06248553438884049,0.000629516947216589,-0.00018143893796224376,5.773435016781832e-07,7.399338655602469e-06
0.36250000000000004,1.4772003425041114,0.5063222040229748,-0.19091059143457484,-0.06185832535214507,0.0005664061988405966,-0.00021100316291420762,-2.645107186405328e-06,6.813983907612876e-06
0.36749999999999994,1.4700108129114615,0.5026129226210847,-0.18881240011063793,-0.061200046731966225,0.0005050234603274767,-0.00023902924202357098,-5.826476498925253e-06,6.194760669350804e-06
0.37250000000000005,1.4625874198356899,0.49865762089699583,-0.18661971741972208,-0.060511262380540005,0.00044569978498946864,-0.0002653775447289502,-8.948049692313242e-06,5.546838438446592e-06
0.37749999999999995,1.4549321220411005,0.49445753817937604,-0.18433542449039234,-0.05979266179229021,0.00038876346537675995,-0.000289914989179939,-1.1990615056704991e-05,4.8759745786299014e-06
0.38250000000000006,1.4470480860798096,0.4900147998005763,-0.18196283813527292,-0.059045067640974364,0.00033453546566296994,-0.0003125171371488601,-1.4934714751979926e-05,4.188444981166112e-06
0.38749999999999996,1.4389397772444927,0.4853324994286869,-0.1795057209527443,-0.05826944238944902,0.0002833246128144784,-0.0003330703627477545,-1.7760935659154372e-05,3.490953605410208e-06
0.39250000000000007,1.4306130427053771,0.4804147781467988,-0.17696828699508602,-0.05746689368421961,0.0002354226412518758,-0.00035147404399183904,-2.0450235906154795e-05,2.790521507582577e-06
0.39749999999999996,1.4220751836874326,0.4752668977899603,-0.1743552022439397,-0.05663867823588161,0.0001910992039056237,-0.00036764271646631315,-2.2984300228026338e-05,2.094357083452637e-06
0.4025000000000001,1.413335013330463,0.46989530577844174,-0.17167157915876718,-0.05578620388572458,0.0001505969787854248,-0.0003815081198617268,-2.534591475709387e-05,1.409710463949036e-06
0.4075,1.4044028967734241,0.46430768848670534,-0.16892296462564219,-0.054911029570385184,0.00011412701306984544,-0.0003930210618079496,-2.7519349394011443e-05,7.437162349691899e-07
0.4125000000000001,1.395290770047017,0.4585130100903168,-0.16611532073705335,-0.05401486292240503,8.186445486645535e-05,-0.00040215302015163913,-2.9490733803191985e-05,1.032298059793647e-07
0.4175,1.3860121345744933,0.4525215338666455,-0.1632549979812939,-0.053099555286234446,5.3944824836296945e-05,-0.0004088974054158904,-3.124841153860716e-05,-5.05336285254729e-07
0.4225000000000001,1.376582024491814,0.4463448231149031,-0.1603487006126416,-0.05216709398716126,3.0460974666919594e-05,-0.0004132704103208,-3.278325606327042e-05,-1.0761691856515675e-06
0.4275,1.3670169446162233,0.43999571922525704,-0.15740344420771096,-0.051219591764346276,1.1460866115151511e-05,-0.00041531138332294643,-3.408893266804416e-05,-1.6041984600021768e-06
0.4325000000000001,1.3573347777138702,0.43348829497349717,-0.15442650568198843,-0.05025927336688411,-3.0537172619871075e-06,-0.00041508267817256573,-3.5162091644176656e-05,-2.085217779405641e-06
0.4375,1.3475546607219637,0.42683778184168547,-0.15142536633258097,-0.049288459410545195,-1.3127443170790743e-05,-0.0004126689510638556,-3.6002480551922343e-05,-2.5159793537631437e-06
0.4424999999999999,1.3376968307300392,0.42006047104536837,-0.14840764877376766,-0.04830954769824052,-1.8850642464445868e-05,-0.00040817590016336164,-3.661296697231743e-05,-2.8942561571928775e-06
0.4475,1.327782442761148,0.41317358894692185,-0.1453810489232724,-0.047324992313821944,-2.0357455594460204e-05,-0.0004017284677884219,-3.6999467532245824e-05,-3.2188686912668207e-06
0.4524999999999999,1.3178333626448362,0.4061951485998043,-0.1423532644597881,-0.04633728090030527,-1.7822953885606834e-05,-0.0003934685515530634,-3.717078394759606e-05,-3.489675038559094e-06
0.4575,1.3078719394574487,0.3991437802351157,-0.1393319213866815,-0.04534891062335674,-1.145932033170424e-05,-0.000383552295468345,-3.713835194621721e-05,-3.7075251113995037e-06
0.4624999999999999,1.2979207630366154,0.3920385444981963,-0.1363245004853831,-0.0443623633925175,-1.511215924944111e-06,-0.0003721470533256945,-3.691591378188992e-05,-3.874182107744272e-06
0.4675,1.2880024128764145,0.38489873309677586,-0.13333826551091715,-0.043380080960585064,1.1749507253242969e-05,-0.0003594281329479445,-3.651912921199804e-05,-3.992216056135533e-06
0.4724999999999999,1.2781392052125256,0.3777436621681415,-0.1303801949630045,-0.042404440541683124,2.8029558413080484e-05,-0.0003455754397103383,-3.596514292462741e-05,-4.064875798083948e-06
0.47750000000000004,1.2683529452691027,0.37059246405960405,-0.12745691915744217,-0.04143773157858399,4.702022217464899e-05,-0.0003307701403279458,-3.527212821164271e-05,-4.095946697311665e-06
0.48249999999999993,1.2586646914444284,0.36346388331262747,-0.12457466412932179,-0.040482134249758966,6.840342630572243e-05,-0.00031519146315385314,-3.4458827073910865e-05,-4.0896017194321085e-06
0.48750000000000004,1.2490945376729856,0.35637608243829794,-0.12173920363408401,-0.03953970023864868,9.185766217996674e-05,-0.000299013739687078,-3.3544105943404646e-05,-4.050253297726576e-06
0.49249999999999994,1.2396614193576407,0.34934646258661756,-0.11895582019193449,-0.038612336196097385,0.00011706357492299335,-0.00028240377480048915,-3.2546543980249886e-05,-3.982412655972855e-06
0.49750000000000005,1.2303829471807737,0.34239150348318914,-0.11622927576710539,-0.03770179021780703,0.00014370906692806327,-0.0002655186119658876,-3.148406772828994e-05,-3.8905621122704714e-06
0.5025,1.2212752718574587,0.3355266260910094,-0.11356379230883246,-0.03680964153917523,0.00017149379156645444,-0.00024850373632511824,-3.0373642134714056e-05,-3.7790444822420485e-06
0.5075000000000001,1.2123529815750897,0.32876608042066086,-0.11096304202819787,-0.035937293527554794,0.00020013295073426134,-0.0002314917347166994,-2.9231023925670332e-05,-3.6519721887728403e-06
0.5125,1.2036290325591055,0.32212285983209155,-0.1084301469641089,-0.03508596993411713,0.000229360347572393,-0.0002146014094385449,-2.8070579425918928e-05,-3.513157210909526e-06
0.5175000000000001,1.1951147119917473,0.3156086421154066,-0.1059676871184744,-0.03425671426054077,0.000258930681710739,-0.00019793732300698487,-2.6905165404566414e-05,-3.366061683265307e-06
0.5225,1.18681963145311,0.3092337566679573,-0.10357771622591991,-0.03345039200474761,0.00028862110660692573,-0.00018158973544008634,-2.5746068629205262e-05,-3.2137678713840465e-06
0.5275000000000001,1.1787517481953085,0.3030071762483792,-0.1012617840725324,-0.03266769547829785,0.0003182320954470054,-0.00016563488417138938,-2.460299763588372e-05,-3.058965442126999e-06
0.5325,1.1709174109254632,0.29693653111727586,-0.09902096419146947,-0.0319091508375209,0.00034758768275557864,-0.0001501355496778597,-2.3484118805714613e-05,-2.9039534306197057e-06
0.5375000000000001,1.1633214263663163,0.29102814288483475,-0.09685588573669499,-0.031175126941057844,0.0003765351630439352,-0.00013514184700665774,-2.23961281416994e-05,-2.7506540570139065e-06
0.5425,1.155967142673097,0.28528707507872186,-0.09476676836219439,-0.03046584563687158,0.00040494433575241997,-0.00012069218406042683,-2.134435006883292e-05,-2.600635527924812e-06
0.5475000000000001,1.1488565457876152,0.27971719730950084,-0.09275345900315708,-0.02978139308952399,0.0004327063880667401,-0.00010681433103636351,-2.0332855012242242e-05,-2.455141118080723e-06
0.5525,1.141990364973008,0.2743212599246898,-0.09081546955715665,-0.02912173178050673,0.00045973250482890673,-9.352655102790924e-05,-1.93645883041311e-05,-2.3151221136400894e-06
0.5575000000000001,1.1353681840584737,0.2691009761796958,-0.08895201458664842,-0.02848671284718913,0.00048595228877483006,-8.083874872401572e-05,-1.8441503996229972e-05,-2.1812725588216766e-06
0.5625,1.1289885552956136,0.2640571091849539,-0.0871620482992355,-0.027876088466043152,0.0005113120657884383,-6.875360169265994e-05,-1.756469829076209e-05,-2.0540641383935295e-06
0.5674999999999999,1.122849113151909,0.25918956118449765,-0.08544430020056262,-0.02728952402999168,0.0005357731397703946,-5.726764634052893e-05,-1.673453845152149e-05,-1.933779915569264e-06
0.5725,1.1169466858119976,0.2544974630550313,-0.0837973089494037,-0.026726609915186765,0.000559310050951769,-4.6372297862817225e-05,-1.5950784144070776e-05,-1.8205460035504982e-06
0.5774999999999999,1.1112774025988603,0.249979262263075,-0.0822194540702935,-0.026186872676959887,0.0005819088807488762,-3.605479003195911e-05,-1.5212699130852396e-05,-1.7143605638572327e-06
0.5825,1.1058367959456894,0.24563280786206262,-0.08070898529232168,-0.025669785556351975,0.0006035656360885887,-2.629902633957957e-05,-1.4519152084490395e-05,-1.6151197880741698e-06
0.5874999999999999,1.1006198969317056,0.24145543143704876,-0.07926404938136879,-0.0251747782163151,0.0006242847369022365,-1.7086338722097664e-05,-1.3868705970162747e-05,-1.5226407299849893e-06
0.5925,1.095621323733204,0.23744402320200672,-0.07788271441625894,-0.024701245659655872,0.0006440776224085272,-8.396153866554549e-06,-1.325969598736936e-05,-1.4366810150505048e-06
0.5974999999999999,1.0908353626306833,0.23359510271746392,-0.07656299152715602,-0.0242485563087395,0.0006629614849792761,-2.0656996573563838e-07,-1.2690296464052911e-05,-1.356955568918572e-06
0.6025,1.08625604145342,0.22990488392160033,-0.07530285416786836,-0.023816059249901596,0.0006809581348072407,7.5051511365604516e-06,-1.2158577378269222e-05,-1.2831505831090632e-06
0.6074999999999999,1.081877195536306,0.22636933435561674,-0.07410025503386798,-0.023403090663662012,0.0006980929942070953,1.4762170085998701e-05,-1.1662551363379106e-05,-1.2149349810876837e-06
0.6125,1.0776925264138035,0.2229842286157435,-0.07295314076635627,-0.023008979475611504,0.0007143942170670212,2.1587727306223007e-05,-1.1200212151567696e-05,-1.1519696687464893e-06
0.6174999999999999,1.0736956535872682,0.21974519618253927,-0.07185946460131777,-0.022633052272748578,0.0007298919265950334,2.8004863938200288e-05,-1.0769565445745756e-05,-1.0939148559175423e-06
0.6225,1.0698801597798462,0.21664776386676252,-0.07081719713289247,-0.022274637536630098,0.0007446175629244248,3.403619892176776e-05,-1.0368653197826636e-05,-1.0404357253947435e-06
0.6275,1.0662396301430184,0.21368739317401936,-0.0698243353641627,-0.021933069248514382,0.0007586033312151527,3.9703754954098615e-05,-9.995572226216633e-06,-9.912067073423237e-07
0.6325000000000001,1.0627676859057014,0.21085951293167227,-0.06887891021705084,-0.02160768992324597,0.0007718817404768967,4.502882647904993e-05,-9.648488038399678e-06,-9.459145934272215e-07
0.6375,1.0594580129653712,0.20815954754494298,-0.067978992667734,-0.021297853128435754,0.0007844852233264563,5.003188339255859e-05,-9.325644645042191e-06,-9.042606991127966e-07
0.6425000000000001,1.056304385915079,0.20558294125836024,-0.06712269866590062,-0.021002925543956153,0.0007964458271718895,5.473250474122421e-05,-9.025371066914938e-06,-8.659622561717667e-07
0.6475,1.053300687984117,0.20312517879683245,-0.06630819298620803,-0.02072228861426393,0.0008077949678019394,5.914933730561634e-05,-8.74608515026695e-06,-8.307531920202874e-07
0.6525000000000001,1.050440927346514,0.20078180275040725,-0.06553369214919058,-0.020455339842888897,0.0008185632369803435,6.330007456836082e-05,-8.486295223664025e-06,-7.983844286167192e-07
0.6575,1.0477192502229713,0.19854842805056455,-0.06479746653720342,-0.020201493774837712,0.0008287802563436239,6.72014521496307e-05,-8.244600051988965e-06,-7.68623812052206e-07
0.6625000000000001,1.0451299511703318,0.196420753865559,-0.06409784181921056,-0.019960182708855946,0.0008384745706351554,7.086925633676898e-05,-8.019687472683656e-06,-7.412557647427377e-07
0.6675,1.0426674809197762,0.19439457321947143,-0.06343319978668278,-0.019730857177625405,0.0008476735740440912,7.431834283261455e-05,-7.810332036038079e-06,-7.160807352805226e-07
0.6725000000000001,1.0403264520918467,0.19246578061543992,-0.06280197869179267,-0.019512986230162233,0.0008564034641324564,7.756266329516223e-05,-7.615391915637648e-06,-6.929145065933782e-07
0.6775,1.0381016430840373,0.19063037791898663,-0.062202673168650954,-0.01930605754700969,0.0008646892185108411,8.061529763889418e-05,-7.433805306448573e-06,-6.715874107524084e-07
0.6825000000000001,1.0359880003956647,0.18888447873313607,-0.0616338338086169,-0.019109577415346104,0.0008725545900529116,8.348849041699538e-05,-7.2645864865119e-06,-6.519434884919531e-07
0.6875,1.033980639625474,0.18722431147364466,-0.06109406645179213,-0.018923070587889477,0.0008800221170152172,8.619368990630469e-05,-7.10682168271719e-06,-6.338396229543591e-07
0.6924999999999999,1.0320748453502313,0.18564622133047867,-0.06058203124868751,-0.0187460800464964,0.0008871131449500419,8.87415887771734e-05,-6.959664851356362e-06,-6.171446701383485e-07
0.6975,1.0302660700674917,0.184146671280931,-0.060096441538728826,-0.01857816668863316,0.0008938478577646964,9.114216545194171e-05,-6.822333459354729e-06,-6.01738602857582e-07
0.7024999999999999,1.0285499323629117,0.1827222423005589,-0.05963606258570917,-0.01841890895243823,0.0009002453156932507,9.340472544331656e-05,-6.694104331549016e-06,-5.875116803836113e-07
0.7075,1.026922214441808,0.1813696329005278,-0.05919971020446292,-0.018267902393890832,0.0009063234983089937,9.553794212099014e-05,-6.574309612584392e-06,-5.743636523074641e-07
0.7124999999999999,1.0253788591461213,0.180085658103948,-0.05878624930788072,-0.01812475922763719,0.0009120993510217876,9.754989648560551e-05,-6.462332878418025e-06,-5.622030022726321e-07
0.7175,1.023915966561379,0.17886724795934575,-0.05839459239885065,-0.017989107841287842,0.0009175888337779155,9.944811563724461e-05,-6.357605421408327e-06,-5.509462349635597e-07
0.7224999999999999,1.0225297903035484,0.17771144567645392,-0.05802369802774447,-0.0178605922914699,0.0009228069709153744,0.00010123960971403429,-6.2596027243515605e-06,-5.405172080301037e-07
0.7275,1.0212167335626812,0.17661540545794285,-0.05767256923261538,-0.017738871788578813,0.0009277679013288454,0.00010293090714840063,-6.167841131895322e-06,-5.30846509314865e-07
0.7324999999999999,1.019973344968825,0.17557639009044754,-0.05734025197627998,-0.01762362017600737,0.0009324849282694386,0.00010452808814627869,-6.081874722600362e-06,-5.218708787915447e-07
0.7375,1.0187963143356638,0.17459176834917442,-0.05702583359187589,-0.017514525408617837,0.0009369705682491308,0.00010603681634076686,-6.001292380724687e-06,-5.135326739194432e-07
0.7424999999999999,1.0176824683286143,0.17365901226238956,-0.05672844124626641,-0.017411289034350404,0.0009412365986407246,0.0001074623686077784,-5.925715064012889e-06,-5.057793766560724e-07
0.7475,1.016628766096495,0.172775694275101,-0.056447240428769266,-0.017313625682111655,0.00094529410366541,0.00010880966305938478,-5.854793261448983e-06,-4.985631400484967e-07
0.7525,1.0156322948992855,0.17193948434515324,-0.056181433471070304,-0.01722126255844714,0.0009491535185430936,0.00011008328525176251,-5.788204633577326e-06,-4.918403721349053e-07
0.7575000000000001,1.0146902657587764,0.17114814699966255,-0.05593025810281856,-0.017133938954958964,0.000952824671648682,0.00011128751266030458,-5.72565182699555e-06,-4.85571354815918e-07
0.7625,1.0138000091539616,0.17039953837515964,-0.05569298604625077,-0.01705140576797196,0.0009563168245724994,0.00011242633748583012,-5.666860454085777e-06,-4.79719895323693e-07
0.7675000000000001,1.0129589707787663,0.16969160326088334,-0.055468921652232626,-0.016973425031568408,0.0009596387100264118,0.00011350348786318712,-5.6115772288334175e-06,-4.7425300796006844e-07
0.7725,1.0121647073760243,0.16902237216131646,-0.0552574005793118,-0.016899769464793785,0.0009627985675716243,0.00011452244754850117,-5.559568249514887e-06,-4.691406238379006e-07
0.7775000000000001,1.0114148826584703,0.1683899583912005,-0.05505778851672427,-0.016830222033573202,0.0009658041771709629,0.00011548647416385552,-5.510617419126292e-06,-4.6435532643534375e-07
0.7825,1.0107072633248213,0.16779255521383746,-0.05486947995176795,-0.01676457552766426,0.0009686628905890795,0.00011639861607911666,-5.464524994547829e-06,-4.598721108811976e-07
0.7875000000000001,1.0100397151767446,0.16722843303141502,-0.05469189698153161,-0.016702632152795896,0.0009713816606811424,0.00011726172801085719,-5.421106255527089e-06,-4.556681649570891e-07
0.7925,1.0094101993406244,0.16669593663431906,-0.05452448816863295,-0.01664420313800068,0.0009739670686246198,0.00011807848541731981,-5.380190284694796e-06,-4.5172266993053215e-07
0.7975000000000001,1.0088167685964868,0.1661934825148462,-0.054366727440351176,-0.01658910835802839,0.0009764253491620026,0.00011885139776759447,-5.341618849812279e-06,-4.480166193861645e-07
0.8025,1.0082575638152496,0.16571955624936657,-0.05421811303033481,-0.016537175970629845,0.0009787624139351602,0.00011958282076176969,-5.305245379520406e-06,-4.4453265435416726e-07
0.8075000000000001,1.0077308105045404,0.1652727099517488,-0.05407816646189924,-0.01648824206841313,0.0009809838730054747,0.00012027496757760585,-5.270934023874717e-06,-4.4125491311924746e-07
0.8125,1.0072348154627173,0.16485155979972363,-0.05394643157179639,-0.01644215034489771,0.0009830950546676448,0.00012092991921766884,-5.238558791150745e-06,-4.381688942264477e-07
0.8174999999999999,1.0067679635403304,0.1644547836348202,-0.053822473573229314,-0.016398751774322866,0.0009851010236784914,0.00012154963402903678,-5.208002752711764e-06,-4.352613313363949e-07
0.8225,1.0063287145080764,0.16408111863553787,-0.05370587815678774,-0.016357904304703852,0.0009870065980345534,0.00012213595646532198,-5.179157308278115e-06,-4.3252007873537386e-07
0.8274999999999999,1.0059156000302545,0.1637293590625634,-0.05359625062789695,-0.016319472563575202,0.0009888163644414057,0.0001226906251574933,-5.15192150482485e-06,-4.2993400650699704e-07
0.8325,1.0055272207427475,0.16339835407410713,-0.053493215079296386,-0.01628332757581636,0.0009905346926224613,0.00012321528035593774,-5.126201403354512e-06,-4.2749290451766045e-07
0.8374999999999999,1.0051622434346021,0.16308700560885842,-0.05339641359700089,-0.016249346492924064,0.0009921657486137946,0.00012371147080102862,-5.101909489179439e-06,-4.2518739457940345e-07
0.8425,1.0048193983322706,0.162794266333679,-0.05330550549814841,-0.016217412333082867,0.0009937135071831956,0.00012418066007350862,-5.078964122669674e-06,-4.2300885029416505e-07
0.8474999999999999,1.0044974764854824,0.16251913765297624,-0.053220166599111586,-0.016187413731390096,0.000995181763496198,0.00012462423246927968,-5.057289028847765e-06,-4.209493242058302e-07
0.8525,1.0041953272534938,0.16226066777674,-0.053140088512248655,-0.016159244699617874,0.0009965741441300118,0.00012504349843636087,-5.036812825374935e-06,-4.190014819593063e-07
0.8574999999999999,1.0039118558901292,0.16201794984445966,-0.053064977969700604,-0.016132804394939408,0.0009978941175097697,0.00012543969960511898,-5.017468589273422e-06,-4.1715854319764325e-07
0.8625,1.0036460212255849,0.16179012010252986,-0.05299455617270438,-0.01610799689710756,0.0009991450038132317,0.00012581401343711402,-4.999193463121834e-06,-4.15414228874995e-07
0.8674999999999999,1.003396833442467,0.16157635613325352,-0.05292855816498867,-0.016084730993644946,0.0010003299843626245,0.00012616755751340203,-4.9819283013084316e-06,-4.1376271460776543e-07
0.8725,1.0031633519430292,0.16137587513408103,-0.05286673222894189,-0.01606291997268021,0.0010014521104993004,0.00012650139348015818,-4.965617356306105e-06,-4.121985895842806e-07
0.8775,1.0029446833041242,0.16118793224622643,-0.052808839303386354,-0.016042481423136863,0.0010025143119205028,0.0001268165306683756,-4.950208003942363e-06,-4.107168204397147e-07
0.8825000000000001,1.0027399793160496,0.1610118189322068,-0.05275465242194494,-0.016023337042043433,0.001003519404450142,0.0001271139294047109,-4.935650505394247e-06,-4.0931271944021564e-07
0.8875,1.002548435101288,0.16084686140211338,-0.05270395617113807,-0.016005412448779587,0.0010044700972169174,0.0001273945040322274,-4.9218978023830754e-06,-4.0798191625911764e-07
0.8925000000000001,1.0023692873091419,0.1606924190885229,-0.052656546167486405,-0.01598863700610149,0.001005368999223715,0.0001276591256621461,-4.908905341036345e-06,-4.067203326403235e-07
0.8975,1.002201812382443,0.16054788316988097,-0.0526122285530115,-0.015972943647797597,0.0010062186253095788,0.0001279086246802612,-4.896630919088124e-06,-4.0552415929471484e-07
0.9025000000000001,1.0020453248928631,0.16041267514197166,-0.05257081950861492,-0.015958268712816203,0.0010070214015279937,0.00012814379303371524,-4.885034550955726e-06,-4.0438983448103903e-07
0.9075,1.0018991759418032,0.1602862454367636,-0.052532144784882835,-0.01594455178568235,0.0010077796699907208,0.0001283653863249842,-4.874078345627704e-06,-4.033140238693576e-07
0.9125000000000001,1.0017627516243732,0.16016807208752942,-0.05249603924991442,-0.01593173554298521,0.001008495693255021,0.0001285741257396311,-4.863726393397326e-06,-4.0229360143062983e-07
0.9175,1.0016354715545068,0.16005765943875253,-0.05246234645384913,-0.015919765605672546,0.0010091716583687056,0.0001287706998325202,-4.853944659721015e-06,-4.013256312861712e-07
0.9225000000000001,1.0015167874497612,0.1599545368989839,-0.0524309182099404,-0.015908590396831065,0.0010098096807481809,0.00012895576619316283,-4.844700888526352e-06,-4.0040735067158536e-07
0.9275,1.0014061817747724,0.15985825773454168,-0.05240161419247528,-0.01589816100454214,0.0010104118081920173,0.00012912995300429732,-4.835964525512343e-06,-3.995361545244786e-07
0.9325000000000001,1.0013031664426553,0.15976839790178504,-0.05237430155298545,-0.01588843104923737,0.001010980025630752,0.00012929386049782905,-4.827706689921335e-06,-3.987095831710576e-07
0.9375,1.0012072815738473,0.1596845549156342,-0.05234885455901577,-0.015879356554624274,0.0010115162619319864,0.00012944806230037192,-4.819900264492922e-06,-3.979253175264476e-07
0.9424999999999999,1.0011180943120024,0.15960634675207022,-0.05232515426654265,-0.015870895820481193,0.0010120224018118386,0.0001295931066631196,-4.812520270104194e-06,-3.9718119605319204e-07
0.9475,1.0010351976966068,0.15953341078255454,-0.05230308825347186,-0.01586300929399916,0.0010125003100556322,0.00012972951767438297,-4.805544918217632e-06,-3.9647530110501675e-07
0.9524999999999999,1.0009582095922906,0.15946540273888146,-0.05228255048051453,-0.015855659433296664,0.001012951885126814,0.00012985779713452938,-4.798958254264443e-06,-3.9580627576763677e-07
0.9575,1.00088677167664,0.1594019957092058,-0.0522634414378246,-0.01584881055246417,0.001013379182513827,0.00012997843031921727,-4.79275643627575e-06,-3.951744118118482e-07
0.9624999999999999,1.0008205484986756,0.15934287917675655,-0.05224566895327286,-0.015842428638164402,0.0010137847021150078,0.00013009190885389358,-4.786961842295457e-06,-3.9458527052341806e-07
0.9675,1.000759226676625,0.1592877581694918,-0.052229150550892306,-0.015836481167751087,0.0010141720549957322,0.00013019882039835037,-4.7816516803965075e-06,-3.9406122524379294e-07
0.9724999999999999,1.0007025146105961,0.15923635289583238,-0.05221381945581611,-0.015830937186448624,0.0010145474766669728,0.00013030017867690365,-4.777001581263191e-06,-3.9367529596804367e-07
0.9775,1.0006501447607703,0.15918840091747408,-0.052199639193104726,-0.01582576888469359,0.0010149230803832706,0.000130398547789151,-4.773278489720595e-06,-3.93633176187745e-07
0.9824999999999999,1.0006018897122828,0.15914367310290464,-0.05218663849731616,-0.01582095963743264,0.0010153229679438556,0.000130501478852316,-4.770369385954864e-06,-3.9437313548702986e-07
0.9875,1.0005576535747704,0.15910206513949157,-0.05217499449430827,-0.015816536040006813,0.0010157904829990873,0.00013063006801468437,-4.765112828098199e-06,-3.960734019580044e-07
0.9924999999999999,1.0005179768380659,0.15906410447323718,-0.05216523158807109,-0.015812677324880817,0.0010163756387805338,0.00013082980699967664,-4.742093450241756e-06,-3.9424320325663435e-07
0.9975,1.0004868139656153,0.15903374365448175,-0.052158699035285284,-0.01581001668654851,0.0010170038057366214,0.00013112307722479917,-4.667288247616918e-06,-3.6718555244344155e-07
