-0.9975,1.0011692780405848,0.461695375963833,-0.33160789607811914,0.08316846354265574,-0.01303001075007539,-0.10091615053480293
-0.9925,1.0012464966701553,0.46161511663976085,-0.3316281048199535,0.08316972439812069,-0.013020551059177047,-0.10090271851112136
-0.9875,1.0013303839629304,0.46152856867796865,-0.3316470137996513,0.08317512815852497,-0.01300614676869919,-0.10088606673632539
-0.9825,1.0014210446628942,0.46143547710155974,-0.3316655443725247,0.08318324965464696,-0.012988502158684443,-0.1008676309300739
-0.9775,1.001518751143268,0.46133549218480424,-0.3316841967749607,0.0831934101593042,-0.012968403393950797,-0.10084803809250348
-0.9725,1.0016238713163514,0.46122820501861966,-0.33170326409067746,0.08320529788756933,-0.012946188645593174,-0.10082752808873703
-0.9675,1.001736834582084,0.46111316414885023,-0.33172293455216234,0.08321878520202154,-0.012921975537393618,-0.10080615695044584
-0.9625,1.0018581163310238,0.4609898830476115,-0.3317433391888368,0.08323384072039809,-0.012895772402657206,-0.10078389572410242
-0.9575,1.0019882316438997,0.46085784311083683,-0.3317645721439159,0.08325048759131184,-0.012867533882896605,-0.10076067937875563
-0.9525,1.0021277335136765,0.4607164944580892,-0.33178669755905527,0.08326878427883351,-0.012837189522622037,-0.10073643154471804
-0.9475,1.0022772129895432,0.4605652556612195,-0.3318097513166761,0.08328881589433526,-0.012804658401659938,-0.10071107673156662
-0.9425,1.0024372995851323,0.460403512976732,-0.3318337435096881,0.08331068961563441,-0.012769855303262894,-0.10068454486672582
-0.9375,1.0026086609180975,0.4602306193747374,-0.3318586655747043,0.08333453066000504,-0.012732690719737278,-0.10065677020245613
-0.9325,1.002792001221449,0.46004589349127895,-0.3318845033794987,0.08336047732002595,-0.012693066268866534,-0.10062768614279632
-0.9275,1.0029880590919433,0.45984861852212405,-0.3319112544169688,0.08338867521961024,-0.012650867544327427,-0.10059721807410694
-0.9225,1.003197605393968,0.4596380410144203,-0.33193894477623787,0.08341927202959654,-0.012605956974105334,-0.10056527675215515
-0.9175,1.00342144238294,0.45941336950038025,-0.3319676408958256,0.08345241411078518,-0.012558169167762591,-0.10053175450193466
-0.9125,1.0036604047907218,0.45917377294659145,-0.3319974525768844,0.08348824594074207,-0.012507310293654216,-0.10049652534441826
-0.9075,1.0039153629940518,0.4589183790408238,-0.3320285266032961,0.0835269121384864,-0.012453161577607749,-0.10045944866317102
-0.9025,1.0041872277584447,0.45864627237719796,-0.33206103323761166,0.08356856101056373,-0.012395485663043113,-0.10042037484955255
-0.8975,1.0044769556685482,0.45835649261156114,-0.332095149658571,0.08361334822414133,-0.01233403383316967,-0.10037915097901005
-0.8925,1.0047855543221944,0.4580480326404546,-0.33213104459974324,0.08366143952706537,-0.012268552146712517,-0.10033562498865535
-0.8875,1.0051140866165615,0.4577198368223401,-0.3321688673176935,0.08371301211737607,-0.012198785204761491,-0.10028964769489451
-0.8825000000000001,1.0054636738368725,0.4573707992266257,-0.3322087422680111,0.08376825493390455,-0.012124477178375328,-0.10024107284546119
-0.8775,1.005835497616523,0.45699976187748154,-0.3322507692121325,0.08382736851204876,-0.012045370522484562,-0.10018975591587988
-0.8725,1.0062308010768302,0.45660551295881885,-0.332295027364108,0.08389056504742748,-0.011961203263003728,-0.10013555245350267
-0.8674999999999999,1.0066508895495565,0.4561867849593335,-0.33234158173575795,0.08395806903971151,-0.011871705829345295,-0.10007831656041984
-0.8625,1.0070971312614008,0.45574225275370284,-0.33239048993786735,0.08403011853554056,-0.011776598204280444,-0.1000178997859392
-0.8575,1.0075709582635877,0.45527053163037906,-0.3324418081295034,0.08410696671619577,-0.011675587825151127,-0.09995415043247032
-0.8525,1.0080738677675796,0.45477017528395813,-0.3324955953645431,0.08418888346429236,-0.011568368333955213,-0.09988691314034566
-0.8475,1.0086074239339926,0.4542396737906483,-0.33255191610535334,0.08427615658967744,-0.01145461903048912,-0.09981602860005688
-0.8425,1.009173260075783,0.45367745158120926,-0.33261084106640987,0.08436909253816482,-0.011334004766364043,-0.09974133329326285
-0.8375,1.0097730811857963,0.4530818654200221,-0.3326724467821461,0.08446801657301435,-0.011206176014540133,-0.09966265923144073
-0.8325,1.0104086666806682,0.4524512023943302,-0.3327368143734714,0.08457327254953466,-0.011070768918201688,-0.09957983370802204
-0.8275,1.0110818732600495,0.45178367791561536,-0.33280402795233904,0.08468522246922724,-0.010927405217780998,-0.09949267909612435
-0.8225,1.011794637802084,0.4510774337359347,-0.33287417300028976,0.08480424600160487,-0.010775692039180274,-0.09940101271691625
-0.8175,1.0125489802434746,0.450330535985404,-0.33294733492949885,0.08493074011802976,-0.01061522158033195,-0.09930464678688936
-0.8125,1.0133470064182073,0.4495409732422363,-0.3330235979172448,0.085065118917892,-0.0104455707542401,-0.09920338843729071
-0.8075,1.014190910849087,0.44870665465335446,-0.33310304401637586,0.08520781366532017,-0.01026630084252722,-0.0990970397912564
-0.8025,1.015082979499853,0.4478254081314989,-0.3331857524914414,0.08535927300823967,-0.010076957196318377,-0.09898539808389724
-0.7975,1.0160255925040034,0.4468949786643032,-0.33327179930915746,0.08551996332580296,-0.009877069001771054,-0.09886825581479261
-0.7925,1.0170212268919707,0.44591302678254824,-0.3333612567141515,0.08569036914294959,-0.00966614911239337,-0.09874540092749458
-0.7875,1.0180724593431951,0.44487712724909306,-0.33345419283667044,0.0858709935563832,-0.009443693941856323,-0.0986166170141255
-0.7825,1.0191819689951718,0.44378476804648237,-0.33355067129962923,0.08606235862820359,-0.00920918340855611,-0.09848168354379583
-0.7775,1.0203525403471414,0.442633349758373,-0.3336507508119308,0.08626500571670091,-0.008962080924548798,-0.09834037611145535
-0.7725,1.0215870662990656,0.4414201854544318,-0.3337544847495123,0.08647949572544433,-0.008701833424403857,-0.0981924666998264
-0.7675,1.022888551361985,0.44014250119519543,-0.33386192073280757,0.0867064092607869,-0.008427871432450296,-0.09803772394260321
-0.7625,1.0242601150574886,0.4387974372661939,-0.3339731002079014,0.08694634669468865,-0.00813960916915968,-0.09787591337371644
-0.7575000000000001,1.0257049954852842,0.4373820502230858,-0.3340880580278415,0.0871999281353579,-0.007836444699118168,-0.09770679764679606
-0.7525,1.027226552974287,0.4358933157774996,-0.3342068220103737,0.08746779331359347,-0.007517760124731707,-0.09753013671256011
-0.7475,1.0288282736443501,0.43432813247736984,-0.33432941242016323,0.08775060139828318,-0.007182921832164182,-0.09734568795085458
-0.7424999999999999,1.0305137725998763,0.43268332604372556,-0.33445584129063594,0.08804903075986681,-0.006831280799583811,-0.09715320626883191
-0.7375,1.032286796368453,0.43095565413452475,-0.3345861114686519,0.08836377870449523,-0.006462172982834266,-0.09695244419644754
-0.7324999999999999,1.0341512241098654,0.42914181123892586,-0.3347202152418004,0.08869556120234899,-0.006074919799989312,-0.09674315203283956
-0.7275,1.036111067079332,0.42723843338915635,-0.3348581324015466,0.0890451126293108,-0.005668828743294393,-0.09652507811866565
-0.7224999999999999,1.0381704658563482,0.4252421024351811,-0.33499982761247643,0.08941318553066924,-0.005243194153804426,-0.09629796932578705
-0.7175,1.0403336849591733,0.4231493497712964,-0.3351452470015105,0.08980055039870434,-0.004797298199475392,-0.09606157186264377
-0.7125,1.0426051046493132,0.4209566596266744,-0.33529431394820025,0.09020799543444004,-0.004330412100507576,-0.09581563248843208
-0.7075,1.0449892099643394,0.418660472305501,-0.33544692413852545,0.09063632624070421,-0.003841797645657619,-0.0955599002112863
-0.7025,1.047490577257231,0.4162571880398365,-0.33560294002503094,0.09108636537326814,-0.0033307090398514297,-0.09529412851745218
-0.6975,1.050113858712932,0.41374317234356783,-0.33576218489822757,0.09155895166380762,-0.002796395117190422,-0.09501807814495367
-0.6925,1.0528637654085202,0.4111147638769477,-0.3359244368024817,0.09205493922634954,-0.0022381019453635007,-0.09473152038313286
-0.6875,1.0557450494501437,0.4083682858148544,-0.33608942251512297,0.09257519606934256,-0.0016550758389087441,-0.09443424085537092
-0.6825,1.0587624855533055,0.4055000615534155,-0.33625681175041333,0.09312060225744394,-0.0010465667911046818,-0.09412604373125719
-0.6775,1.0619208521595254,0.40250643531625474,-0.3364262116608715,0.09369204759689138,-0.0004118323286011391,-0.09380675631847168
-0.6725,1.0652249118538908,0.399383797886132,-0.33659716160536846,0.09429042885044427,0.00024985821022806417,-0.09347623400213645
-0.6675,1.0686793905295344,0.3961286173554176,-0.3367691280581558,0.09491664651635305,0.00093921897292816,-0.09313436552577456
-0.6625,1.072288954498765,0.3927374745205557,-0.3369414994653578,0.09557160122563353,0.0016569424653194783,-0.09278107863684244
-0.6575,1.076058184621098,0.389207102382866,-0.3371135808286521,0.0962561898201717,0.0024036939957362917,-0.09241634614443259
-0.6525000000000001,1.0799915465237628,0.3855344291737938,-0.3372845878139537,0.09697130117066513,0.003180105687562428,-0.0920401924518675
-0.6475,1.0840933561207209,0.38171662438090787,-0.3374536402406929,0.09771781178040785,0.003986770057759183,-0.09165270062955001
-0.6425000000000001,1.0883677398602416,0.3777511473731771,-0.33761975489268814,0.09849658120246127,0.004824233163370595,-0.09125402008320098
-0.6375,1.0928185894063653,0.3736357983614879,-0.33778183768960623,0.09930844727842059,0.005692987325863394,-0.09084437485127049
-0.6325000000000001,1.0974495107447861,0.3693687715363467,-0.33793867535433386,0.10015422119082674,0.00659346345477235,-0.09042407253587702
-0.6275,1.10226376796794,0.36494871026489967,-0.3380889267959232,0.10103468231106147,0.007526023007286536,-0.08999351383741189
-0.6225,1.1072642222217208,0.3603747641869425,-0.33823111449495347,0.10195057282134969,0.008490949638648942,-0.08955320262675256
-0.6174999999999999,1.112453266486566,0.35564664792518697,-0.3383636162279163,0.10290259209290319,0.009488440618906425,-0.08910375645271867
-0.6125,1.117832757028831,0.3507647009331525,-0.338484657502681,0.10389139081078573,0.010518598113877242,-0.08864591734690425
-0.6074999999999999,1.1234039425093891,0.3457299477671564,-0.33859230510270527,0.10491756484787491,0.011581420451370117,-0.08818056275358947
-0.6025,1.1291673918890703,0.34054415781192027,-0.338684462157254,0.10598164890348948,0.0126767935168003,-0.08770871637908811
-0.5974999999999999,1.1351229224331747,0.33520990323574057,-0.3387588651705221,0.10708410993546358,0.013804482444454867,-0.08723155872280487
-0.5925,1.1412695292903885,0.32973061372087203,-0.3388130834538052,0.1082253404268689,0.014964123790715964,-0.0867504370221233
-0.5875,1.1476053182975465,0.32411062632389004,-0.33884452140907195,0.10940565153994666,0.01615521839243404,-0.08626687431624057
-0.5825,1.15412744382691,0.3183552286825393,-0.3388504241052073,0.11062526622025708,0.017377125126144387,-0.08578257731202191
-0.5775,1.160832053628682,0.3124706937112858,-0.3388278865647981,0.11188431232389251,0.01862905579069598,-0.0852994427200469
-0.5725,1.167714242708404,0.30646430392740587,-0.3387738671347866,0.11318281585018106,0.019910071335889477,-0.08481956172361588
-0.5675,1.1747680182978542,0.30034436363109074,-0.3386852052449153,0.11452069437174094,0.021219079651787754,-0.0843452222497679
-0.5625,1.1819862779159314,0.29412019732979783,-0.3385586437623267,0.11589775076272395,0.022554835116581316,-0.08387890873088409
-0.5575,1.189360802376597,0.2878021330367827,-0.33839085603312263,0.11731366733296383,0.023915940074681875,-0.08342329907800537
-0.5525,1.1968822654386455,0.2814014693273078,-0.33817847758039976,0.11876800047492209,0.025300848380930403,-0.08298125862747101
-0.5475,1.2045402618012633,0.2749304251137573,-0.3379181423584692,0.12026017590505023,0.026707871101875336,-0.08255583085243542
-0.5425,1.2123233558324449,0.268402070528807,-0.33760652357686305,0.12178948449064897,0.028135184413092467,-0.08215022460174659
-0.5375,1.2202191559870743,0.2618302350164514,-0.3372403788857418,0.12335507839564952,0.029580839669025645,-0.08176779743231843
-0.5325,1.22821486131953,0.25522928954959806,-0.3368146798350207,0.12495848566202657,0.0310449798436067,-0.0814108484819622
-0.5275000000000001,1.2362971343194198,0.24861410959257743,-0.33632347017493286,0.12660243511014346,0.03252864807222404,-0.08108153056868408
-0.5225,1.2444499906274507,0.24200052834122104,-0.33576908536537886,0.12827887777210714,0.03402352491241894,-0.08078699361824322
-0.5175000000000001,1.2526579803129094,0.23540447137496875,-0.3351493643693067,0.12998604994341084,0.03552704934238593,-0.08053102499177234
-0.5125,1.2609053204850391,0.22884201443478264,-0.33446219702774593,0.13172240809725516,0.03703691852384699,-0.08031727784291615
-0.5075000000000001,1.2691759981416577,0.222329256853344,-0.33370573149929617,0.13348639317269365,0.038550871005326955,-0.08014940478186874
-0.5025,1.2774538362177013,0.2158822024977653,-0.33287876593291604,0.13527602122023782,0.040066420364155524,-0.0800311076529374
-0.49750000000000005,1.285722733840859,0.20951660840863362,-0.33198038504407984,0.13708936603253943,0.041581233011367784,-0.07996595730031866
-0.49250000000000005,1.2939668294431517,0.20324785989105765,-0.3310098871395901,0.13892464460893544,0.04309312526948919,-0.07995745493477055
-0.48750000000000004,1.3021704645383512,0.19709088570376077,-0.32996758688735345,0.14077938474208831,0.044599613471772985,-0.08000905139607235
-0.48250000000000004,1.3103185695353967,0.19106000674034043,-0.32885370560920907,0.1426516500941947,0.04609865718071829,-0.08012395309178723
-0.47750000000000004,1.318396575153301,0.1851688846198594,-0.3276692830463464,0.14453906029771113,0.04758804675751546,-0.0803052902570535
-0.47250000000000003,1.3263906129107725,0.17943042550021396,-0.3264157742758124,0.1464392595334211,0.04906574877028869,-0.0805559448531575
-0.4675,1.3342876110783315,0.17385671968247854,-0.3250950131885942,0.14834992185468046,0.050529860050189605,-0.08087859495086026
-0.4625,1.3420753428334062,0.16845899952529014,-0.323709324155487,0.1502686383364581,0.0519785550499985,-0.08127570320366678
-0.4575,1.3497424975830186,0.16324760532026186,-0.3222614558672327,0.15219297935923162,0.05341013371850925,-0.08174947871887903
-0.4525,1.3572787285733043,0.15823196732165376,-0.32075454213876875,0.15412051077792627,0.05482302293512914,-0.0823018688454685
-0.4475,1.364674685364164,0.1534206007223722,-0.3191920575478954,0.15604881234221643,0.05621577847416895,-0.08293455349147526
-0.4425,1.3719220331682531,0.14882111242840326,-0.31757776290669126,0.15797549525594587,0.05758707273190362,-0.0836489556741067
-0.4375,1.3790134431681313,0.14444021972697327,-0.3159157235103815,0.15989816345576188,0.05893567964053108,-0.08444622819206352
-0.4325,1.3859425808435024,0.14028377552543408,-0.3142102818308544,0.16181443122435354,0.060260516100385415,-0.08532720830475438
-0.4275,1.392704132192978,0.13635679764377034,-0.3124657910842035,0.16372206538547454,0.06156058145471991,-0.08629253657595042
-0.4225,1.3992936885285694,0.13266351615126495,-0.310686985809772,0.16561870711127102,0.06283497238031363,-0.08734251284547671
-0.4175,1.4057078064786075,0.12920740566755112,-0.3088784782791969,0.1675022166521816,0.06408289874280709,-0.08847722437017012
-0.4125,1.4119438983467234,0.12599123954997538,-0.3070450334544256,0.16937041983371606,0.06530360550109214,-0.08969651407892192
-0.4075,1.418000201000768,0.12301713405670227,-0.3051914562050515,0.1712212029322984,0.06649644000265736,-0.0909999499743284
-0.40249999999999997,1.4238757411601788,0.12028659570075156,-0.30332247037727755,0.1730525524501447,0.06766080246821458,-0.09238689175463481
-0.39749999999999996,1.4295702669665868,0.1178005707775921,-0.3014427552114857,0.17486250563211567,0.06879613095249175,-0.09385648695487994
-0.39249999999999996,1.4350841942435344,0.11555949184230668,-0.29955690781056504,0.1766491656655153,0.06990190851239396,-0.09540767313155372
-0.38749999999999996,1.4404185519490307,0.1135633230646495,-0.29766940822928123,0.17841070634932368,0.07097765312012128,-0.09703919430135974
-0.38249999999999995,1.4455749278463697,0.11181160364572831,-0.2957845870840353,0.18014537483732873,0.07202290483818893,-0.0987496206844102
-0.37749999999999995,1.4505554164496193,0.11030348888819534,-0.293906588535173,0.1818514956451951,0.07303720404102039,-0.10053737829139604
-0.37250000000000005,1.4553625450763235,0.10903778993230669,-0.2920394573056718,0.18352742060012794,0.07402013013102728,-0.10240069825866084
-0.36750000000000005,1.4599992504768657,0.10801300745955904,-0.2901869772543104,0.18517161282277528,0.0749712667238296,-0.10433769452496823
-0.36250000000000004,1.4644688235896006,0.1072273658874751,-0.2883526837958825,0.18678261449499425,0.07589016566972147,-0.10634639620130351
-0.35750000000000004,1.4687748301632235,0.10667884541097376,-0.2865400234751571,0.1883589711734406,0.07677642212674966,-0.10842465451024509
-0.35250000000000004,1.4729211138049632,0.1063652063904339,-0.2847520961048,0.18989936748214367,0.07762960360035279,-0.11057027788784118
-0.34750000000000003,1.476911715206437,0.10628401762717384,-0.2829918510425883,0.19140250365475697,0.07844927636803806,-0.11278096824945057
-0.3425,1.4807508463518277,0.10643267751680058,-0.2812620152752644,0.19286715012703412,0.0792350196371883,-0.11505434057274606
-0.3375,1.484442860002615,0.10680843433968075,-0.2795650584565303,0.19429215635838454,0.07998639800537374,-0.11738796580459877
-0.3325,1.4879922060428636,0.10740840520737309,-0.2779032460864854,0.19567642090761386,0.08070297202273295,-0.11977936072473586
-0.3275,1.4914034009751524,0.10822959212936027,-0.27627863976093653,0.19701889680551787,0.08138430649511356,-0.12222599362869369
-0.3225,1.4946810002817603,0.10926889643181971,-0.27469309703908396,0.19831859280206743,0.08202997031674254,-0.12472529626566696
-0.3175,1.4978295731967197,0.11052313155317577,-0.27314827328901514,0.199574574759236,0.08263953760293878,-0.12727467444955595
-0.3125,1.5008536796963774,0.1119890344074373,-0.2716456259068668,0.20078596603527868,0.08321258776591302,-0.12987151938651217
-0.3075,1.5037578509749803,0.11366327543408514,-0.27018641321219555,0.20195194846107403,0.08374869758019597,-0.13251322623593084
-0.3025,1.506546557217178,0.11554246824878496,-0.26877177886443493,0.20307172297632203,0.084247471552226,-0.13519715723082604
-0.2975,1.509224211602163,0.11762317606195259,-0.26740264631012695,0.2041445757852365,0.08470852152421415,-0.1379206979317799
-0.2925,1.5117951383085508,0.11990192005664427,-0.2660798251840129,0.205169814317367,0.08513147681697329,-0.14068122944050268
-0.2875,1.5142635733658043,0.12237518444348401,-0.2648039460713515,0.206146816962954,0.0855159828771152,-0.143476158396056
-0.2825,1.5166336419067792,0.12503942297962556,-0.2635755375767632,0.20707498501150512,0.08586170293517073,-0.14630290222431822
-0.27749999999999997,1.5189093547011658,0.12789106325508837,-0.26239500558472967,0.20795376696349102,0.086168329448631,-0.14915889357152298
-0.27249999999999996,1.5210946030243744,0.1309265110568942,-0.2612626288720124,0.2087826610268311,0.0864355738349267,-0.1520415975330961
-0.26749999999999996,1.5231931456100076,0.13414215484413244,-0.26017860918117125,0.2095611871616678,0.0866631721986008,-0.1549484982277593
-0.26249999999999996,1.525208612383719,0.13753436855793402,-0.2591430325305601,0.21028892174186473,0.08685089027467618,-0.15787711333010787
-0.25749999999999995,1.5271444946324508,0.14109951553437203,-0.2581559143919674,0.2109654654917809,0.08699851386866801,-0.16082499363623415
-0.25249999999999995,1.5290041444989548,0.14483395121131085,-0.25721719861832265,0.21159045168725363,0.08710585540880737,-0.16378972244021797
-0.24750000000000005,1.5307907721145226,0.14873402601943386,-0.256326775074847,0.21216353496532692,0.08717274983424039,-0.16676891628991755
-0.24250000000000005,1.5325074467910913,0.15279608775054285,-0.2554844787590373,0.21268439509511217,0.08719905371386306,-0.16976022862184006
-0.23750000000000004,1.5341570947301122,0.15701648419698852,-0.2546901135963966,0.2131527180737622,0.08718463491598291,-0.17276135183358654
-0.23250000000000004,1.535742500003933,0.16139156530033766,-0.25394346197903794,0.21356818946859776,0.08712936659526133,-0.17577001927974764
-0.22750000000000004,1.5372663057004567,0.16591768521407504,-0.2532442973307086,0.21393048128647202,0.08703311147397962,-0.17878401430282534
-0.22250000000000003,1.5387310087453385,0.17059120502251962,-0.25259243831053785,0.2142391939018263,0.08689567792856787,-0.18180118517581279
-0.21750000000000003,1.540138956087825,0.17540849541885006,-0.2519878000076106,0.21449379049148853,0.0867167539192764,-0.18481947806514698
-0.21250000000000002,1.5414923390217028,0.18036593977031032,-0.25143046233031635,0.21469349786286562,0.0864957769055414,-0.18783703333186982
-0.20750000000000002,1.5427931441717206,0.18545994249916523,-0.25092101482698137,0.21483687555834124,0.08623147874386854,-0.1908525173934591
-0.2025,1.5440431952450557,0.1906869222690052,-0.25046038102098456,0.2149219715008273,0.08592167862134173,-0.19386584046517819
-0.1975,1.5452461204191787,0.19604302098206675,-0.2500379930246653,0.21496168895855555,0.08557736064962873,-0.1968702695562393
-0.1925,1.5464031087083292,0.20152475619952653,-0.24965654459403705,0.21495230676959085,0.08519607026167968,-0.19986490252983
-0.1875,1.5475154233420219,0.20712863199878617,-0.24931789762693574,0.21489078677798404,0.08477536155263445,-0.20284903774037089
-0.1825,1.548584652899964,0.2128511038845087,-0.24902146191382662,0.21477729000205598,0.08431546539113385,-0.20582078651974617
-0.1775,1.549612284161057,0.2186886446665917,-0.2487666591502072,0.21461202801267032,0.08381667634383434,-0.20877835145038873
-0.1725,1.5505997077439895,0.22463774574027812,-0.24855291693837714,0.2143952375052594,0.08327932619753838,-0.2117199844117403
-0.16749999999999998,1.5515482232694975,0.2306949178444642,-0.2483796667749211,0.21412717875851517,0.08270377521377711,-0.21464397701747007
-0.16249999999999998,1.5524590438723544,0.23685669171172322,-0.24824634550600036,0.21380813544428776,0.08209040910963669,-0.2175486578654381
-0.15749999999999997,1.553333300526793,0.24311961860262676,-0.24815239712252687,0.21343841409779246,0.08143963770062058,-0.22043239124646474
-0.15249999999999997,1.5541720462735398,0.2494802707348381,-0.24809727435890802,0.2130183433953557,0.08075189398066902,-0.22329357615681714
-0.14749999999999996,1.554976260353178,0.2559352416192763,-0.24808044008552016,0.2125482733883347,0.08002763331893607,-0.2261306453641163
-0.14249999999999996,1.555746852233922,0.2624811463076713,-0.24810136852703688,0.21202857474917958,0.0792673326989766,-0.22894206447736962
-0.13749999999999996,1.5564846655229763,0.2691146215543478,-0.24815954632806034,0.21145963804619902,0.07847148998633731,-0.23172633101474807
-0.13249999999999995,1.5571904817535003,0.27583232589536827,-0.24825447348109372,0.2108418730518008,0.07764062322383192,-0.23448197347112293
-0.12749999999999995,1.5578650240392249,0.2826309396467114,-0.24838566412904553,0.21017570808630015,0.07677526995628484,-0.23720755038897814
-0.12250000000000005,1.5585089605881908,0.289507164821514,-0.248552647252897,0.20946158939887793,0.07587598658668983,-0.2399016494366195
-0.11750000000000005,1.5591229080679467,0.29645772496611783,-0.24875496725421006,0.20869998058705402,0.07494334776538114,-0.2425628864974951
-0.11250000000000004,1.5597074348168607,0.303479364915664,-0.2489921844415355,0.20789136205566675,0.07397794581332992,-0.2451899047740502
-0.10750000000000004,1.5602630638989274,0.310568850471455,-0.24926387542929926,0.2070362305159412,0.07298039018020992,-0.24778137390907268
-0.10250000000000004,1.5607902760017858,0.3177229680035313,-0.249569633457252,0.2061350985248859,0.07195130693747534,-0.25033598912702104
-0.09750000000000003,1.5612895121791837,0.3249385239825883,-0.24990906863798643,0.20518849406502013,0.07089133830636869,-0.25285247039747366
-0.09250000000000003,1.5617611764398955,0.3322123444455092,-0.25028180813939027,0.2041969601642994,0.06980114222052447,-0.2553295616225908
-0.08750000000000002,1.562205638185391,0.33954127439860354,-0.25068749630824005,0.20316105455602312,0.06868139192262604,-0.2577660298503177
-0.08250000000000002,1.5626232344986244,0.34692217716239404,-0.25112579474049146,0.20208134937846825,0.06753277559439784,-0.26016066451495123
-0.07750000000000001,1.563014272286397,0.35435193366155476,-0.2515963823032152,0.20095843091391413,0.06635599601904897,-0.2625122767065875
-0.07250000000000001,1.5633790302778536,0.3618274416634977,-0.2520989551125918,0.19979289936667166,0.06515177027513958,-0.2648196984708932
-0.0675,1.5637177608818194,0.36934561496905477,-0.25263322647186004,0.19858536867964185,0.06392082946069984,-0.26708178214054923
-0.0625,1.564030691905828,0.37690338255869094,-0.25319892677265354,0.1973364663888652,0.06266391844631389,-0.2692973996996468
-0.057499999999999996,1.5643180281397762,0.3844976876976861,-0.253795803362724,0.19604683351544813,0.061381795655764286,-0.27146544218224866
-0.05249999999999999,1.5645799528071722,0.3921254870037116,-0.2544236203826222,0.194717124494197,0.06007523287273975,-0.2735848191062879
-0.04749999999999999,1.5648166288869232,0.39978374948019835,-0.2550821585735238,0.19334800713823985,0.05874501507201755,-0.2756544579439388
-0.04249999999999998,1.5650282003085196,0.4074694555188613,-0.2557712150579978,0.1919401626388691,0.057391940273454164,-0.27767330362958315
-0.03749999999999998,1.5652147930233526,0.4151795958746996,-0.25649060309515564,0.19049428559980475,0.05601681941704318,-0.2796403181064887
-0.03249999999999997,1.5653765159547421,0.4229111706167478,-0.2572401518112756,0.18901108410503986,0.05462047625722944,-0.2815544799133269
-0.02749999999999997,1.5655134618290598,0.4306611880578034,-0.25801970590665535,0.187491279819404,0.05320374727460379,-0.2834147838116803
-0.022499999999999964,1.5656257078901186,0.43842666366632077,-0.25882912533913316,0.1859356081209459,0.05176748160303568,-0.28522024045571387
-0.01749999999999996,1.565713316498765,0.44620461896360814,-0.2596682849843958,0.1843448182642158,0.05031254097023504,-0.28696987610523644
-0.012499999999999956,1.5657763356193624,0.45399208040944145,-0.2605370742728962,0.18271967357349864,0.04883979964967178,-0.28866273238341394
-0.007499999999999951,1.5658147991945863,0.46178607827916657,-0.2614353968029014,0.18106095166501668,0.047350144421707686,-0.29029786608046726
-0.0024999999999999467,1.5658287274096867,0.469583645535345,-0.2623631699289048,0.1793694446970984,0.0458444745417281,-0.29187434900474485
0.0024999999999999467,1.5658181268470912,0.4773818166969703,-0.2633203243243459,0.17764595964726904,0.04432370171298362,-0.29339126788263253
0.007500000000000062,1.5657829905319365,0.48517762670928016,-0.2643068035172926,0.17589131861519294,0.04278875006177056,-0.29484772430884865
0.012499999999999956,1.565723297868847,0.49296810981716954,-0.26532256339746196,0.1741063591503461,0.0412405561124966,-0.29624283474874374
0.01750000000000007,1.5656390144699843,0.5007502984452249,-0.2663675716926693,0.1722919346032615,0.039680068760084605,-0.2975757305943291
0.022499999999999964,1.5655300918741333,0.5085212220873885,-0.2674418074124991,0.17044891449912983,0.03810824923707151,-0.2988455582758322
0.02750000000000008,1.5653964671563063,0.5162779062092904,-0.2685452602567211,0.16857818493249127,0.036526071072656686,-0.3000514794306946
0.03249999999999997,1.565238062427111,0.5240173711662837,-0.26967792998566015,0.1666806489816755,0.03493452004084335,-0.3011926711320037
0.03750000000000009,1.5650547842208755,0.5317366311402516,-0.2708398257494465,0.1647572271415818,0.033334594094700354,-0.30226832617846666
0.04249999999999998,1.564846522771302,0.539432693098267,-0.27203096537276844,0.16280885777330592,0.03172730328365071,-0.3032776534481247
0.0475000000000001,1.5646131511732215,0.5471025557762089,-0.2732513745914332,0.16083649756902643,0.03011366965056219,-0.3042198783181095
0.05249999999999999,1.5643545244288428,0.5547432086904682,-0.2745010862367401,0.15884112203046175,0.02849472710528267,-0.3050942431528387
0.05750000000000011,1.564070478376739,0.5623516311808833,-0.275780139363345,0.15682372595909258,0.026871521271124094,-0.3059000078631368
0.0625,1.5637608285017055,0.5699247914880685,-0.277088578315971,0.15478532395622083,0.025245109300652508,-0.3066364505388633
0.0674999999999999,1.563425368623533,0.5774596458683046,-0.27842645172999303,0.15272695093079675,0.023616559656997847,-0.3073028681577024
0.07250000000000001,1.563063869462719,0.5849531377491557,-0.2797938114605879,0.15064966261279308,0.02198695185674617,-0.30789857737284654
0.0774999999999999,1.5626760770811405,0.5924021969289693,-0.2811907114348117,0.1485545360697444,0.020357376170329355,-0.3084229153823661
0.08250000000000002,1.5622617111957922,0.5998037388233789,-0.28261720642061866,0.14644267022388394,0.018728933275678525,-0.3088752408830978
0.08749999999999991,1.5618204633638073,0.6071546637618941,-0.28407335070650785,0.14431518636712654,0.017102733860763324,-0.3092549351119283
0.09250000000000003,1.5613519950371844,0.6144518563375837,-0.2855591966851522,0.14217322867093052,0.015479898170501914,-0.3095614029773544
0.09749999999999992,1.5608559354859046,0.6216921848127784,-0.2870747933340233,0.14001796468785146,0.013861555493396762,-0.30979407428419004
0.10250000000000004,1.560331879588477,0.6288725005835841,-0.2886201845857302,0.13785058584136337,0.012248843583134742,-0.30995240505426347
0.10749999999999993,1.559779385489381,0.6359896377058694,-0.29019540758047285,0.13567230790026996,0.010642908010290485,-0.31003587894587875
0.11250000000000004,1.5591979721234184,0.6430404124851807,-0.29180049079273923,0.13348437143375608,0.009044901439189977,-0.3100440087747231
0.11749999999999994,1.5585871166076093,0.6500216231328407,-0.29343545202411414,0.13128804224284998,0.007455982824938359,-0.30997633813876424
0.12250000000000005,1.5579462515020264,0.6569300494902087,-0.2951002962538566,0.12908461176376546,0.005877316525590677,-0.3098324431495121
0.12749999999999995,1.5572747619418228,0.6637624528227843,-0.2967950133387117,0.1268753974382789,0.004310071324455584,-0.3096119342717914
0.13250000000000006,1.556571982643699,0.670515575685497,-0.2985195755533082,0.12466174304596865,0.0027554193575768256,-0.3093144582739047
0.13749999999999996,1.5558371947911764,0.6771861418601118,-0.3002739349624183,0.12244501899280136,0.0012145349415426034,-0.308939700289726
0.14250000000000007,1.5550696228043117,0.6837708563652756,-0.3020580206163666,0.12022662255019483,-0.000311406703067045,-0.30848738599388
0.14749999999999996,1.5542684310008807,0.6902664055392211,-0.30387173556097397,0.11800797803831901,-0.0018212308370578031,-0.3079572838906884
0.15250000000000008,1.5534327201576186,0.69666945719465,-0.30571495365361073,0.11579053694701626,-0.0033137647009851175,-0.3073492077170328
0.15749999999999997,1.5525615239817878,0.7029766608447487,-0.3075875161772564,0.11357577798733519,-0.0047878391302840235,-0.3066630189586596
0.1625000000000001,1.5516538055052056,0.7091846479987136,-0.30948922824490593,0.11136520706627043,-0.006242290290467549,-0.3058986294787431
0.16749999999999998,1.550708453414839,0.7152900325245573,-0.31141985498726854,0.10916035717689447,-0.007675961535119702,-0.305056004256711
0.1725000000000001,1.5497242783362224,0.7212894110763544,-0.31337911751748715,0.10696278819565493,-0.009087705388721265,-0.30413516423444076
0.1775,1.5487000090882084,0.7271793635824786,-0.3153666886675801,0.10477408657819191,-0.010476385655535929,-0.30313618926591
0.1825000000000001,1.5476342889299772,0.7329564537907995,-0.3173821884925148,0.10259586494460632,-0.011840879654845853,-0.30205922116525774
0.1875,1.5465256718237257,0.7386172298662576,-0.31942517953925686,0.10042976154468919,-0.01318008058174715,-0.30090446684695976
0.1924999999999999,1.545372618739073,0.7441582250357812,-0.32149516187987714,0.09827743959319753,-0.014492899991492274,-0.29967220155045216
0.1975,1.5441734940279177,0.7495759582751064,-0.32359156790980553,0.09614058646484237,-0.015778270403989207,-0.29836277214002327
0.2024999999999999,1.5429265619012276,0.7548669350318307,-0.32571375691468524,0.09402091273824283,-0.017035148023533425,-0.2969766004691639
0.20750000000000002,1.541629983042034,0.7600276479789416,-0.32786100941198776,0.09192015107769329,-0.01826251556715654,-0.2955141867967918
0.2124999999999999,1.54028181139171,0.7650545777931822,-0.3300325212766483,0.0898400549412007,-0.019459385193123194,-0.2939761132408614
0.21750000000000003,1.53887999114939,0.7699441939529874,-0.33222739766349,0.08778239710287758,-0.020624801519101454,-0.2923630472528357
0.22249999999999992,1.5374223540271355,0.7746929555513996,-0.3344446467431653,0.08574896797742511,-0.021757844717380213,-0.29067574509433136
0.22750000000000004,1.535906616806112,0.7792973121203964,-0.3366831732727536,0.08374157373412984,-0.022857633672219057,-0.28891505529497585
0.23249999999999993,1.5343303792416214,0.7837537044644807,-0.33894177202705994,0.08176203418752136,-0.02392332918201626,-0.28708192206812605
0.23750000000000004,1.5326911223672617,0.7880585655032982,-0.3412191211220605,0.07981218045162418,-0.024954137186485603,-0.28517738865862735
0.24249999999999994,1.5309862072507874,0.792208321125441,-0.34351377526785054,0.07789385234458922,-0.025949311996482864,-0.28320260059425256
0.24750000000000005,1.529212874256368,0.7961993910586166,-0.345824158994882,0.07600889553043343,-0.02690815950155061,-0.2811588088098756
0.25249999999999995,1.5273682428699096,0.8000281897649916,-0.34814855990421306,0.07415915838467829,-0.02783004032770403,-0.2790473726108585
0.25750000000000006,1.525449312145867,0.8036911273748772,-0.3504851219999088,0.07234648857087454,-0.028714372915518968,-0.27686976243956274
0.26249999999999996,1.5234529618356019,0.8071846106770268,-0.35283183916963784,0.07057272931538348,-0.02956063648626674,-0.27462756240643416
0.26750000000000007,1.5213759542588023,0.8105050441897289,-0.3551865488878093,0.06883971536838142,-0.030368373861745575,-0.27232247254477043
0.27249999999999996,1.519214936980845,0.8136488313436553,-0.3575469262242796,0.06714926863991988,-0.03113719410166019,-0.2699563107461344
0.2775000000000001,1.5169664463602528,0.8166123758150854,-0.3599104782506134,0.06550319350105947,-0.031866774920996564,-0.267531014331516
0.2825,1.5146269120316935,0.8193920830567022,-0.362274538945044,0.06390327174166424,-0.032556864848913014,-0.2650486412118083
0.2875000000000001,1.5121926623912807,0.8219843620826834,-0.36463626470651106,0.06235125717846604,-0.0332072850903268,-0.2625113705900812
0.2925,1.509659931152438,0.8243856275752359,-0.3669926305973123,0.06084886990954739,-0.03381793105171329,-0.2599215031575391
0.2975000000000001,1.5070248650422682,0.8265923023910694,-0.36934042744285983,0.059397790214540065,-0.034388773493755444,-0.25728146073510033
0.3025,1.5042835327103812,0.8286008205585226,-0.3716762599255442,0.057999652103651295,-0.03491985927547211,-0.25459378531325166
0.3075000000000001,1.501431934924544,0.8304076308690146,-0.37399654581762204,0.05665603652320235,-0.03541131165740578,-0.2518611374443635
0.3125,1.498466016130365,0.8320092011801814,-0.3762975165050736,0.055368464230747275,-0.035863330135428396,-0.24908629394404655
0.3174999999999999,1.4953816774555841,0.8334020235622115,-0.3785752189602818,0.05413838835909274,-0.03627618978177577,-0.24627214486147295
0.3225,1.4921747912433883,0.8345826204334095,-0.38082551932588865,0.0529671866956918,-0.03665024007607667,-0.24342168968293337
0.3274999999999999,1.488841217203455,0.8355475518455732,-0.3830441082749401,0.05185615371194271,-0.03698590321638251,-0.2405380327382938
0.3325,1.4853768202740494,0.8362934240940674,-0.38522650831315586,0.050806492385852,-0.037283671908488566,-0.23762437778645196
0.3374999999999999,1.4817774902931584,0.8368168998410807,-0.3873680831874358,0.04981930587125038,-0.03754410664107107,-0.2346840217633757
0.3425,1.4780391635811048,0.8371147099529984,-0.3894640495602314,0.04889558907714485,-0.03776783246420743,-0.23172034768476363
0.3474999999999999,1.4741578465407565,0.8371836672634352,-0.3915094911017201,0.048036220231667044,-0.03795553529950844,-0.22873681670472706
0.35250000000000004,1.4701296413837872,0.8370206824815475,-0.39349937514041755,0.04724195251618082,-0.038107957821122404,-0.22573695934200885
0.35749999999999993,1.4659507740915394,0.8366227824698715,-0.39542857199754033,0.04651340586611345,-0.038225894957977916,-0.22272436589598324
0.36250000000000004,1.4616176247159205,0.835987131116093,-0.397291877110604,0.045851059045589906,-0.038310189078461926,-0.21970267608580354
0.36749999999999994,1.4571267601181732,0.8351110530175726,-0.3990840360269423,0.04525524211251139,-0.03836172492889444,-0.21667556795735596
0.37250000000000005,1.4524749692298458,0.8339920601848303,-0.4007997723176434,0.04472612939882274,-0.038381424406237215,-0.21364674611388343
0.37749999999999995,1.4476593008991874,0.8326278819489119,-0.40243381842626624,0.044263733136808495,-0.038370241253017204,-0.2106199293370014
0.38250000000000006,1.4426771043557385,0.8310164982259581,-0.40398094942425367,0.04386789786576772,-0.03832915576801579,-0.20759883767505777
0.38749999999999996,1.4375260722841008,0.8291561762485665,-0.40543601959574604,0.04353829575380911,-0.03825916962944235,-0.20458717908516177
0.39250000000000007,1.4322042864428262,0.8270455108158549,-0.4067940017182068,0.04327442296625354,-0.03816130092770225,-0.2015886357234794
0.39749999999999996,1.4267102656942545,0.8246834680406616,-0.4080500288417358,0.043075597204829494,-0.03803657950216511,-0.19860684998540903
0.4025000000000001,1.421043016224278,0.8220694324815365,-0.4091994382991045,0.04294095653020018,-0.0378860426703286,-0.19564541040287384
0.4075,1.4152020836263657,0.8192032574377613,-0.4102378176007499,0.04286945956425446,-0.03771073142835755,-0.19270783751016898
0.4125000000000001,1.4091876064012758,0.8160853180569506,-0.41116105178479306,0.042859887148115686,-0.037511687189205556,-0.1897975697925794
0.4175,1.403000370283255,0.8127165667570074,-0.4119653717027532,0.04291084550730845,-0.03728994910861151,-0.1869179498334519
0.4225000000000001,1.3966418626470334,0.8090985902985567,-0.4126474026287063,0.043020770947553647,-0.0370465520305855,-0.18407221077570066
0.4275,1.3901143260809392,0.8052336676632008,-0.41320421248557954,0.04318793607408714,-0.03678252506312143,-0.18126346321305073
0.4325000000000001,1.3834208100352499,0.8011248277014212,-0.41363335889027436,0.043410457495303756,-0.03649889077252409,-0.1784946826248969
0.4375,1.3765652192787703,0.7967759053180651,-0.41393293413337195,0.043686304939196605,-0.03619666496178947,-0.17576869746666723
0.4424999999999999,1.369552357730031,0.7921915947716713,-0.414101607134154,0.044013311679913666,-0.03587685697591907,-0.1730881780252019
0.4475,1.3623879660839129,0.7873774984870036,-0.41413866135314603,0.044389186143251956,-0.035540470455932276,-0.17045562614594204
0.4524999999999999,1.3550787515431821,0.7823401696308123,-0.4140440276085251,0.044811524535458405,-0.03518850444473635,-0.16787336593564434
0.4575,1.3476324079017161,0.777087146593181,-0.4138183107359146,0.04527782432054712,-0.03482195473292882,-0.16534353554071615
0.4624999999999999,1.3400576242267825,0.7716269774658575,-0.41346280905956506,0.04578549835841964,-0.03444181532193845,-0.1628680800967865
0.4675,1.3323640804653025,0.7659692326295454,-0.41297952571222935,0.04633188950995341,-0.0340490798763595,-0.1604487459393641
0.4724999999999999,1.3245624284649602,0.7601245036675172,-0.4123711709553086,0.046914285516015695,-0.03364474303736463,-0.15808707615783957
0.47750000000000004,1.3166642571627938,0.7541043870232618,-0.4116411548123306,0.04752993396466353,-0.0332298014748637,-0.15578440756512177
0.48249999999999993,1.3086820410534543,0.7479214511208286,-0.4107935695369369,0.048176057173746296,-0.032805254567463686,-0.1535418691423183
0.48750000000000004,1.3006290715018225,0.7415891860673537,-0.40983316168767137,0.04884986683343395,-0.03237210461581457,-0.15136038200168683
0.49249999999999994,1.2925193709974612,0.7351219355500062,-0.4087652938687747,0.049548578273265934,-0.03193135651583443,-0.1492406608914201
0.49750000000000005,1.284367591040838,0.7285348111081071,-0.4075958965081225,0.050269424239414044,-0.031484016842560573,-0.1471832172427608
0.5025,1.276188894975159,0.7218435895815231,-0.40633141036648085,0.05100966808827849,-0.03103109232176687,-0.14518836373394356
0.5075000000000001,1.267998827698896,0.7150645951774642,-0.40497872078994646,0.051766616320812996,-0.030573587693674516,-0.14325622031729782
0.5125,1.2598131747747923,0.70821456822344,-0.40354508501198055,0.052537630397009365,-0.030112502999703968,-0.14138672162665794
0.5175000000000001,1.2516478139528375,0.7013105232457001,-0.4020380540650495,0.05332013778117046,-0.029648830347962316,-0.13957962565338236
0.5225,1.243518562511908,0.6943695994922808,-0.40046539105835016,0.05411164217592336,-0.029183550234866296,-0.13783452355231607
0.5275000000000001,1.2354410240682145,0.6874089073744136,-0.3988349877042281,0.05490973290687025,-0.028717627518004232,-0.13615085041547306
0.5325,1.2274304385786998,0.6804453745038153,-0.3971547810230485,0.05571209342126219,-0.02825200714834459,-0.13452789683244792
0.5375000000000001,1.219501539175918,0.6734955950408692,-0.3954326721209936,0.05651650886435719,-0.02778760977778846,-0.1329648210437182
0.5425,1.2116684192121798,0.6665756859365773,-0.3936764488199064,0.05732087269750254,-0.02732532736073326,-0.13146066148677793
0.5475000000000001,1.203944412481692,0.6597011533583894,-0.39189371373076437,0.05812319232372471,-0.026866018865933067,-0.1300143495357085
0.5525,1.196341989057442,0.6528867721570977,-0.3900918191152952,0.058921593690712946,-0.02641050620794761,-0.1286247222421298
0.5575000000000001,1.188872668560056,0.6461464806888356,-0.38827780958990205,0.059714324848161894,-0.02595957049650807,-0.12729053489881267
0.5625,1.1815469520086315,0.6394932926890639,-0.38645837341070177,0.06049975844667699,-0.025513948688002334,-0.12601047326556467
0.5674999999999999,1.1743742727292017,0.6329392272435082,-0.38463980275674553,0.06127639317857971,-0.025074330706893515,-0.12478316531903678
0.5725,1.1673629661529497,0.6264952572528466,-0.38282796311790857,0.06204285417633104,-0.024641357087174222,-0.12360719241246554
0.5774999999999999,1.1605202577558393,0.6201712761784084,-0.38102827160952807,0.06279789240100724,-0.0242156171658356,-0.12248109975666518
0.5825,1.153852267898559,0.6139760823137982,-0.37924568378933227,0.06354038307023228,-0.023797647842635942,-0.12140340615856124
0.5874999999999999,1.1473640319365521,0.6079173793731028,-0.3774846883513356,0.06426932319111589,-0.023387932903910107,-0.12037261297713117
0.5925,1.1410595336915428,0.602001791832649,-0.3757493089201334,0.06498382827807715,-0.02298690289334615,-0.11938721227797834
0.5974999999999999,1.1349417502074948,0.5962348932145739,-0.3740431120676652,0.06568312834716082,-0.022594935499987333,-0.11844569418635137
0.6025,1.1290127056477957,0.5906212453539662,-0.37236922062031885,0.06636656328703099,-0.022212356423452193,-0.11754655345394807
0.6074999999999999,1.1232735322141172,0.5851644466385568,-0.3707303313121524,0.06703357771198155,-0.021839440668600028,-0.11668829526723115
0.6125,1.1177245360651538,0.5798671872383133,-0.3691287358634632,0.06768371540402403,-0.02147641421657256,-0.1158694403343676
0.6174999999999999,1.1123652663682,0.5747313094367933,-0.36756634461554666,0.06831661344960215,-0.021123456016164048,-0.11508852929452201
0.6225,1.1071945858111465,0.5697578713208727,-0.36604471192484134,0.06893199617212566,-0.02078070023857693,-0.11434412649742914
0.6275,1.102210741121091,0.5649472122649345,-0.3645650626056858,0.06952966895480973,-0.020448238739522725,-0.11363482320333225
0.6325000000000001,1.0974114323644173,0.560299018845525,-0.3631283188042802,0.07010951203980914,-0.020126123674998657,-0.11295924025387057
0.6375,1.0927938800303445,0.5558123900305937,-0.361735126781894,0.07067147437991439,-0.01981437022059099,-0.11231603026372124
0.6425000000000001,1.0883548891166974,0.5514859006936053,-0.3603858831786292,0.07121556760866689,-0.019512959348497547,-0.11170387938106496
0.6475,1.0840909096365363,0.5473176626993347,-0.3590807604169752,0.07174186018413854,-0.019221840621339456,-0.11112150866254272
0.6525000000000001,1.079998093143135,0.5433053829895284,-0.3578197309848158,0.07225047175120106,-0.018940934966987413,-0.11056767510554655
0.6575,1.0760723450264755,0.5394464182592406,-0.35660259040915193,0.07274156775720576,-0.01867013740383836,-0.11004117237761576
0.6625000000000001,1.0723093724662274,0.5357378259567505,-0.35542897879397417,0.07321535434684265,-0.018409319691076332,-0.10954083127955185
0.6675,1.0687047280347544,0.532176411461008,-0.35429840084845526,0.07367207355369709,-0.018158332883296494,-0.10906551997571892
0.6725000000000001,1.065253849030465,0.5287587713910318,-0.3532102443752528,0.07411199879876658,-0.01791700977337,-0.10861414402194125
0.6775,1.0619520926887913,0.5254813330829623,-0.35216379722392116,0.0745354306999638,-0.017685167211513877,-0.10818564621849178
0.6825000000000001,1.0587947674675862,0.5223403903341535,-0.35115826274203527,0.07494269319140237,-0.017462608292173085,-0.1077790063129266
0.6875,1.0557771606382,0.5193321355618815,-0.35019277377754005,0.07533412994698542,-0.01724912440350514,-0.1073932405749625
0.6924999999999999,1.052894562435317,0.5164526885589754,-0.3492664053010194,0.07571010109942371,-0.01704449713699099,-0.10702740126323812
0.6975,1.0501422870301012,0.5136981220520298,-0.3483781857269091,0.0760709802432071,-0.016848500056995914,-0.10668057600162707
0.7024999999999999,1.0475156905943577,0.511064484281806,-0.34752710701903183,0.07641715170815262,-0.016660900332003376,-0.10635188708079883
0.7075,1.045010186720132,0.5085478188317412,-0.34671213366896364,0.07674900808885103,-0.0164814602307739,-0.106040490698914
0.7124999999999999,1.042621259450995,0.5061441819307771,-0.345932210636332,0.07706694801454146,-0.016309938487883438,-0.1057455761537118
0.7175,1.0403444741695926,0.5038496574523552,-0.3451862703387981,0.07737137414357202,-0.016146091544005245,-0.10546636499676483
0.7224999999999999,1.0381754865719535,0.5016603698236459,-0.3444732387766579,0.07766269136657665,-0.015989674666958584,-0.10520211015934333
0.7275,1.036110049943467,0.4995724950488192,-0.34379204087316323,0.07794130520273479,-0.015840442959992946,-0.10495209505813147
0.7324999999999999,1.0341440209351256,0.49758227003826205,-0.34314160510710623,0.07820762037392952,-0.015698152264039124,-0.10471563268795465
0.7375,1.0322733640220503,0.495686000422779,-0.3425208675092493,0.07846203954221895,-0.015562559960774047,-0.10449206470771333
0.7424999999999999,1.0304941548100188,0.4938800670184761,-0.3419287750889998,0.07870496219674428,-0.015433425683340038,-0.10428076052485334
0.7475,1.028802582339912,0.4921609310946088,-0.3413642887524836,0.07893678367698174,-0.015310511941454743,-0.10408111638292766
0.7525,1.027194950524951,0.49052513858353763,-0.34082638576804036,0.07915789432005947,-0.01519358466747226,-0.10389255445612403
0.7575000000000001,1.025667678841473,0.4889693233592077,-0.3403140618301564,0.0793686787207064,-0.015082413689717761,-0.10371452195401751
0.7625,1.0242173023808172,0.4874902096985029,-0.33982633276811103,0.07956951509322724,-0.014976773139144355,-0.10354649023927168
0.7675000000000001,1.0228404713577732,0.48608461402843783,-0.33936223594112547,0.07976077472571905,-0.014876441795054275,-0.1033879539605362
0.7725,1.0215339501599385,0.48474944605154635,-0.33892083135761986,0.07994282151753247,-0.0147812033753045,-0.10323843020236706
0.7775000000000001,1.0202946160122413,0.48348170933202284,-0.33850120255232347,0.08011601159173327,-0.014690846776084565,-0.10309745765363135
0.7825,1.0191194573217874,0.4822785014161305,-0.33810245725140997,0.0802806929750312,-0.01460516626601966,-0.10296459579553177
0.7875000000000001,1.018005571760032,0.4811370135521272,-0.3377237278526076,0.08043720533830881,-0.014523961639017953,-0.10283942411010258
0.7925,1.016950164132013,0.48005453006740023,-0.33736417174427596,0.08058587979150549,-0.014447038329951764,-0.10272154130977355
0.7975000000000001,1.015950544075999,0.47902842745358043,-0.33702297148482085,0.08072703872717786,-0.014374207496937541,-0.10261056458836346
0.8025,1.01500412363134,0.47805617320406535,-0.3366993348614564,0.08086099570759295,-0.014305286073657941,-0.10250612889364893
0.8075000000000001,1.014108414707508,0.47713532444255485,-0.33639249484525613,0.08098805539068532,-0.014240096794848944,-0.10240788622144084
0.8125,1.0132610264832618,0.47626352637583597,-0.33610170945760587,0.0811085134906614,-0.014178468197752165,-0.10231550493088577
0.8174999999999999,1.012459662761335,0.4754385105992129,-0.3358262615615474,0.08122265676945013,-0.014120234602009962,-0.10222866908051105
0.8225,1.0117021193008804,0.4746580932787751,-0.33556545859001974,0.08133076305560433,-0.014065236070163294,-0.10214707778435127
0.8274999999999999,1.0109862811467063,0.47392017323142,-0.33531863222151376,0.08143310128766386,-0.01401331835062412,-0.10207044458739764
0.8325,1.010310119970585,0.473222729921651,-0.33508513801205747,0.08152993157941596,-0.013964332804772682,-0.10199849685965487
0.8374999999999999,1.009671691435198,0.4725638213940163,-0.3348643549905652,0.08162150530491905,-0.013918136319734674,-0.10193097520837036
0.8425,1.009069132585199,0.47194158216194343,-0.3346556852223802,0.08170806520158806,-0.01387459120848937,-0.10186763290858708
0.8474999999999999,1.008500659262754,0.4713542210772828,-0.3344585533433905,0.08178984548997925,-0.013833565099302813,-0.10180823535307026
0.8525,1.0079645635377243,0.4708000192089628,-0.33427240606480824,0.08186707200908167,-0.013794930817064887,-0.10175255952375481
0.8574999999999999,1.0074592111375238,0.470277327761561,-0.3340967116471784,0.08193996236578366,-0.013758566259842592,-0.10170039348786718
0.8625,1.0069830388611836,0.46978456606247504,-0.33393095934226014,0.08200872609665527,-0.013724354274614011,-0.101651535922332
0.8674999999999999,1.0065345519688536,0.46932021963710835,-0.33377465880374413,0.08207356483929842,-0.01369218253639138,-0.10160579566948452
0.8725,1.0061123215526089,0.46888283837421885,-0.3336273394724399,0.08213467250946065,-0.013661943434408356,-0.10156299132510561
0.8775,1.005714981914995,0.4684710347604286,-0.3334885499477428,0.08219223547929227,-0.013633533967495347,-0.10152295085641734
0.8825000000000001,1.0053412280027014,0.46808348213967044,-0.3333578573629723,0.08224643275203641,-0.0136068556482415,-0.10148551124353881
0.8875,1.0049898129561867,0.4677189129382856,-0.3332348467851154,0.08229743612951966,-0.01358181441248809,-0.10145051813418594
0.8925000000000001,1.0046595458345486,0.4673761167973684,-0.3331191206573957,0.08234541037112775,-0.013558320527935921,-0.10141782549952466
0.8975,1.00434928955488,0.46705393857434563,-0.3330102982953046,0.08239051334611908,-0.013536288494142271,-0.10138729528018176
0.9025000000000001,1.0040579590501633,0.46675127621211654,-0.3329080154346936,0.0824328961842237,-0.013515636926677411,-0.10135879701570397
0.9075,1.003784519609512,0.4664670785156247,-0.3328119238179194,0.0824727034314048,-0.013496288420859412,-0.1013322074572946
0.9125000000000001,1.003527985332929,0.46620034290818857,-0.33272169079514263,0.08251007321754229,-0.013478169394676786,-0.10130741017048843
0.9175,1.0032874176211786,0.4659501132512619,-0.3326369989160955,0.08254513744047715,-0.013461209915005087,-0.10128429513934804
0.9225000000000001,1.0030619236338445,0.4657154777974833,-0.3325575454936026,0.08257802196701143,-0.013445343514620331,-0.10126275838519395
0.9275,1.0028506546797278,0.4654955673136787,-0.33248304213146085,0.08260884684741038,-0.01343050700878866,-0.10124270161054771
0.9325000000000001,1.0026528045410987,0.46528955337094924,-0.33241321422164105,0.0826377265370783,-0.013416640319142201,-0.10122403187399341
0.9375,1.0024676077635641,0.4650966467671334,-0.3323478004248017,0.08266477011824448,-0.01340368630973483,-0.10120666129597194
0.9424999999999999,1.0022943379578053,0.4649160960318107,-0.33228655215141223,0.08269008151568369,-0.013391590636724494,-0.10119050679098299
0.9475,1.002132306157268,0.4647471859664417,-0.3322292330585739,0.0827137597029785,-0.013380301610155694,-0.10117548981934477
0.9524999999999999,1.0019808592625639,0.46458923618635434,-0.3321756185721023,0.0827358988985246,-0.013369770064506677,-0.10116153615155704
0.9575,1.0018393785869113,0.4644415996485922,-0.3321254954374738,0.08275658875253124,-0.01335994923413584,-0.10114857563970714
0.9624999999999999,1.001707278503894,0.46430366116331095,-0.33207866129886565,0.0827759145272762,-0.013350794630173067,-0.10113654199224074
0.9675,1.0015840051919462,0.46417483589353764,-0.3320349243034635,0.08279395727295523,-0.0133422639162461,-0.10112537255004618
0.9724999999999999,1.0014690354686517,0.4640545678494004,-0.33199410272810614,0.08281079400100139,-0.013334316781279654,-0.10111500806284153
0.9775,1.0013618757099196,0.4639423283807755,-0.33195602462621276,0.08282649785613395,-0.013326914808214529,-0.10110539246530792
0.9824999999999999,1.0012620608520242,0.46383761466916523,-0.3319205274940607,0.08284113828789974,-0.013320021337823637,-0.10109647265250132
0.9875,1.0011691534771079,0.4637399482168619,-0.33188745795636065,0.08285478122217171,-0.013313601326904989,-0.1010881982539698
0.9924999999999999,1.0010827429845148,0.4636488733295584,-0.3318566714716308,0.08286748923295124,-0.013307621200099162,-0.10108052140585201
0.9975,1.0010024448515105,0.4635639555873462,-0.3318280320581696,0.08287932171481718,-0.01330204869447644,-0.10107339652007785
