-0.9975,1.0592147842703805,-0.018442895454471486,5.140267601312749e-05,7.803769718706559e-05,7.860061841528526e-05
-0.9925,1.0596362777916797,-0.01885247679598907,5.184762380246996e-05,7.868179823307467e-05,7.929887770340004e-05
-0.9875,1.0601557413184681,-0.019357139087359084,5.2651884014544626e-05,7.987689821229898e-05,8.057205711619773e-05
-0.9825,1.06069995316463,-0.01988569305005966,5.3740323231006045e-05,8.15105932059186e-05,8.228431601687887e-05
-0.9775,1.0612522771105626,-0.02042196522649913,5.505007358650608e-05,8.348390145477071e-05,8.432360943536772e-05
-0.9725,1.0618088844421718,-0.02096223252963231,5.652935628061873e-05,8.5715423858567e-05,8.6603388687306e-05
-0.9675,1.0623688464659395,-0.021505590374462685,5.8135858882798905e-05,8.813959643420655e-05,8.905803822806835e-05
-0.9625,1.0629318904559129,-0.02205177149183274,5.983520388334648e-05,9.070405541516835e-05,9.16380745501554e-05
-0.9575,1.063497891070327,-0.022600651614176074,6.159960586288966e-05,9.336718436393222e-05,9.430619774813517e-05
-0.9525,1.0640667550823533,-0.023152137289088447,6.340671897616544e-05,9.609602848825343e-05,9.703423239066405e-05
-0.9475,1.0646383953702403,-0.023706140268839614,6.523865704399122e-05,9.886456750212077e-05,9.98008022225705e-05
-0.9425,1.065212725266782,-0.02426257145476918,6.708116572650049e-05,0.0001016523003952516,0.00010258957617975724
-0.9375,1.0657896576824348,-0.024821339146914683,6.892292715555618e-05,0.00010444309280490107,0.00010538795060808713
-0.9325,1.0663691055286226,-0.025382348070814267,7.075497922641901e-05,0.00010722424282165023,0.00010818606179665003
-0.9275,1.0669509827419408,-0.02594549829101684,7.257023375722398e-05,0.00010998572750499494,0.00011097604763316297
-0.9225,1.0675352058689913,-0.026510683693357674,7.4363079644195e-05,0.00011271959846976064,0.00011375149679877688
-0.9175,1.0681216963521998,-0.027077789819351425,7.612905885407625e-05,0.00011541950019156521,0.00011650703908598678
-0.9125,1.0687103837275889,-0.027646690831217794,7.786460457929068e-05,0.0001180802891150895,0.00011923804198484733
-0.9075,1.0693012099850077,-0.028217245362845256,7.956683216585782e-05,0.00012069773532440487,0.00012194038742604523
-0.9025,1.0698941353611824,-0.028789290996764763,8.123337455851708e-05,0.00012326829158750967,0.00012461030916201894
-0.8975,1.0704891458306363,-0.02936263711380321,8.28622550367372e-05,0.0001257889171506754,0.0001272442762425907
-0.8925,1.0710862625185984,-0.029937055902479772,8.445179096821183e-05,0.0001282569458386486,0.00012983891180725474
-0.8875,1.0716855531720153,-0.030512271400866448,8.600052319379375e-05,0.00013066998988871966,0.00013239093927355468
-0.8825000000000001,1.0722871456797203,-0.0310879465841237,8.750716647550827e-05,0.0001330258725563627,0.00013489715016627048
-0.8775,1.0728912434251878,-0.03166366871147321,8.897057717390319e-05,0.0001353225839024982,0.00013735438945726176
-0.8725,1.0734981419870224,-0.032238933404940925,9.038973495554874e-05,0.0001375582553185468,0.00013975955547529522
-0.8674999999999999,1.0741082463857543,-0.03281312823671576,9.176373585059469e-05,0.0001397311492693302,0.00014210961227051198
-0.8625,1.074722087735443,-0.033385516928362814,9.309179437426107e-05,0.00014183966143806035,0.0001444016128296666
-0.8575,1.0753403378327098,-0.03395522557694222,9.437325269414401e-05,0.00014388233294783574,0.0001466327317750405
-0.8525,1.0759638199529071,-0.03452123257333246,9.560759497713625e-05,0.00014585787062285644,0.00014880030617850178
-0.8475,1.076593513978234,-0.03508236401373315,9.679446510675362e-05,0.00014776517336235643,0.00015090188292332267
-0.8425,1.077230554009783,-0.0356372963745825,9.793368595530016e-05,0.00014960336266490302,0.00015293527070014206
-0.8375,1.077876216858126,-0.03618456798251179,9.90252783651529e-05,0.00015137181520588568,0.00015489859429180624
-0.8325,1.0785319002875504,-0.03672260034332499,0.00010006947798311287,0.00015307019519263066,0.0001567903483581016
-0.8275,1.0791990905997184,-0.03724972970526681,0.00010106674814374009,0.0001546984840622318,0.00015860944755665722
-0.8225,1.0798793200397023,-0.03776424836455587,0.00010201778714739786,0.0001562570050104916,0.00016035526961228927
-0.8175,1.0805741155110398,-0.03826445425265485,0.00010292352854923326,0.0001577464399036313,0.00016202768794666128
-0.8125,1.0812849410865155,-0.03874870638099386,0.00010378513347209546,0.00015916783637053773,0.00016362709075656067
-0.8075,1.0820131376703623,-0.03921548288176147,0.00010460397446522409,0.00016052260332312268,0.00016515438400570813
-0.8025,1.0827598637787148,-0.03966343779301258,0.00010538161101763213,0.00016181249379905707,0.00016661097665782176
-0.7975,1.0835260416526067,-0.040091452490980034,0.00010611975745042305,0.0001630395748279443,0.00016799874757341107
-0.7925,1.084312312735264,-0.04049867782997857,0.00010682024449560558,0.00016420618492433617,0.0001693199947280184
-0.7875,1.0851190059194993,-0.04088456361473713,0.00010748497635788921,0.00016531488072309207,0.00017057736866581914
-0.7825,1.0859461209457644,-0.041248872946619566,0.00010811588539447901,0.00016636837509802557,0.0001717737932463423
-0.7775,1.086793328003558,-0.041591680145105815,0.00010871488669421278,0.0001673694697493021,0.00017291237764381046
-0.7725,1.0876599830933893,-0.04191335220023931,0.00010928383476941019,0.00016832098562951408,0.00017399632410940226
-0.7675,1.088545157196057,-0.042214514893088695,0.00010982448429167288,0.00016922569464959314,0.00017502883613320627
-0.7625,1.089447675918218,-0.04249600566870752,0.00011033845632811226,0.00017008625584329743,0.00017601303131590179
-0.7575000000000001,1.090366165160382,-0.04275881592995115,0.00011082721090627275,0.00017090515858704525,0.000176951862498282
-0.7525,1.0912990975689663,-0.043004025563123015,0.00011129202600560292,0.00017168467461566256,0.0001778480495603125
-0.7475,1.0922448341284754,-0.043232732195897364,0.00011173398229785819,0.00017242681951351474,0.00017870402288447902
-0.7424999999999999,1.0932016552267951,-0.043445976983896684,0.00011215395219612923,0.0001731333231786368,0.00017952187789609713
-0.7375,1.0941677758669321,-0.04364466775267286,0.00011255259107738787,0.00017380560754477658,0.00018030333847111687
-0.7324999999999999,1.0951413403787853,-0.04382949927178102,0.00011293032796796753,0.00017444476869158955,0.0001810497254656961
-0.7275,1.096120392994135,-0.04400086953057322,0.00011328735257398223,0.00017505155946086768,0.000181761925293388
-0.7224999999999999,1.0971028219992682,-0.044158790357433815,0.00011362359534738151,0.0001756263679064806,0.00018244035247255965
-0.7175,1.0980862769056072,-0.04430279079272088,0.00011393869735163272,0.00017616918641522055,0.00018308489950285
-0.7125,1.0990680602160203,-0.044431812452874246,0.00011423196707641523,0.00017667956622274185,0.00018369486741708532
-0.7075,1.1000449979218923,-0.044544097777817614,0.00011450232208901247,0.00017715655239082832,0.00018426887100022677
-0.7025,1.101013295783726,-0.04463707447563979,0.00011474821452484059,0.00017759859518080403,0.00018480471405878788
-0.6975,1.1019683915577836,-0.04470724245225891,0.00011496754090251078,0.00017800343520566698,0.00018529923231488664
-0.6925,1.1029048163300528,-0.04475007266198824,0.00011515753854401615,0.00017836796178463376,0.00018574810447624966
-0.6875,1.1038160805705104,-0.04475993011981334,0.00011531467287147605,0.00017868804651073527,0.00018614563568999034
-0.6825,1.1046946018964292,-0.04473003517659781,0.00011543452185647472,0.0001789583570441856,0.00018648452169756083
-0.6775,1.105531691294513,-0.04465247748297434,0.00011551166567784676,0.00017917215933528635,0.00018675560621653756
-0.6725,1.1063176122663412,-0.04451829539434255,0.00011553959092835789,0.0001793211195431758,0.00018694764791510622
-0.6675,1.1070417228353466,-0.04431762969055631,0.0001155106192378951,0.00017939511946806367,0.00018704711628384123
-0.6625,1.1076927037393387,-0.044039954546494224,0.00011541586974641976,0.00017938210095490937,0.00018703803722026262
-0.6575,1.1082588679856835,-0.0436743812379181,0.00011524526336744471,0.00017926795510371814,0.00018690190879683323
-0.6525000000000001,1.1087285381946332,-0.04321002200236198,0.00011498757427941454,0.00017903647100100438,0.00018661770524443892
-0.6475,1.1090904699761661,-0.04263639392761126,0.0001146305307706722,0.000178669356010092,0.00018616198267238003
-0.6425000000000001,1.109334293199643,-0.04194383687131079,0.00011416096378122814,0.00017814633557583167,0.0001855090937721004
-0.6375,1.1094509394552534,-0.041123916189516066,0.00011356499765247315,0.00017744533536960915,0.0001846315112902103
-0.6325000000000001,1.1094330238986687,-0.04016978104141489,0.00011282827414573755,0.00017654274294659473,0.0001835002521736889
-0.6275,1.1092751531038532,-0.039076452302543224,0.00011193619808392259,0.00017541374052804394,0.00018208538683633097
-0.6225,1.108974137054646,-0.03784102020131697,0.00011087419122922707,0.0001740326956878157,0.00018035661178189224
-0.6174999999999999,1.1085290920578086,-0.036462739818955016,0.00010962794026922428,0.00017237359317862473,0.00017828385951127086
-0.6125,1.1079414309659343,-0.03494302145174123,0.00010818362487239033,0.00017041048932393162,0.0001758379176854955
-0.6074999999999999,1.1072147464257847,-0.033285321395271295,0.00010652811232227941,0.00016811797063045735,0.00017299103011767815
-0.6025,1.1063546008536553,-0.031494946008408506,0.00010464910569818373,0.00016547160072904964,0.00016971745531121207
-0.5974999999999999,1.1053682427385827,-0.029578787282778095,0.0001025352322355992,0.00016244834454694137,0.0001659939637790383
-0.5925,1.1042642723218346,-0.027545011264182618,0.00010017605652780221,0.00015902696588206353,0.0001618002630332026
-0.5875,1.1030522806981713,-0.025402721558404076,9.756199863512481e-05,0.00015518840451690294,0.00015711934871641742
-0.5825,1.1017424852237019,-0.023161619078912742,9.4684128812442e-05,0.00015091615208025184,0.0001519377917633606
-0.5775,1.1003453812780752,-0.020831676597059937,9.15337971413088e-05,0.00014619666268323136,0.00014624598481344925
-0.5725,1.0988714264790613,-0.018422843046038008,8.810203638805556e-05,0.00014101985582738236,0.00014003838664510094
-0.5675,1.0973307689427365,-0.015944788410018843,8.437864830565941e-05,0.00013537979634963706,0.0001333138216643802
-0.5625,1.0957330266111174,-0.013406695839122606,8.03508457446407e-05,0.00012927567051350424,0.00012607591310609178
-0.5575,1.094087120416422,-0.0108171037170594,7.600127392120498e-05,0.00012271322001500889,0.0001183337542739926
-0.5525,1.092401160387294,-0.008183797017731375,7.130517312111016e-05,0.00011570684754985691,0.00011010295239566961
-0.5475,1.0906823808871071,-0.00551374456868806,6.622637210344968e-05,0.00010828266885343682,0.00010140721464411302
-0.5425,1.0889371190716903,-0.0028130768567230287,6.071171821626194e-05,0.00010048285569934617,9.228068503269423e-05
-0.5375,1.0871708293498803,-8.709775816699431e-05,5.4683460750646754e-05,9.237168930754e-05,8.277128262555032e-05
-0.5325,1.0853881260537943,0.002659677005385422,4.802901536960388e-05,8.404381859800928e-05,7.294533281574572e-05
-0.5275000000000001,1.0835928465660385,0.0054234618921242565,4.0587460230246745e-05,7.563528436244419e-05,6.289381958431661e-05
-0.5225,1.08178812767517,0.00820113080254569,3.213206336542988e-05,6.733791701705261e-05,5.274061103506689e-05
-0.5175000000000001,1.0799764887978394,0.010990139557799875,2.2348134602970053e-05,5.941772715384183e-05,4.265301460204099e-05
-0.5125,1.0781599167798182,0.013788446590492259,1.0805555489216835e-05,5.2237866924231486e-05,3.285499212556407e-05
-0.5075000000000001,1.0763399481462401,0.01659443577352499,-3.0745095099678847e-06,4.628662724230646e-05,2.364329769008807e-05
-0.5025,1.0745177458122968,0.019406844248159638,-2.005895595278066e-05,4.2210732421811084e-05,1.5406682332306706e-05
-0.49750000000000005,1.0726941683122955,0.02222469712849753,-4.1147982190499686e-05,4.085388523967788e-05,8.648131122826973e-06
-0.49250000000000005,1.0708698305058357,0.025047250106243955,-6.762555193918243e-05,4.330009368769069e-05,4.009855360552268e-06
-0.48750000000000004,1.0690451554473466,0.027873940284693317,-0.0001011137416533984,5.092077884977382e-05,2.300457453473335e-06
-0.48250000000000004,1.067220417652478,0.03070434504248853,-0.00014362887879799233,6.542403892045951e-05,4.523328293903894e-06
-0.47750000000000004,1.0653957783711143,0.033538148358557326,-0.00019763656147502414,8.890376203784451e-05,1.1904945853494763e-05
-0.47250000000000003,1.0635713137027336,0.03637511380161079,-0.00026610184742315387,0.00012388559325655625,2.592134863165812e-05
-0.4675,1.0617470364926493,0.03921506327635102,-0.00035253020151194004,0.00017336613847438603,4.83206971185636e-05
-0.4625,1.0599229129572165,0.042057860597448045,-0.0004609943000068791,0.00024084131301513014,8.113955633161731e-05
-0.4575,1.0580988749316478,0.04490339900558846,-0.0005961416153880952,0.00033031950287183405,0.0001267103818660508
-0.4525,1.0562748285422896,0.04775159182453178,-0.0007631779455578653,0.00044631528574355954,0.00018765771807621916
-0.4475,1.0544506599985548,0.05060236556522001,-0.0009678227778409247,0.0005938199238247808,0.00026688085931230875
-0.4425,1.0526262390958097,0.053455654898020344,-0.001216233620899274,0.0007782457287178222,0.00036752120840561264
-0.4375,1.0508014209317302,0.05631139902669947,-0.0015148981704722593,0.0010053427086455888,0.0004929132950493399
-0.4325,1.0489760462719173,0.059169539100811776,-0.0018704953082224935,0.0012810875893240136,0.0006465193692376957
-0.4275,1.0471499409575538,0.06203001639273213,-0.0022897283144949544,0.0016115472519985037,0.000831848612527062
-0.4225,1.0453229147253158,0.0648927710395727,-0.002779136100267173,0.002002720708403016,0.0010523632362360793
-0.4175,1.043494759800213,0.06775774120825293,-0.0033448904927148204,0.0024603657504095964,0.0013113749611236988
-0.4125,1.041665249615272,0.07062486258475835,-0.003992589398739472,0.002989818171378623,0.0016119364822032001
-0.4075,1.0398341379966995,0.0734940681177217,-0.004727056803453765,0.0035958127600378225,0.001956733395081501
-0.40249999999999997,1.0380011591191898,0.0763652879641931,-0.00555216087449714,0.004282315947398367,0.0023479825851841895
-0.39749999999999996,1.0361660284765313,0.07923844959461915,-0.006470660857973096,0.005052379924873527,0.0027873431702189286
-0.39249999999999996,1.034328445025768,0.08211347801768794,-0.0074840919832117265,0.005908027198662102,0.00327584568775647
-0.38749999999999996,1.0324880945530928,0.08499029608683328,-0.008592695353705028,0.00685017293280928,0.0038138443296913704
-0.38249999999999995,1.0306446541862453,0.08786882485151593,-0.009795396986920347,0.007878590173576972,0.004400995692239827
-0.37749999999999995,1.0287977978556704,0.09074898391999381,-0.011089837032787672,0.0089919203253977,0.005036265834442666
-0.37250000000000005,1.0269472024011328,0.09363069180751628,-0.012472447034170825,0.010187728301783919,0.0057179655636508874
-0.36750000000000005,1.0250925539470441,0.09651386625537925,-0.013938570171128888,0.011462598868536067,0.006443811965221954
-0.36250000000000004,1.023233554139983,0.09939842452221606,-0.015482616995221151,0.01281226809404734,0.007211012445850306
-0.35750000000000004,1.0213699258618,0.10228428366925452,-0.017098247389639002,0.014231781752016937,0.00801636613172224
-0.35250000000000004,1.0195014181010273,0.10517136088625141,-0.01877856848852448,0.015715671155923164,0.0088563764851238
-0.34750000000000003,1.0176278097779752,0.1080595739351896,-0.02051633807759883,0.017258136335234372,0.009727368556020499
-0.3425,1.0157489124645385,0.11094884182616188,-0.022304163527527687,0.01885322669818409,0.010625604387926384
-0.3375,1.0138645721059822,0.11383908588657056,-0.02413468747032518,0.020495010290348285,0.011547390708874651
-0.3325,1.011974670026635,0.11673023144390858,-0.026000753064292382,0.02217772430877182,0.01248917406474781
-0.3275,1.0100791236744235,0.11962221041720393,-0.02789554362868685,0.023895901477109707,0.01344761986231318
-0.3225,1.0081778877235676,0.12251496520544204,-0.029812693486148567,0.025644469015676002,0.01441967323322565
-0.3175,1.0062709563064598,0.1254084543741091,-0.031746368862354025,0.027418819043533278,0.015402601059595393
-0.3125,1.0043583672826164,0.12830266077180888,-0.03369131951757364,0.029214851147457876,0.01639401578712459
-0.3075,1.002440209571956,0.13119760285174453,-0.03564290331710931,0.031028989408785068,0.017391882696023524
-0.3025,1.0005166346759735,0.13409335011589393,-0.03759708711877294,0.03285817731125228,0.018394513044780503
-0.2975,0.9985878735722395,0.13699004372377319,-0.03955042813603186,0.03469985463322037,0.019400545929280408
-0.2925,0.996654260175832,0.13988792338527475,-0.04150004033081251,0.03655192067739043,0.020408921827300117
-0.2875,0.9947162624876986,0.14278736165237801,-0.04344355043487883,0.038412688070270075,0.021418850671138818
-0.2825,0.9927745223585307,0.14568890659487715,-0.04537904794883712,0.040280830957493505,0.02242977697161767
-0.27749999999999997,0.9908299044469062,0.1485933335446506,-0.04730503299096655,0.042155330826728114,0.023441344074726454
-0.27249999999999996,0.9888835544030722,0.1515017060780811,-0.04922036523564567,0.044035422503852756,0.0244533591359302
-0.26749999999999996,0.9869369655359355,0.15441544564497273,-0.051124216460872236,0.045920542176670645,0.025465759906183178
-0.26249999999999996,0.9849920522129214,0.15733640823469414,-0.05301602847505359,0.047810278673051355,0.02647858398476661
-0.25749999999999995,0.9830512270256972,0.16026696522016348,-0.05489547746185149,0.049704328706022156,0.027491940839025175
-0.25249999999999995,0.9811174773982365,0.16321008410628543,-0.05676244510312636,0.05160245642438611,0.02850598663682919
-0.24750000000000005,0.9791944359364608,0.1661694034521504,-0.05861699623796575,0.05350445738080436,0.029520901787357227
-0.24250000000000005,0.9772864375895395,0.16914929490858052,-0.06045936230665166,0.05541012693855955,0.030536871031219402
-0.23750000000000004,0.975398555819817,0.17215490432990438,-0.06228992942394874,0.05731923315697099,0.03155406594456685
-0.23250000000000004,0.9735366096860459,0.1751921635173245,-0.0641092296362613,0.05923149428607507,0.032572629799763976
-0.22750000000000004,0.9717071342409441,0.1782677645538752,-0.06591793375156514,0.0611465611194726,0.033592664829836846
-0.22250000000000003,0.9699173080781708,0.18138909006438464,-0.06771684409823221,0.06306400455442975,0.034614222046814073
-0.21750000000000003,0.9681748342827925,0.18456409514283506,-0.06950688567435355,0.06498330874875342,0.03563729383893787
-0.21250000000000002,0.9664877743533868,0.18780114005830043,-0.07128909439147603,0.06690387021288458,0.0366618095973776
-0.20750000000000002,0.964864338629536,0.19110877694228193,-0.07306460148360408,0.06882500301638375,0.037687634586275304
-0.2025,0.9633126409885663,0.19449549808345945,-0.07483461361812126,0.0707459500226256,0.038714572167460076
-0.1975,0.9618404295805488,0.19796945770424032,-0.07660038877013459,0.07266589971613131,0.039742369330697254
-0.1925,0.9604548086275534,0.20153818261503584,-0.07836320845438527,0.0745840077934185,0.040770725279882285
-0.1875,0.959161968349826,0.2052082894281269,-0.08012434739233751,0.07649942230268679,0.041799302610982025
-0.1825,0.9579669405613351,0.20898522668848046,-0.081885042071666,0.07841131079614443,0.04282774041847626
-0.1775,0.9568733962636354,0.21287305917544486,-0.08364645988727958,0.08031888775165302,0.04385566851227639
-0.1725,0.9558834987538439,0.21687430882128272,-0.08540967061150327,0.08222144046321604,0.044882721839491505
-0.16749999999999998,0.9549978216603972,0.22098986248868863,-0.08717562182263232,0.08411835170714552,0.04590855419827177
-0.16249999999999998,0.954215336404428,0.2252189517406469,-0.0889451196447528,0.08600911775348698,0.04693285040602312
-0.15749999999999997,0.9535334684150282,0.22955920431201304,-0.09071881575514311,0.08789336068004988,0.04795533623196079
-0.15249999999999997,0.9529482165591555,0.23400676184643204,-0.09249720114828675,0.08977083441319889,0.048975785605529204
-0.14749999999999996,0.9524543261536591,0.2385564541047092,-0.09428060666096537,0.09164142441203893,0.0499940248434107
-0.14249999999999996,0.9520455029406566,0.24320201664577953,-0.09606920981067464,0.09350514137855943,0.051009933872971626
-0.13749999999999996,0.9517146536965911,0.24793633711771565,-0.09786304711962744,0.09536210977184437,0.052023444645651874
-0.13249999999999995,0.9514541387177299,0.2527517147896228,-0.09966203081568366,0.0972125521989399,0.05303453711165352
-0.12749999999999995,0.9512560221552503,0.25764011867672115,-0.10146596863252036,0.09905677093278165,0.054043233255553116
-0.12250000000000005,0.9511123078422146,0.26259343132893914,-0.10327458537429639,0.1008951278675144,0.055049589766189615
-0.11750000000000005,0.9510151505922287,0.2676036677805443,-0.1050875449547913,0.10272802417428173,0.05605368993452893
-0.11250000000000004,0.9509570356720907,0.27266316199329155,-0.10690447175010609,0.10455588078525672,0.05705563534613396
-0.10750000000000004,0.9509309219916823,0.27776471608542336,-0.10872497029591026,0.10637912063426241,0.058055537869614676
-0.10250000000000004,0.9509303472840476,0.282901710481145,-0.11054864259173608,0.10819815334429973,0.05905351234999439
-0.09750000000000003,0.9509494959855006,0.2880681756497728,-0.11237510252328939,0.11001336280012614,0.06004967030777714
-0.09250000000000003,0.9509832325408957,0.2932588281971625,-0.11420398715861044,0.11182509779928916,0.06104411483153167
-0.08750000000000002,0.9510271043764998,0.29846907564648023,-0.11603496489786003,0.1136336657551858,0.062036936743568055
-0.08250000000000002,0.9510773197748329,0.3036949952744351,-0.11786774064625753,0.1154393292435045,0.0630282120224323
-0.07750000000000001,0.9511307063681701,0.30893329287088156,-0.11970205832648853,0.11724230504650858,0.06401800038793397
-0.07250000000000001,0.9511846559915856,0.3141812473188154,-0.12153770114659669,0.11904276526092984,0.06500634489736992
-0.0675,0.9512370612806267,0.3194366465296814,-0.12337449009224745,0.12084083999323496,0.06599327236636955
-0.0625,0.9512862487578679,0.32469771961373695,-0.125212281122405,0.12263662116559756,0.06697879441320462
-0.057499999999999996,0.9513309123281877,0.3299630693213689,-0.12705096152196715,0.12443016698929274,0.06796290892871368
-0.05249999999999999,0.9513700501928769,0.33523160785952055,-0.12889044581271053,0.1262215067201389,0.06894560179132359
-0.04749999999999999,0.9514029072844933,0.3405024982566969,-0.13073067155467807,0.12801064538332654,0.06992684867360008
-0.04249999999999998,0.951428924487043,0.34577510259139504,-0.13257159529323057,0.12979756823338834,0.0709066168189275
-0.03749999999999998,0.951447695188229,0.3510489376620192,-0.13441318883046174,0.13158224479144132,0.07188486670034411
-0.03249999999999997,0.9514589291394109,0.35632363808942,-0.13625543592981973,0.13336463237033727,0.07286155350506378
-0.02749999999999997,0.9514624231824144,0.36159892641430524,-0.13809832950374684,0.13514467905525093,0.07383662841556045
-0.022499999999999964,0.9514580381324725,0.3668745894729505,-0.13994186928806668,0.13692232615078304,0.07481003968000235
-0.01749999999999996,0.9514456809642573,0.37215046018647896,-0.14178605997402763,0.13869751013584197,0.07578173348089404
-0.012499999999999956,0.9514252914077246,0.37742640385558307,-0.14363090974831835,0.1404701641856601,0.07675165462129996
-0.007499999999999951,0.9513968320948601,0.38270230808584177,-0.14547642918107356,0.14224021932835992,0.07771974705373211
-0.0024999999999999467,0.9513602814812698,0.38797807555209696,-0.1473226303995417,0.14400760530393789,0.07868595427869178
0.0024999999999999467,0.9513156288754715,0.3932536189206879,-0.14916952648829013,0.14577225118879084,0.07965021963903075
0.007500000000000062,0.9512628710261434,0.39852885736768967,-0.1510171310634265,0.147534085841107,0.0806124865337338
0.012499999999999956,0.9512020098309925,0.4038037142468581,-0.1528654579765464,0.14929303821331563,0.08157269857125833
0.01750000000000007,0.9511330508325878,0.4090781155647236,-0.1547145211126652,0.15104903756858468,0.08253079967882988
0.022499999999999964,0.9510560022525546,0.4143519890081908,-0.156564334254397,0.15280201362990303,0.08348673418051815
0.02750000000000008,0.9509708743849626,0.41962526334101397,-0.1584149109915986,0.15455189668301142,0.08444044685376069
0.03249999999999997,0.9508776792234924,0.42489786804051133,-0.1602662646614224,0.15629861764853015,0.08539188297137865
0.03750000000000009,0.950776430237022,0.43016973308693646,-0.16211840830820107,0.15804210813402053,0.08634098833405396
0.04249999999999998,0.9506671422371332,0.4354407888474717,-0.1639713546559584,0.15978230047327194,0.08728770929666686
0.0475000000000001,0.9505498313011311,0.44071096601743504,-0.16582511608877917,0.16151912775762584,0.08823199279075046
0.05249999999999999,0.9504245147277552,0.4459801955951972,-0.16767970463597395,0.16325252386241906,0.08917378634451432
0.05750000000000011,0.9502912110116649,0.4512484088764249,-0.16953513196013067,0.164982423470463,0.09011303810134498
0.0625,0.9501499398284807,0.45651553745902407,-0.1713914093469046,0.16670876209370997,0.09104969683732861
0.0674999999999999,0.9500007220257336,0.46178151325366096,-0.17324854769589154,0.16843147609376335,0.09198371197810712
0.07250000000000001,0.9498435796173504,0.4670462684967146,-0.1751065575122611,0.1701505027015631,0.09291503361522349
0.0774999999999999,0.9496785357808731,0.4723097357634025,-0.17696544889907498,0.17186578003633857,0.09384361252199742
0.08250000000000002,0.9495056148579964,0.47757184797882063,-0.1788252315504619,0.17357724712369446,0.09476940016886258
0.08749999999999991,0.9493248423607249,0.48283253842363333,-0.18068591474616694,0.1752848439123912,0.0956923487379515
0.09250000000000003,0.9491362449882077,0.4880917407287038,-0.18254750734857808,0.17698851128887913,0.09661241113647102
0.09749999999999992,0.9489398506641787,0.49334938884809376,-0.1844100178043974,0.17868819108773032,0.09752954100797526
0.10250000000000004,0.9487356886137652,0.4986054169907412,-0.1862734541550883,0.18038382609444634,0.09844369273984566
0.10749999999999993,0.9485237895143498,0.5038597594745556,-0.18813782406381657,0.18207536003406857,0.09935482146383902
0.11250000000000004,0.9483041857835168,0.5091123504370396,-0.19000313487306839,0.18376273753354974,0.10026288304396999
0.11749999999999994,0.9480769121168517,0.5143631232845204,-0.19186939371860381,0.18544590403614883,0.10116783404141606
0.12250000000000005,0.9478420064743383,0.5196120096720431,-0.193736607745491,0.1871248056292002,0.10206963163817326
0.12749999999999995,0.947599511860605,0.5248589376524274,-0.19560478450658728,0.18879938871753055,0.10296823348755826
0.13250000000000006,0.9473494794904761,0.5301038283747673,-0.19747393268271096,0.1904695994254915,0.10386359743662221
0.13749999999999996,0.9470919743396544,0.5353465902839766,-0.19934406336256125,0.19213538252808096,0.10475568102716393
0.14250000000000007,0.9468270847494495,0.5405871090700719,-0.20121519228420695,0.19379667957529534,0.10564444061885107
0.14749999999999996,0.9465549388384336,0.5458252304761689,-0.20308734370834636,0.1954534256511219,0.1065298298751482
0.15250000000000008,0.9462757322123141,0.5510607312448295,-0.20496055702880708,0.19710554384841433,0.107411797187139
0.15749999999999997,0.9459897742268004,0.5562932705719105,-0.20683489792535598,0.19875293596371504,0.1082902813459137
0.1625000000000001,0.9456975644189769,0.5615223098405205,-0.20871047697979228,0.20039546699814964,0.10916520435511785
0.16749999999999998,0.9453999175640515,0.5667469811903816,-0.21058748044540845,0.2020329395994367,0.1100364596148575
0.1725000000000001,0.9450981665026108,0.5719658741930899,-0.2124662206520687,0.20366505229652168,0.11090389267170274
0.1775,0.9447944885380449,0.5771766923058081,-0.21434721792340883,0.20529133179567793,0.11176727010703442
0.1825000000000001,0.9444924271215303,0.5823757033694005,-0.21623133278854376,0.2069110239965527,0.11262622959945334
0.1875,0.9441977208576888,0.5875568657555004,-0.2181199781206656,0.20852291961200636,0.11348020023448414
0.1924999999999999,0.9439196145529444,0.5927104453884985,-0.2200154578851316,0.21012507657430182,0.11432827595220096
0.1975,0.9436729243537625,0.5978208357599658,-0.2219215059658439,0.21171438009120452,0.11516901540872504
0.2024999999999999,0.943481279413606,0.602863133662586,-0.22384414052587695,0.21328584830228214,0.11600012669461163
0.20750000000000002,0.9433821924207598,0.6077977796849687,-0.22579301474763508,0.2148315414864446,0.1168179728535162
0.2124999999999999,0.9434349550835515,0.6125622082293322,-0.22778354517815552,0.21633885919013235,0.11761680114368267
0.21750000000000003,0.9437328470220328,0.6170579307475401,-0.22984024860594143,0.21778790797045544,0.11838755373485674
0.22249999999999992,0.9444217926349826,0.6211307947644092,-0.23200192914125786,0.219147500052155,0.11911606414938102
0.22750000000000004,0.9457282887013699,0.6245414458899413,-0.2343296189684128,0.22036924629792598,0.11978040509971505
0.23249999999999993,0.9479997089722481,0.6269227675397175,-0.23691840254769558,0.221379284361233,0.12034720133835354
0.23750000000000004,0.9517587201994336,0.6277226795688118,-0.23991414531688282,0.22206781310414442,0.12076703640082223
0.24249999999999994,0.9577676697811802,0.6261373498593051,-0.2435349054459196,0.22227857095572343,0.12097003572738842
0.24750000000000005,0.9670833334964367,0.6210574175440244,-0.24809271378331066,0.22180486660936471,0.12086484692827898
0.25249999999999995,0.9810519197945086,0.6110844015964106,-0.25400187477390124,0.2204061636255203,0.12034773482619653
0.25750000000000006,1.0011536183443663,0.5947194712642971,-0.26174438548115253,0.2178653147687646,0.11933130741219773
0.26249999999999996,1.0285946240387351,0.5708324360970829,-0.27175250071911616,0.21409698966230833,0.11779759193760038
0.26750000000000007,1.0636486289237348,0.539379977531895,-0.2841960871072304,0.20927485161554835,0.1158592574400519
0.27249999999999996,1.1050176644753227,0.5020215497978453,-0.29875733077168587,0.20388599354956388,0.11378410129963659
0.2775000000000001,1.1497244530867066,0.46206195255178345,-0.31457354911603286,0.19862681643989683,0.11194062932630805
0.2825,1.1938607594305592,0.4234941057470243,-0.33046772546291403,0.19417308480491602,0.11068071287044118
0.2875000000000001,1.233858769712167,0.38967291356579675,-0.3453512133009603,0.1909727710212085,0.11023331801621215
0.2925,1.2674970355493693,0.3624549362032135,-0.3585354885070645,0.1891781213014007,0.11066881378031802
0.2975000000000001,1.2941381618482928,0.3421528002857391,-0.36980192736872947,0.18870682036732775,0.11193042587651408
0.3025,1.3143296236652016,0.32803107222826877,-0.3792823414966727,0.18935059957768566,0.11389188814172685
0.3075000000000001,1.329206849358865,0.31889581986793825,-0.3872855543606435,0.1908662173560399,0.11640708397129503
0.3125,1.3400209609291758,0.3135160097755605,-0.3941620824190202,0.19302785228092023,0.11933959447395491
0.3174999999999999,1.3478807710444956,0.31083438301531535,-0.4002302832450789,0.1956473599125591,0.12257474661436206
0.3225,1.3536624608610737,0.31002938027560867,-0.4057498844055148,0.19857578349965596,0.12602102146738248
0.3274999999999999,1.3580118280493667,0.3105004492680284,-0.4109216559396783,0.20169673127493284,0.12960658442275336
0.3325,1.3613835130010385,0.3118256162855908,-0.4158976362421644,0.20491773535504815,0.1332744070986247
0.3374999999999999,1.3640871784651982,0.31371624737961534,-0.42079338835409524,0.20816241071493546,0.13697765350999935
0.3425,1.3663281342850608,0.31597871800051186,-0.425698584573339,0.21136440311771304,0.1406759534394918
0.3474999999999999,1.3682390564910323,0.3184851278037231,-0.4306847665564076,0.2144632713792636,0.14433267545131506
0.35250000000000004,1.3699033243205803,0.3211521478753416,-0.43581024771429466,0.21740212658394417,0.1479131021133407
0.35749999999999993,1.3713717039816609,0.32392623982334917,-0.44112252344572567,0.2201267573751304,0.15138334117261493
0.36250000000000004,1.3726741779688334,0.3267735355358673,-0.44665865012759365,0.22258595601809775,0.15470979244906097
0.36749999999999994,1.3738284025215117,0.32967299515065646,-0.45244405057517945,0.22473275840830628,0.1578589914940395
0.37250000000000005,1.3748458903556118,0.3326118160072302,-0.45849018684295817,0.22652630031742288,0.1607976536724484
0.37749999999999995,1.3757366735303533,0.33558236325852,-0.4647915361622822,0.22793397140550198,0.16349274549973314
0.38250000000000006,1.3765129292526912,0.3385801189852663,-0.4713223106309465,0.22893352787512902,0.16591141938535894
0.38749999999999996,1.3771918463498174,0.3416023105407133,-0.47803336301856897,0.22951481854331096,0.16802067136320917
0.39250000000000007,1.3777978614839446,0.344646994909479,-0.48484970433218966,0.229680802074398,0.16978662631432873
0.39749999999999996,1.3783642921336827,0.34771245672302764,-0.4916690113340507,0.22944759559441186,0.17117342570350452
0.4025000000000001,1.3789343307113995,0.35079683240965165,-0.49836141889905516,0.22884339931881448,0.1721417872685729
0.4075,1.3795613357093017,0.35389790797801957,-0.5047707772140868,0.22790627979502262,0.17264741526823685
0.4125000000000001,1.3803083568990184,0.3570130575783921,-0.51071742064496,0.22668094641330322,0.17263954718869592
0.4175,1.3812468572006227,0.3601392980754729,-0.5160023624880635,0.22521479451453444,0.17206000643425265
0.4225000000000001,1.3824546375959599,0.3632734352976129,-0.5204127163806753,0.22355358458858512,0.17084316803278954
0.4275,1.3840130262904544,0.3664122744391478,-0.5237280629987014,0.22173715785454057,0.16891721841640162
0.4325000000000001,1.3860034523006841,0.36955286398754206,-0.5257274315713876,0.21979554447916208,0.16620699387379134
0.4375,1.3885035808836546,0.3726927421086509,-0.5261965415320995,0.21774570975746133,0.1626385215794563
0.4424999999999999,1.3915832388350748,0.3758301574138412,-0.5249349375557718,0.2155890309056955,0.15814518116761828
0.4475,1.3953003964446855,0.3789642411522791,-0.521762642489485,0.2133094412513515,0.15267518112249542
0.4524999999999999,1.399697492367292,0.3820951122858997,-0.5165259508952101,0.21087206551245627,0.1461998318965689
0.4575,1.404798377365474,0.38522389763121406,-0.5091020119761724,0.2082221459675902,0.13872191967078182
0.4624999999999999,1.4106061014162161,0.38835264518785617,-0.49940194050761844,0.20528416323733856,0.1302833521676304
0.4675,1.4171016699767345,0.3914841027448501,-0.4873723877696673,0.2019613063952787,0.1209711593419743
0.4724999999999999,1.4242437579637408,0.39462133366878205,-0.4729958240492722,0.1981358285386922,0.11092087991235507
0.47750000000000004,1.4319692266102657,0.39776715896870257,-0.45629020782257534,0.19367126296418105,0.1003163525725174
0.48249999999999993,1.4401941967137677,0.400923459864947,-0.43730914998105436,0.1884178270328365,0.08938499198922235
0.48750000000000004,1.4488154619740228,0.404090449524226,-0.416143946216485,0.18222239405530835,0.0783878422612021
0.49249999999999994,1.4577122271784024,0.40726610904079646,-0.3929287089653801,0.1749439354267056,0.06760417578255888
0.49750000000000005,1.4667485076972135,0.41044604022596515,-0.36784906435344594,0.1664741718546319,0.057311237084449754
0.5025,1.4757768984095432,0.41362396018030817,-0.34115342934039006,0.15676138843031515,0.04776090431638707
0.5075000000000001,1.484644575437228,0.41679290702481464,-0.31316400291436813,0.14583336747198117,0.0391563365796934
0.5125,1.4932020800252053,0.41994695569924645,-0.284282935900601,0.13381391893572553,0.031632642636469935
0.5175000000000001,1.5013145517518323,0.4230829567637391,-0.2549885903122356,0.1209274067837235,0.025245682266052824
0.5225,1.5088738500644487,0.4262016719702238,-0.2258181247769366,0.10748754230443534,0.01997189919088052
0.5275000000000001,1.5158089821326262,0.4293078197767252,-0.19733592867968505,0.09387034936840123,0.015719674251843483
0.5325,1.5220920748308642,0.43240894895000287,-0.17009174163144272,0.08047550615740981,0.012349786783105287
0.5375000000000001,1.5277380878641382,0.4355135379108092,-0.1445759373493049,0.06768361279815129,0.009700266836891893
0.5425,1.5327982494783514,0.438629010427746,-0.12118079688120639,0.055817968590202084,0.007610134450933029
0.5475000000000001,1.537349007988279,0.4417603142978989,-0.10017502998116773,0.04511780122058139,0.0059375055490667695
0.5525,1.5414793326184204,0.4449093897266961,-0.08169507361228173,0.03572637265502173,0.0045697551105220585
0.5575000000000001,1.5452791343317236,0.4480754665348163,-0.0657524272060123,0.027693467267572745,0.0034258772656984063
0.5625,1.5488306579036837,0.45125587109129717,-0.05225303967564613,0.02098880962391026,0.0024529790701031872
0.5674999999999999,1.5522034830643858,0.4544469676740064,-0.04102333166029493,0.015521637567733159,0.0016195810962533921
0.5725,1.5554527746806837,0.45764495437532765,-0.031837708087332973,0.011161869686836391,0.0009081826662651
0.5774999999999999,1.5586198812687995,0.46084638181551174,-0.024443735303623447,0.007759474769118686,0.00030878779890333523
0.5825,1.5617342750702063,0.46404838646198615,-0.01858278685079497,0.005160112922522527,-0.0001857900106985988
0.5874999999999999,1.564815994735142,0.4672486987202299,-0.01400538354235809,0.003216397880025516,-0.0005827334772104918
0.5925,1.567878020673103,0.47044550402662216,-0.010481439047787243,0.0017950124618660132,-0.0008904552995679211
0.5974999999999999,1.570928265392691,0.4736372211617248,-0.007806163987606494,0.0007803827302651287,-0.0011187474643282807
0.6025,1.5739710427196796,0.4768222319979445,-0.005802581962843819,7.577490382118095e-05,-0.0012783246478614914
0.6074999999999999,1.5770079806412027,0.4799985592341689,-0.00432159654741066,-0.000397358611206843,-0.0013801387657209837
0.6125,1.5800383715105073,0.4831634440643127,-0.0032404245718062365,-0.00070109185606447,-0.001434713244386189
0.6174999999999999,1.5830589193926603,0.4863127181748818,-0.0024600490148236243,-0.0008832678398246091,-0.0014516293288938634
0.6225,1.5860627449150264,0.4894397799160596,-0.0019021845400698527,-0.0009798974029935515,-0.0014392097500779317
0.6275,1.5890373203174946,0.4925338457487531,-0.001506108528629853,-0.001017471291308334,-0.0014043899635385634
0.6325000000000001,1.591960675963728,0.4955769043322059,-0.0012255959778352523,-0.0010150435693709165,-0.0013527390287055062
0.6375,1.594794632745769,0.4985383581924005,-0.001026107150543765,-0.0009860184747987177,-0.0012885834739444
0.6425000000000001,1.5974727620680675,0.5013655259706981,-0.000882309192840439,-0.0009396238198386316,-0.001215190848176531
0.6475,1.5998788774409487,0.5039666922376974,-0.000775963383958573,-0.0008820869717704932,-0.0011349792557933344
0.6525000000000001,1.6018084850361012,0.5061807176172822,-0.0006941748000322038,-0.0008175488624351426,-0.0010497310116602998
0.6575,1.6028998682129647,0.5077226029982571,-0.0006279780646441557,-0.0007487612956233861,-0.0009608002222638367
0.6625000000000001,1.6025126932448897,0.5080871450502151,-0.000571219405884085,-0.0006776159927958565,-0.0008693140935670671
0.6675,1.599522275957824,0.5063840047922845,-0.0005196907954158617,-0.000605551764539771,-0.0007763742639091713
0.6725000000000001,1.5920004603284974,0.5010761940552343,-0.00047047911070135975,-0.000533877492437945,-0.0006832631600463604
0.6775,1.5768170121251979,0.4896341079077002,-0.00042152072920160404,-0.0004640270910556201,-0.0005916417767069785
0.6825000000000001,1.5494307128816545,0.4682844171787102,-0.0003714123307678503,-0.00039771899890900556,-0.0005036771063115948
0.6875,1.504649363885153,0.4324310294057118,-0.00031960364862983497,-0.00033693436709826465,-0.00042197169770397786
0.6924999999999999,1.4394893834067426,0.37872901280576426,-0.00026703222311379523,-0.00028362715909422933,-0.0003491828295032695
0.6975,1.3577375533096345,0.30897309446210475,-0.00021674364267281002,-0.00023925311704314518,-0.0002874569033068891
0.7024999999999999,1.2717188972950149,0.23273180397800788,-0.00017328383469899546,-0.00020443208012941411,-0.00023805435987361268
0.7075,1.19650344212502,0.16376271547155513,-0.00014027951065835234,-0.00017888727096101927,-0.00020120337119110593
0.7124999999999999,1.1409414715575141,0.1116439003887697,-0.00011820649225501511,-0.00016145819001729705,-0.00017583890059150116
0.7175,1.1049576449926384,0.07757432315680624,-0.00010477598238900781,-0.00015027847663009406,-0.00015961201517666855
0.7224999999999999,1.0835810929778615,0.05739052222274985,-9.697557912801136e-05,-0.0001433197143820669,-0.00014967788188231096
0.7275,1.0714256414393815,0.046079329938692,-9.243573396982278e-05,-0.00013892472515486182,-0.00014360546508340472
0.7324999999999999,1.0645622826150636,0.03987996821971602,-8.966844385467682e-05,-0.00013597876417105248,-0.00013972722672028079
0.7375,1.0605842766475786,0.03646696991646194,-8.783447825814154e-05,-0.00013381592863930054,-0.00013703886201624205
0.7424999999999999,1.0581399645085396,0.034529339185113465,-8.648345772832529e-05,-0.00013206408620083948,-0.0001349775029543675
0.7475,1.0565025514898516,0.03336047083867832,-8.537893511920797e-05,-0.00013052243567382153,-0.00013323931354842873
0.7525,1.055289567155384,0.0325875356539792,-8.439788535016696e-05,-0.00012908445131082992,-0.0001316632521218434
0.7575000000000001,1.0543019436264798,0.032015683223812395,-8.347646090747698e-05,-0.00012769397014406018,-0.00013016457206083953
0.7625,1.053436783170122,0.03154348064207591,-8.258146660838793e-05,-0.00012632131020308212,-0.00012869863741984288
0.7675000000000001,1.0526412489690782,0.031118206833428457,-8.169551485772602e-05,-0.00012495057281653384,-0.00012724169929667953
0.7725,1.0518884445828574,0.03071248354471408,-8.08093321766507e-05,-0.0001235729711964698,-0.00012578080699815063
0.7775000000000001,1.0511648406622693,0.03031211750828595,-7.991778234317589e-05,-0.00012218335515035505,-0.00012430855696451021
0.7825,1.0504637272598352,0.029909791836055022,-7.901781943088199e-05,-0.00012077841917225072,-0.0001228203852111706
0.7875000000000001,1.0497818072774197,0.029501801705314284,-7.810744357340644e-05,-0.0001193557938532744,-0.00012131319204331553
0.7925,1.0491174292493806,0.02908637149514684,-7.718517768701036e-05,-0.00011791359891320695,-0.00011978466181137048
0.7975000000000001,1.0484696772831124,0.028662790082654863,-7.624981416810168e-05,-0.0001164502356311432,-0.000118232942510843
0.8025,1.047837910257335,0.028230965793193608,-7.530030044670026e-05,-0.00011496430142843986,-0.00011665650869481273
0.8075000000000001,1.0472215372932487,0.027791193367788125,-7.433569470223722e-05,-0.00011345456462006084,-0.00011505411457619432
0.8125,1.0466199180679479,0.027344025557468447,-7.335515563909783e-05,-0.00011191996649846699,-0.00011342478814212471
0.8174999999999999,1.0460323293563862,0.026890194725219058,-7.235794728558152e-05,-0.00011035963336409837,-0.00011176784036930968
0.8225,1.0454579665497632,0.026430557584821893,-7.134344877190222e-05,-0.00010877288939770923,-0.00011008287607530279
0.8274999999999999,1.0448959630237202,0.02596605068528987,-7.031116384612856e-05,-0.00010715926580448138,-0.00010836979972766122
0.8325,1.0443454175511138,0.025497651648759338,-6.926072752150059e-05,-0.00010551850422697482,-0.00010662881334397076
0.8374999999999999,1.0438054238450274,0.025026344769138443,-6.819190875428576e-05,-0.00010385055393617395,-0.00010486040582916541
0.8425,1.043275098522507,0.024553091134333394,-6.710460895512595e-05,-0.00010215556322829576,-0.00010306533441046882
0.8474999999999999,1.0427536051723665,0.02407880390187363,-6.599885670079859e-05,-0.00010043386601157737,-0.00010124459959627448
0.8525,1.0422401732044184,0.023604329269565325,-6.487479936726154e-05,-9.868596488286715e-05,-9.939941548581452e-05
0.8574999999999999,1.041734110928164,0.023130433346636652,-6.373269261621989e-05,-9.691251213971216e-05,-9.753117739687915e-05
0.8625,1.041234812917371,0.02265779472780019,-6.257288877725155e-05,-9.511429020136966e-05,-9.564142873281111e-05
0.8674999999999999,1.0407417621766577,0.02218700220829097,-6.139582520746772e-05,-9.329219286683975e-05,-9.373182883958975e-05
0.8725,1.0402545279384925,0.02171855680846082,-6.020201371015713e-05,-9.144720876242231e-05,-9.180412336656245e-05
0.8775,1.039772760089404,0.02125287712379843,-5.899203208159567e-05,-8.958040826596564e-05,-8.986011839399727e-05
0.8825000000000001,1.0392961812678316,0.0207903069780917,-5.776651885840582e-05,-8.769293517664934e-05,-8.790165937575077e-05
0.8875,1.0388245776171363,0.020331124415890498,-5.652617238061844e-05,-8.578600445928748e-05,-8.59306158082126e-05
0.8925000000000001,1.038357789045542,0.019875551198917065,-5.527175538731754e-05,-8.386090755597232e-05,-8.394887251305541e-05
0.8975,1.037895699670949,0.019423762140551342,-5.40041065362227e-05,-8.191902704448469e-05,-8.195832854187826e-05
0.9025000000000001,1.0374382289405826,0.01897589379605302,-5.272416049373234e-05,-7.9961862846131e-05,-7.99609050042095e-05
0.9075,1.03698532373566,0.018532052201986515,-5.1432978580529975e-05,-7.799107275599825e-05,-7.795856361750121e-05
0.9125000000000001,1.0365369516151381,0.01809231951124178,-5.013179237866679e-05,-7.600853079570453e-05,-7.595333851775817e-05
0.9175,1.0360930952286265,0.01765675949168446,-4.88220632060275e-05,-7.401640778468778e-05,-7.394738490649351e-05
0.9225000000000001,1.0356537478392467,0.017225421944314107,-4.750556094101936e-05,-7.201727960956804e-05,-7.194304952177223e-05
0.9275,1.0352189098404827,0.016798346152814014,-4.6184466336016085e-05,-7.001426997208775e-05,-6.994296982061797e-05
0.9325000000000001,1.034788586122058,0.016375563505377007,-4.486150170200885e-05,-6.801123596110283e-05,-6.795021130703361e-05
0.9375,1.0343627841324654,0.01595709943802273,-4.35400956995988e-05,-6.601300669121194e-05,-6.596845585782132e-05
0.9424999999999999,1.0339415124944544,0.015542974843429189,-4.22245889664582e-05,-6.402568757247977e-05,-6.40022584921648e-05
0.9475,1.033524780052488,0.015133207079923727,-4.0920488493736104e-05,-6.205704563662757e-05,-6.205739620446331e-05
0.9524999999999999,1.0331125952791522,0.01472781072200811,-3.9634780082372505e-05,-6.011699486733636e-05,-6.014134074890944e-05
0.9575,1.032704966105189,0.014326798287054849,-3.837630990116957e-05,-5.821820476472923e-05,-5.8263898256325754e-05
0.9624999999999999,1.0323019007538718,0.013930181641615118,-3.715624812921566e-05,-5.637686042794902e-05,-5.6438072984920046e-05
0.9675,1.0319034123011372,0.013537976865764459,-3.598864980996616e-05,-5.461360803084819e-05,-5.4681230989194515e-05
0.9724999999999999,1.0315095388023663,0.013150224312414558,-3.48911300758377e-05,-5.2954724660958086e-05,-5.301666191805959e-05
0.9775,1.0311204299231838,0.012767074108184472,-3.388567175396387e-05,-5.1433551925037906e-05,-5.147565962977253e-05
0.9824999999999999,1.0307367189212528,0.012389152835733372,-3.299957860668606e-05,-5.009221099656372e-05,-5.010024377027143e-05
0.9875,1.0303611205590384,0.012019138657413359,-3.226655767892803e-05,-4.898349772340245e-05,-4.894652829341817e-05
0.9924999999999999,1.0300052998273934,0.011668532963312068,-3.172777410966153e-05,-4.8172315021930293e-05,-4.8088083832148916e-05
0.9975,1.029719421416967,0.011386794526100813,-3.143210149368628e-05,-4.773362929239554e-05,-4.761558950860023e-05
