-0.9975,1.048822893882018,0.4123942435964495,-0.020679719833990976,-0.006763025258116336,8.165527315239014e-05,9.701736554822666e-06
-0.9925,1.0492415142039178,0.41198734942886234,-0.020680574170655823,-0.006759146712724522,8.373949961521157e-05,9.834543060758432e-06
-0.9875,1.0496652553714572,0.4115774175759308,-0.0206769489178929,-0.0067549871419200205,8.533386086871711e-05,9.877613407251595e-06
-0.9825,1.0500940538535533,0.4111645010055002,-0.020670475025461627,-0.006750761261183998,8.644495021428573e-05,9.892795557749945e-06
-0.9775,1.0505278644284393,0.4107486434997412,-0.020662168225305373,-0.0067465199092635285,8.723285633314706e-05,9.902003097508264e-06
-0.9725,1.0509666507922009,0.41032988534271997,-0.020652670784756424,-0.00674227118275756,8.781370156939933e-05,9.911086445469198e-06
-0.9675,1.0514103811964968,0.4099082655900515,-0.020642391014319073,-0.006738013021131162,8.826262596185966e-05,9.921246530133165e-06
-0.9625,1.0518590258996714,0.40948382333199834,-0.02063158944749721,-0.006733741985352868,8.862762306722351e-05,9.932478095029318e-06
-0.9575,1.0523125556020008,0.40905659845112624,-0.02062043289830194,-0.006729455312227309,8.893935803520837e-05,9.944540363519469e-06
-0.9525,1.0527709404749654,0.4086266320816797,-0.020609028555320635,-0.0067251511518130755,8.921746083447445e-05,9.957205282967142e-06
-0.9475,1.0532341495582938,0.40819396688625664,-0.020597445553775167,-0.006720828391715599,8.947451508527882e-05,9.970303028275547e-06
-0.9425,1.0537021503863775,0.40775864721961,-0.02058572865828322,-0.0067164864449525685,8.971858795240661e-05,9.983716491863712e-06
-0.9375,1.0541749087580208,0.4073207192226858,-0.02057390696356845,-0.006712125083892886,8.995483863161275e-05,9.997367166094669e-06
-0.9325,1.054652388595649,0.4068802308736877,-0.020561999448636323,-0.006707744324646639,9.018654506744208e-05,1.0011202875114716e-05
-0.9275,1.0551345518601978,0.4064372320128009,-0.02055001854786633,-0.0067033443498833375,9.041576408238659e-05,1.0025188931657597e-05
-0.9225,1.0556213585005438,0.40599177435086625,-0.020537972475273863,-0.0066989254578765835,9.064376103996001e-05,1.0039302149158393e-05
-0.9175,1.0561127664243548,0.40554391146832897,-0.020525866762450308,-0.006694488028691808,9.087129416698761e-05,1.0053526858345983e-05
-0.9125,1.0566087314823145,0.40509369880832075,-0.02051370529176436,-0.006690032501479012,9.109880558004802e-05,1.006785224306549e-05
-0.9075,1.0571092074608215,0.40464119366622375,-0.020501490992924653,-0.006685559359103766,9.132655008341106e-05,1.0082270530628687e-05
-0.9025,1.0576141460801438,0.4041864551771244,-0.020489226303628625,-0.006681069117834254,9.15546803531277e-05,1.0096775749555431e-05
-0.8975,1.0581234969960758,0.40372954430198366,-0.020476913459344968,-0.006676562320656937,9.178330052965719e-05,1.0111362885464503e-05
-0.8925,1.0586372078037287,0.40327052381294287,-0.020464554660815693,-0.00667203953321634,9.201249720171879e-05,1.0126027331014743e-05
-0.8875,1.059155224042412,0.402809458277895,-0.020452152160191167,-0.006667501341563618,9.224235534847326e-05,1.0140764554101931e-05
-0.8825000000000001,1.0596774892007954,0.4023464140442065,-0.020439708300716578,-0.006662948351008382,9.247296570101124e-05,1.015556991799352e-05
-0.8775,1.0602039447216896,0.40188145922127494,-0.020427225537437668,-0.006658381185487896,9.270442860805217e-05,1.0170438592383675e-05
-0.8725,1.0607345300058928,0.4014146636614282,-0.020414706457604112,-0.0066538004870179,9.293685786671703e-05,1.0185365503324721e-05
-0.8674999999999999,1.0612691824145595,0.4009460989385079,-0.020402153811054587,-0.006649206914947607,9.31703864285182e-05,1.0200345283678196e-05
-0.8625,1.0618078372694684,0.40047583832330097,-0.02038957055457544,-0.006644601144874039,9.340517472899504e-05,1.0215372201134616e-05
-0.8575,1.0623504278503872,0.40000395675479516,-0.020376959910792133,-0.006639983867155716,9.364142175734641e-05,1.023044005448211e-05
-0.8525,1.0628968853884708,0.39953053080601253,-0.0203643254413084,-0.006635355785003878,9.3879378829293e-05,1.0245542039420907e-05
-0.8475,1.06344713905436,0.39905563864295895,-0.020351671134686555,-0.0066307176121386206,9.411936619214357e-05,1.0260670594665621e-05
-0.8425,1.0640011159394644,0.3985793599750872,-0.02033900151154556,-0.00662607007001012,9.436179290397085e-05,1.0275817252726856e-05
-0.8375,1.064558741029046,0.39810177599585206,-0.020326321750897307,-0.006621413884641966,9.460718076699503e-05,1.0290972546521135e-05
-0.8325,1.0651199371667306,0.3976229693129129,-0.020313637843573776,-0.00661674978331434,9.485619340074295e-05,1.0306126076956466e-05
-0.8275,1.0656846250130545,0.3971430238704624,-0.020300956780228068,-0.006612078491660311,9.510967179896933e-05,1.0321266949148132e-05
-0.8225,1.0662527230080003,0.39666202487324914,-0.020288286783073203,-0.006607400732448158,9.536867792177538e-05,1.0336384967283207e-05
-0.8175,1.066824147363626,0.39618005873752143,-0.02027563759244679,-0.0066027172285985725,9.563454800421457e-05,1.0351473281878238e-05
-0.8125,1.0673988121459794,0.39569721312608547,-0.020263020821600673,-0.006598028715170879,9.590895723281592e-05,1.0366533654474449e-05
-0.8075,1.0679766295687765,0.39521357718586997,-0.02025045039588276,-0.006593335968571604,9.619399708737121e-05,1.0381586177191114e-05
-0.8025,1.0685575107347907,0.3947292422160039,-0.02023794309561121,-0.006588639866529581,9.649226569166845e-05,1.0396686144036694e-05
-0.7975,1.069141367250568,0.3942443031775812,-0.020225519225084122,-0.006583941499719963,9.680696957170314e-05,1.041195170135953e-05
-0.7925,1.0697281144335025,0.3937588617395013,-0.02021320343247828,-0.00657924236509131,9.714203180426236e-05,1.0427606620617769e-05
-0.7875,1.0703176772446494,0.39327303195442803,-0.020201025705256503,-0.006574544680798204,9.75021962022022e-05,1.0444042528375748e-05
-0.7825,1.0709100006012207,0.39278695016063186,-0.020189022560431553,-0.006569851870558755,9.789310972813118e-05,1.0461903468169923e-05
-0.7775,1.0715050662728243,0.39230079123499406,-0.02017723843469039,-0.0065651692668514785,9.83213561611252e-05,1.0482191936878636e-05
-0.7725,1.0721029189750952,0.3918147937153547,-0.02016572725105427,-0.006560505071651317,9.879440457890411e-05,1.0506388923463204e-05
-0.7675,1.07270370426331,0.3913292962965134,-0.020154554091588027,-0.006555871583891832,9.932042920427304e-05,1.0536571047017068e-05
-0.7625,1.073307720029933,0.39084478742988427,-0.02014379683697754,-0.006551286649789456,9.990795663681094e-05,1.0575496918681462e-05
-0.7575000000000001,1.0739154814564669,0.39036196786878663,-0.020133547546103202,-0.006546775215817931,0.00010056530711749556,1.0626625171628842e-05
-0.7525,1.0745277959534625,0.38988182280074773,-0.020123913253240113,-0.0065423707730669425,0.00010129982210342301,1.0694022452952495e-05
-0.7475,1.0751458401023612,0.38940569585072643,-0.020115015779367768,-0.006538116394881675,0.00010211691199079958,1.0782125754271452e-05
-0.7424999999999999,1.0757712256005993,0.38893535241301935,-0.020106990119590114,-0.006534065015069146,0.00010301901118505163,1.0895343192758197e-05
-0.7375,1.0764060370239823,0.38847301574563925,-0.02009998101754981,-0.006530278602873818,0.00010400458251306348,1.1037510726468552e-05
-0.7324999999999999,1.0770528225910583,0.3880213577095622,-0.020094137499767392,-0.006526825987832972,0.0001050673535243764,1.121126417419988e-05
-0.7275,1.0777145217160407,0.38758342856635136,-0.02008960542614578,-0.006523779278187502,0.00010619597617493079,1.1417425952491306e-05
-0.7224999999999999,1.0783943208989781,0.3871625177518473,-0.02008651849047773,-0.006521209078382635,0.00010737426558490791,1.1654530720079936e-05
-0.7175,1.0790954419494807,0.38676194955611204,-0.020084988509460992,-0.006519178992593881,0.00010858209044148184,1.1918611466469978e-05
-0.7125,1.0798208814765036,0.3863848320353269,-0.020085096171930165,-0.006517740130788539,0.00010979686925828745,1.2203331710128098e-05
-0.7075,1.0805731343764717,0.3860337907595584,-0.02008688357631174,-0.006516926440546206,0.00011099549912117491,1.2500484736219143e-05
-0.7025,1.0813539426211498,0.38571072721307026,-0.020090349785640317,-0.006516751625192711,0.00011215644028043821,1.28008020279535e-05
-0.6975,1.0821641107864153,0.38541664173414214,-0.020095450257415874,-0.006517208173988919,0.00011326163155718217,1.3094941626944344e-05
-0.6925,1.083003420428728,0.38515155181748817,-0.020102100417635993,-0.006518268669893712,0.00011429793483542507,1.3374484051452115e-05
-0.6875,1.0838706583176618,0.3849145200745418,-0.02011018296892747,-0.0065198891395275745,0.00011525789835645061,1.363276169592956e-05
-0.6825,1.0847637527618066,0.3847037861192988,-0.020119557909454036,-0.006522013865751118,0.00011613976465238349,1.3865387804708734e-05
-0.6775,1.0856799930394079,0.3845169781590003,-0.020130073835824498,-0.0065245808757109815,0.00011694679393543343,1.407042092289757e-05
-0.6725,1.0866162939473816,0.38435136762538685,-0.020141578995912453,-0.0065275272854443305,0.0001176860911165964,1.4248179753455156e-05
-0.6675,1.0875694634330604,0.38420412638077167,-0.02015393075180727,-0.006530793815816767,0.00011836718848792049,1.4400790133800616e-05
-0.6625,1.088536436248228,0.38407255091503023,-0.020167002537331988,-0.006534328041830022,0.00011900063798215409,1.4531584803117792e-05
-0.6575,1.0895144482436405,0.38395422925153605,-0.020180687927397644,-0.0065380862249428,0.0001195968160782264,1.4644482184448733e-05
-0.6525000000000001,1.0905011405721663,0.3838471403948132,-0.02019490194680137,-0.0065420338352667655,0.00012016506244848097,1.4743447201607123e-05
-0.6475,1.0914945968341836,0.3837496893720862,-0.02020958013017647,-0.006546145048149255,0.00012071318585909394,1.4832096866960294e-05
-0.6425000000000001,1.0924933262089906,0.38366069049879553,-0.020224676049264267,-0.006550401578981858,0.0001212472989936797,1.491346980878943e-05
-0.6375,1.093496210578102,0.3835793162123358,-0.02024015804929801,-0.006554791210660065,0.00012177189987767401,1.4989943394312802e-05
-0.6325000000000001,1.0945024338336937,0.3835050289499729,-0.020256005825389403,-0.006559306297974484,0.0001222901032395571,1.5063260799311286e-05
-0.6275,1.095511408338548,0.3834375104146121,-0.020272207284640617,-0.006563942436172559,0.00012280393431195175,1.5134623873883933e-05
-0.6225,1.0965227086353941,0.3833765978819996,-0.0202887559408456,-0.006568697386035529,0.0001233146202563756,1.5204812491056299e-05
-0.6174999999999999,1.09753601757831,0.3833222324739203,-0.020305648920082294,-0.006573570273433212,0.00012382284073290075,1.5274302029265062e-05
-0.6125,1.0985510861175292,0.38327442054716665,-0.020322885539032266,-0.0065785610342619484,0.0001243289220299115,1.5343362865979948e-05
-0.6074999999999999,1.0995677054309927,0.38323320692386487,-0.020340466355567244,-0.006583670053884375,0.00012483297514432766,1.5412135969092282e-05
-0.6025,1.1005856888888244,0.38319865754109655,-0.020358392572366584,-0.006588897946854536,0.00012533498688557224,1.5480685455208328e-05
-0.5974999999999999,1.1016048611150553,0.3831708488926507,-0.020376665683466185,-0.006594245429971133,0.00012583487598084324,1.554903239916417e-05
-0.5925,1.1026250517610139,0.38314986197611106,-0.020395287276045424,-0.006599713253053963,0.0001263325254516328,1.5617175087012773e-05
-0.5875,1.10364609218009,0.3831357790121685,-0.020414258924823705,-0.0066053021630726756,0.00012682780016627963,1.5685100359855988e-05
-0.5825,1.1046678137682597,0.38312868175446996,-0.020433582138207132,-0.006611012886333555,0.00012732055579688938,1.5752789570517347e-05
-0.5775,1.1056900471991629,0.38312865065313223,-0.02045325833158069,-0.006616846119846028,0.0001278106431299162,1.58202215215473e-05
-0.5725,1.106712622109484,0.38313576444781605,-0.02047328881398728,-0.006622802527076361,0.00012829791002922286,1.588737382894285e-05
-0.5675,1.1077353669971097,0.38315009996381205,-0.02049367478102249,-0.006628882735675222,0.00012878220228916619,1.595422351980632e-05
-0.5625,1.1087581092138172,0.3831717319984726,-0.020514417310454384,-0.006635087336043255,0.00012926336399639516,1.6020747281686782e-05
-0.5575,1.1097806749975456,0.3832007332457148,-0.020535517358979648,-0.006641416880234829,0.00012974123768853067,1.6086921563898267e-05
-0.5525,1.1108028895204014,0.3832371742359638,-0.02055697575944067,-0.006647871880994285,0.00013021566443479832,1.61527226200633e-05
-0.5475,1.11182457694271,0.3832811232823959,-0.020578793218235733,-0.006654452810845885,0.0001306864838893752,1.6218126528936006e-05
-0.5425,1.1128455604694212,0.38333264643005033,-0.02060097031282449,-0.0066611601012095374,0.00013115353433663563,1.628310920780006e-05
-0.5375,1.113865662407546,0.3833918074066222,-0.02062350748929616,-0.0066679941415334265,0.00013161665273506384,1.6347646423569327e-05
-0.5325,1.1148847042241545,0.38345866757457875,-0.02064640505999177,-0.006674955278441386,0.00013207567476212473,1.641171380331372e-05
-0.5275000000000001,1.1159025066047672,0.3835332858845039,-0.020669663201180348,-0.006682043814894937,0.00013253043486083092,1.6475286844741486e-05
-0.5225,1.1169188895120656,0.3836157188296789,-0.020693281950790034,-0.006689260009370573,0.00013298076628815944,1.6538340926771497e-05
-0.5175000000000001,1.117933672244871,0.3837060204019193,-0.020717261206197435,-0.006696604075053074,0.00013342650116553945,1.660085132024364e-05
-0.5125,1.1189466734973477,0.3838042420487001,-0.02074160072207731,-0.006704076179045601,0.00013386747053133958,1.6662793198758236e-05
-0.5075000000000001,1.1199577114183925,0.3839104326316046,-0.020766300108315705,-0.00671167644159748,0.00013430350439549939,1.6724141649641846e-05
-0.5025,1.1209666036711734,0.3840246383861165,-0.02079135882798888,-0.006719404935350344,0.00013473443179628887,1.678487168504308e-05
-0.49750000000000005,1.121973167492775,0.38414690288279507,-0.020816776195410912,-0.006727261684603543,0.0001351600808592689,1.6844958253140127e-05
-0.49250000000000005,1.1229772197539138,0.38427726698985387,-0.020842551374252474,-0.006735246664599521,0.00013558027885847917,1.6904376249450076e-05
-0.48750000000000004,1.123978577018689,0.3844157688371693,-0.02086868337573338,-0.006743359800829946,0.00013599485227988795,1.696310052825488e-05
-0.48250000000000004,1.1249770556043266,0.38456244378174664,-0.020895171056891298,-0.006751600968363388,0.00013640362688715753,1.7021105914097515e-05
-0.47750000000000004,1.125972471640883,0.3847173243746605,-0.02092201311892927,-0.0067599699911952095,0.0001368064277897397,1.7078367213390665e-05
-0.47250000000000003,1.1269646411308716,0.38488044032949736,-0.020949208105644226,-0.006768466641620467,0.00013720307951334932,1.7134859226090016e-05
-0.4675,1.1279533800087773,0.3850518184923145,-0.020976754401939045,-0.0067770906396304835,0.00013759340607283853,1.7190556757443808e-05
-0.4625,1.1289385042004254,0.38523148281313546,-0.02100465023242015,-0.006785841652333821,0.00013797723104749349,1.724543462981586e-05
-0.4575,1.1299198296821664,0.38541945431899993,-0.021032893660083176,-0.00679471929340228,0.0001383543776587875,1.7299467694556587e-05
-0.4525,1.13089717253985,0.3856157510885804,-0.021061482585088484,-0.006803723122542653,0.00013872466885060542,1.735263084394309e-05
-0.4475,1.1318703490275492,0.3858203882283815,-0.021090414743628848,-0.0068128526449948235,0.00013908792737195346,1.740489902316232e-05
-0.4425,1.1328391756260106,0.38603337785053254,-0.021119687706891092,-0.00682210731105683,0.00013944397586217172,1.7456247242326273e-05
-0.4375,1.1338034691007912,0.3862547290521851,-0.021149298880113732,-0.006831486515637512,0.00013979263693866115,1.7506650588537976e-05
-0.4325,1.1347630465600593,0.38648444789652203,-0.021179245501742206,-0.006840989597837347,0.00014013373328712156,1.755608423798529e-05
-0.4275,1.1357177255120272,0.38672253739539003,-0.021209524642683657,-0.006850615840557961,0.0001404670877543129,1.7604523468050088e-05
-0.4225,1.1366673239219867,0.38696899749355684,-0.021240133205662558,-0.006860364470140917,0.00014079252344330188,1.765194366945184e-05
-0.4175,1.1376116602689221,0.3872238250546023,-0.02127106792467914,-0.006870234656036285,0.0001411098638112589,1.7698320358393244e-05
-0.4125,1.1385505536016753,0.38748701384844214,-0.02130232536457155,-0.006880225510501461,0.00014141893276968886,1.7743629188723826e-05
-0.4075,1.1394838235946336,0.3877585545404897,-0.02133390192068348,-0.006890336088330712,0.00014171955478717614,1.7787845964106886e-05
-0.40249999999999997,1.1404112906029213,0.38803843468245514,-0.021365793818638196,-0.006900565386615922,0.00014201155499453443,1.783094665018139e-05
-0.39749999999999996,1.1413327757170666,0.3883266387047811,-0.021397997114220316,-0.0069109123445389425,0.00014229475929240326,1.7872907386733443e-05
-0.39249999999999996,1.1422481008171257,0.3886231479107122,-0.02143050769336606,-0.006921375843195911,0.00014256899446119406,1.7913704499838762e-05
-0.38749999999999996,1.1431570886262397,0.38892794047199514,-0.02146332127226328,-0.0069319547054539805,0.00014283408827338168,1.795331451401691e-05
-0.38249999999999995,1.144059562763607,0.3892409914262061,-0.021496433397561552,-0.0069426476958407346,0.00014308986960808294,1.7991714164347022e-05
-0.37749999999999995,1.1449553477968477,0.38956227267569726,-0.02152983944669359,-0.006953453520466695,0.0001433361685678603,1.8028880408577694e-05
-0.37250000000000005,1.1458442692937465,0.3898917529881581,-0.021563534628307977,-0.006964370826981126,0.00014357281659768993,1.8064790439210086e-05
-0.36750000000000005,1.146726153873352,0.39022939799877904,-0.021597513982814072,-0.006975398204561487,0.00014379964660604964,1.8099421695550418e-05
-0.36250000000000004,1.1476008292564213,0.390575170214013,-0.021631772383039358,-0.0069865341839367295,0.00014401649308801257,1.81327518757352e-05
-0.35750000000000004,1.14846812431519,0.3909290290169215,-0.02166630453499931,-0.006997777237444719,0.00014422319225031204,1.816475894872031e-05
-0.35250000000000004,1.1493278691224533,0.39129093067409426,-0.02170110497878007,-0.007009125779123872,0.0001444195821382423,1.8195421166240668e-05
-0.34750000000000003,1.1501798949999515,0.39166082834413,-0.021736168089533825,-0.007020578164839327,0.0001446055027643485,1.8224717074715043e-05
-0.3425,1.1510240345660376,0.39203867208766546,-0.021771488078586837,-0.007032132692443655,0.00014478079623876842,1.825262552712536e-05
-0.3375,1.1518601217826234,0.39242440887893776,-0.021807058994659935,-0.007043787601972324,0.00014494530690114193,1.827912569484057e-05
-0.3325,1.15268799200139,0.3928179826188649,-0.021842874725200943,-0.007055541075873917,0.0001450988814539788,1.830419707939129e-05
-0.3275,1.153507482009253,0.3932193341496297,-0.021878928997828957,-0.007067391239275339,0.00014524136909733825,1.832781952420159e-05
-0.3225,1.1543184300730776,0.39362840127074816,-0.02191521538188938,-0.007079336160281825,0.00014537262166471025,1.8349973226259615e-05
-0.3175,1.1551206759836292,0.39404511875660564,-0.021951727290119665,-0.007091373850311973,0.00014549249375999014,1.8370638747735614e-05
-0.3125,1.1559140610987604,0.3944694183754439,-0.021988457980424373,-0.007103502264467653,0.00014560084289535848,1.8389797027541395e-05
-0.3075,1.1566984283858208,0.39490122890977747,-0.022025400557759204,-0.007115719301938859,0.00014569752962996724,1.840742939282687e-05
-0.3025,1.1574736224632907,0.3953404761782225,-0.02206254797612264,-0.007128022806443367,0.00014578241770926966,1.84235175704141e-05
-0.2975,1.1582394896416308,0.39578708305871496,-0.022099893040654184,-0.007140410566701179,0.00014585537420481348,1.8438043698169553e-05
-0.2925,1.1589958779633467,0.39624096951310084,-0.022137428409838105,-0.007152880316943604,0.0001459162696543688,1.845099033629619e-05
-0.2875,1.1597426372422626,0.3967020526130743,-0.022175146597811217,-0.007165429737456833,0.00014596497820220725,1.8462340478559633e-05
-0.2825,1.1604796191020037,0.39717024656744354,-0.02221303997677362,-0.007178056455159969,0.00014600137773938224,1.847207756344777e-05
-0.27749999999999997,1.1612066770136893,0.3976454627507017,-0.022251100779500307,-0.007190758044217127,0.00014602535004379426,1.8480185485240166e-05
-0.27249999999999996,1.1619236663328283,0.39812760973287975,-0.022289321101952805,-0.007203532026683621,0.00014603678091989493,1.848664860500315e-05
-0.26749999999999996,1.1626304443354263,0.3986165933106611,-0.022327692905988572,-0.007216375873185851,0.000146035560337854,1.8491451761501983e-05
-0.26249999999999996,1.1633268702532986,0.39911231653972984,-0.022366208022166625,-0.0072292870036347375,0.0001460215825719396,1.8494580282026965e-05
-0.25749999999999995,1.1640128053085914,0.39961467976833615,-0.022404858152647616,-0.0072422627879724175,0.00014599474633799687,1.8496019993121014e-05
-0.25249999999999995,1.1646881127475168,0.40012358067204623,-0.022443634874186304,-0.007255300546951832,0.00014595495492979814,1.849575723123207e-05
-0.24750000000000005,1.165352657873302,0.40063891428966225,-0.02248252964121449,-0.00726839755294905,0.0001459021163540345,1.8493778853246055e-05
-0.24250000000000005,1.1660063080783527,0.40116057306027875,-0.022521533789012203,-0.0072815510308078075,0.00014583614346379116,1.8490072246931427e-05
-0.23750000000000004,1.16664893287564,0.4016884468614612,-0.022560638536965237,-0.0072947581587160925,0.00014575695409031145,1.8484625341284795e-05
-0.23250000000000004,1.1672804039293125,0.40222242304851225,-0.02259983499190651,-0.007308016069114233,0.00014566447117277546,1.847742661674747e-05
-0.22750000000000004,1.1679005950845356,0.40276238649480955,-0.02263911415153925,-0.007321321849634239,0.00014555862288598287,1.8468465115326387e-05
-0.22250000000000003,1.1685093823965673,0.40330821963318375,-0.022678466907939402,-0.0073346725440698495,0.00014543934276565988,1.8457730450586163e-05
-0.21750000000000003,1.1691066441590743,0.4038598024983185,-0.022717884051135045,-0.007348065153376991,0.00014530656983120029,1.844521281751987e-05
-0.21250000000000002,1.1696922609316924,0.40441701277014097,-0.022757356272760265,-0.007361496636704037,0.00014516024870567132,1.843090300229519e-05
-0.20750000000000002,1.1702661155668415,0.4049797258181845,-0.022796874169780983,-0.007374963912451553,0.00014500032973281202,1.8414792391853986e-05
-0.2025,1.1708280932357955,0.40554781474689433,-0.02283642824829009,-0.0073884638593609345,0.00014482676909086537,1.8396872983385753e-05
-0.1975,1.171378081454022,0.40612115044185404,-0.022876008927369577,-0.007401993317631452,0.00014463952890302842,1.837713739364782e-05
-0.1925,1.1719159701057913,0.40669960161690694,-0.02291560654301665,-0.00741554909006521,0.00014443857734430102,1.835557886812886e-05
-0.1875,1.1724416514680656,0.407283034862149,-0.022955211352131376,-0.007429127943239433,0.00014422388874455318,1.8332191290061878e-05
-0.1825,1.172955020233677,0.4078713146927688,-0.022994813536563092,-0.0074427266087055645,0.0001439954436875809,1.8306969189263635e-05
-0.1775,1.173455973533799,0.4084643035987088,-0.02303440320721278,-0.007456341784214567,0.00014375322910598385,1.8279907750803696e-05
-0.1725,1.1739444109597226,0.40906186209512574,-0.023073970408188826,-0.007469970134967868,0.00014349723837165943,1.8251002823490453e-05
-0.16749999999999998,1.1744202345839405,0.40966384877362527,-0.023113505121013022,-0.007483608294893296,0.00014322747138171234,1.8220250928176727e-05
-0.16249999999999998,1.174883348980554,0.41027012035424687,-0.023152997268874376,-0.0074972528679454345,0.00014294393463960825,1.8187649265847724e-05
-0.15749999999999997,1.1753336612450036,0.41088053173817607,-0.023192436720927672,-0.007510900429429756,0.0001426466413313709,1.8153195725533722e-05
-0.15249999999999997,1.1757710810131377,0.4114949360611599,-0.023231813296634013,-0.007524547527349843,0.0001423356113966821,1.8116888891981696e-05
-0.14749999999999996,1.1761955204796244,0.41211318474760117,-0.02327111677014045,-0.007538190683777061,0.00014201087159465675,1.8078728053120455e-05
-0.14249999999999996,1.1766068944157144,0.4127351275653125,-0.023310336874696004,-0.007551826396242032,0.0001416724555641834,1.8038713207285052e-05
-0.13749999999999996,1.1770051201863667,0.41336061268090124,-0.023349463307100905,-0.007565451139147137,0.000141320403878629,1.799684507020513e-05
-0.13249999999999995,1.1773901177667403,0.41398948671576824,-0.02338848573218655,-0.007579061365199469,0.000140954764094769,1.7953125081742048e-05
-0.12749999999999995,1.177761809758065,0.41462159480269345,-0.023427393787323066,-0.007592653506863375,0.00014057559079581262,1.7907555412360766e-05
-0.12250000000000005,1.1781201214028978,0.415256780642989,-0.0234661770869517,-0.007606223977831958,0.00014018294562834018,1.7860138969331263e-05
-0.11750000000000005,1.1784649805997698,0.4158948865641959,-0.023504825227139273,-0.007619769174516779,0.00013977689733306174,1.7810879402653827e-05
-0.11250000000000004,1.178796317917237,0.4165357535783038,-0.023543327790151745,-0.0076332854775549835,0.0001393575217692576,1.7759781110686444e-05
-0.10750000000000004,1.1791140666073407,0.41717922144047037,-0.023581674349044186,-0.007646769253333094,0.00013892490193277417,1.7706849245468886e-05
-0.10250000000000004,1.1794181626184812,0.4178251287082208,-0.02361985447226415,-0.007660216855526725,0.00013847912796747012,1.7652089717733175e-05
-0.09750000000000003,1.1797085446077193,0.41847331280110345,-0.02365785772826591,-0.007673624626655382,0.0001380202971700289,1.7595509201595772e-05
-0.09250000000000003,1.1799851539525081,0.4191236100607837,-0.023695673690132743,-0.00768698889965159,0.00013754851398802028,1.7537115138900145e-05
-0.08750000000000002,1.1802479347618626,0.41977585581155175,-0.02373329194020435,-0.007700305999443532,0.00013706389001116802,1.7476915743222137e-05
-0.08250000000000002,1.1804968338869772,0.4204298844212256,-0.023770702074706735,-0.007713572244550372,0.00013656654395568965,1.741492000350977e-05
-0.07750000000000001,1.180731800931294,0.42108552936242855,-0.023807893708382176,-0.007726783948689469,0.00013605660164171568,1.73511376873553e-05
-0.07250000000000001,1.1809527882600295,0.4217426232742183,-0.02384485647911604,-0.007739937422394574,0.00013553419596367287,1.7285579343882392e-05
-0.0675,1.1811597510091676,0.42240099802405146,-0.02388158005255843,-0.007753028974644264,0.0001349994668536412,1.7218256306237153e-05
-0.0625,1.1813526470939222,0.42306048477005936,-0.02391805412673751,-0.007766054914499694,0.00013445256123760827,1.7149180693676023e-05
-0.057499999999999996,1.1815314372166767,0.4237209140236168,-0.023954268436662367,-0.007779011552750818,0.00013389363298463294,1.7078365413235628e-05
-0.05249999999999999,1.1816960848744056,0.4243821157121832,-0.02399021275891257,-0.0077918952035702,0.00013332284284887038,1.700582416096924e-05
-0.04749999999999999,1.1818465563655816,0.42504391924239815,-0.024025876916212132,-0.0078047021861735975,0.00013274035840449202,1.6931571422741957e-05
-0.04249999999999998,1.181982820796575,0.42570615356340724,-0.024061250781985215,-0.007817428826486355,0.00013214635397347976,1.68556224745798e-05
-0.03749999999999998,1.1821048500875488,0.4263686472304025,-0.024096324284891304,-0.007830071458814732,0.00013154101054634209,1.6777993382546315e-05
-0.03249999999999997,1.1822126189778512,0.4270312284683598,-0.024131087413337464,-0.00784262642752135,0.0001309245156957486,1.669870100214499e-05
-0.02749999999999997,1.182306105030916,0.4276937252359423,-0.024165530219965106,-0.007855090088703701,0.00013029706348315312,1.661776297723726e-05
-0.022499999999999964,1.1823852886386634,0.4283559652895655,-0.02419964282610924,-0.007867458811874955,0.00012965885435845122,1.6535197738463963e-05
-0.01749999999999996,1.1824501530254152,0.4290177762475944,-0.024233415426227763,-0.00787972898164608,0.00012901009505271148,1.6451024501154614e-05
-0.012499999999999956,1.1825006842513193,0.42967898565465557,-0.02426683829229852,-0.007891896999408303,0.0001283509984640874,1.636526326272095e-05
-0.007499999999999951,1.1825368712152877,0.4303394210460453,-0.02429990177818207,-0.007903959285015114,0.00012768178353695763,1.6277934799519127e-05
-0.0024999999999999467,1.1825587056574525,0.4309989100122138,-0.024332596323947877,-0.007915912278462738,0.00012700267513442786,1.618906066317199e-05
0.0024999999999999467,1.1825661821611364,0.4316572802633071,-0.024364912460162046,-0.00792775244156824,0.00012631390390427586,1.609866317635478e-05
0.007500000000000062,1.1825592981543434,0.4323143596937414,-0.024396840812134064,-0.00793947625964424,0.00012561570613844146,1.600676542800278e-05
0.012499999999999956,1.1825380539107662,0.4329699764468004,-0.024428372104121028,-0.007951080243169387,0.00012490832362622558,1.5913391267981185e-05
0.01750000000000007,1.182502452550313,0.4336239589792252,-0.024459497163487096,-0.007962560929453504,0.00012419200350129807,1.5818565301151325e-05
0.022499999999999964,1.1824525000391537,0.434276136125782,-0.024490206924816158,-0.007973914884296602,0.00012346699808267163,1.5722312880877697e-05
0.02750000000000008,1.1823882051892811,0.43492633716379003,-0.024520492433976065,-0.007985138703640697,0.00012273356470980933,1.562466010193783e-05
0.03249999999999997,1.1823095796575929,0.43557439187758135,-0.024550344852132297,-0.007996229015213489,0.00012199196557201791,1.5525633792837177e-05
0.03750000000000009,1.182216637944484,0.4362201306228808,-0.024579755459709335,-0.00800718248016298,0.0001212424675322989,1.542526150752761e-05
0.04249999999999998,1.1821093973919574,0.43686338439108047,-0.02460871566029798,-0.00801799579468202,0.00012048534194584334,1.5323571516510877e-05
0.0475000000000001,1.1819878781812418,0.4375039848733884,-0.024637216984506834,-0.008028665691621868,0.00011972086447338059,1.5220592797341891e-05
0.05249999999999999,1.1818521033299192,0.4381417645248341,-0.024665251093756127,-0.0080391889420937,0.0001189493148895395,1.5116355024506518e-05
0.05750000000000011,1.181702098688559,0.43877655662810555,-0.024692809784012424,-0.008049562357057227,0.00011817097688648837,1.5010888558689147e-05
0.0625,1.1815378929368523,0.43940819535719766,-0.024719884989462402,-0.008059782788895355,0.00011738613787300968,1.4904224435408882e-05
0.0674999999999999,1.1813595175792453,0.44003651584085124,-0.024746468786124076,-0.008069847132973946,0.00011659508876929464,1.479639435304867e-05
0.07250000000000001,1.1811670069400648,0.44066135422576247,-0.024772553395394043,-0.008079752329185745,0.00011579812379763313,1.4687430660240795e-05
0.0774999999999999,1.1809603981581351,0.4412825477395357,-0.024798131187529188,-0.00808949536347744,0.00011499554026928774,1.4577366342644498e-05
0.08250000000000002,1.1807397311808783,0.4418999347533616,-0.02482319468506106,-0.008099073269358947,0.0001141876383677637,1.4466235009087367e-05
0.08749999999999991,1.1805050487578923,0.44251335484439824,-0.02484773656614193,-0.008108483129393943,0.00011337472092874383,1.4354070877088908e-05
0.09250000000000003,1.180256396434003,0.443122648857828,-0.02487174966782067,-0.00811772207667067,0.00011255709321693198,1.4240908757771995e-05
0.09749999999999992,1.1799938225417845,0.44372765896857314,-0.024895226989247336,-0.008126787296252052,0.00011173506270008956,1.4126784040136292e-05
0.10250000000000004,1.1797173781935386,0.44432822874264044,-0.02491816169480491,-0.008135676026604196,0.00011090893882052267,1.4011732674733546e-05
0.10749999999999993,1.1794271172727293,0.444924203198074,-0.024940547117166874,-0.008144385561002295,0.00011007903276429151,1.3895791156731948e-05
0.11250000000000004,1.1791230964248633,0.44551542886549517,-0.02496237676027939,-0.008152913248913034,0.0001092456572284084,1.3778996508382677e-05
0.11749999999999994,1.1788053750478122,0.44610175384819967,-0.024983644302266756,-0.008161256497352517,0.00010840912618634074,1.3661386260873592e-05
0.12250000000000005,1.1784740152815663,0.446683027881789,-0.025004343598258746,-0.008169412772218764,0.00010756975465205523,1.3542998435607652e-05
0.12749999999999995,1.1781290819974113,0.44725910239331357,-0.025024468683138918,-0.008177379599597946,0.0001067278584429524,1.3423871524907082e-05
0.13250000000000006,1.1777706427865242,0.44782983055989856,-0.02504401377421226,-0.00818515456704333,0.00010588375394191304,1.3304044472131278e-05
0.13749999999999996,1.1773987679479754,0.4483950673668312,-0.025062973273791426,-0.008192735324826103,0.00010503775785878647,1.318355665124695e-05
0.14250000000000007,1.1770135304761298,0.4489546696650771,-0.02508134177169998,-0.00820011958715712,0.0001041901869916261,1.3062447845851186e-05
0.14749999999999996,1.1766150060474416,0.44950849622820443,-0.02509911404769191,-0.008207305133378718,0.0001033413579879355,1.2940758227654435e-05
0.15250000000000008,1.176203273006627,0.45005640780869055,-0.025116285073786087,-0.008214289809125724,0.00010249158710623471,1.2818528334448397e-05
0.15749999999999997,1.1757784123522135,0.45059826719357515,-0.02513285001651443,-0.00822107152745471,0.00010164118997823464,1.2695799047556438e-05
0.1625000000000001,1.1753405077214505,0.4511339392594461,-0.02514880423908324,-0.008227648269940773,0.00010079048137192972,1.2572611568809222e-05
0.16749999999999998,1.1748896453745743,0.4516632910267164,-0.02516414330344596,-0.008234018087740855,9.993977495587491e-05,1.244900739703795e-05
0.1725000000000001,1.1744259141784188,0.4521861917131759,-0.02517886297228696,-0.008240179102622858,9.908938306496428e-05,1.2325028304104055e-05
0.1775,1.1739494055893611,0.45270251278678203,-0.025192959210914967,-0.008246129507959702,9.82396164679885e-05,1.2200716310510265e-05
0.1825000000000001,1.173460213635592,0.45321212801766503,-0.025206428189065395,-0.008251867569687559,9.739078413725499e-05,1.2076113660569291e-05
0.1875,1.172958434898704,0.45371491352931703,-0.025219266282610297,-0.008257391627227398,9.654319302054956e-05,1.195126279719924e-05
0.1924999999999999,1.1724441684945834,0.45421074784893833,-0.025231470075175476,-0.008262700094369203,9.56971478157437e-05,1.1826206336321998e-05
0.1975,1.1719175160536013,0.45469951195690944,-0.0252430363596635,-0.008267791460117961,9.485295074830313e-05,1.170098704092278e-05
0.2024999999999999,1.171378581700092,0.4551810893353596,-0.025253962139681747,-0.008272664289500792,9.401090135195781e-05,1.1575647794770259e-05
0.20750000000000002,1.1708274720311067,0.4556553660158032,-0.02526424463087479,-0.008277317224334496,9.317129625284491e-05,1.1450231575831052e-05
0.2124999999999999,1.1702642960944383,0.45612223062581747,-0.02527388126216006,-0.00828174898395277,9.233442895731483e-05,1.1324781429406014e-05
0.21750000000000003,1.1696891653659034,0.4565815744347231,-0.02528286967686625,-0.00828595836589249,9.150058964374033e-05,1.1199340441009052e-05
0.22249999999999992,1.169102193725874,0.45703329139824844,-0.025291207733773344,-0.008289944246538372,9.067006495850366e-05,1.107395170901546e-05
0.22750000000000004,1.1685034974350532,0.4574772782021383,-0.025298893508053654,-0.008293705581725375,8.984313781643783e-05,1.0948658317102561e-05
0.23249999999999993,1.1678931951094778,0.4579134343046837,-0.02530592529211321,-0.008297241407298303,8.902008720595606e-05,1.0823503306530841e-05
0.23750000000000004,1.1672714076947501,0.45834166197813697,-0.02531230159633248,-0.008300550839627933,8.820118799909431e-05,1.0698529648260668e-05
0.24249999999999994,1.1666382584394814,0.45876186634899035,-0.025318021149706233,-0.008303633076083278,8.738671076667558e-05,1.0573780214966932e-05
0.24750000000000005,1.1659938728679466,0.45917395543707534,-0.02532308290038115,-0.008306487395459233,8.657692159882215e-05,1.0449297752955415e-05
0.25249999999999995,1.1653383787519342,0.45957784019346665,-0.02532748601609122,-0.008309113158359334,8.577208193098575e-05,1.0325124854031362e-05
0.25750000000000006,1.1646719060817932,0.45997343453715067,-0.02533122988448994,-0.008311509807533025,8.497244837575045e-05,1.0201303927338125e-05
0.26249999999999996,1.163994587036665,0.4603606553904347,-0.02533431411337895,-0.00831367686816708,8.417827256052374e-05,1.007787717120121e-05
0.26750000000000007,1.1633065559538942,0.4607394227130636,-0.025336738530832157,-0.008315613948130665,8.33898009713111e-05,9.954886545007338e-06
0.27249999999999996,1.1626079492976127,0.46110965953501853,-0.025338503185215418,-0.008317320738173812,8.260727480276484e-05,9.832373741157958e-06
0.2775000000000001,1.1618989056264941,0.46147129198796194,-0.025339608345100854,-0.008318797012078822,8.18309298146266e-05,9.710380157116158e-06
0.2825,1.16117956556067,0.46182424933531024,-0.02534005449907539,-0.008320042626764383,8.106099619470542e-05,9.588946867593886e-06
0.2875000000000001,1.160450071747805,0.4621684640008959,-0.025339842355443513,-0.008321057522342145,8.029769842855705e-05,9.468114596907626e-06
0.2925,1.1597105688283298,0.46250387159619694,-0.025338972841823345,-0.008321841722125346,7.9541255175941e-05,9.347923691517576e-06
0.2975000000000001,1.158961203399822,0.4628304109461023,-0.025337447104636066,-0.008322395332589544,7.879187915419761e-05,9.228414092824043e-06
0.3025,1.158202123980542,0.463148024113193,-0.025335266508488316,-0.008322718543285047,7.80497770286006e-05,9.109625310199393e-06
0.3075000000000001,1.1574334809721123,0.4634566564205017,-0.02533243263544738,-0.008322811626701074,7.731514930985735e-05,8.991596394348631e-06
0.3125,1.1566554266213467,0.4637562564727339,-0.025328947284208793,-0.00832267493808148,7.658819025869654e-05,8.87436591096963e-06
0.3174999999999999,1.1558681149812238,0.4640467761759249,-0.025324812469156705,-0.008322308915192011,7.586908779774339e-05,8.757971914800146e-06
0.3225,1.155071701871011,0.4643281707554987,-0.025320030419316377,-0.008321714078039081,7.515802343065255e-05,8.642451924050107e-06
0.3274999999999999,1.1542663448355344,0.46460039877271714,-0.025314603577199075,-0.008320891028540056,7.445517216854501e-05,8.527842895257624e-06
0.3325,1.1534522031035976,0.46486342213948934,-0.025308534597539577,-0.008319840450145225,7.37607024638005e-05,8.414181198613696e-06
0.3374999999999999,1.1526294375455597,0.4651172061315186,-0.025301826345925857,-0.008318563107411402,7.30747761512063e-05,8.301502593763647e-06
0.3425,1.1517982106300648,0.4653617193997702,-0.025294481897321835,-0.008317059845527464,7.239754839646263e-05,8.189842206140108e-06
0.3474999999999999,1.1509586863799377,0.4655969339802336,-0.02528650453448281,-0.00831533158979191,7.172916765205827e-05,8.079234503842038e-06
0.35250000000000004,1.1501110303272457,0.4658228253019641,-0.02527789774626415,-0.00831337934504276,7.106977562045991e-05,7.969713275096916e-06
0.35749999999999993,1.149255409467536,0.46603937219338587,-0.02526866522582367,-0.008311204195039968,7.041950722461335e-05,7.861311606322439e-06
0.36250000000000004,1.1483919922132548,0.4662465568868349,-0.02525881086871796,-0.008308807301800789,6.977849058570645e-05,7.754061860832934e-06
0.36749999999999994,1.1475209483463578,0.46644436502132913,-0.025248338770893244,-0.00830618990488839,6.91468470081365e-05,7.647995658216788e-06
0.37250000000000005,1.1466424489701221,0.46663278564355026,-0.025237253226571554,-0.00830335332065411,6.852469097162768e-05,7.543143854385221e-06
0.37749999999999995,1.1457566664601702,0.4668118112070228,-0.025225558726032625,-0.008300298941433854,6.791213013040384e-05,7.43953652235377e-06
0.38250000000000006,1.144863774414716,0.4669814375694774,-0.02521325995329225,-0.008297028234699107,6.730926531935331e-05,7.3372029337577525e-06
0.38749999999999996,1.1439639476040493,0.4671416639883916,-0.0252003617836783,-0.008293542742163108,6.67161905670665e-05,7.236171541131166e-06
0.39250000000000007,1.1430573619192694,0.4672924931146903,-0.025186869281304987,-0.008289844078842739,6.613299311567404e-05,7.136469960975501e-06
0.39749999999999996,1.1421441943202866,0.4674339309846065,-0.025172787696446472,-0.008285933932076805,6.555975344733829e-05,7.038124957628505e-06
0.4025000000000001,1.1412246227831022,0.4675659870096903,-0.02515812246281088,-0.00828181406050132,6.499654531727088e-05,6.941162427972154e-06
0.4075,1.1402988262463927,0.467688673964961,-0.02514287919471607,-0.00827748629298259,6.444343579317751e-05,6.845607386977517e-06
0.4125000000000001,1.1393669845574081,0.4678020079752028,-0.02512706368416839,-0.00827295252750874,6.39004853009658e-05,6.751483954119365e-06
0.4175,1.138429278417211,0.4679060084993955,-0.02511068189784547,-0.008268214730040586,6.336774767655147e-05,6.658815340667888e-06
0.4225000000000001,1.1374858893252724,0.4680006983132867,-0.02509373997398515,-0.00826327493332262,6.284527022362855e-05,6.567623837878807e-06
0.4275,1.1365369995234493,0.468086103490101,-0.025076244219181462,-0.008258135235655039,6.233309377723873e-05,6.4779308060891295e-06
0.4325000000000001,1.1355827919393657,0.4681622533793943,-0.02505820110508979,-0.008252797799627721,6.183125277294134e-05,6.38975666473563e-06
0.4375,1.13462345012922,0.468229180584053,-0.02503961726504265,-0.0082472648508171,6.133977532142901e-05,6.3031208833125385e-06
0.4424999999999999,1.133659158220049,0.46828692093544927,-0.02502049949057828,-0.008241538676446935,6.085868328840528e-05,6.2180419732552315e-06
0.4475,1.1326901008514698,0.46833551346675467,-0.025000854727883617,-0.008235621624014042,6.0387992379506475e-05,6.134537480786758e-06
0.4524999999999999,1.1317164631169283,0.4683750003844309,-0.024980690074153957,-0.00822951609988007,5.9927712230121225e-05,6.052623980712229e-06
0.4575,1.1307384305044856,0.46840542703790083,-0.024960012773871356,-0.008223224567830376,5.9477846499825944e-05,5.972317071177538e-06
0.4624999999999999,1.1297561888371683,0.46842684188741956,-0.024938830215004138,-0.008216749547601227,5.903839297133633e-05,5.893631369393345e-06
0.4675,1.128769924212917,0.46843929647015775,-0.024917149925129594,-0.008210093613376443,5.8609343653675856e-05,5.816580508312145e-06
0.4724999999999999,1.1277798229441633,0.46844284536451747,-0.024894979567482538,-0.008203259392254744,5.819068488939121e-05,5.741177134290207e-06
0.47750000000000004,1.1267860714970657,0.46843754615269695,-0.024872326936932216,-0.008196249562689013,5.778239746561428e-05,5.667432905689203e-06
0.48249999999999993,1.1257888564304424,0.46842345938152996,-0.024849199955890026,-0.008189066852898805,5.738445672869689e-05,5.595358492463316e-06
0.48750000000000004,1.1247883643344339,0.4684006485216169,-0.024825606670151008,-0.00818171403925734,5.699683270227262e-05,5.524963576690284e-06
0.49249999999999994,1.123784781768929,0.4683691799247785,-0.024801555244671654,-0.008174193944654377,5.661949020846808e-05,5.4562568540525314e-06
0.49750000000000005,1.1227782952017948,0.4683291227798562,-0.02477705395928708,-0.008166509436836264,5.6252388992061106e-05,5.389246036261405e-06
0.5025,1.1217690909469438,0.46828054906688843,-0.024752111204370607,-0.008158663426724663,5.5895483847380475e-05,5.323937854426532e-06
0.5075000000000001,1.1207573551022794,0.468223533509693,-0.024726735476438534,-0.008150658866715187,5.554872474770188e-05,5.260338063332064e-06
0.5125,1.1197432734875574,0.4681581535268909,-0.02470093537370348,-0.008142498748957554,5.5212056976928166e-05,5.19845144663868e-06
0.5175000000000001,1.1187270315822024,0.46808448918139917,-0.02467471959157944,-0.008134186103618565,5.488542126334271e-05,5.1382818229786415e-06
0.5225,1.1177088144631209,0.46800262312843993,-0.024648096918141803,-0.00812572399712948,5.456875391519294e-05,5.079832052934243e-06
0.5275000000000001,1.1166888067425496,0.4679126405620894,-0.024621076229545666,-0.008117115530419182,5.426198695792641e-05,5.023104046890401e-06
0.5325,1.1156671925059845,0.467814629160422,-0.024593666485405966,-0.008108363837134699,5.3965048272812453e-05,4.968098773729106e-06
0.5375000000000001,1.1146441552502275,0.4677086790292759,-0.02456587672414285,-0.008099472081850525,5.3677861736781644e-05,4.914816270365416e-06
0.5425,1.1136198778215973,0.46759488264469307,-0.024537716058295647,-0.008090443458268313,5.340034736325302e-05,4.863255652088954e-06
0.5475000000000001,1.112594542354343,0.4674733347940766,-0.024509193669809456,-0.008081281187408411,5.3132421443749384e-05,4.813415123699847e-06
0.5525,1.111568330209309,0.467344132516107,-0.02448031880529762,-0.008071988515794848,5.287399669008259e-05,4.765291991418408e-06
0.5575000000000001,1.1105414219128888,0.46720737503946924,-0.024451100771283724,-0.008062568713635162,5.262498237694212e-05,4.7188826755349655e-06
0.5625,1.1095139970963168,0.4670631637204373,-0.024421548929427234,-0.008053025072996794,5.2385284484642096e-05,4.67418272378674e-06
0.5674999999999999,1.1084862344353363,0.46691160197937126,-0.024391672691736144,-0.00804336090598142,5.2154805841893556e-05,4.63118682542828e-06
0.5725,1.1074583115902925,0.46675279523616875,-0.024361481515770583,-0.008033579542898829,5.193344626837266e-05,4.5898888259772654e-06
0.5774999999999999,1.1064304051466907,0.4665868508447355,-0.024330984899841264,-0.008023684330441873,5.1721102716939136e-05,4.550281742604059e-06
0.5825,1.1054026905562653,0.4664138780265219,-0.02430019237820625,-0.008013678629864,5.151766941527826e-05,4.512357780136117e-06
0.5874999999999999,1.1043753420786038,0.4662339878031797,-0.02426911351627039,-0.008003565815160837,5.13230380068564e-05,4.476108347653848e-06
0.5925,1.1033485327233676,0.46604729292840513,-0.024237757905790788,-0.007993349271257453,5.113709769099591e-05,4.4415240756444734e-06
0.5974999999999999,1.1023224341931541,0.4658539078190096,-0.024206135160092544,-0.007983032392202613,5.0959735361897986e-05,4.408594833691619e-06
0.6025,1.1012972168270427,0.46565394848529346,-0.024174254909298212,-0.007972618579371654,5.079083574649704e-05,4.3773097486577454e-06
0.6074999999999999,1.1002730495448678,0.46544753246076886,-0.024142126795575033,-0.007962111239679324,5.0630281540966594e-05,4.347657223336126e-06
0.6125,1.0992500997922592,0.4652347787312979,-0.024109760468403928,-0.007951513783804121,5.0477953545755185e-05,4.319624955558678e-06
0.6174999999999999,1.098228533486494,0.46501580766370576,-0.02407716557987351,-0.007940829624425482,5.033373079901116e-05,4.293199957687645e-06
0.6225,1.0972085149632012,0.464790740933927,-0.024044351780003425,-0.007930062174475222,5.0197490708277296e-05,4.268368576503597e-06
0.6275,1.0961902069239535,0.46455970145475206,-0.02401132871210043,-0.007919214845404641,5.0069109180330444e-05,4.245116513429256e-06
0.6325000000000001,1.0951737703847975,0.4643228133032267,-0.023978106008150816,-0.007908291045468557,4.994846074903339e-05,4.223428845067235e-06
0.6375,1.0941593646257484,0.4640802016477768,-0.02394469328425323,-0.007897294178027703,4.983541870112721e-05,4.2032900440285644e-06
0.6425000000000001,1.0931471471412952,0.46383199267511493,-0.023911100136095036,-0.007886227639870659,4.972985519984752e-05,4.184683999998387e-06
0.6475,1.0921372735919548,0.46357831351699075,-0.02387733613447587,-0.007875094819556628,4.963164140624497e-05,4.1675940410359375e-06
0.6525000000000001,1.0911298977569022,0.46331929217685136,-0.023843410820882052,-0.007863899095780292,4.9540647598164266e-05,4.152002955050271e-06
0.6575,1.0901251714877236,0.4630550574564707,-0.023809333703115075,-0.007852643835759898,4.945674328677976e-05,4.137893011433219e-06
0.6625000000000001,1.0891232446633186,0.46278573888261193,-0.023775114250977298,-0.007841332393649765,4.9379797330599056e-05,4.1252459828324395e-06
0.6675,1.0881242651459855,0.46251146663378534,-0.023740761892018597,-0.007829968108978281,4.9309678046888356e-05,4.1140431670033275e-06
0.6725000000000001,1.087128378738726,0.4622323714671612,-0.023706286007346724,-0.00781855430511252,4.9246253320461696e-05,4.10426540873487e-06
0.6775,1.0861357291437954,0.46194858464570115,-0.023671695927504507,-0.007807094287750474,4.9189390709740236e-05,4.095893121805677e-06
0.6825000000000001,1.0851464579225276,0.4616602378655676,-0.02363700092841711,-0.007795591343441924,4.913895755009882e-05,4.088906310961002e-06
0.6875,1.0841607044564687,0.46136746318387106,-0.023602210227411866,-0.007784048738138879,4.909482105436569e-05,4.083284593850576e-06
0.6924999999999999,1.083178605909837,0.46107039294681773,-0.023567332979313814,-0.007772469715776525,4.905684841051328e-05,4.079007222924167e-06
0.6975,1.0822002971933415,0.46076915971831217,-0.02353237827261952,-0.007760857496885546,4.902490687648909e-05,4.076053107254846e-06
0.7024999999999999,1.0812259109293823,0.4604638962090725,-0.0234973551257516,-0.007749215277236586,4.8998863872153886e-05,4.074400834252277e-06
0.7075,1.0802555774186493,0.4601547352063202,-0.02346227248339655,-0.007737546226517708,4.8978587068273366e-05,4.074028691248721e-06
0.7124999999999999,1.079289424608148,0.4598418095040973,-0.02342713921292833,-0.007725853487045588,4.896394447261872e-05,4.074914686936134e-06
0.7175,1.0783275780606643,0.45952525183426235,-0.02339196410091973,-0.007714140172511026,4.895480451311285e-05,4.077036572618345e-06
0.7224999999999999,1.0773701609256947,0.45920519479822425,-0.0233567558497437,-0.007702409366759511,4.895103611802593e-05,4.080371863260366e-06
0.7275,1.0764172939118468,0.4588817707994662,-0.023321523074266826,-0.007690664122607437,4.895250879323359e-05,4.08489785832396e-06
0.7324999999999999,1.0754690952607353,0.45855511197690313,-0.023286274298636365,-0.007678907460694411,4.895909269652988e-05,4.090591662343218e-06
0.7375,1.0745256807223813,0.45822535013913224,-0.023251017953163235,-0.007667142368372292,4.897065870902831e-05,4.0974302052494556e-06
0.7424999999999999,1.0735871635321281,0.4578926166996157,-0.023215762371301994,-0.007655371798631282,4.898707850362171e-05,4.1053902623989095e-06
0.7475,1.0726536543890917,0.45755704261284014,-0.02318051578672976,-0.007643598669063456,4.9008224610629706e-05,4.1144484743059706e-06
0.7525,1.071725261436173,0.45721875831147574,-0.023145286330525525,-0.007631825860863936,4.903397048069802e-05,4.12458136605774e-06
0.7575000000000001,1.0708020902417024,0.45687789364451853,-0.023110082028451936,-0.007620056217869459,4.906419054536962e-05,4.135765366443105e-06
0.7625,1.0698842437829077,0.45653457781627765,-0.02307491079834289,-0.00760829254563293,4.9098760276377956e-05,4.147976826816575e-06
0.7675000000000001,1.0689718224317453,0.4561889393257288,-0.02303978044760413,-0.007596537610529713,4.913755624665646e-05,4.161192039922149e-06
0.7725,1.068064923944547,0.45584110590487503,-0.023004698670844335,-0.007584794138883233,4.918045620114838e-05,4.175387259203911e-06
0.7775000000000001,1.0671636434592444,0.45549120445251456,-0.02296967304767884,-0.007573064816077522,4.922733915829187e-05,4.190538719963194e-06
0.7825,1.066268073509484,0.4551393609544577,-0.02293471104080573,-0.00756135228557631,4.927808559377183e-05,4.206622665764907e-06
0.7875000000000001,1.0653783040775595,0.45478570036903004,-0.02289981999457885,-0.0075496591476580995,4.933257782776935e-05,4.223615387791315e-06
0.7925,1.0644944227352826,0.454430346430409,-0.022865007134556102,-0.007537987957439283,4.939070088658096e-05,4.241493294016274e-06
0.7975000000000001,1.063616514977107,0.45407342126893874,-0.022830279568981277,-0.007526341221272772,4.9452344411706396e-05,4.260233042743972e-06
0.8025,1.0627446649549632,0.4537150446458165,-0.022795644293991127,-0.007514721389682166,4.951740676104465e-05,4.27981180722486e-06
0.8075000000000001,1.0618789570108313,0.4533553324189274,-0.022761108205641385,-0.007503130843335958,4.958580345053348e-05,4.3002077913834035e-06
0.8125,1.0610194787082998,0.45299439356099935,-0.022726678123601234,-0.0074915718658382134,4.965748370050018e-05,4.321401196540678e-06
0.8174999999999999,1.0601663265168821,0.4526323246128458,-0.02269236083319834,-0.007480046593028947,4.973246118654008e-05,4.343375942283342e-06
0.8225,1.059319615891834,0.4522691998836676,-0.022658163153314412,-0.007468556923098889,4.981086799802146e-05,4.366122549111732e-06
0.8274999999999999,1.0584794981169332,0.4519050551048133,-0.02262409203524198,-0.007457104365963599,4.9893043578337165e-05,4.389642640907748e-06
0.8325,1.05764618668722,0.45153986184644257,-0.022590154688596112,-0.007445689806187418,4.9979671487945004e-05,4.413955423476228e-06
0.8374999999999999,1.0568199957613544,0.4511734902471065,-0.022556358710647293,-0.0074343131552317455,5.0071973582568957e-05,4.439106108009412e-06
0.8425,1.0560013917106237,0.4508056590657515,-0.022522712162142806,-0.007422972881392639,5.0171960313199584e-05,4.465175449797764e-06
0.8474999999999999,1.055191055453235,0.45043587530876483,-0.022489223487561317,-0.007411665435031761,5.028271449520853e-05,4.492288334313705e-06
0.8525,1.0543899478764907,0.45006337091847637,-0.02245590113141464,-0.007400384635114846,5.0408653928209985e-05,4.5206178571320874e-06
0.8574999999999999,1.0535993638429102,0.44968705062562564,-0.022422752677076756,-0.0073891211458540695,5.0555681020128616e-05,4.550380126347397e-06
0.8625,1.0528209539025923,0.44930547126518977,-0.022389783362913883,-0.007377862233477161,5.073109784946002e-05,4.581814889421949e-06
0.8674999999999999,1.0520566899428418,0.44891687566470523,-0.022356993943986173,-0.007366592025458805,5.09431621008279e-05,4.615148949645625e-06
0.8725,1.0513087550711355,0.44851930025251774,-0.022324378078586234,-0.007355292465461942,5.120020287843489e-05,4.650543689588564e-06
0.8775,1.0505793513672137,0.4481107625371937,-0.022291919698143283,-0.0073439450430314735,5.150931544073789e-05,4.688034383373896e-06
0.8825000000000001,1.0498704409829573,0.4476895133243535,-0.022259591083308043,-0.007332533180724464,5.187479847905828e-05,4.727475545127429e-06
0.8875,1.049183461270069,0.44725431397488236,-0.02222735249322883,-0.007321044925616737,5.2296646630487554e-05,4.76851043006997e-06
0.8925000000000001,1.048519074215981,0.44680467990814887,-0.02219515405696283,-0.007309475396851686,5.2769503078250007e-05,4.810581043167904e-06
0.8975,1.0478770147067868,0.44634102744563287,-0.02216294018386564,-0.007297828377874421,5.3282452368451254e-05,4.852986246915149e-06
0.9025000000000001,1.0472560851750479,0.4458646776778933,-0.022130656060876205,-0.007286116572506908,5.3819865557173774e-05,4.894981373515636e-06
0.9075,1.0466543083043995,0.4453777061002553,-0.022098255092999404,-0.007274360358401237,5.436323101262848e-05,4.935897861364671e-06
0.9125000000000001,1.0460692058939978,0.4448826693126919,-0.022065705691621085,-0.007262585276168232,5.489360602424925e-05,4.975252135456373e-06
0.9175,1.0454981369737182,0.4443822742450399,-0.022032995846620208,-0.007250818840855915,5.53941235093213e-05,5.012814113929849e-06
0.9225000000000001,1.0449386155904874,0.44387906768334034,-0.022000134471649835,-0.007239087419696616,5.585197159582786e-05,5.048617951439136e-06
0.9275,1.0443885427193496,0.4433752100886181,-0.02196714939963681,-0.007227413829889685,5.625944231645668e-05,5.082916333468486e-06
0.9325000000000001,1.043846320195448,0.44287236496387006,-0.02193408279009667,-0.007215816023128418,5.6613944308525514e-05,5.116097002904003e-06
0.9375,1.0433108524936716,0.4423716979346097,-0.021900985266121806,-0.0072043068685999564,5.691717023931423e-05,5.148589173323698e-06
0.9424999999999999,1.0427814698859124,0.44187395264599966,-0.021867910167309268,-0.007192894763046059,5.717379339019618e-05,5.180785364945628e-06
0.9475,1.042257816321774,0.44137956102260245,-0.02183490894790469,-0.0071815846697199145,5.7390093831826136e-05,5.212993648105419e-06
0.9524999999999999,1.041739738808508,0.4408887519038348,-0.02180202818753711,-0.007170379219520925,5.7572811381574494e-05,5.245422240547918e-06
0.9575,1.041227199792785,0.440401637037251,-0.021769308161746125,-0.00715927963581654,5.772836346071438e-05,5.2781885653826095e-06
0.9624999999999999,1.0407202186458426,0.43991826849276844,-0.021736782598976493,-0.007148286390439531,5.786242453420891e-05,5.31134098224098e-06
0.9675,1.0402188381842055,0.43943867151250726,-0.021704479158535874,-0.007137399605811687,5.797978114842258e-05,5.3448828051200445e-06
0.9724999999999999,1.039723108264318,0.4389628606154707,-0.021672420233473853,-0.0071266192690350345,5.808435521358691e-05,5.378792304312452e-06
0.9775,1.0392330790093476,0.4384908462591711,-0.021640623817212306,-0.00711594532960544,5.8179306488215896e-05,5.413036517480772e-06
0.9824999999999999,1.0387487985684603,0.4380226370605013,-0.021609104299589548,-0.007105377735504863,5.82671572687745e-05,5.447579397133708e-06
0.9875,1.0382703126266855,0.437558240304036,-0.021577873144309395,-0.007094916441257013,5.834991061770688e-05,5.482385908592997e-06
0.9924999999999999,1.0377976644353921,0.4370976619436717,-0.021546939445097207,-0.007084561405264246,5.8429151707461296e-05,5.517423695275299e-06
0.9975,1.0373308949304119,0.436640906521785,-0.02151631037548611,-0.0070743125840981485,5.8506130964097706e-05,5.552663484241728e-06
