-0.9975,1.0003965432552118,0.9824470229293687,-0.5201860560114159,0.3219304215586414,0.1076087301476718,-0.1599858849430986
-0.9925,1.0004144178333714,0.9824269148133183,-0.5201951995864518,0.32192496627485295,0.10760714264139508,-0.15998301555379155
-0.9875,1.0004338878785664,0.9824050461269678,-0.52020501498306,0.32191930663248075,0.1076057251325982,-0.15997989731289514
-0.9825,1.0004550728829669,0.9823812844735108,-0.5202155562287072,0.32191341861695466,0.1076044736898069,-0.15997652710350008
-0.9775,1.0004781010119566,0.9823554879676364,-0.5202268806858608,0.32190727768926813,0.10760338591209694,-0.15997289955515548
-0.9725,1.000503109568186,0.9823275047219566,-0.5202390492724042,0.3219008586582202,0.10760246083929877,-0.15996900718473744
-0.9675,1.0005302454836786,0.9822971723038288,-0.5202521266883444,0.32189413556091195,0.10760169888090193,-0.1599648405113834
-0.9625,1.0005596658405405,0.9822643171622211,-0.5202661816482846,0.32188708155162205,0.10760110176265576,-0.15996038814824184
-0.9575,1.0005915384216246,0.9822287540239916,-0.5202812871168924,0.3218796688019039,0.10760067249187254,-0.1599556368727224
-0.9525,1.0006260422943583,0.9821902852582969,-0.5202975205395065,0.32187186842058224,0.10760041534638368,-0.15995057167525487
-0.9475,1.0006633684343225,0.9821487002068259,-0.5203149640502681,0.32186365041319553,0.10760033589886782,-0.15994517578428888
-0.9425,1.0007037204007279,0.9821037744758441,-0.5203337046242689,0.32185498371724824,0.10760044109767837,-0.15993943066298968
-0.9375,1.0007473150831148,0.9820552691841291,-0.5203538341188509,0.32184583637069275,0.10760073943485539,-0.15993331597270943
-0.9325,1.0007943835460111,0.9820029301591654,-0.5203754491268796,0.3218361758898618,0.10760124123587612,-0.15992680950289548
-0.9275,1.0008451720025484,0.9819464870737646,-0.5203986505503878,0.32182596993859564,0.10760195909563156,-0.15991988708004773
-0.9225,1.0008999429455065,0.9818856525175261,-0.5204235428077544,0.32181518735012365,0.10760290845385151,-0.15991252249103244
-0.9175,1.0009589764519369,0.9818201210030889,-0.5204502326202277,0.3218037995100495,0.1076041082499112,-0.15990468748533718
-0.9125,1.0010225716557097,0.9817495679150888,-0.5204788273849902,0.3217917820269757,0.10760558153177031,-0.1598963519474784
-0.9075,1.0010910483549902,0.9816736484182783,-0.5205094332217168,0.3217791165258314,0.10760735583816392,-0.15988748434104702
-0.9025,1.00116474869573,0.9815919963475425,-0.5205421528586712,0.32176579232640834,0.10760946315358869,-0.15987805250640966
-0.8975,1.0012440388548223,0.9815042231039306,-0.520577083582992,0.32175180774289325,0.10761193927284339,-0.1598680248382508
-0.8925,1.0013293106410541,0.9814099165766368,-0.5206143155061663,0.3217371707720711,0.10761482251009659,-0.15985737178216947
-0.8875,1.0014209829373664,0.9813086401020469,-0.5206539303915733,0.32172189901982634,0.10761815182941137,-0.1598460674890098
-0.8825000000000001,1.0015195029188253,0.9811999314605958,-0.5206960012683993,0.3217060188217765,0.10762196462492497,-0.1598340913772276
-0.8775,1.0016253469920393,0.981083301903279,-0.520740593028112,0.32168956361321727,0.10762629449901102,-0.15982142930339854
-0.8725,1.0017390214120232,0.980958235194057,-0.5207877641685867,0.32167257167457325,0.10763116944268156,-0.15980807404771782
-0.8674999999999999,1.0018610625457895,0.9808241866521177,-0.5208375698047548,0.3216550834179896,0.10763661079804783,-0.1597940248914429
-0.8625,1.001992036775926,0.9806805821771161,-0.5208900659817546,0.3216371384015451,0.10764263328131021,-0.15977928618939527
-0.8575,1.0021325400784649,0.9805268172390421,-0.5209453151902305,0.3216187722782996,0.10764924618638735,-0.15976386500329307
-0.8525,1.0022831973671686,0.980362255811109,-0.5210033927968285,0.32160001391843124,0.10765645570386419,-0.15974776803227436
-0.8475,1.0024446617614293,0.9801862292197522,-0.5210643938969098,0.32158088297820053,0.10766426811086267,-0.1597309982223638
-0.8425,1.0026176139899936,0.9799980348829165,-0.5211284399240356,0.32156138820852037,0.1076726934461455,-0.15971355152486066
-0.8375,1.0028027621687912,0.9797969349091479,-0.5211956842698199,0.3215415267723918,0.10768174920595576,-0.1596954142808242
-0.8325,1.0030008421747172,0.9795821545376966,-0.5212663162188538,0.32152128475676633,0.1076914635937492,-0.15967656162621438
-0.8275,1.0032126187764039,0.9793528804138033,-0.5213405626921228,0.32150063892161723,0.10770187793107688,-0.1596569571505939
-0.8225,1.003438887588809,0.9791082587112676,-0.5214186875846959,0.3214795595499071,0.10771304797271805,-0.15963655383182435
-0.8175,1.0036804778115787,0.9788473931324274,-0.5215009888155279,0.3214580140850116,0.10772504403993306,-0.15961529605337796
-0.8125,1.0039382556153968,0.9785693428294686,-0.5215877935058726,0.3214359711089804,0.10773795005864815,-0.15959312233582434
-0.8075,1.0042131279752469,0.9782731202971984,-0.5216794519082685,0.32141340415839487,0.10775186173362422,-0.15956996831627054
-0.8025,1.004506046724206,0.9779576892847225,-0.5217763307901616,0.32139029490849264,0.10776688418335878,-0.1595457695066656
-0.7975,1.0048180126145736,0.9776219627626549,-0.521878806939169,0.32136663537285726,0.10778312939468089,-0.15952046344867984
-0.7925,1.0051500792142147,0.9772648009661293,-0.5219872613321482,0.32134242893931375,0.10780071383463818,-0.15949399103407483
-0.7875,1.0055033565205997,0.9768850095155871,-0.5221020743419942,0.3213176902564033,0.10781975649351201,-0.15946629693763933
-0.7825,1.0058790142293923,0.9764813376006546,-0.5222236221860936,0.32129244416185415,0.10784037754398745,-0.15943732927553958
-0.7775,1.0062782846396001,0.9760524762001603,-0.5223522746770611,0.3212667239749986,0.10786269770450257,-0.15940703872348133
-0.7725,1.0067024652097905,0.9755970563050672,-0.522488394230874,0.32124056954175406,0.10788683830304079,-0.15937537738834048
-0.7675,1.0071529208009276,0.9751136471110154,-0.5226323360169552,0.32121402542007405,0.10791292196030981,-0.15934229772153205
-0.7625,1.0076310856545907,0.9746007541525268,-0.5227844490887571,0.32118713953443906,0.10794107375386659,-0.15930775170376066
-0.7575000000000001,1.008138465164392,0.974056817360065,-0.5229450783014564,0.32115996252727236,0.10797142269014438,-0.15927169043934747
-0.7525,1.008676637505386,0.973480209032282,-0.5231145667992878,0.32113254791453927,0.1080041033004337,-0.15923406419762579
-0.7475,1.0092472551913425,0.9728692317271049,-0.5232932588383425,0.32110495303334147,0.10803925718873703,-0.15919482285020878
-0.7424999999999999,1.009852046631688,0.9722221160853705,-0.5234815027048989,0.32107724066856996,0.10807703439102756,-0.15915391659119318
-0.7375,1.0104928177570014,0.9715370186085562,-0.5236796534989869,0.3210494811754145,0.1081175944514955,-0.15911129679932165
-0.7324999999999999,1.0111714537732246,0.9708120194173592,-0.523888075580437,0.3210217548799445,0.108161107174571,-0.1590669169054809
-0.7275,1.0118899210903043,0.9700451200204162,-0.5241071445188809,0.32099415454018704,0.10820775306365568,-0.15902073315815748
-0.7224999999999999,1.0126502694522632,0.9692342411229935,-0.5243372484452319,0.3209667876793541,0.10825772350081919,-0.15897270522272858
-0.7175,1.0134546342750592,0.9683772205045295,-0.5245787887626194,0.32093977865216544,0.10831122075044404,-0.15892279659634936
-0.7125,1.0143052391786707,0.9674718109925775,-0.524832180231629,0.32091327036441764,0.10836845788119397,-0.15887097485938373
-0.7075,1.0152043986829853,0.9665156785598926,-0.5250978504911582,0.3208874256252969,0.10842965869538274,-0.15881721181090694
-0.7025,1.0161545210250464,0.9655064005718915,-0.5253762391078347,0.32086242816336047,0.10849505773637715,-0.15876148354780095
-0.6975,1.0171581110487022,0.9644414642143664,-0.5256677962621896,0.3208384833751939,0.10856490041848059,-0.1587037705457252
-0.6925,1.0182177731166824,0.9633182651364124,-0.5259729811797487,0.32081581889779853,0.10863944329567068,-0.1586440577893638
-0.6875,1.0193362139985973,0.9621341063513291,-0.5262922604029234,0.32079468510196024,0.108718954460713,-0.15858233498334498
-0.6825,1.0205162456948849,0.9608861974483578,-0.5266261059790639,0.3207753555964784,0.10880371404798513,-0.15851859685837047
-0.6775,1.0217607881644042,0.9595716541799104,-0.5269749936154497,0.3207581278160905,0.10889401480329979,-0.1584528435726319
-0.6725,1.023072871930032,0.9581874985012494,-0.5273394008267829,0.3207433237437721,0.10899016268178296,-0.15838508119844052
-0.6675,1.024455640540052,0.9567306591508067,-0.5277198050773131,0.3207312907952886,0.10909247743882439,-0.15831532227880407
-0.6625,1.0259123528610272,0.9551979728675928,-0.5281166818991034,0.32072240287429554,0.10920129318707554,-0.1582435864381249
-0.6575,1.0274463851682119,0.9535861863454209,-0.5285305029500773,0.3207170615926573,0.10931695890223851,-0.15816990103444586
-0.6525000000000001,1.02906123298074,0.9518919590202088,-0.5289617339593653,0.3207156976444644,0.10943983887025452,-0.15809430184673776
-0.6475,1.0307605125599741,0.9501118667753731,-0.5294108324918284,0.3207187723237517,0.10957031307742253,-0.15801683379868492
-0.6425000000000001,1.032547961950908,0.9482424066314786,-0.5298782454473346,0.3207267791842073,0.10970877755250442,-0.15793755172953497
-0.6375,1.0344274414003098,0.9462800024618205,-0.5303644061930969,0.32074024585245997,0.1098556446759973,-0.1578565212321996
-0.6325000000000001,1.0364029329351603,0.9442210117493575,-0.5308697312098014,0.32075973602229085,0.11001134347660028,-0.15777381958826486
-0.6275,1.0384785388363291,0.9420617333783631,-0.5313946161163112,0.3207858516724685,0.11017631993853366,-0.1576895368381454
-0.6225,1.0406584787022028,0.9397984164433012,-0.5319394309262964,0.3208192355628349,0.11035103734561469,-0.1576037770313801
-0.6174999999999999,1.0429470847720859,0.9374272700651533,-0.532504514386479,0.32086057406904,0.11053597668846862,-0.1575166597059962
-0.6125,1.0453487951756242,0.9349444742376669,-0.533090167253378,0.3209106004139294,0.1107316371594695,-0.15742832164606266
-0.6074999999999999,1.0478681447957723,0.9323461917853657,-0.5336966443851872,0.32097009834202306,0.1109385367555215,-0.15733891896236418
-0.6025,1.0505097534784604,0.9296285815999771,-0.5343241455577253,0.3210399062632286,0.11115721300149119,-0.15724862953249205
-0.5974999999999999,1.0532783113872934,0.9267878134248675,-0.5349728049557356,0.3211209218648493,0.11138822379731289,-0.15715765582419602
-0.5925,1.0561785613770984,0.9238200845658181,-0.5356426793386508,0.32121410716030036,0.11163214838035135,-0.15706622811093132
-0.5875,1.059215278333728,0.920721639005034,-0.5363337349270161,0.32132049391294637,0.1118895883828383,-0.15697460807309221
-0.5825,1.0623932454862386,0.9174887894663138,-0.5370458330955857,0.3214411893483306,0.11216116895362432,-0.1568830927646247
-0.5775,1.0657172277302305,0.9141179430076437,-0.5377787149861353,0.3215773820514592,0.11244753990563783,-0.15679201891454803
-0.5725,1.0691919420014144,0.9106056306923623,-0.5385319851641874,0.3217303479396885,0.11274937684640897,-0.1567017675277382
-0.5675,1.072822024706436,0.9069485418081336,-0.5393050944394929,0.32190145620620764,0.11306738224931431,-0.15661276874950386
-0.5625,1.0766119961612186,0.9031435629683088,-0.5400973219542555,0.3220921751417855,0.11340228642749313,-0.15652550696323442
-0.5575,1.0805662219196304,0.8991878222541065,-0.540907756623045,0.3223040777592534,0.11375484837962253,-0.15644052609787754
-0.5525,1.0846888708155733,0.895078738353955,-0.5417352779934163,0.32253884716078385,0.11412585648524895,-0.15635843512958925
-0.5475,1.0889838695093397,0.8908140744453347,-0.5425785365960586,0.32279828159695756,0.11451612903523711,-0.15627991376673891
-0.5425,1.0934548533416804,0.8863919963593561,-0.5434359338760059,0.3230842991643695,0.1149265145883194,-0.156205718306913
-0.5375,1.0981051133687407,0.8818111343792318,-0.5443056018472012,0.32339894207240183,0.11535789214635231,-0.15613668764682348
-0.5325,1.1029375395830223,0.8770706478546568,-0.5451853826927389,0.323744380379364,0.11581117113807507,-0.1560737494102932
-0.5275000000000001,1.1079545605171601,0.8721702916630918,-0.546072808639394,0.3241229150554982,0.11628729119409176,-0.15601792613621848
-0.5225,1.1131580796690934,0.8671104834100491,-0.5469650825609403,0.3245369801793598,0.11678722168537242,-0.1559703414391011
-0.5175000000000001,1.1185494094641466,0.8618923701265534,-0.5478590599007113,0.32498914402031276,0.1173119609853053,-0.15593222602177065
-0.5125,1.1241292037635497,0.8565178930873947,-0.5487512326387982,0.32548210870932337,0.11786253540302408,-0.15590492338610556
-0.5075000000000001,1.1298973902205705,0.8509898492377183,-0.5496377161516488,0.3260187081589623,0.1184399977253013,-0.1558898950558767
-0.5025,1.1358531040556907,0.8453119475827793,-0.5505142399104576,0.3266019038668345,0.1190454252974308,-0.155888725099061
-0.49750000000000005,1.1419946250533675,0.8394888587779439,-0.5513761430295504,0.32723477822887687,0.11967991757163496,-0.15590312371754533
-0.49250000000000005,1.148319319758761,0.8335262560700608,-0.552218375698193,0.3279205250032473,0.12034459305560223,-0.15593492966199266
-0.48750000000000004,1.1548235909591382,0.8274308457075736,-0.5530355075017483,0.3286624366038001,0.12104058560432847,-0.1559861112302481
-0.48250000000000004,1.161502836558994,0.8212103849759836,-0.5538217435554574,0.32946388796509024,0.12176904001560143,-0.15605876561993615
-0.47750000000000004,1.168351419890276,0.8148736861458218,-0.5545709492330957,0.3303283168079188,0.1225311069128913,-0.15615511643024826
-0.47250000000000003,1.1753626533324366,0.8084306048548919,-0.5552766840727082,0.33125920024371563,0.1233279369283053,-0.1562775091441664
-0.4675,1.1825287968487204,0.8018920117899585,-0.5559322451852045,0.3322600277842203,0.12416067423144002,-0.15642840446970313
-0.4625,1.189841072678164,0.7952697469803722,-0.5565307201853188,0.3333342709650412,0.12503044948572276,-0.1566103694756461
-0.4575,1.1972896969669558,0.7885765565522722,-0.5570650493190209,0.3344853499413277,0.12593837235011598,-0.1568260665215421
-0.4525,1.2048639285952967,0.7818260123920662,-0.5575280960919943,0.33571659756316846,0.12688552367842906,-0.1570782400503251
-0.4475,1.2125521348810928,0.7750324157989213,-0.5579127253289244,0.33703122157862603,0.1278729475982811,-0.15736970138161108
-0.4425,1.220341873250027,0.7682106868294537,-0.5582118872346018,0.33843226573442564,0.12890164367434276,-0.15770331171046156
-0.4375,1.228219987386996,0.7613762416131383,-0.5584187057074991,0.3399225706394341,0.12997255937341914,-0.15808196357654422
-0.4325,1.2361727158615523,0.7545448604052567,-0.5585265688962333,0.34150473531671394,0.1310865830502987,-0.1585085611186033
-0.4275,1.2441858107825208,0.747732549512051,-0.5585292198075729,0.34318108039063167,0.13224453766193292,-0.15898599946615644
-0.4225,1.252244663711273,0.7409554004454578,-0.5584208446852698,0.34495361383341533,0.1334471753932045,-0.1595171436424349
-0.4175,1.260334435867937,0.7342294497288188,-0.5581961568894072,0.3468240001309542,0.13469517334114878,-0.1601048073589697
-0.4125,1.2684401896085993,0.7275705426789356,-0.5578504741166891,0.3487935336238157,0.13598913035790114,-0.1607517320732067
-0.4075,1.2765470182323044,0.7209942042444456,-0.5573797870065956,0.35086311664255104,0.1373295650986618,-0.16146056665749065
-0.40249999999999997,1.284640171382226,0.7145155196069818,-0.5567808174637677,0.3530332428947575,0.13871691526309712,-0.1622338479929458
-0.39749999999999996,1.292705173615372,0.7081490267791235,-0.5560510653754774,0.35530398638481053,0.14015153796066604,-0.16307398275804333
-0.39249999999999996,1.3007279341032933,0.7019086228958891,-0.5551888427935917,0.3576749959660888,0.14163371107628553,-0.16398323063214684
-0.38749999999999996,1.308694845863162,0.6958074853299869,-0.5541932950605912,0.36014549544986424,0.14316363546604938,-0.16496368908221032
-0.38249999999999995,1.3165928733748844,0.6898580081991319,-0.5530644087672648,0.3627142890337598,0.14474143777635523,-0.16601727984899717
-0.37749999999999995,1.3244096278884505,0.6840717543061002,-0.5518030068159278,0.3653797716729782,0.14636717365584717,-0.1671457372001414
-0.37250000000000005,1.3321334301438261,0.6784594220823301,-0.5504107312112055,0.36813994390450266,0.1480408311191993,-0.16835059797300495
-0.36750000000000005,1.3397533605959906,0.6730308267103217,-0.5488900144983699,0.37099243055109127,0.1497623338250618,-0.1696331933919181
-0.36250000000000004,1.3472592975489701,0.6677948942881234,-0.5472440410091011,0.3739345026788616,0.15153154404667257,-0.1709946426127489
-0.35750000000000004,1.3546419438494206,0.6627596676734654,-0.5454766992527073,0.3769631021584511,0.1533482651411082,-0.17243584792305156
-0.35250000000000004,1.3618928429720265,0.6579323225026319,-0.5435925269074804,0.3800748681824445,0.1552122433596868,-0.17395749150810727
-0.34750000000000003,1.3690043854495164,0.6533191918126529,-0.5415966499251038,0.38326616511713874,0.1571231688850519,-0.1755600336814339
-0.3425,1.3759698066660853,0.6489257976945519,-0.5394947172664805,0.38653311111026367,0.1590806760271671,-0.1772437124720845
-0.3375,1.3827831770530186,0.6447568884583823,-0.5372928327470481,0.3898716069332137,0.16108434255810009,-0.1790085444593795
-0.3325,1.3894393857086018,0.640816479885229,-0.5349974853915848,0.3932773646019331,0.16313368821150417,-0.18085432674768645
-0.3275,1.3959341184202365,0.6371078992653626,-0.5326154795908262,0.3967459353905264,0.16522817241493723,-0.18278063997854133
-0.3225,1.4022638310036148,0.6336338310644207,-0.5301538662229259,0.4002727369221467,0.16736719135977432,-0.18478685228391586
-0.3175,1.4084257187992524,0.6303963632115553,-0.5276198757592799,0.4038530790896486,0.16955007454321624,-0.18687212409196524
-0.3125,1.4144176830868,0.627397033157176,-0.5250208542231183,0.407482188621569,0.1717760809389318,-0.18903541370445243
-0.3075,1.4202382950970882,0.6246368729972855,-0.5223642027162313,0.41115523216555594,0.17404439496687923,-0.19127548357265514
-0.3025,1.425886758224224,0.6221164531020345,-0.5196573210790024,0.41486733781051405,0.17635412243892423,-0.19359090720548286
-0.2975,1.4313628689675817,0.6198359238150483,-0.5169075561053534,0.41861361501006833,0.1787042866554514,-0.19598007664942743
-0.2925,1.4366669770674385,0.6177950549055361,-0.5141221546001895,0.4223891729036351,0.18109382482000752,-0.19844121048466243
-0.2875,1.4417999452388897,0.6159932725563809,-0.5113082214445693,0.4261891370578713,0.18352158492506768,-0.20097236228499846
-0.2825,1.4467631088564363,0.6144296937583088,-0.5084726827245227,0.43000866467132126,0.1859863232433828,-0.20357142949152984
-0.27749999999999997,1.4515582358958623,0.6131031580533564,-0.5056222538839937,0.4338429582995394,0.18848670253720792,-0.2062361626507696
-0.27249999999999996,1.4561874874000296,0.6120122566310452,-0.5027634127810355,0.4376872781677911,0.19102129107319912,-0.20896417496804684
-0.26749999999999996,1.4606533787002134,0.6111553588291501,-0.49990237745898397,0.44153695314452895,0.1935885625050351,-0.21175295212616424
-0.26249999999999996,1.464958741593801,0.6105306361288486,-0.49704508839036593,0.4453873904520688,0.19618689665990666,-0.21459986231802652
-0.25749999999999995,1.4691066876517929,0.6101360837627383,-0.4941971949099596,0.44923408419199123,0.1988145812398431,-0.21750216644042833
-0.25249999999999995,1.4731005728049371,0.6099695400749009,-0.49136404552373664,0.4530726227623696,0.2014698144252022,-0.22045702839467898
-0.24750000000000005,1.4769439633349166,0.610028703786104,-0.48855068176122746,0.4568986952425345,0.2041507083461727,-0.22346152543848963
-0.24250000000000005,1.4806406033763373,0.6103111493254592,-0.48576183522895977,0.4607080968190203,0.20685529336929823,-0.22651265853273606
-0.23750000000000004,1.4841943840160596,0.6108143403933374,-0.48300192752073634,0.46449673332392477,0.2095815231301605,-0.22960736262650946
-0.23250000000000004,1.4876093140583377,0.6115356419200672,-0.480275072645406,0.46826062495431325,0.2123272802306447,-0.23274251682439975
-0.22750000000000004,1.4908894925072596,0.6124723305815654,-0.4775850816432025,0.4719959092385827,0.21509038250969253,-0.23591495438125146
-0.22250000000000003,1.4940390828019223,0.6136216040273095,-0.47493546907653267,0.47569884331294915,0.21786858979006907,-0.2391214724717507
-0.21750000000000003,1.4970622888246892,0.6149805889685205,-0.4723294610991991,0.4793658055684528,0.22065961100027626,-0.24235884168508937
-0.21250000000000002,1.499963332688689,0.6165463482655664,-0.4697700048285174,0.48299329672604174,0.2234611115700812,-0.24562381519856583
-0.20750000000000002,1.50274643429754,0.6183158871438122,-0.46725977876673386,0.48657794039443014,0.2262707209999179,-0.24891313758821432
-0.2025,1.505415792658072,0.6202861586568205,-0.4648012040408866,0.49011648316250866,0.22908604050832476,-0.25222355323933243
-0.1975,1.5079755689156735,0.6224540685051972,-0.46239645625309694,0.49360579427509016,0.23190465066722377,-0.25555181432491847
-0.1925,1.510429871071829,0.6248164793087245,-0.46004747775581323,0.49704286493772537,0.23472411894190173,-0.2588946883254586
-0.1875,1.5127827403344356,0.6273702144189394,-0.4577559901882713,0.5004248072932455,0.23754200706063078,-0.2622489650690618
-0.1825,1.5150381390436456,0.6301120613491364,-0.4555235071311522,0.5037488531095909,0.24035587814766013,-0.2656114632764965
-0.1775,1.5171999401092662,0.6330387748890095,-0.45335134675585503,0.5070123522153859,0.24316330356247629,-0.2689790366011384
-0.1725,1.519271917890104,0.6361470799619471,-0.4512406443628583,0.5102127707167206,0.24596186939754658,-0.2723485791590874
-0.16749999999999998,1.5212577404411258,0.6394336742743648,-0.44919236472017177,0.5133476890256269,0.24874918259591733,-0.27571703054964347
-0.16249999999999998,1.52316096305079,0.6428952307984795,-0.4472073141279529,0.5164147997279236,0.2515228766589004,-0.2790813803709177
-0.15749999999999997,1.5249850229884054,0.6465284001226482,-0.44528615214892187,0.5194119053154496,0.2542806169224685,-0.28243867223950414
-0.15249999999999997,1.526733235379794,0.6503298126967828,-0.4434294029562858,0.5223369158051814,0.2570201053887301,-0.2857860073268327
-0.14749999999999996,1.5284087901288368,0.6542960809944591,-0.44163746626165856,0.5251878462654588,0.2597390851059564,-0.2891205474280473
-0.14249999999999996,1.5300147498025705,0.6584238016081138,-0.4399106277948534,0.5279628142674003,0.2624353440969493,-0.2924395175819716
-0.13749999999999996,1.5315540483983165,0.6627095572891692,-0.43824906931568103,0.5306600372777407,0.2651067188411178,-0.2957402082629863
-0.13249999999999995,1.5330294909127953,0.6671499189410164,-0.43665287814500475,0.5332778300075975,0.2677510973203992,-0.29901997716741957
-0.12749999999999995,1.534443753635196,0.6717414475694659,-0.4351220562084114,0.5358146017301912,0.2703664216431912,-0.3022762506183956
-0.12250000000000005,1.5357993850886917,0.6764806961925427,-0.4336565285910855,0.5382688535792383,0.2729506902637601,-0.3055065246140146
-0.11750000000000005,1.5370988075478311,0.681364211709238,-0.43225615160684705,0.5406391758385692,0.27550195981718684,-0.3087083655442932
-0.11250000000000004,1.5383443190624826,0.6863885367251134,-0.43092072038799084,0.5429242452325687,0.2780183465919117,-0.3118794106025091
-0.10750000000000004,1.5395380959225677,0.6915502113312793,-0.4296499760055815,0.5451228222261351,0.28049802766332815,-0.3150173679164997
-0.10250000000000004,1.5406821955015346,0.6968457748323535,-0.4284436121323046,0.5472337483421451,0.28293924171278784,-0.31812001642512555
-0.09750000000000003,1.5417785594204148,0.702271767418348,-0.42730128126192973,0.549255943503728,0.28534028955681084,-0.32118520552453456
-0.09250000000000003,1.5428290169782433,0.7078247317751238,-0.4262226005009511,0.5511884034081158,0.28769953441137064,-0.324210854508106
-0.08750000000000002,1.5438352887986322,0.7135012146279495,-0.4252071569490998,0.5530301969382967,0.2900154019158444,-0.3271949518230518
-0.08250000000000002,1.544798990646236,0.7192977682127978,-0.4242545126862302,0.5547804636182699,0.2922863799406787,-0.33013555416562773
-0.07750000000000001,1.545721637370779,0.7252109516703161,-0.4233642093836049,0.5564384111172607,0.29451101820206094,-0.3330307854357919
-0.07250000000000001,1.5466046469401213,0.7312373323577782,-0.4225357725578618,0.5580033128078854,0.29668792770594127,-0.3358788355709799
-0.0675,1.547449344527557,0.7373734870748612,-0.4217687154860402,0.5594745053828799,0.2988157800426799,-0.33867795927745237
-0.0625,1.5482569666220822,0.7436160031996358,-0.42106254279991084,0.5608513865346578,0.30089330655242486,-0.3414264746764406
-0.057499999999999996,1.5490286651337646,0.7499614797318066,-0.42041675377762877,0.5621334127016403,0.3029192973800942,-0.3441227618810918
-0.05249999999999999,1.5497655114695619,0.7564065282408644,-0.41983084535032555,0.5633200968849545,0.30489260043755956,-0.34676526151899645
-0.04749999999999999,1.5504685005579395,0.7629477737174891,-0.41930431484080155,0.5644110065388048,0.3068121202893569,-0.349352473213901
-0.04249999999999998,1.5511385548034777,0.769581855327174,-0.41883666245091866,0.5654057615374959,0.30867681697696986,-0.3518829540390581
-0.03749999999999998,1.55177652795526,0.7763054270656815,-0.418427393513666,0.5663040322217889,0.3104857047954762,-0.35435531695356415
-0.03249999999999997,1.5523832088752516,0.7831151583165419,-0.41807602052521314,0.5671055375269959,0.312237851035142,-0.3567682292319899
-0.02749999999999997,1.552959325195094,0.7900077343113707,-0.4177820649715467,0.5678100431949183,0.3139323746993716,-0.35912041089660784
-0.022499999999999964,1.5535055468517485,0.7969798564943097,-0.4175450589635611,0.5684173600714757,0.31556844520930694,-0.36141063316059635
-0.01749999999999996,1.5540224894942505,0.8040282427923681,-0.41736454669372003,0.5689273424916165,0.31714528110431567,-0.3636377168897167
-0.012499999999999956,1.554510717755463,0.8111496277938886,-0.41724008572664606,0.5693398867528626,0.31866214874661336,-0.3658005310891631
-0.007499999999999951,1.5549707483841881,0.8183407628377395,-0.41717124813523354,0.5696549296786009,0.32011836103733066,-0.3678979914215189
-0.0024999999999999467,1.555403053234277,0.8255984160161807,-0.41715762149312,0.5698724472720377,0.32151327615047587,-0.36992905876108534
0.0024999999999999467,1.5558080621085195,0.8329193720946484,-0.41719880973359896,0.5699924534615367,0.3228462962904423,-0.37189273778920073
0.007500000000000062,1.5561861654560756,0.8403004323519411,-0.4172944338843175,0.5700149989378834,0.32411686647797133,-0.37378807563461025
0.012499999999999956,1.5565377169230614,0.8477384143445336,-0.41744413268637,0.5699401700838554,0.3253244733688023,-0.3756141605624286
0.01750000000000007,1.5568630357566202,0.8552301515988786,-0.41764756310569484,0.5697680879963615,0.326468644108637,-0.3773701207147707
0.022499999999999964,1.5571624090634162,0.8627724932357244,-0.41790440074397445,0.5694989076012652,0.32754894522746364,-0.379055122905711
0.02750000000000008,1.5574360939239764,0.8703623035305843,-0.4182143401555813,0.5691328168609295,0.32856498157579866,-0.38066837147287946
0.03249999999999997,1.5576843193647227,0.8779964614145447,-0.4185770950764349,0.568670036074419,0.32951639530492705,-0.38220910718765655
0.03750000000000009,1.5579072881898222,0.8856718599196963,-0.41899239857001463,0.5681108172702315,0.3304028648928229,-0.38367660622567246
0.04249999999999998,1.5581051786752416,0.8933854055734737,-0.4194600030951409,0.5674554436913894,0.3312241042170496,-0.38507017919905234
0.0475000000000001,1.558278146127529,0.9011340177462231,-0.41997968049954953,0.566704229372669,0.3319798616756161,-0.3863891702516573
0.05249999999999999,1.558426324309971,0.9089146279563151,-0.42055122194269184,0.5658575188097271,0.3326699193564635,-0.38763295621837957
0.05750000000000011,1.558549826738787,0.9167241791371049,-0.42117443775063157,0.5649156867198782,0.33329409225599277,-0.38880094584941477
0.0625,1.558648747852046,0.9245596248700355,-0.42184915720536553,0.5638791378942677,0.3338522275468146,-0.389892579100312
0.0674999999999999,1.5587231640539296,0.9324179285881358,-0.4225752282703525,0.5627483071412005,0.3343442038946854,-0.3909073264885041
0.07250000000000001,1.5587731346368878,0.9402960627541447,-0.4233525172535252,0.5615236593203947,0.33476993082441114,-0.39184468851694493
0.0774999999999999,1.5587987025841215,0.9481910080174598,-0.4241809084085441,0.5602056894679645,0.3351293481343409,-0.3927041951654347
0.08250000000000002,1.5587998952547042,0.9560997523540594,-0.42506030347456214,0.5587949230119468,0.3354224253589076,-0.3934854054501631
0.08749999999999991,1.5587767249534785,0.964019290193525,-0.42599062115428654,0.5572919160782374,0.335649161278559,-0.39418790705199647
0.09250000000000003,1.558729189387726,0.9719466215372435,-0.42697179652964506,0.5556972558868108,0.335809583476287,-0.394811316013998
0.09749999999999992,1.558657272012401,0.9798787510718345,-0.4280037804138956,0.5540115612381552,0.33590374793985867,-0.3953552765087022
0.10250000000000004,1.5585609422655629,0.9878126872818301,-0.42908653863857055,0.5522354830898544,0.3359317387087517,-0.3958194606756503
0.10749999999999993,1.5584401556954455,0.9957454415655657,-0.43022005127317875,0.5503697052232921,0.33589366756469646,-0.396203568529716
0.11250000000000004,1.5582948539804198,1.00367402735826,-0.4314043117751599,0.5484149450004628,0.33578967376464003,-0.3965073279407817
0.11749999999999994,1.5581249648429494,1.0115954592661824,-0.43263932606713434,0.5463719542108785,0.33561992381485684,-0.3967304946853318
0.12250000000000005,1.5579304018584565,1.0195067522158139,-0.4339251115380631,0.5442415200085586,0.3353846112848431,-0.39687285257057003
0.12749999999999995,1.5577110641598824,1.0274049206218594,-0.4352616959645075,0.54202446593908,0.3350839566595478,-0.3969342136316859
0.13250000000000006,1.5574668360385941,1.0352869775779379,-0.43664911634775666,0.5397216530566148,0.33471820722840273,-0.3969144184029139
0.13749999999999996,1.5571975864421863,1.0431499340737465,-0.43808741766217857,0.5373339811308465,0.334287637009518,-0.39681333626305226
0.14250000000000007,1.5569031683696442,1.0509907982424427,-0.4395766515097458,0.5348623899435709,0.3337925467073255,-0.3966308658561139
0.14749999999999996,1.5565834181642986,1.0588065746419466,-0.4411168746753047,0.5323078606746954,0.33323326370184075,-0.39636693558778713
0.15250000000000008,1.5562381547049737,1.0665942635738004,-0.44270814757676075,0.5296714173772203,0.3326101420676185,-0.3960215041983704
0.15749999999999997,1.5558671784957747,1.074350860443139,-0.4443505326040104,0.5269541285406362,0.3319235626203612,-0.39559456141283195
0.1625000000000001,1.555470270655029,1.0820733551632482,-0.4460440923400907,0.5241571087419663,0.3311739329890239,-0.39508612866859905
0.16749999999999998,1.5550471918040119,1.0897587316080566,-0.4477888876577096,0.521281520383478,0.3303616877111357,-0.39449625992163506
0.1725000000000001,1.5545976808562665,1.0974039671157845,-0.44958497568402206,0.5183285755157934,0.3294872883489314,-0.3938250425312893
0.1775,1.5541214537085668,1.1050060320468034,-0.4514324076262666,0.5152995377448291,0.3285512236237394,-0.39307259822430257
0.1825000000000001,1.5536182018348594,1.1125618893985496,-0.45333122645066043,0.5121957242206295,0.32755400956594855,-0.39223908413824193
0.1875,1.5530875907848813,1.1200684944801313,-0.45528146440677775,0.5090185077057391,0.32649618967771177,-0.39132469394448444
0.1924999999999999,1.5525292585896031,1.1275227946489699,-0.45728314038953904,0.5057693187202776,0.3253783351054036,-0.39032965905069505
0.1975,1.5519428140761107,1.1349217291115163,-0.4593362571308747,0.5024496477603626,0.3242010448187002,-0.38925424988254304
0.2024999999999999,1.551327835095195,1.1422622287896966,-0.46144079821318423,0.4990610475858925,0.32296494579298224,-0.38809877724414255
0.20750000000000002,1.5506838666655094,1.149541216254359,-0.46359672489680137,0.49560513557305047,0.32167069319162844,-0.38686359375644036
0.2124999999999999,1.550010419038953,1.1567556057264896,-0.4658039727539182,0.49208359612612484,0.320318970544612,-0.3855490953724425
0.21750000000000003,1.549306965692736,1.1639023031464732,-0.4680624481017389,0.48849818314241056,0.3189104899196787,-0.38415572296781225
0.22249999999999992,1.548572941254525,1.1709782063110425,-0.47037202422810137,0.4848507225230297,0.31744599208225704,-0.38268396400496196
0.22750000000000004,1.5478077393680267,1.1779802050769637,-0.4727325374034036,0.481143114721504,0.3159262466401469,-0.3811343542683046
0.23249999999999993,1.5470107105074347,1.1849051816297742,-0.4751437826734243,0.477377337320808,0.31435205216894685,-0.37950747966783166
0.23750000000000004,1.5461811597503219,1.1917500108151302,-0.4776055094285809,0.4735554476284097,0.31272423631411794,-0.37780397810761807
0.24249999999999994,1.5453183445197052,1.198511560529529,-0.48011741674627584,0.4696795852775192,0.31104365586556065,-0.3760245414152554
0.24750000000000005,1.5444214723073,1.2051866921662817,-0.48267914850433025,0.46575197482132485,0.30931119680059255,-0.3741699173275374
0.25249999999999995,1.5434896983912114,1.2117722611117454,-0.485290288265061,0.46177492830548,0.3075277742912773,-0.37224091152701155
0.25750000000000006,1.5425221235626065,1.2182651172858907,-0.4879503539313609,0.4577508478024807,0.3056943326721798,-0.37023838972323564
0.26249999999999996,1.5415177918772334,1.2246621057203189,-0.4906587921782071,0.4536822278897871,0.30381184536478695,-0.368163279771727
0.26750000000000007,1.5404756884488422,1.2309600671659588,-0.4934149726653464,0.44957165805171767,0.3018813147551031,-0.36601657382273567
0.27249999999999996,1.539394737302847,1.237155838721705,-0.49621818203953244,0.4454218249831425,0.29990377202124546,-0.3637993304909968
0.2775000000000001,1.5382737993096312,1.2432462544744316,-0.49906761773758646,0.44123551477093453,0.2978802769082878,-0.36151267703664275
0.2825,1.5371116702179437,1.2492281461400134,-0.5019623816047603,0.4370156149269503,0.29581191744811436,-0.35915781154640236
0.2875000000000001,1.5359070788096914,1.255098343694289,-0.5049014733463798,0.4327651162440349,0.2936998096226574,-0.35673600510311926
0.2925,1.5346586851981232,1.260853675982348,-0.5078837838345479,0.4284871144441871,0.29154509696961095,-0.35424860393048613
0.2975000000000001,1.5333650792918525,1.266490971294159,-0.5109080882957558,0.42418481158559473,0.2893489501305529,-0.3516970314987174
0.3025,1.5320247794474493,1.2720070578943454,-0.513973039409611,0.4198615171927708,0.28711256634234306,-0.34908279057566877
0.3075000000000001,1.5306362313331627,1.2773987644940694,-0.5170771603534501,0.41552064907153297,0.2848371688737428,-0.34640746520669374
0.3125,1.5291978070261345,1.2826629206532658,-0.5202188378324525,0.41116573376805815,0.28252400641035696,-0.3436727226052589
0.3174999999999999,1.5277078043646175,1.2877963571022724,-0.5233963151397737,0.4068004066288007,0.2801743523922962,-0.34088031493510074
0.3225,1.5261644465757995,1.2927959059729415,-0.5266076852963486,0.4024284114156841,0.2777895043103212,-0.3380320809634474
0.3274999999999999,1.5245658821983967,1.2976584009308632,-0.5298508843251122,0.39805359942874985,0.27537078296770495,-0.3351299475635973
0.3325,1.5229101853175109,1.3023806772022917,-0.533123684719514,0.39367992808638236,0.2729195317165606,-0.33217593104394905
0.3374999999999999,1.5211953561271838,1.3069595714918645,-0.5364236891711947,0.3893114589114749,0.2704371156789655,-0.32917213827942726
0.3425,1.5194193218338294,1.311391921790173,-0.5397483246265181,0.3849523548704281,0.2679249209647811,-0.3261207676201717
0.3474999999999999,1.5175799379111756,1.3156745670738326,-0.5430948367461538,0.3806068770108895,0.26538435389963166,-0.3230241095513716
0.35250000000000004,1.515674989714711,1.3198043469047835,-0.5464602848460174,0.3762793803436385,0.26281684027799695,-0.3198845470772659
0.35749999999999993,1.5137021944608975,1.3237781009402836,-0.5498415374014591,0.37197430891418876,0.2602238246577617,-0.3167045558016125
0.36250000000000004,1.5116592035738028,1.3275926683703063,-0.5532352681995526,0.3676961900105841,0.25760676971377877,-0.3134867036764
0.36749999999999994,1.5095436053993703,1.3312448873048734,-0.5566379532265413,0.3634496274556447,0.25496715566899397,-0.3102336503902391
0.37250000000000005,1.5073529282854088,1.3347315941402929,-0.5600458683788282,0.3592392939347428,0.2523064798223961,-0.3069481463678338
0.37749999999999995,1.5050846440238923,1.338049622940107,-0.5634550880863192,0.35506992231411766,0.2496262561933897,-0.3036330313521457
0.38250000000000006,1.502736171651242,1.341195804873966,-0.5668614849362373,0.3509462959099601,0.24692801530210423,-0.30029123254144374
0.38749999999999996,1.500304881602315,1.344166967765425,-0.57026073038379,0.3468732376751397,0.24421330410455058,-0.29692576225438555
0.39250000000000007,1.4977881002148643,1.3469599358078594,-0.5736482966331379,0.3428555982785718,0.24148368610035537,-0.2935397150976705
0.39749999999999996,1.495183114505945,1.3495715295858717,-0.5770194597382272,0.33889824307953065,0.23874074164112363,-0.29013626462759956
0.4025000000000001,1.492485928288738,1.3519996980987807,-0.5803688160846867,0.3350063177208757,0.23598626084452914,-0.2867188971494709
0.4075,1.4896910365813845,1.3542437416289583,-0.5836901773788247,0.33118527181260005,0.23322226502565283,-0.28329143797956047
0.4125000000000001,1.4868047723001383,1.356292186805465,-0.5869818382236149,0.3274379019905656,0.23044898721485665,-0.27985554399751933
0.4175,1.4838201028605116,1.3581456639834688,-0.5902367183705401,0.323769919668538,0.22766875010311166,-0.27641547235353875
0.4225000000000001,1.4807336038944574,1.3598015320955603,-0.5934489782716594,0.3201861627758688,0.22488332447070586,-0.27297483685536333
0.4275,1.4775421722510604,1.3612568644416296,-0.5966127538661875,0.3166913101680967,0.22209445136051104,-0.26953723464496576
0.4325000000000001,1.4742428693393335,1.3625086007927447,-0.59972210812792,0.3132898989234759,0.21930387122510658,-0.266106271689714
0.4375,1.4708328508157413,1.3635536236076948,-0.6027710163902785,0.3099863212243207,0.21651333886133092,-0.26268557041320634
0.4424999999999999,1.4673092884664676,1.364388844261889,-0.6057533483893637,0.3067848216837981,0.2137246385564429,-0.2592787772574434
0.4475,1.4636694513044277,1.3650111451994626,-0.6086629162902422,0.3036894608579528,0.21093957615878717,-0.2558895411835578
0.4524999999999999,1.459910629467169,1.3654174693402086,-0.6114934593861652,0.3007041114773347,0.20815999377617075,-0.2525215196266119
0.4575,1.4560301219701268,1.3656048540299002,-0.6142386553162846,0.29783244118740787,0.20538777472423608,-0.24917837232767853
0.4624999999999999,1.4520254114486597,1.3655702940057566,-0.6168922113311763,0.29507785792445523,0.20262482315256847,-0.24586372322947997
0.4675,1.447894002446956,1.3653109198679882,-0.6194478155984987,0.2924435245851951,0.19987309031751951,-0.24258117998405937
0.4724999999999999,1.4436334941496016,1.364823963033273,-0.6218991871604166,0.2899323268156773,0.19713456765469387,-0.23933431285736537
0.47750000000000004,1.4392416235886285,1.3641067516064396,-0.6242401149016508,0.28754684836855954,0.1944112842111528,-0.2361266390757668
0.48249999999999993,1.4347162637775746,1.363156752663588,-0.626464477994525,0.2852893571049903,0.19170530985666193,-0.23296161480662134
0.48750000000000004,1.4300554448133693,1.361971597793117,-0.6285662766218868,0.2831617882865268,0.18901875487539802,-0.22984262343222456
0.49249999999999994,1.4252573778323288,1.3605491108562018,-0.6305396644308887,0.2811657295095729,0.18635376865538456,-0.22677296364108815
0.49750000000000005,1.420320464792225,1.358887354367427,-0.6323789750774211,0.27930241087127927,0.18371253948379807,-0.2237558400993811
0.5025,1.415243366314329,1.356984626143273,-0.6340787747084388,0.2775726865592076,0.1810972863011959,-0.22079434537987647
0.5075000000000001,1.410025039398712,1.354839489494284,-0.6356339017608299,0.27597702530496077,0.17851025373312052,-0.217891447376886
0.5125,1.4046646543122348,1.3524509244831024,-0.6370394523949876,0.2745155272228104,0.175953720646322,-0.2150499957565971
0.5175000000000001,1.3991618093525142,1.3498182001265744,-0.6382908993834525,0.27318788628124974,0.17342997106851327,-0.21227268299424598
0.5225,1.3935164332405707,1.3469410495404928,-0.6393840711040831,0.27199341643760894,0.17094130267171173,-0.20956205430803246
0.5275000000000001,1.387728872425398,1.343819673107551,-0.6403152131573292,0.2709310452887981,0.16849001104778255,-0.20692048967646134
0.5325,1.3817999487052668,1.3404547733129542,-0.6410810367358529,0.26999931666809285,0.16607837677846857,-0.20435019123351317
0.5375000000000001,1.3757310723543552,1.3368475379466793,-0.6416787928407374,0.26919638528197426,0.1637086445692499,-0.20185316327259262
0.5425,1.3695241401338603,1.3329998334265516,-0.6421062461279914,0.26852005621135505,0.1613830266566586,-0.19943122441955918
0.5475000000000001,1.3631814447835102,1.3289143896528588,-0.642361651066292,0.2679678248475625,0.15910370361842327,-0.19708601790826688
0.5525,1.356706066855684,1.3245945116395674,-0.6424439537952826,0.2675368243389562,0.15687276771738384,-0.1948189525482803
0.5575000000000001,1.3501017596550982,1.3200442799200804,-0.6423527570430079,0.2672238739684642,0.15469222448739214,-0.19263121813221434
0.5625,1.343372986001219,1.3152685974424785,-0.6420883537940629,0.26702549903725514,0.15256397565400318,-0.19052377883389754
0.5674999999999999,1.3365249502627385,1.3102732318944155,-0.641651757021619,0.2669379522178794,0.15048980195428244,-0.18849736754507035
0.5725,1.3295636242746756,1.3050648519495336,-0.6410447244935356,0.266957236128273,0.14847134615528731,-0.18655248125613974
0.5774999999999999,1.3224957657017862,1.2996510558299033,-0.6402697776226727,0.26707912683222923,0.14651009663567877,-0.1846893776084825
0.5825,1.3153289274078688,1.2940403905380657,-0.6393302133189047,0.2672991979845585,0.14460737191406775,-0.18290807275707027
0.5874999999999999,1.308071456449794,1.288242360136095,-0.6382301078338264,0.26761284536426794,0.14276430651184382,-0.1812083406877734
0.5925,1.3007324814432621,1.2822674215455407,-0.6369743116723584,0.2680153115725894,0.14098183852866134,-0.17958971413353383
0.5974999999999999,1.2933218872489398,1.2761269665187451,-0.6355684347821965,0.26850171071203377,0.1392606992847572,-0.17805148722640995
0.6025,1.2858502762044561,1.26983328869338,-0.6340188214236736,0.2690670529045927,0.13760140534555335,-0.17659272000709753
0.6074999999999999,1.2783289154764854,1.2633995349877876,-0.6323325143669258,0.2697062685481517,0.1360042531910943,-0.1752122448891565
0.6125,1.2707696705190559,1.2568396410183806,-0.630517208354021,0.2704142322464295,0.1344693167271337,-0.17390867514161057
0.6174999999999999,1.2631849250845963,1.2501682507089695,-0.6285811930905224,0.2711857863759983,0.13299644775834976,-0.17268041541132123
0.6225,1.2555874887227447,1.2434006207957886,-0.6265332863793899,0.2720157642714686,0.13158527946025034,-0.17152567425678428
0.6275,1.2479904931936352,1.236552511485776,-0.6243827583626272,0.2728990130151368,0.13023523279849725,-0.17044247860972028
0.6325000000000001,1.240407279689221,1.2296400650693529,-0.622139248172932,0.2738304158098422,0.12894552575673782,-0.16942869002263072
0.6375,1.2328512791689992,1.2226796747904514,-0.6198126745984375,0.27480491389452855,0.12771518515087807,-0.16848202250249705
0.6425000000000001,1.2253358884478736,1.2156878467038676,-0.6174131426092202,0.2758175279332632,0.12654306073318852,-0.16760006167636857
0.6475,1.2178743449001805,1.2086810575744142,-0.6149508477681077,0.276863378773704,0.12542784122742417,-0.16678028498709965
0.6525000000000001,1.2104796027479807,1.201675612070988,-0.6124359806383046,0.27793770743435825,0.1243680718892263,-0.1660200825800274
0.6575,1.2031642138746588,1.1946875025667563,-0.6098786333000102,0.27903589414591895,0.12336217315648236,-0.16531677851642038
0.6625000000000001,1.1959402159469288,1.187732274769073,-0.607288709997203,0.2801534762447272,0.12240845994295123,-0.16466765193874247
0.6675,1.1888190303488462,1.1808249021749282,-0.6046758437600424,0.2812861646996182,0.1215051611351053,-0.16406995781691486
0.6725000000000001,1.1818113720486798,1.1739796719943467,-0.602049320599787,0.2824298590495372,0.12065043887544898,-0.16352094692345215
0.6775,1.1749271730577406,1.1672100847288918,-0.5994180125678185,0.2835806605396114,0.11984240725330376,-0.16301788471737652
0.6825000000000001,1.1681755206289168,1.1605287690643016,-0.5967903206277998,0.28473488326762103,0.11907915007320298,-0.16255806885996357
0.6875,1.161564610812167,1.1539474131683685,-0.5941741279306617,0.2858890631895874,0.11835873742822842,-0.16213884513695695
0.6924999999999999,1.1551017174647862,1.1474767129101222,-0.5915767637262263,0.28703996487986483,0.11767924086723865,-0.161757621618698
0.6975,1.1487931763320929,1.1411263369655047,-0.589004977810812,0.28818458599446223,0.11703874700758393,-0.16141188094849895
0.7024999999999999,1.1426443833912585,1.1349049082739653,-0.5864649251121394,0.2893201594426059,0.1164353695054591,-0.16109919070742637
0.7075,1.1366598063024653,1.1288200008801874,-0.5839621597620095,0.2904441533271703,0.11586725935195828,-0.16081721185780543
0.7124999999999999,1.1308430075463862,1.1228781508488908,-0.5815016378102144,0.29155426876627216,0.11533261351224991,-0.16056370531605238
0.7175,1.1251966776476638,1.1170848796847672,-0.5790877275923474,0.29264843575335064,0.11482968196680765,-0.16033653674636617
0.7224999999999999,1.1197226767875663,1.111444728524225,-0.5767242266782957,0.29372480724950106,0.1143567732467091,-0.16013367969947376
0.7275,1.1144220830878755,1.1059613012855052,-0.5744143842930111,0.29478175172862064,0.11391225857959578,-0.15995321724474143
0.7324999999999999,1.1092952458916476,1.1006373149595352,-0.5721609281100904,0.2958178444126952,0.11349457477940181,-0.1597933422597878
0.7375,1.104341842462416,1.095474655283635,-0.5699660943641184,0.2968318574416523,0.11310222602216366,-0.1596523565498826
0.7424999999999999,1.0995609366584729,1.0904744361504415,-0.5678316603011933,0.2978227492205626,0.1127337846531403,-0.1595286689708634
0.7475,1.0949510383004384,1.085637061251655,-0.5657589780804492,0.2987896531777845,0.11238789116818812,-0.1594207927251401
0.7525,1.0905101621266406,1.0809622866275141,-0.5637490093450196,0.2997318661524808,0.11206325350602167,-0.15932734199178145
0.7575000000000001,1.0862358854119993,1.0764492829767207,-0.5618023597922044,0.30064883661026504,0.11175864577870825,-0.1592470280398489
0.7625,1.08212540350378,1.0720966967682022,-0.5599193131839902,0.30154015286313923,0.11147290655650108,-0.15917865496013617
0.7675000000000001,1.0781755826956518,1.0679027093777247,-0.5580998643462973,0.3024055314457018,0.11120493681075412,-0.15912111513525642
0.7725,1.074383010015382,1.0638650936431762,-0.5563437508051725,0.3032448057750341,0.11095369760588926,-0.15907338455237144
0.7775000000000001,1.070744039638573,1.0599812673882283,-0.5546504827985755,0.30405791519769454,0.11071820761875815,-0.1590345180474413
0.7825,1.0672548357596543,1.056248343602579,-0.5530193714821979,0.3048448945045784,0.11049754055166353,-0.15900364455514535
0.7875000000000001,1.0639114118515742,1.0526631770871069,-0.5514495552164431,0.30560586397360506,0.11029082249407972,-0.15897996242496276
0.7925,1.0607096663280624,1.0492224074737029,-0.5499400238795032,0.30634101998154983,0.11009722927789327,-0.1589627348514749
0.7975000000000001,1.0576454146878962,1.045922498613263,-0.5484896411988103,0.30705062621008633,0.1099159838619028,-0.15895128545593012
0.8025,1.0547144182711545,1.0427597743923922,-0.5470971651309935,0.3077350054572049,0.10974635377335006,-0.1589449940464764
0.8075000000000001,1.0519124097945685,1.0397304510914904,-0.5457612663497138,0.3083945320536212,0.10958764862742176,-0.1589432925762229
0.8125,1.0492351158587716,1.0368306664358289,-0.5444805449225273,0.3090296248744025,0.10943921773986487,-0.1589456613113518
0.8174999999999999,1.0466782766362863,1.0340565055187678,-0.5432535452733185,0.3096407409286584,0.10930044784303716,-0.1589516252157648
0.8225,1.0442376629572165,1.031404023794283,-0.5420787695368526,0.3102283695045219,0.10917076091175724,-0.15896075055409511
0.8274999999999999,1.041909091011383,1.028869267346026,-0.5409546894176094,0.31079302684259447,0.1090496121021333,-0.1589726417112213
0.8325,1.0396884348824902,1.0264482906439167,-0.5398797566671708,0.3113352513082849,0.10893648780402693,-0.15898693822356025
0.8374999999999999,1.0375716371230252,1.0241371719979142,-0.5388524122937578,0.3118555990318297,0.10883090380585415,-0.1590033120152583
0.8425,1.0355547175689745,1.0219320269135526,-0.5378710946147293,0.3123546399840725,0.10873240356895619,-0.15902146483084928
0.8474999999999999,1.033633780582043,1.0198290195458204,-0.5369342462585774,0.31283295445606357,0.10864055660769441,-0.15904112585488664
0.8525,1.0318050208944536,1.017824372438022,-0.5360403202175167,0.313291129911109,0.10855495697067573,-0.15906204950839728
0.8574999999999999,1.0300647282182223,1.0159143747210355,-0.5351877850456924,0.3137297581789088,0.10847522181803451,-0.15908401341167822
0.8625,1.0284092907675224,1.0140953889362863,-0.5343751292915279,0.3141494329627047,0.10840099008941459,-0.15910681650286848
0.8674999999999999,1.0268351978295416,1.012363856633512,-0.5336008652460565,0.3145507476319149,0.10833192125719582,-0.15913027730186075
0.8725,1.025339041506543,1.0107163028820205,-0.5328635320824399,0.3149342932743732,0.10826769415951769,-0.15915423230937367
0.8775,1.023917517739707,1.009149339822106,-0.5321616984553873,0.3153006569840289,0.10820800590776938,-0.15917853453138547
0.8825000000000001,1.0225674267138802,1.007659669371731,-0.5314939646229326,0.3156504203617168,0.10815257086339265,-0.1592030521195786
0.8875,1.0212856727317403,1.0062440851925187,-0.5308589641471166,0.31598415820834574,0.10810111967907843,-0.15922766711894296
0.8925000000000001,1.0200692636360014,1.00489947400884,-0.530255365224538,0.3163024373915426,0.10805339839969344,-0.15925227431421302
0.8975,1.0189153098493389,1.00362281636404,-0.5296818716925884,0.31660581586840064,0.10800916761855489,-0.15927678016734648
0.9025000000000001,1.017821023093423,1.0024111868890386,-0.5291372237523766,0.31689484184852135,0.10796820168495834,-0.15930110183879168
0.9075,1.0167837148411483,1.0012617541502187,-0.5286201984450241,0.3171700530829601,0.1079302879591441,-0.15932516628579851
0.9125000000000001,1.0158007945495775,1.000171780135866,-0.528129609914072,0.31743197626597314,0.10789522611115648,-0.15934890943151162
0.9175,1.0148697677157252,0.9991386194330028,-0.5276643094834311,0.3176811265375318,0.10786282746026965,-0.15937227539897061
0.9225000000000001,1.0139882337935968,0.9981597181383887,-0.5272231855778508,0.3179180070752161,0.1078329143517693,-0.15939521580433896
0.9275,1.0131538840102436,0.9972326125373735,-0.526805163512035,0.31814310876391266,0.10780531956777537,-0.15941768910346546
0.9325000000000001,1.0123644991231506,0.9963549275694212,-0.5264092051763549,0.31835690993009214,0.1077798857682903,-0.15943965998489898
0.9375,1.0116179471729254,0.9955243750774249,-0.5260343086525459,0.31855987612377334,0.10775646495765927,-0.15946109880041973
0.9424999999999999,1.010912181300857,0.9947387518127403,-0.5256795078001805,0.31875245992665513,0.10773491797053247,-0.15948198102151015
0.9475,1.0102452377019306,0.9939959371599673,-0.5253438718544506,0.31893510076502213,0.10771511397203701,-0.15950228670988137
0.9524999999999999,1.0096152337252675,0.9932938906052879,-0.525026505044841,0.3191082247245647,0.10769692997319484,-0.15952199999933084
0.9575,1.0090203659520016,0.992630649171205,-0.52472654615016,0.3192722444199763,0.10768025037965584,-0.15954110861494958
0.9624999999999999,1.0084589077578119,0.9920043253983588,-0.5244431677401135,0.3194275590689499,0.10766496661910052,-0.15955960350689172
0.9675,1.007929205558362,0.9914131067980197,-0.5241755746978017,0.31957455500859727,0.10765097691332297,-0.15957747872508782
0.9724999999999999,1.007429673031139,0.990855257588212,-0.5239230016721173,0.31971360685273104,0.10763818623890561,-0.15959473164639865
0.9775,1.0069587834580842,0.9903291225673518,-0.5236847095516429,0.3198450792183597,0.10762650643004462,-0.15961136353037453
0.9824999999999999,1.0065150615515517,0.9898331316077941,-0.5234599816764678,0.31996932857873744,0.1076158562681273,-0.15962738018486955
0.9875,1.0060970761789643,0.9893658031900273,-0.5232481205199522,0.3200867048038845,0.10760616142366936,-0.15964279251172697
0.9924999999999999,1.005703432831051,0.9889257482847136,-0.5230484442384618,0.320197552758864,0.10759735438082735,-0.15965761710932894
0.9975,1.0053327606559606,0.9885116804078756,-0.5228602804264703,0.3203022155495969,0.10758937482809387,-0.1596718777494358
