-0.9975,1.0585599078946755,-0.01661543495480775,0.0007518703003929131,0.00027148092918495906,1.2327594182954462e-05
-0.9925,1.0590287341665308,-0.017069106594716294,0.0007638616313190745,0.0002776162063935431,1.3943303721350289e-05
-0.9875,1.0595487529873011,-0.01757026409611455,0.0007822456918573588,0.00028557094801488016,1.5121288991385972e-05
-0.9825,1.06007819698898,-0.018078294754292238,0.0008039276351349983,0.00029398043165279386,1.5820549947666227e-05
-0.9775,1.0606128265368182,-0.01858908064477548,0.0008273368015681824,0.00030251617348024435,1.6240010355927535e-05
-0.9725,1.061152153089567,-0.019102148988129727,0.0008516834941768982,0.0003111087640364509,1.6513365785534382e-05
-0.9675,1.061696062712012,-0.019617390216516328,0.0008765700547253354,0.0003197456019029543,1.6712230558086374e-05
-0.9625,1.0622444778227027,-0.020134729795329646,0.0009017951765781181,0.00032842499290118717,1.6873130500719073e-05
-0.9575,1.0627973229717154,-0.020654095258280825,0.0009272557989763851,0.0003371467036266288,1.7014533813674636e-05
-0.9525,1.0633545212256288,-0.021175412820166807,0.0009528979052296862,0.0003459103310837053,1.7145829674361443e-05
-0.9475,1.0639159937194296,-0.021698606994051788,0.0009786918226320958,0.0003547151780200972,1.7271885677548094e-05
-0.9425,1.0644816595745916,-0.022223600537828948,0.0010046197947794573,0.0003635603436559305,1.739534596857617e-05
-0.9375,1.065051435880306,-0.022750314447488637,0.0010306696952249994,0.00037244480337299144,1.751779410153503e-05
-0.9325,1.065625237703672,-0.023278667954091135,0.0010568318077914093,0.0003813674566465173,1.7640348527924166e-05
-0.9275,1.0662029781310989,-0.023808578505536235,0.0010830971302392832,0.0003903271530284839,1.776397606479058e-05
-0.9225,1.066784568354673,-0.024339961713639342,0.0011094564248628183,0.0003993227052084728,1.7889666791005366e-05
-0.9175,1.0673699178322815,-0.024872731235813225,0.001135899623382158,0.00040835289400051376,1.801854267175524e-05
-0.9125,1.067958934576972,-0.025406798536325277,0.0011624153854549427,0.00041741646676535905,1.8151936433801493e-05
-0.9075,1.0685515256746043,-0.02594207243067059,0.0011889907061154532,0.0004265121282227879,1.829145902231663e-05
-0.9025,1.069147598196146,-0.02647845825190942,0.0012156105156401861,0.0004356385202843767,1.8439064390035378e-05
-0.8975,1.069747060770553,-0.027015856381761145,0.0012422572401039813,0.00044479418502381494,1.8597114821564977e-05
-0.8925,1.0703498262236908,-0.02755415975457092,0.0012689103047861664,0.0004539775019949942,1.876844610480503e-05
-0.8875,1.0709558158706465,-0.028093249766683096,0.001295545572345307,0.0004631865878512164,1.8956428388980108e-05
-0.8825000000000001,1.0715649662644156,-0.02863298981568105,0.0013221347171788556,0.0004724191429654584,1.916501492050593e-05
-0.8775,1.0721772394259053,-0.02917321547990761,0.0013486445490308201,0.0004816722272451541,1.9398766882919404e-05
-0.8725,1.072792637754375,-0.029713720180928865,0.0013750363141932043,0.0004909419467595444,1.966283855920484e-05
-0.8674999999999999,1.073411224857935,-0.030254235133030907,0.0014012650221711296,0.0005002230357351296,1.996290368917723e-05
-0.8625,1.0740331533354013,-0.030794402585446728,0.0014272788689180683,0.0005095083266956545,2.0305002339572295e-05
-0.8575,1.0746586999548198,-0.03133374192891509,0.0014530188526499603,0.0005187881165578724,2.0695289285247122e-05
-0.8525,1.0752883076003774,-0.03187160927408783,0.001478418700927763,0.0005280494589841144,2.113967131321431e-05
-0.8475,1.0759226317568586,-0.03240715265473566,0.0015034052423977394,0.0005372754422110274,2.1643333110423023e-05
-0.8425,1.076562587255313,-0.03293926698027468,0.001527899356168106,0.0005464445435310266,2.2210169611240894e-05
-0.8375,1.0772093887795762,-0.0334665550046344,0.0015518176089954789,0.0005555301805468536,2.2842165438949967e-05
-0.8325,1.077864576691282,-0.033987302447836584,0.001575074639749663,0.0005645005969778019,2.3538786042939252e-05
-0.8275,1.078530018685863,-0.03449947641047876,0.001597586270673289,0.0005733192180995954,2.4296465177028542e-05
-0.8225,1.0792078782943118,-0.0350007557331625,0.0016192732207964008,0.0005819455803566073,2.5108283332746687e-05
-0.8175,1.0799005437935163,-0.035488599493527874,0.0016400651811836972,0.0005903368782728056,2.596392592041174e-05
-0.8125,1.0806105158096042,-0.035960355281059495,0.0016599049042036308,0.0005984500835281674,2.6849984979371744e-05
-0.8075,1.081340258373729,-0.03641340265078307,0.0016787518835192348,0.0006062444882214325,2.7750624666093652e-05
-0.8025,1.082092025395547,-0.03684532021839283,0.0016965851807487597,0.000613684426310916,2.8648574410127852e-05
-0.7975,1.0828676809634585,-0.03725405866097324,0.0017134050040926903,0.0006207418568443042,2.952635473197232e-05
-0.7925,1.0836685359249416,-0.037638098007169773,0.001729232765976531,0.000627398470385509,3.0367592143207933e-05
-0.7875,1.08449522351314,-0.037996567319452425,0.001744109527118118,0.0006336470180269085,3.11582534859705e-05
-0.7825,1.085347632781423,-0.03832930874833952,0.001758092944599967,0.0006394916593486555,3.188763448159517e-05
-0.7775,1.0862249107191435,-0.0386368755494508,0.0017712530432785454,0.0006449472659778282,3.2548973208095526e-05
-0.7725,1.0871255335889798,-0.03892046360479589,0.0017836672843311613,0.0006500377737894367,3.313962005529823e-05
-0.7675,1.088047437372047,-0.03918178623064293,0.001795415482053054,0.0006547938171070995,3.3660768505339e-05
-0.7625,1.0889881884895671,-0.03942291041236897,0.0018065751068300578,0.0006592499737172369,3.4116820067718956e-05
-0.7575000000000001,1.0899451709798145,-0.03964607736567285,0.0018172174148723636,0.0006634419822005514,3.451450743294577e-05
-0.7525,1.0909157659029711,-0.03985353067038809,0.0018274046876832282,0.0006674042602970153,3.48619230789923e-05
-0.7475,1.0918975026616422,-0.0400473714209473,0.0018371886810681134,0.0006711679671203472,3.516759408083032e-05
-0.7424999999999999,1.092888168919126,-0.04022945308278295,0.0018466102112150746,0.0006747597361509061,3.543971278557477e-05
-0.7375,1.0938858740528956,-0.04040132077080237,0.0018556996734229083,0.0006782010870126488,3.5685587406630344e-05
-0.7324999999999999,1.094889068723523,-0.04056419223770438,0.001864478213816834,0.0006815084255886234,3.591132827357157e-05
-0.7275,1.095896528710284,-0.04071897231040006,0.001872959257317291,0.0006846934786949813,3.612174464116973e-05
-0.7224999999999999,1.0969073139040078,-0.04086628947138613,0.0018811501248267369,0.0006877639848723833,3.6320399802783224e-05
-0.7175,1.097920713241073,-0.041006542639139366,0.0018890535297964718,0.0006907244704976807,3.65097601567444e-05
-0.7125,1.0989361839846272,-0.0411399472954184,0.0018966688078595054,0.0006935769677730671,3.669137419600587e-05
-0.7075,1.0999532900163893,-0.041266572044941385,0.0019039927853817043,0.0006963215642055971,3.686602533312374e-05
-0.7025,1.100971639688594,-0.041386358697472134,0.0019110202231378513,0.0006989567010212403,3.7033813318850333e-05
-0.6975,1.1019908202305955,-0.04149912064302033,0.001917743778458129,0.000701479155861389,3.719412999195249e-05
-0.6925,1.1030103235221382,-0.04160451576328298,0.0019241534208206863,0.000703883655829338,3.7345506319440803e-05
-0.6875,1.104029457920252,-0.04170199194440597,0.0019302352272943229,0.0007061620797856982,3.748532185964221e-05
-0.6825,1.1050472432527276,-0.04179070618060233,0.001935969495221085,0.0007083022365865625,3.760938872065036e-05
-0.6775,1.106062291198686,-0.04186942285080931,0.001941328159307546,0.0007102862603096797,3.771145233386844e-05
-0.6725,1.107072680576827,-0.04193640297239685,0.001946271600973336,0.0007120887489378886,3.778268961003324e-05
-0.6675,1.1080758452278687,-0.04198930314289129,0.0019507450873263046,0.0007136748816741364,3.781132439437251e-05
-0.6625,1.1090684990493798,-0.04202510860947698,0.001954675254187309,0.0007149988595602611,3.7782508271736316e-05
-0.6575,1.11004662570302,-0.04204012706227159,0.0019579672115148774,0.0007160030898260858,3.767861675110288e-05
-0.6525000000000001,1.1110055572580364,-0.042030066173953676,0.001960502947520993,0.000716618538446432,3.7480074291885185e-05
-0.6475,1.11194015551286,-0.041990207623907226,0.001962141688966536,0.0007167665794922133,3.716674275807768e-05
-0.6425000000000001,1.1128450929310352,-0.04191567428780544,0.0019627227089224594,0.0007163624690503735,3.671979608069985e-05
-0.6375,1.1137152102317667,-0.04180176846710702,0.0019620707645449866,0.0007153202923110971,3.6123882142089254e-05
-0.6325000000000001,1.1145459094525696,-0.04164434196496886,0.0019600039425298824,0.000713558931146085,3.536927279885996e-05
-0.6275,1.1153335297283349,-0.04144014814238376,0.001956343269183418,0.0007110083488327995,3.445365545886815e-05
-0.6225,1.1160756516786428,-0.04118712511026257,0.0019509230993886185,0.0007076153564145705,3.338324428685459e-05
-0.6174999999999999,1.1167712860799457,-0.04088456871040898,0.0019436011150443363,0.0007033480528198711,3.217298642199544e-05
-0.6125,1.1174209213157578,-0.040533171853344235,0.0019342667830739492,0.0006981983189267092,3.084578852701253e-05
-0.6074999999999999,1.1180264274808902,-0.04013492886587983,0.0019228473412610798,0.0006921820533407454,2.9430856697736075e-05
-0.6025,1.1185908375508002,-0.0396929246572003,0.0019093107465328887,0.0006853371947883729,2.7961389196896162e-05
-0.5974999999999999,1.119118042951062,-0.03921104428863573,0.001893665454710759,0.0006777199045290866,2.6471954923359822e-05
-0.5925,1.119612449281712,-0.03869364625724701,0.0018759573160957584,0.0006693995172214945,2.4995914902696402e-05
-0.5875,1.1200786373371976,-0.03814524202806351,0.0018562641951961048,0.0006604529739458083,2.356320155584328e-05
-0.5825,1.120521066489845,-0.0375702165917964,0.0018346891122112895,0.000650959423953495,2.2198678422906716e-05
-0.5775,1.1209438448717206,-0.03697261282894204,0.0018113527489800566,0.0006409955483731201,2.0921187102982445e-05
-0.5725,1.1213505768592344,-0.036355989299368674,0.001786386082532475,0.0006306319631412587,1.974327470117894e-05
-0.5675,1.1217442859349245,-0.03572334937369374,0.001759923743553674,0.0006199308473775055,1.86715045940846e-05
-0.5625,1.1221274018952674,-0.03507713108253947,0.0017320984900742154,0.0006089447573388082,1.7707197212587713e-05
-0.5575,1.1225017962968757,-0.034419242331849474,0.0017030369798044765,0.0005977164506653958,1.6847427658716684e-05
-0.5525,1.1228688487274083,-0.03375112496124956,0.0016728568481887357,0.0005862794704186398,1.6086117674743527e-05
-0.5475,1.1232295280607938,-0.033073832659456,0.0016416649703880476,0.0005746592191958975,1.54150908220668e-05
-0.5425,1.1235844761591693,-0.03238811090712955,0.0016095567082268954,0.0005628742771946441,1.4825000735191631e-05
-0.5375,1.1239340854223945,-0.03169447086015507,0.001576615912319226,0.0005509377676487479,1.4306083533026702e-05
-0.5325,1.1242785653215401,-0.030993252625110046,0.0015429154542683742,0.0005388586325473725,1.3848720362384667e-05
-0.5275000000000001,1.124617996078635,-0.03028467623804259,0.0015085180913977341,0.0005266427385878546,1.3443821335940439e-05
-0.5225,1.1249523697743116,-0.02956888065497129,0.0014734775053262146,0.000514293780265996,1.3083057304618336e-05
-0.5175000000000001,1.1252816204117335,-0.02884595223266373,0.0014378393968668363,0.0005018139806964559,1.2758972354504482e-05
-0.5125,1.125605645007013,-0.028115944681822443,0.0014016425573062346,0.0004892046113906736,1.2465009955139637e-05
-0.5075000000000001,1.125924317828981,-0.027378892517000927,0.0013649198670540503,0.00047646636204009743,1.2195481774459192e-05
-0.5025,1.1262374996785594,-0.026634819801656693,0.0013276991960328535,0.0004635995934131066,1.1945502427660628e-05
-0.49750000000000005,1.1265450437402493,-0.025883745644177246,0.0012900041965019833,0.000450604503767122,1.1710907372810838e-05
-0.49250000000000005,1.126846799162782,-0.02512568754279186,0.0012518549894775385,0.0004374812341401491,1.1488165733346191e-05
-0.48750000000000004,1.1271426131928117,-0.024360663360437823,0.0012132687519470261,0.000424229932227961,1.1274295447182804e-05
-0.48250000000000004,1.1274323324193758,-0.023588692457913087,0.0011742602150122768,0.0004108507892978829,1.1066784897377923e-05
-0.47750000000000004,1.1277158034900097,-0.022809796326961482,0.0011348420840214114,0.0003973440602238749,1.0863522952365938e-05
-0.47250000000000003,1.1279928735226523,-0.022023998935324387,0.0010950253914866143,0.0003837100733753518,1.066273792927443e-05
-0.4675,1.1282633903473331,-0.02123132691044762,0.001054819792693099,0.0003699492346733318,1.0462945173232657e-05
-0.4625,1.128527202654977,-0.02043180963490744,0.0010142338127478604,0.00035606202847077693,1.0262902527459514e-05
-0.4575,1.12878416009651,-0.01962547929432434,0.0009732750526100545,0.00034204901683002227,1.006157280410582e-05
-0.4525,1.1290341133556565,-0.01881237089982851,0.0009319503605050105,0.0003279108380898935,9.858092347886289e-06
-0.4475,1.1292769142077668,-0.01799252229669474,0.0008902659741060429,0.0003136482052046571,9.651744842933985e-06
-0.4425,1.1295124155710246,-0.017165974165125986,0.0008482276379909468,0.00029926190409861395,9.441939604432081e-06
-0.4375,1.1297404715532684,-0.016332770016212937,0.0008058407001414658,0.0002847527921471736,9.228193695512948e-06
-0.4325,1.1299609374960524,-0.015492956184592933,0.0007631101906414641,0.0002701217968242168,9.010117303875313e-06
-0.4275,1.1301736700167875,-0.014646581818587997,0.0007200408852249906,0.0002553699145197334,8.787401896298934e-06
-0.4225,1.1303785270494073,-0.01379369886823346,0.0006766373559083299,0.00024049820951507476,8.559810741718344e-06
-0.4175,1.1305753678838202,-0.012934362071430328,0.000632904010589448,0.0002255078130967087,8.327171456191584e-06
-0.4125,1.1307640532043075,-0.012068628938367501,0.0005888451231938599,0.00021039992278816885,8.089370278412171e-06
-0.4075,1.1309444451269888,-0.011196559734310638,0.0005444648556698085,0.0001951758016813262,7.846347835026538e-06
-0.40249999999999997,1.131116407236439,-0.010318217460828701,0.0004997672728733868,0.00017983677785097398,7.5980962033679605e-06
-0.39749999999999996,1.1312798046215389,-0.009433667835512352,0.0004547563511255082,0.0001643842438403372,7.344657127027919e-06
-0.39249999999999996,1.1314345039106228,-0.008542979270222496,0.0004094359809620196,0.00014881965620917474,7.086121287899171e-06
-0.38749999999999996,1.1315803733059902,-0.007646222847898296,0.00036380996433456043,0.00013314453514048238,6.822628587167097e-06
-0.38249999999999995,1.1317172826178394,-0.006743472297942587,0.0003178820062551093,0.00011736046410621776,6.55436943674471e-06
-0.37749999999999995,1.131845103297697,-0.005834803970191503,0.0002716557006154055,0.00010146908959682512,6.281587111131937e-06
-0.37250000000000005,1.1319637084714052,-0.004920296807464492,0.00022513450965714184,8.547212092346891e-05,6.0045812569603285e-06
-0.36750000000000005,1.1320729729717538,-0.0040000323166750895,0.00017832173632156413,6.937133010561229e-05,5.723712703228647e-06
-0.36250000000000004,1.13217277337086,-0.003074094538463288,0.00013122048846591567,5.3168551859667627e-05,5.439409759787717e-06
-0.35750000000000004,1.1322629880124215,-0.002142570015276913,8.383363369284361e-05,3.6865683706469824e-05,5.15217623603205e-06
-0.35250000000000004,1.1323434970440467,-0.0012055477577704663,3.6163743286919195e-05,2.0464686215477605e-05,4.862601457776852e-06
-0.34750000000000003,1.132414182449973,-0.00026311920927345525,-1.1786976524324106e-05,3.9675834002387115e-06,4.571372610157762e-06
-0.3425,1.132474928084749,0.000684621792152444,-6.001676808575953e-05,-1.2623536730417096e-05,4.279289790404337e-06
-0.3375,1.132525619708947,0.0016375790550240293,-0.00010852442308532,-2.930652148374194e-05,3.9872842182289395e-06
-0.3325,1.1325661450290039,0.002595654081028288,-0.0001573094035142649,-4.6079152721277665e-05,3.696440123612907e-06
-0.3275,1.1325963937452896,0.0035587461206918547,-0.0002063719863004128,-6.293914617557547e-05,3.4080209093199127e-06
-0.3225,1.1326162576163623,0.0045267522455609555,-0.00025571343575240716,-7.988415115570237e-05,3.123500260694882e-06
-0.3175,1.132625630554587,0.005499567451104697,-0.0003053362087177769,-9.691175122819442e-05,2.8445989321558183e-06
-0.3125,1.1326244087813175,0.006477084816830102,-0.00035524419822270984,-0.00011401946692409643,2.573327948905815e-06
-0.3075,1.1326124910926343,0.00745919577155078,-0.0004054430222928316,-0.00013120476227257714,2.312038875154956e-06
-0.3025,1.13258977932495,0.00844579054787617,-0.0004559403655759697,-0.00014846505812632512,2.0634815412556473e-06
-0.2975,1.1325561791717993,0.009436758968429989,-0.000506746382157116,-0.00016579775697708981,1.8308690829413579e-06
-0.2925,1.132511601599037,0.010431991796776906,-0.0005578741683287749,-0.00018320028641777096,1.6179491814423371e-06
-0.2875,1.132455965246976,0.011431383019395875,-0.0006093403136707991,-0.00020067017170408087,1.42907882881345e-06
-0.2825,1.1323892004046932,0.012434833610821752,-0.00066116553703326,-0.00021820515199656864,1.2692975968254474e-06
-0.27749999999999997,1.1323112553975259,0.013442257575917521,-0.0007133754101237009,-0.00023580335958047174,1.1443911201341384e-06
-0.27249999999999996,1.1322221065333022,0.014453591351615277,-0.0007660011643948344,-0.0002534635860474843,1.0609322965564733e-06
-0.26749999999999996,1.1321217730716617,0.015468807953152504,-0.0008190805657082776,-0.00027118566294262046,1.0262827731804778e-06
-0.26249999999999996,1.1320103389442584,0.016487937501527387,-0.0008726588247800222,-0.00028897098498570893,1.048532202112856e-06
-0.25749999999999995,1.1318879830488748,0.017511095863446735,-0.0009267894890571464,-0.0003068231993609192,1.136348563356167e-06
-0.25249999999999995,1.131755019711839,0.01853852292575522,-0.0009815352336708352,-0.00032474907212397285,1.298711128635697e-06
-0.24750000000000005,1.1316119501785686,0.019570631341139812,-0.001036968437154555,-0.00034275952017844745,1.5445003540424995e-06
-0.24250000000000005,1.1314595245817223,0.020608065259575023,-0.001093171395435573,-0.00036087076336618586,1.8819282094830352e-06
-0.23750000000000004,1.1312988116560643,0.021651766509620238,-0.001150236001319263,-0.0003791055071373583,2.317809774980707e-06
-0.23250000000000004,1.1311312705813905,0.022703042971371542,-0.001208262704663958,-0.00039749401651066753,2.856702711629788e-06
-0.22750000000000004,1.130958816039278,0.023763630767599155,-0.0012673585804243862,-0.000416074895073902,3.4999737443570875e-06
-0.22250000000000003,1.130783864449742,0.02483573893850201,-0.0013276343769702199,-0.00043489535069491503,4.244886228677745e-06
-0.21750000000000003,1.1306093472526766,0.025922063251649148,-0.0013892005015915913,-0.00045401072636903054,5.083833223461824e-06
-0.21250000000000002,1.1304386769884565,0.027025755650612885,-0.0014521620235240962,-0.00047348311281735254,6.003857504639292e-06
-0.20750000000000002,1.130275654673577,0.028150338382010434,-0.001516612927645176,-0.0004933789460377351,6.986594991358695e-06
-0.2025,1.130124312996745,0.029299557482907208,-0.0015826300143155696,-0.0005137656250945857,8.00874519660857e-06
-0.1975,1.1299886988872867,0.030477178797054912,-0.0016502669837927325,-0.0005347073475797763,9.043111034909192e-06
-0.1925,1.129872609843496,0.031686739910490105,-0.0017195493339902368,-0.0005562605248580804,1.00601672827945e-05
-0.1875,1.1297793090457102,0.03293128146612142,-0.0017904707079032796,-0.000578469271233947,1.1030026014899913e-05
-0.1825,1.1297112522615496,0.03421308891300595,-0.0018629912332444086,-0.0006013615256949489,1.1924587074676641e-05
-0.1775,1.1296698625892811,0.03553347869684501,-0.001937038202239345,-0.0006249463371221197,1.2719611195461014e-05
-0.1725,1.129655385746696,0.03689265983450728,-0.002012509167043068,-0.0006492127175758124,1.3396447087545396e-05
-0.16749999999999998,1.1296668488575252,0.03828969268295287,-0.0020892772187967763,-0.0006741302599632124,1.3943186682698803e-05
-0.16249999999999998,1.1297021310440338,0.03972255294326523,-0.0021671979306203512,-0.0006996514632407431,1.4355108355559934e-05
-0.15749999999999997,1.1297581374166756,0.04118829318530829,-0.002246117230870732,-0.0007257154599158707,1.4634379496086215e-05
-0.15249999999999997,1.1298310526772475,0.042683279665555136,-0.002325879373244891,-0.0007522526468322065,1.4789104153820414e-05
-0.14749999999999996,1.1299166396661788,0.044203471912920816,-0.002406334201753764,-0.0007791896185393985,1.4831895094260407e-05
-0.14249999999999996,1.1300105438571006,0.04574470843231414,-0.0024873430608759023,-0.000806453808922161,1.4778204564424417e-05
-0.13749999999999996,1.1301085675359028,0.04730296440107098,-0.0025687829397270253,-0.0008339773524797568,1.4644656257282314e-05
-0.13249999999999995,1.130206886087402,0.048874555366022684,-0.00265054871411794,-0.0008616998519184084,1.4447585501048807e-05
-0.12749999999999995,1.1303021911156876,0.05045627249188676,-0.0027325536093418417,-0.0008895699415944057,1.4201928167058423e-05
-0.12250000000000005,1.1303917581673157,0.052045447159599946,-0.00281472820606809,-0.000917545724057015,1.3920519137707878e-05
-0.11750000000000005,1.1304734479526517,0.05363995316899278,-0.0028970184262999896,-0.0009455942962541003,1.3613786592646946e-05
-0.11250000000000004,1.1305456573498023,0.05523816175373478,-0.0029793829615430913,-0.0009736906557251753,1.328977274605809e-05
-0.10750000000000004,1.130607239456688,0.05683886743641496,-0.0030617905553892897,-0.0010018162855951833,1.2954381884428444e-05
-0.10250000000000004,1.1306574109642322,0.058441201843264415,-0.0031442174539681117,-0.0010299576746402484,1.2611752157657377e-05
-0.09750000000000003,1.1306956613633892,0.06004454909046419,-0.0032266452200926383,-0.00105810495684514,1.2264662515861954e-05
-0.09250000000000003,1.1307216734745251,0.06164847165586314,-0.0033090589964009346,-0.0010862507758649437,1.1914911712441848e-05
-0.08750000000000002,1.1307352598552067,0.063252651032015,-0.0033914462165163866,-0.0011143894107906295,1.1563633895866695e-05
-0.08250000000000002,1.1307363157185677,0.06485684377902494,-0.003473795708185545,-0.0011425161501131245,1.1211538770124207e-05
-0.07750000000000001,1.1307247864684447,0.0664608512251689,-0.0035560971068624462,-0.0011706268728383902,1.085908050578229e-05
-0.07250000000000001,1.1307006467734926,0.06806449994887374,-0.0036383404953218685,-0.0011987177860266743,1.0506568213300839e-05
-0.0675,1.1306638879347748,0.06966763001346574,-0.0037205161958039886,-0.0012267852707438347,1.0154233351228753e-05
-0.0625,1.1306145107385677,0.07127008833152657,-0.003802614657993465,-0.0012548257975054516,9.802268151902952e-06
-0.057499999999999996,1.1305525216668135,0.07287172517027458,-0.0038846264031868025,-0.0012828358830911553,9.450846082299073e-06
-0.05249999999999999,1.1304779310154196,0.07447239244229358,-0.003966541999227746,-0.0013108120702780281,9.100132002168278e-06
-0.04749999999999999,1.1303907520200325,0.07607194293938861,-0.004048352051174344,-0.0013387509193965833,8.750286843785458e-06
-0.04249999999999998,1.1302910004761644,0.0776702300294596,-0.004130047199467378,-0.001366649005561929,8.401469589193692e-06
-0.03749999999999998,1.1301786945844308,0.07926710756440286,-0.00421161812142637,-0.0013945029184356337,8.053838011519273e-06
-0.03249999999999997,1.1300538548906554,0.08086242987711056,-0.004293055534112258,-0.001422309263032191,7.707548893263541e-06
-0.02749999999999997,1.1299165042627792,0.08245605181319496,-0.004374350197704068,-0.0014500646609215786,7.362758040507934e-06
-0.022499999999999964,1.1297666678807492,0.08404782877511686,-0.004455492919046767,-0.0014777657515668435,7.019620224230673e-06
-0.01749999999999996,1.1296043732304193,0.0856376167703044,-0.0045364745552427905,-0.0015054091936998924,6.678289098233191e-06
-0.012499999999999956,1.1294296500983692,0.08722527246035282,-0.004617286017243157,-0.0015329916667022817,6.338917110816266e-06
-0.007499999999999951,1.129242530566671,0.0888106532103833,-0.004697918273423442,-0.0015605098719802982,6.001655415614899e-06
-0.0024999999999999467,1.1290430490073284,0.09039361713828856,-0.004778362353139388,-0.0015879605343308498,5.666653783190418e-06
0.0024999999999999467,1.1288312420763105,0.09197402316378454,-0.004858609350259735,-0.0016153404032967827,5.3340605138437055e-06
0.007500000000000062,1.128607148707166,0.09355173105723581,-0.0049386504266744,-0.0016426462545107584,5.0040223518166416e-06
0.012499999999999956,1.1283708101042091,0.09512660148823877,-0.005018476815776473,-0.0016698748910269853,4.676684400970051e-06
0.01750000000000007,1.1281222697352715,0.09669849607394393,-0.005098079825916438,-0.00169702314464012,4.352190042017109e-06
0.022499999999999964,1.1278615733240194,0.0982672774271025,-0.0051774508438270144,-0.0017240878771906459,4.030680851381958e-06
0.02750000000000008,1.1275887688418305,0.09983280920381979,-0.00525658133801708,-0.001751065981856057,3.7122965217605416e-06
0.03249999999999997,1.1273039064992332,0.10139495615099459,-0.005335462862133079,-0.0017779543844271245,3.3971747844732507e-06
0.03750000000000009,1.1270070387369227,0.10295358415340708,-0.005414087058286198,-0.0018047500445683695,3.0854513338021448e-06
0.04249999999999998,1.126698220216461,0.1045085602803389,-0.005492445660343321,-0.0018314499570610701,2.7772597539620936e-06
0.0475000000000001,1.1263775078110918,0.10605975283129655,-0.005570530497178198,-0.0018580511530239257,2.4727314512058276e-06
0.05249999999999999,1.12604496059834,0.1076070313792483,-0.005648333495873566,-0.0018845507010944306,2.171995600445955e-06
0.05750000000000011,1.1257006398602645,0.10915026680584844,-0.005725846684844661,-0.0019109457085126798,1.8751791390822267e-06
0.0625,1.1253446091103108,0.11068933131083232,-0.005803062196788701,-0.001937233321918634,1.5824069135494528e-06
0.0674999999999999,1.1249769342035452,0.11222409834224373,-0.005879972271165972,-0.0019634107272918024,1.2938022942882555e-06
0.07250000000000001,1.12459768368832,0.11375444229903954,-0.005956569255359376,-0.001989475147426115,1.0094891369155569e-06
0.0774999999999999,1.1242069298093977,0.11528023762091234,-0.006032845602195656,-0.0020154238327202405,7.295973629900647e-07
0.08250000000000002,1.1238047511559046,0.11680135633211945,-0.00610879385792717,-0.0020412540349298686,4.542776550071625e-07
0.08749999999999991,1.1233912392050114,0.1183176619244573,-0.006184406626558244,-0.002066962940106175,1.8373767605894493e-07
0.09250000000000003,1.1229665135365787,0.11982899509213094,-0.0062596764787578455,-0.002092547509562527,-8.167397054379176e-08
0.09749999999999992,1.1225307552075272,0.12133514240077058,-0.00633459573808928,-0.0021180041256735737,-3.4128424534371887e-07
0.10250000000000004,1.1220842759415408,0.12283577129519913,-0.006409156010314481,-0.0021433278473612437,-5.937169834941157e-07
0.10749999999999993,1.1216276538601266,0.12433030256125178,-0.0064833472033344565,-0.0021685109296234783,-8.36154184174004e-07
0.11250000000000004,1.1211619856463193,0.12581767333483432,-0.006557155590625357,-0.002193540034797866,-1.062973180330707e-06
0.11749999999999994,1.1206893303945717,0.12729591990054787,-0.006630560173012956,-0.002218391252885605,-1.2633685648711735e-06
0.12250000000000005,1.1202134497672402,0.12876148190942516,-0.006703526173101465,-0.0022430216708780896,-1.4174291967663732e-06
0.12749999999999995,1.1197409765709794,0.13020810381847125,-0.006775993957448498,-0.0022673558452085876,-1.49002782871621e-06
0.13250000000000006,1.1192831587211858,0.1316251954920461,-0.006847861071517809,-0.00229126525474925,-1.4218572672671538e-06
0.13749999999999996,1.118858311574549,0.1329955273795598,-0.006918954507117751,-0.002314538831379576,-1.1171017920919702e-06
0.14250000000000007,1.1184950475326974,0.13429219675888582,-0.006988990005959009,-0.0023368432368582217,-4.2767382702026757e-07
0.14749999999999996,1.1182362127668868,0.13547493413905803,-0.007057515443091221,-0.00235767298772895,8.6521344081464e-07
0.15250000000000008,1.11814322091411,0.13648604828490896,-0.0071238365420270774,-0.0023762931561304825,3.070027312957579e-06
0.15749999999999997,1.1183001108546555,0.13724665586797716,-0.0071869258542272794,-0.0023916814907674476,6.600443748658634e-06
0.1625000000000001,1.1188161655626054,0.13765431202789796,-0.007245320649581442,-0.002402482545058052,1.198099990110884e-05
0.16749999999999998,1.1198253544533072,0.13758370831504277,-0.007297022617556602,-0.0024069934554517606,1.9833780948875915e-05
0.1725000000000001,1.1214803511202112,0.1368925864976061,-0.0073394222287648594,-0.002403208047846246,3.0834891433362887e-05
0.1775,1.1239387644069843,0.13543510025700586,-0.007369282399556123,-0.00238894974943336,4.5629449430808283e-05
0.1825000000000001,1.1273400585994573,0.13308399591038284,-0.007382826687760523,-0.0023621185708182875,6.469875105715489e-05
0.1875,1.131774056981143,0.12976057617806908,-0.007375979960180356,-0.002321055727244451,8.818638847044682e-05
0.1924999999999999,1.1372461058919157,0.1254673300228614,-0.007344793811611212,-0.002264986609705483,0.00011571280548111247
0.1975,1.1436488237369202,0.12031352847907385,-0.007286044569893659,-0.002194445564704695,0.00014623487062154244
0.2024999999999999,1.1507530162106743,0.11452186217416277,-0.007197918615142228,-0.0021115399873409746,0.00017802338338108407
0.20750000000000002,1.1582273205955043,0.10840762019965106,-0.007080621466641542,-0.0020199151934941328,0.00020881635432057273
0.2124999999999999,1.1656863965768736,0.10233162129414002,-0.00693671078810258,-0.0019243597840980493,0.00023614972135410506
0.21750000000000003,1.1727550394632593,0.09663977175597689,-0.0067710029400443895,-0.001830122017307652,0.0002577891169015357
0.22249999999999992,1.1791280092350853,0.09160847000716855,-0.006590036029191784,-0.0017421235754886207,0.0002721312609976553
0.22750000000000004,1.1846078083250513,0.0874117901140602,-0.006401226958336443,-0.0016642910246441212,0.0002784497731732579
0.23249999999999993,1.1891132419405057,0.08411596951329159,-0.006211952658768606,-0.0015991628844151322,0.00027692578445201487
0.23750000000000004,1.1926632894313558,0.08169607213753659,-0.006028775341751051,-0.0015478162284806925,0.0002684877987552754
0.24249999999999994,1.1953474225086376,0.08006418730152015,-0.0058569428621261166,-0.0015100542257110807,0.0002545421307318185
0.24750000000000005,1.197293657182789,0.07909890933394366,-0.005700187698219011,-0.0014847436103975994,0.00023668589632242266
0.25249999999999995,1.1986418370568732,0.07866955229990952,-0.005560769983471304,-0.001470190649821521,0.00021646982011848197
0.25750000000000006,1.1995251731513359,0.07865263691026145,-0.005439677291128162,-0.001464475309822996,0.00019524131613056958
0.26249999999999996,1.2000598403097094,0.07894102138746456,-0.0053368969655152795,-0.0014657026922563177,0.000174067718409024
0.26750000000000007,1.2003408530634982,0.07944737851877706,-0.005251697892397082,-0.0014721632838479483,0.00015372235103819286
0.27249999999999996,1.200442091497402,0.08010397475654395,-0.005182883258471571,-0.0014824136487187171,0.00013471103120636643
0.2775000000000001,1.20041863819501,0.08086041291198438,-0.005128996373426646,-0.001495297870290717,0.00011731895227895036
0.2825,1.2003100912913145,0.0816805340970698,-0.005088475686474011,-0.0015099308656730817,0.00010166329193557456
0.2875000000000001,1.200144005916739,0.08253923367585123,-0.005059763261962314,-0.0015256613309150738,8.774250488122076e-05
0.2925,1.1999389985771833,0.08341960309196635,-0.005041374726914819,-0.0015420272491466784,7.547778007992066e-05
0.2975000000000001,1.1997073132550193,0.08431057332731405,-0.0050319396357539365,-0.0015587122194911489,6.474524511938646e-05
0.3025,1.199456812019801,0.08520508948535198,-0.00503022055077494,-0.0015755070888674083,5.5399345599950096e-05
0.3075000000000001,1.1991924424101208,0.08609876636110331,-0.0050351177641511525,-0.0015922786853739743,4.72887369730464e-05
0.3125,1.1989172728592223,0.08698894034923672,-0.00504566502007993,-0.0016089457620027988,4.0266320715655514e-05
0.3174999999999999,1.1986331953359088,0.0878740263898664,-0.00506102013025852,-0.0016254613449192936,3.419499396927546e-05
0.3225,1.1983413853649179,0.08875309716142836,-0.005080453149464388,-0.0016418003048279404,2.8950445183300803e-05
0.3274999999999999,1.198042593293922,0.08962561677273484,-0.0051033338287506825,-0.0016579509275855787,2.4422035790798488e-05
0.3325,1.1977373229992465,0.09049127745279378,-0.0051291193742085146,-0.001673909395252358,2.0512527053741294e-05
0.3374999999999999,1.1974259383307855,0.09134990232402022,-0.005157343066145876,-0.0016896762952260827,1.713717423262481e-05
0.3425,1.1971087247879477,0.09220138909240887,-0.005187603986672613,-0.001705254489013781,1.4222526989141284e-05
0.3474999999999999,1.1967859243672017,0.09304567824201543,-0.005219557916431648,-0.0017206478606268238,1.1705142589842173e-05
0.35250000000000004,1.196457754825973,0.09388273545296336,-0.005252909355304801,-0.0017358606151170364,9.53032840575035e-06
0.35749999999999993,1.1961244201528496,0.09471254203850973,-0.005287404568541645,-0.0017508969099092441,7.650972254616695e-06
0.36250000000000004,1.1957861162039434,0.09553508978444691,-0.0053228255386882865,-0.0017657606806466795,6.026483995060887e-06
0.36749999999999994,1.1954430337409552,0.09635037814977067,-0.0053589847015476895,-0.0017804555764885743,4.6218519474278304e-06
0.37250000000000005,1.195095360095573,0.09715841271084408,-0.0053957203527525205,-0.0017949849542039068,3.4068076397344826e-06
0.37749999999999995,1.1947432801129902,0.09795920425337222,-0.005432892625226509,-0.0018093519018390247,2.355088217416653e-06
0.38250000000000006,1.1943869767144586,0.09875276820208678,-0.005470379953688704,-0.001823559275633687,1.44378507219742e-06
0.38749999999999996,1.1940266312527745,0.09953912422954748,-0.005508075958343853,-0.0018376097413637833,6.527682037335628e-07
0.39250000000000007,1.193662423748923,0.10031829596365059,-0.005545886694480397,-0.0018515058155140738,-3.5822515747500306e-08
0.39749999999999996,1.1932945330548874,0.10109031075282358,-0.005583728226649694,-0.0018652499039940687,-6.380263178603005e-07
0.4025000000000001,1.1929231369661564,0.10185519946737273,-0.005621524494481442,-0.0018788443373507213,-1.1684566080779224e-06
0.4075,1.1925484122968388,0.10261299632497742,-0.00565920544141566,-0.0018922914021093451,-1.6406473268811232e-06
0.4125000000000001,1.1921705349249312,0.10336373873298979,-0.005696705377600123,-0.001905593368278663,-2.0673558691300007e-06
0.4175,1.191789679812454,0.10410746714251477,-0.0057339615443799275,-0.001918752513341062,-2.4608285709228177e-06
0.4225000000000001,1.1914060210035713,0.10484422491043993,-0.005770912841208276,-0.0019317711432856335,-2.8330360160145055e-06
0.4275,1.1910197316027678,0.10557405816622968,-0.005807498667858442,-0.0019446516114505832,-3.1958869003135293e-06
0.4325000000000001,1.1906309837344269,0.10629701568064658,-0.005843657827097894,-0.0019573963361181157,-3.56143063224132e-06
0.4375,1.1902399484845037,0.1070131487337399,-0.005879327426927603,-0.0019700078179334933,-3.942059974285934e-06
0.4424999999999999,1.1898467958243968,0.1077225109794817,-0.005914441718075434,-0.0019824886582860885,-4.3507256646145085e-06
0.4475,1.1894516945164517,0.10842515830435212,-0.005948930801988409,-0.0019948415797865432,-4.801175036750722e-06
0.4524999999999999,1.1890548119997668,0.10912114867695773,-0.005982719146691394,-0.0020070694499016222,-5.308226254995618e-06
0.4575,1.1886563142540045,0.10981054198534514,-0.006015723851520971,-0.0020191753086727577,-5.888089097672368e-06
0.4624999999999999,1.1882563656375815,0.11049339985790296,-0.006047852605423812,-0.002031162401245367,-6.558742522549035e-06
0.4675,1.1878551286945953,0.11116978546226877,-0.006079001285603219,-0.0020430342156501084,-7.340378835861355e-06
0.4724999999999999,1.1874527639213215,0.11183976327374431,-0.006109051142322379,-0.0020547945258281505,-8.255924422229779e-06
0.47750000000000004,1.1870494294763225,0.1125033987986706,-0.00613786551050222,-0.0020664474391050114,-9.331647859813152e-06
0.48249999999999993,1.1866452808041257,0.11316075822542838,-0.00616528597872581,-0.002077997445840546,-1.059786790808738e-05
0.48750000000000004,1.1862404701125802,0.11381190794843297,-0.0061911279311722845,-0.00208944946616184,-1.2089776231594796e-05
0.49249999999999994,1.1858351455807763,0.11445691385263497,-0.006215175357988452,-0.0021008088833571565,-1.3848392539294032e-05
0.49750000000000005,1.1854294500426759,0.11509584012545651,-0.006237174805003828,-0.0021120815436766606,-1.592167252975424e-05
0.5025,1.1850235186238018,0.11572874711775674,-0.00625682830493274,-0.002123273684645384,-1.8365790647553895e-05
0.5075000000000001,1.1846174742795936,0.1163556872904573,-0.006273785099828992,-0.0021343917232857154,-2.1246618431437936e-05
0.5125,1.1842114191735718,0.11697669735521467,-0.0062876319294951286,-0.002145441783869348,-2.464141215996735e-05
0.5175000000000001,1.183805417969256,0.117591783001905,-0.006297881624809168,-0.002156428760461145,-2.86407055432621e-05
0.5225,1.1833994657982265,0.11820088955206176,-0.006303959712953679,-0.0021673545771792382,-3.3350366319694865e-05
0.5275000000000001,1.1829934280182623,0.11880384665888273,-0.006305188722515557,-0.002178215110195162,-3.889370761227654e-05
0.5325,1.1825869296557279,0.11940026664262184,-0.006300769888074098,-0.002188994951224404,-4.5413428572029137e-05
0.5375000000000001,1.1821791580888354,0.1199893627682396,-0.006289762027957562,-0.0021996588104085113,-5.307297193163399e-05
0.5425,1.181768521422279,0.12056963421064154,-0.006271057558601621,-0.0022101378841971444,-6.205660327222707e-05
0.5475000000000001,1.1813520758854343,0.1211383374615021,-0.006243355998112884,-0.0022203089981382203,-7.256711517192778e-05
0.5525,1.1809245985886412,0.12169062961786516,-0.006205136022965332,-0.0022299638918152546,-8.481952972360018e-05
0.5575000000000001,1.1804771401801981,0.122218230135833,-0.006154628341451054,-0.0022387658667038035,-9.90285391649284e-05
0.5625,1.1799948537080975,0.12270741175457335,-0.006089793539259811,-0.0022461915370833732,-0.00011538677473952566
0.5674999999999999,1.1794538780814496,0.12313611350687272,-0.00600831185145568,-0.002251457154110199,-0.00013403052636275608
0.5725,1.1788170863399343,0.12346999550117328,-0.005907595687262547,-0.0022534326233414094,-0.00015498961936318906
0.5774999999999999,1.1780286377821623,0.12365736908908924,-0.0057848406796201885,-0.002250552678570565,-0.00017811939972817872
0.5825,1.177007569632119,0.12362320095288065,-0.005637136672661089,-0.002240744259373703,-0.0002030160813645594
0.5874999999999999,1.1756412236319604,0.12326289217471094,-0.005461665269792274,-0.0022214016941507725,-0.00022892317004501522
0.5925,1.1737802273386861,0.12243736829407222,-0.005256012850730838,-0.0021894546832721506,-0.00025464719721742413
0.5974999999999999,1.1712380750182363,0.12097222609234,-0.005018622595406571,-0.002141582897942957,-0.00027851519637083085
0.6025,1.167799869127568,0.11866510084901344,-0.004749388276881656,-0.0020746253974293365,-0.0002984206052462847
0.6074999999999999,1.1632457152474607,0.11530638171715457,-0.004450346352520201,-0.0019861995301230714,-0.0003120093140771805
0.6125,1.1573929580780984,0.11071744845949899,-0.004126344187376779,-0.0018754712210760196,-0.00031703817561241866
0.6174999999999999,1.15015565020701,0.10480563251251768,-0.0037854609459048354,-0.0017439107202123537,-0.0003118799212762999
0.6225,1.141608356353085,0.0976249357095758,-0.0034388806629498114,-0.0015957619919487953,-0.0002960547944881545
0.6275,1.1320284041996278,0.08941912030518583,-0.0030999538911131263,-0.0014379253182018633,-0.0002705829141184142
0.6325000000000001,1.121886490263988,0.08061841840454188,-0.00278241939583155,-0.0012790826362044107,-0.00023794958226109965
0.6375,1.1117712446048649,0.07177379010697672,-0.002498158419975354,-0.0011281922910540147,-0.0002016127037234991
0.6425000000000001,1.1022666208239071,0.0634431870172576,-0.002255198108446969,-0.0009928104272388942,-0.000165207745298256
0.6475,1.0938298139887126,0.05607343011090603,-0.002056677697303332,-0.0008778315897718948,-0.00013176740524393119
0.6525000000000001,1.0867176048349858,0.04992482871115603,-0.001901071889002414,-0.0007850499237402194,-0.00010324332157556686
0.6575,1.0809801398550116,0.04505996656199853,-0.0017834061702973376,-0.0007135448094438136,-8.042793437623968e-05
0.6625000000000001,1.0765072177388346,0.04138477432995903,-0.001696871608039955,-0.0006605665404906022,-6.318026383492406e-05
0.6675,1.0730959060014795,0.038712421760098856,-0.0016342850387739787,-0.0006225145324831424,-5.0777946018316355e-05
0.6725000000000001,1.0705126252953536,0.03682340253641563,-0.0015890966246280805,-0.0005957229084014811,-4.224872692071732e-05
0.6775,1.0685363917970285,0.035508040550988905,-0.0015559047565081607,-0.0005769487737674672,-3.660932636899117e-05
0.6825000000000001,1.0669817461510218,0.03458941422987272,-0.0015305864811624517,-0.0005635889077466791,-3.3001494550816746e-05
0.6875,1.0657060021018587,0.033930954136265026,-0.001510191485717933,-0.0005537058508011979,-3.074652451244811e-05
0.6924999999999999,1.0646068368505834,0.033434511383491954,-0.0014927262724725434,-0.0005459472519917962,-2.9347248268483044e-05
0.6975,1.0636152583316218,0.033033807845129215,-0.0014769143111227506,-0.000539422409641645,-2.84625543637485e-05
0.7024999999999999,1.0626873408811703,0.03268659474741342,-0.0014619799582218334,-0.0005335761596937914,-2.787199813068877e-05
0.7075,1.0617966380947987,0.0323673997963327,-0.0014474762387829388,-0.0005280807452828139,-2.7441024812488487e-05
0.7124999999999999,1.060928105502485,0.03206168975881009,-0.0014331593800890542,-0.0005227529295153533,-2.7091950791758637e-05
0.7175,1.06007369043982,0.031761613851304285,-0.0014189040069845452,-0.0005174957350074341,-2.678227023654744e-05
0.7224999999999999,1.0592293876308305,0.03146314108704432,-0.0014046495404590284,-0.0005122604302995877,-2.6489799614670575e-05
0.7275,1.0583934200142715,0.031164267618003328,-0.0013903683343585963,-0.0005070233334288943,-2.6203253441715232e-05
0.7324999999999999,1.057565198824294,0.03086396401783923,-0.0013760477265988423,-0.0005017724827812982,-2.59166668395422e-05
0.7375,1.056744776754657,0.030561591222790105,-0.001361680316892056,-0.0004965003554237177,-2.5626301518229602e-05
0.7424999999999999,1.055932586533771,0.030256591913427205,-0.0013472587541751273,-0.0004912000318575465,-2.532903795212537e-05
0.7475,1.055129328241797,0.029948335394680402,-0.0013327728450659062,-0.00048586322636635096,-2.502161274666064e-05
0.7525,1.0543359220669388,0.02963604764103512,-0.001318207842810822,-0.00048047933183824446,-2.4700335257162788e-05
0.7575000000000001,1.0535534787971041,0.029318792854502885,-0.0013035434244905366,-0.00047503508536240585,-2.4361096436474047e-05
0.7625,1.0527832625495455,0.028995491972335478,-0.0012887532232328505,-0.0004695147077946608,-2.399957966844418e-05
0.7675000000000001,1.052026634121224,0.028664971649041936,-0.0012738049477704328,-0.0004639004727628449,-2.3611621729296713e-05
0.7725,1.0512849727174307,0.02832603852422128,-0.0012586611624090596,-0.0004581736725351031,-2.319367535062824e-05
0.7775000000000001,1.0505595807470953,0.02797757140823103,-0.0012432807622265337,-0.00045231591088563743,-2.274331244045591e-05
0.7825,1.049851581464088,0.027618620880164806,-0.0012276210942926955,-0.00044631059786892066,-2.225969351371871e-05
0.7875000000000001,1.049161822256382,0.027248503502005153,-0.0012116405741448406,-0.000440144472658698,-2.17439243697078e-05
0.7925,1.0484907969153385,0.02686687754471741,-0.001195301553913683,-0.00043380895626352983,-2.119923088379934e-05
0.7975000000000001,1.0478385981145921,0.02647378923095876,-0.001178573137194002,-0.00042730114615160486,-2.0630907423727837e-05
0.8025,1.0472049069763951,0.026069682760401957,-0.001161433621775186,-0.00042062431058793686,-2.004602981806899e-05
0.8075000000000001,1.0465890209074145,0.02565537295095727,-0.0011438722900419171,-0.0004137878137048544,-1.9452962714272253e-05
0.8125,1.045989915063312,0.025231985023033247,-0.0011258903518526653,-0.0004068064880401997,-1.886072509831139e-05
0.8174999999999999,1.0454063280646209,0.02480087068986573,-0.001107500959553338,-0.000399699551717506,-1.827829940484404e-05
0.8225,1.0448368598301625,0.024363512417877948,-0.0010887283371982517,-0.0003924892267087733,-1.771397483621398e-05
0.8274999999999999,1.0442800689888618,0.02392142812229418,-0.0010696061734828458,-0.0003851992426085773,-1.7174804121925854e-05
0.8325,1.0437345590798754,0.023476086855154926,-0.0010501755027816214,-0.0003778534047848931,-1.6666228701595496e-05
0.8374999999999999,1.04319904601004,0.02302884285523253,-0.0010304823319273394,-0.0003704743719240151,-1.6191896434400815e-05
0.8425,1.042672403138238,0.02258089151209629,-0.0010105752622468012,-0.0003630827363928779,-1.5753665321499133e-05
0.8474999999999999,1.0421536840528398,0.02213324717780053,-0.0009905033150421196,-0.0003556964439983398,-1.535176215760872e-05
0.8525,1.0416421259726452,0.021686739954959622,-0.0009703141070570843,-0.00034833053883841767,-1.4985049982787858e-05
0.8574999999999999,1.0411371384198296,0.021242026907204073,-0.0009500524544544469,-0.0003409971816536896,-1.4651353490387971e-05
0.8625,1.040638282380298,0.020799612582484733,-0.0009297594213820417,-0.0003337058695707393,-1.4347795684549187e-05
0.8674999999999999,1.04014524480582,0.020359874093084443,-0.0009094717803248067,-0.0003264637804993565,-1.407110918285331e-05
0.8725,1.0396578123610123,0.019923086927988623,-0.0008892218196627204,-0.00031927617303415597,-1.3817898328073745e-05
0.8775,1.0391758471215151,0.019489448845757096,-0.0008690374188381286,-0.0003121467876400986,-1.358484082309205e-05
0.8825000000000001,1.0386992657646683,0.01905910033770791,-0.000848942310291934,-0.0003050782124587856,-1.3368827952230074e-05
0.8875,1.0382280228359315,0.01863214109029658,-0.000828956455619925,-0.0002980721936188011,-1.316704964703857e-05
0.8925000000000001,1.0377620979973718,0.018208642539195796,-0.0008090964769291113,-0.0002911298832638056,-1.2977034623527027e-05
0.8975,1.0373014867650534,0.017788656999331465,-0.0007893760995640722,-0.0002842520277777,-1.2796657078645286e-05
0.9025000000000001,1.036846194069473,0.01737222402451529,-0.0007698065767369481,-0.0002774391040533825,-1.262412077688452e-05
0.9075,1.0363962299586467,0.016959374664589,-0.0007503970787585345,-0.0002706914138768901,-1.2457929588124385e-05
0.9125000000000001,1.0359516068409793,0.016550134211946496,-0.0007311550391058445,-0.00026400914654950625,-1.2296851309927628e-05
0.9175,1.0355123377823396,0.016144523914200185,-0.0007120864567698701,-0.0002573924186581048,-1.2139879348880065e-05
0.9225000000000001,1.0350784354937885,0.015742562009991933,-0.0006931961600663668,-0.0002508412981401728,-1.1986194728816671e-05
0.9275,1.0346499117537602,0.015344264339579293,-0.0006744880428023734,-0.0002443558179417874,-1.1835128875746401e-05
0.9325000000000001,1.0342267770934308,0.014949644698472406,-0.0006559652917185996,-0.00023793598287346097,-1.168612535970964e-05
0.9375,1.0338090406362084,0.014558715041417215,-0.0006376306386012818,-0.00023158177178009433,-1.1538695509558697e-05
0.9424999999999999,1.0333967100252381,0.014171485602047016,-0.0006194866991919292,-0.00022529313574946782,-1.1392357092338413e-05
0.9475,1.0329897914011992,0.013787964966106162,-0.000601536519456855,-0.00021906999153498217,-1.1246534174863744e-05
0.9524999999999999,1.0325882894104588,0.0134081601196782,-0.0005837845689955536,-0.0002129122072931049,-1.1100374082120547e-05
0.9575,1.0321922072340863,0.013032076486016276,-0.0005662386644202644,-0.0002068195749774097,-1.0952392357647765e-05
0.9624999999999999,1.0318015466369883,0.012659717964617175,-0.0005489138006079037,-0.000200791762521435,-1.0799765139912457e-05
0.9675,1.031416308066962,0.012291087008640848,-0.0005318398754327999,-0.0001948282556163135,-1.0636902728091837e-05
0.9724999999999999,1.0310364910632275,0.0119261849890399,-0.000515077343562586,-0.00018892842167936392,-1.0452565858092683e-05
0.9775,1.03066209730039,0.011565015106802412,-0.0004987490030324092,-0.0001830924905457008,-1.0224077830137806e-05
0.9824999999999999,1.0302931580434518,0.01120760925329146,-0.00048310458663777264,-0.00017732746484369657,-9.90614903055645e-06
0.9875,1.0299299926436918,0.010854282431978772,-0.0004686519283545833,-0.0001716766241224073,-9.412827988080472e-06
0.9924999999999999,1.0295756648628294,0.010508054185326727,-0.0004564212717950689,-0.0001663521983178463,-8.614551645507307e-06
0.9975,1.0292593709437123,0.010197715553145796,-0.00044846885094419514,-0.0001622523498245177,-7.538312021843703e-06
