-0.9975,1.0586918068412443,-0.01829562597241837,4.513855987257601e-05,6.885403820272805e-05,7.093542594272584e-05
-0.9925,1.0592360495891933,-0.018824477312162774,4.7343049810760385e-05,7.207739294842408e-05,7.388152079653195e-05
-0.9875,1.059783744960508,-0.019356524064728136,4.9524948431359215e-05,7.52779288385335e-05,7.683097196892242e-05
-0.9825,1.0603348221491962,-0.019891694981487296,5.168337168780271e-05,7.845411774029595e-05,7.978210974863543e-05
-0.9775,1.0608892082329309,-0.020429916820796628,5.3817423578424475e-05,8.160440888743881e-05,8.273319800248466e-05
-0.9725,1.0614468281786122,-0.020971114356907877,5.592619719305985e-05,8.472723038075758e-05,8.568243338546166e-05
-0.9675,1.0620076048494678,-0.021515210390204088,5.800877484859442e-05,8.782098958402078e-05,8.862794408464201e-05
-0.9625,1.0625714590135549,-0.022062125758919006,6.0064227857964416e-05,9.088407304424149e-05,9.156778833898915e-05
-0.9575,1.0631383093536624,-0.0226117793523652,6.209161655664614e-05,9.391484671070712e-05,9.449995307824689e-05
-0.9525,1.0637080724786783,-0.023164088125627317,6.40899905126863e-05,9.691165637604624e-05,9.742235266031739e-05
-0.9475,1.064280662936461,-0.02371896711570325,6.605838876123505e-05,9.987282814872261e-05,0.00010033282762990863
-0.9425,1.0648559932282244,-0.02427632945909286,6.79958400608324e-05,0.00010279666895466874,0.00010322914349963005
-0.9375,1.0654339738244534,-0.024836086410837063,6.990136316481206e-05,0.00010568146706009675,0.00010610898955031758
-0.9325,1.0660145131823542,-0.025398147365003114,7.177396709496216e-05,0.00010852549259931081,0.00010896997764360096
-0.9275,1.0665975177648763,-0.02596241987659268,7.361265141940328e-05,0.00011132699810969736,0.00011180964104854431
-0.9225,1.0671828920614022,-0.026528809684777634,7.541640653884505e-05,0.00011408421907893822,0.0001146254332857066
-0.9175,1.0677705386104877,-0.027097220737092833,7.71842139826651e-05,0.00011679537450604963,0.00011741472699011868
-0.9125,1.0683603580260086,-0.027667555213270946,7.89150467138871e-05,0.00011945866747463998,0.00012017481279286493
-0.9075,1.0689522490311572,-0.028239713544416473,8.06078694422487e-05,0.00012207228573630734,0.00012290289822079517
-0.9025,1.0695461085137012,-0.028813594414551655,8.226163894698251e-05,0.00012463440230347814,0.00012559610661543575
-0.8975,1.070141831639826,-0.029389094708492578,8.387530441662066e-05,0.00012714317605364467,0.00012825147607641978
-0.8925,1.0707393121222233,-0.029966109313707117,8.54478078268843e-05,0.00012959675235313367,0.0001308659584461964
-0.8875,1.0713384428685107,-0.0305445305580646,8.697808441042332e-05,0.00013199326372454837,0.00013343641838218178
-0.8825000000000001,1.0719391175016655,-0.03112424680939761,8.846506334421625e-05,0.00013433083062113022,0.00013595963263200164
-0.8775,1.0725412337342506,-0.031705139290815344,8.990766892531444e-05,0.00013660756245816768,0.00013843228977761883
-0.8725,1.0731447003876586,-0.03228707538676415,9.130482277077785e-05,0.00013882155922827964,0.00014085099101166767
-0.8674999999999999,1.0737494510186683,-0.03286989558914192,9.265544801636833e-05,0.00014097091435631226,0.00014321225304903193
-0.8625,1.0743554685309415,-0.03345338987459623,9.395847713571004e-05,0.00014305372000728136,0.0001455125151674941
-0.8575,1.0749628263942281,-0.03403725811395157,9.521286582846144e-05,0.00014506807691203302,0.00014774815369188448
-0.8525,1.0755717523560808,-0.0346210488758396,9.641761628010066e-05,0.00014701211191868135,0.00014991550895144566
-0.8475,1.076182718653252,-0.03520407281110462,9.757181365070884e-05,0.00014888400776507795,0.00015201093158611877
-0.8425,1.0767965575526504,-0.0357852918042712,9.867467940882362e-05,0.0001506820506201594,0.00015403085645621602
-0.8375,1.0774145920789078,-0.036363193721878045,9.972564352923356e-05,0.00015240470111957895,0.0001559719123730311
-0.8325,1.078038760015771,-0.03693567390262697,0.00010072443423068093,0.00015405069311143316,0.00015783107328303758
-0.8275,1.0786716977654802,-0.037499955562911066,0.00010167117893381885,0.00015561916041342914,0.00015960585049550904
-0.8225,1.0793167442928986,-0.0380525873357676,0.00010256650430834547,0.00015710978536183175,0.00016129451594608306
-0.8175,1.0799778294126647,-0.038589552185820324,0.00010341161825640991,0.0001585229545589594,0.0001628963346160009
-0.8125,1.0806592282543368,-0.03910650493369068,0.00010420835446569234,0.00015985989892239444,0.00016441177292877743
-0.8075,1.0813651934536501,-0.03959912697042805,0.00010495916247375248,0.0001611227897285893,0.00016584264315962354
-0.8025,1.082099511443706,-0.040063553240259286,0.00010566703358561347,0.00016231476270309314,0.0001671921454042297
-0.7975,1.0828650580373147,-0.04049679894311695,0.00010633536434923846,0.0001634398500492454,0.00016846478044943967
-0.7925,1.0836634401002243,-0.040897102430921047,0.00010696777187624653,0.00016450281508663487,0.0001696661278088861
-0.7875,1.0844947981478246,-0.04126411252818487,0.00010756788556588012,0.00016550890276284137,0.00017080250865740383
-0.7825,1.0853578109725128,-0.04159888117453115,0.00010813914469399827,0.00016646353675733253,0.00017188057662687102
-0.7775,1.0862498978006958,-0.04190366627905701,0.00010868462944380469,0.000167372005127931,0.00017290689373011762
-0.7725,1.0871675701716494,-0.04218159129406914,0.0001092069450070535,0.00016823917813729093,0.00017388754996512345
-0.7675,1.088106857623016,-0.04243623485776093,0.00010970816690388758,0.00016906929373352916,0.00017482787341767053
-0.7625,1.089063725200007,-0.042671229412019944,0.0001101898439835713,0.00016986583088171475,0.00017573225687730055
-0.7575000000000001,1.0900344156792086,-0.042889933130754204,0.00011065304660987923,0.0001706314731777333,0.00017660410336708235
-0.7525,1.0910156776525513,-0.04309521215409976,0.00011109844296349404,0.00017136814969387703,0.00017744587280133872
-0.7475,1.0920048719370834,-0.04328933997114301,0.00011152638631905699,0.0001720771301626553,0.00017825919945736542
-0.7424999999999999,1.0929999741249623,-0.043473996498013055,0.0001119369994462524,0.00017275914854789068,0.0001790450463592772
-0.7375,1.0939995054033596,-0.04365033577060336,0.00011233024722473046,0.00017341453183786844,0.00017980386661525658
-0.7324999999999999,1.0950024265874376,-0.04381908859869317,0.00011270599351891814,0.0001740433172844079,0.0001805357502126799
-0.7275,1.0960080245816712,-0.04398067211414383,0.00011306404223009254,0.00017464534877825402,0.00018124054446966835
-0.7224999999999999,1.097015810591204,-0.04413528764556045,0.00011340416479328395,0.00017522034959668756,0.00018191794472632912
-0.7175,1.0980254392813873,-0.04428299793533919,0.00011372611731877508,0.00017576797330448273,0.00018256755760690175
-0.7125,1.0990366501561835,-0.04442378195884613,0.00011402965048515923,0.00017628783694403005,0.00018318894210486893
-0.7075,1.1000492274318976,-0.04455756962499786,0.00011431451461263795,0.00017677954121605877,0.00018378163438054703
-0.7025,1.1010629721069023,-0.044684259647679976,0.00011458046140817484,0.00017724268175421323,0.00018434516131610347
-0.6975,1.1020776786701005,-0.04480372259595468,0.00011482724283501826,0.0001776768543914227,0.0001848790462390836
-0.6925,1.1030931078801078,-0.044915788354590674,0.00011505460643169182,0.00017808165583824625,0.00018538280820494364
-0.6875,1.1041089457033384,-0.045020213728717506,0.00011526228514342525,0.00017845667953675503,0.00018585595392966108
-0.6825,1.1051247370475095,-0.045116622640463615,0.00011544997834150267,0.00017880150455378433,0.0001862979588279956
-0.6775,1.106139782558179,-0.0452044096647381,0.00011561731938264657,0.00017911567316689404,0.00018670823063872288
-0.6725,1.107152989506426,-0.04528259944354358,0.00011576382426397165,0.00017939865040206315,0.00018708604612026694
-0.6675,1.1081626760046295,-0.045349661854598884,0.00011588881639039432,0.00017964975672140918,0.0001874304491401563
-0.6625,1.1091663428534655,-0.04540329686018401,0.00011599132501628364,0.00017986806434427147,0.00018774009863083583
-0.6575,1.1101604481661167,-0.04544022256006339,0.00011606996009861764,0.00018005224970793517,0.000188013059158637
-0.6525000000000001,1.1111402416862757,-0.045456020423675726,0.00011612277388063577,0.00018020040066435533,0.00018824653671874647
-0.6475,1.1120997298799853,-0.045445104851712076,0.00011614712812162726,0.00018030978767880765,0.0001884365779143398
-0.6425000000000001,1.1130318395282548,-0.045400880754413994,0.00011613959294356265,0.00018037662241450974,0.00018857776963526876
-0.6375,1.113928819805601,-0.045316126319116495,0.00011609590567704838,0.00018039584143470893,0.00018866299379345733
-0.6325000000000001,1.114782871730228,-0.04518358968076463,0.0001160110133928057,0.00018036096244616203,0.00018868330093662337
-0.6275,1.1155869308970932,-0.04499672878051332,0.00011587921048217507,0.00018026406048023908,0.00018862796148741228
-0.6225,1.1163354743115463,-0.04475047199967379,0.00011569436488873788,0.0001800958985783838,0.00018848473113062468
-0.6174999999999999,1.117025195864385,-0.04444185286688723,0.00011545020794237225,0.0001798462227207403,0.0001882403301830499
-0.6125,1.1176554104870937,-0.04407038729034542,0.00011514064862984569,0.00017950419916081388,0.0001878810939482484
-0.6074999999999999,1.1182281027233354,-0.043638114667581766,0.0001147600678159954,0.00017905894236219135,0.0001873937136930322
-0.6025,1.11874761499686,-0.04314929932710457,0.00011430355288025278,0.00017850006198681895,0.00018676596685854242
-0.5974999999999999,1.119220049532478,-0.04260986276882198,0.00011376704666706915,0.00017781815357759045,0.0001859873365999311
-0.5925,1.1196525124486019,-0.04202666829491952,0.00011314740235624976,0.00017700517050222135,0.0001850494440168165
-0.5875,1.1200523456735818,-0.04140679544991458,0.00011244235287470746,0.00017605464015554655,0.00018394625439253855
-0.5825,1.1204264722138253,-0.04075692247315026,0.00011165041577813073,0.0001749617178729387,0.00018267406070491326
-0.5775,1.120780934478738,-0.04008289163348303,0.00011077076014204908,0.0001737230994800631,0.00018123128305762035
-0.5725,1.1211206509159055,-0.03938948093909506,0.00010980306114030435,0.00017233683189875275,0.0001796181443123429
-0.5675,1.1214493690710798,-0.03868036129337078,0.0001087473625094989,0.0001708020682257374,0.0001778362878085729
-0.5625,1.1217697634012571,-0.03795819014076374,0.00010760395953021735,0.00016911881021310684,0.00017588839499282376
-0.5575,1.1220836162524381,-0.037224783369954724,0.00010637330779676924,0.00016728767056549084,0.00017377784430225963
-0.5525,1.1223920266735437,-0.03648131321922171,0.00010505595739277041,0.0001653096742295762,0.0001715084337064034
-0.5475,1.1226956072590404,-0.03572849462827273,0.00010365250869263222,0.0001631861055824812,0.0001690841726864081
-0.5425,1.1229946469771153,-0.034966739276202474,0.00010216358467059731,0.00016091839937704914,0.0001665091377839847
-0.5375,1.1232892329375623,-0.03419627071017992,0.00010058981471601509,0.00015850806814890066,0.00016378737971144768
-0.5325,1.123579333984962,-0.03341720333947464,9.893182584631938e-05,0.0001559566570233566,0.0001609228684157069
-0.5275000000000001,1.1238648538464382,-0.032629592630343804,9.719023833286081e-05,0.00015326571738813352,0.00015791946381402038
-0.5225,1.124145662600421,-0.031833464803799415,9.53656637767102e-05,0.00015043679257656888,0.00015478090259071309
-0.5175000000000001,1.1244216140937,-0.031028833252394167,9.34587044511518e-05,0.00014747141066019816,0.00015151079431130482
-0.5125,1.1246925549781106,-0.030215707038371148,9.146995325212388e-05,0.00014437108116798457,0.00014811262253909115
-0.5075000000000001,1.1249583291186191,-0.029394095018942124,8.939999391651211e-05,0.0001411372938340827,0.00014458974841281038
-0.5025,1.1252187796242956,-0.02856400772580126,8.724940134526004e-05,0.00013777151832779694,0.000140945415300585
-0.49750000000000005,1.1254737497411842,-0.02772545816909018,8.501874195887352e-05,0.0001342752044305761,0.00013718275383047912
-0.49250000000000005,1.1257230832363598,-0.026878462160014483,8.27085740557016e-05,0.00013064978240547446,0.00013330478697020628
-0.48750000000000004,1.1259666245693187,-0.026023038431688333,8.031944816193488e-05,0.00012689666344608674,0.00012931443501480248
-0.48250000000000004,1.1262042189801431,-0.025159208680393164,7.785190736954361e-05,0.00012301724015778204,0.00012521452042714152
-0.47750000000000004,1.1264357125470574,-0.024286997576920537,7.530648766100473e-05,0.00011901288705241415,0.00012100777251301481
-0.47250000000000003,1.1266609522332696,-0.023406432766791795,7.268371822075073e-05,0.00011488496104937637,0.0001166968319273298
-0.4675,1.1268797859300959,-0.022517544865975844,6.998412173410874e-05,0.00011063480198095426,0.00011228425501391577
-0.4625,1.1270920624986496,-0.021620367454281746,6.720821467501569e-05,0.00010626373310209575,0.00010777251798367704
-0.4575,1.127297631810779,-0.020714937067097337,6.43565075831016e-05,0.00010177306160416677,0.00010316402093570368
-0.4525,1.1274963447894455,-0.019801293185673547,6.142950532818247e-05,9.716407912868565e-05,9.846109172370855e-05
-0.4475,1.127688053448577,-0.018879478226019188,5.842770735769792e-05,9.243806227345112e-05,9.366598966792704e-05
-0.4425,1.1278726109324073,-0.017949537526432087,5.535160792470411e-05,8.759627308663698e-05,8.878090911461086e-05
-0.4375,1.1280498715542915,-0.01701151933368663,5.22016963034397e-05,8.263995955832952e-05,8.380798285367797e-05
-0.4325,1.1282196908349904,-0.01606547478789554,4.8978457008891956e-05,7.757035613281029e-05,7.874928541303552e-05
-0.4275,1.1283819255404186,-0.015111457906062385,4.568237002882147e-05,7.238868425431267e-05,7.360683624087194e-05
-0.4225,1.1285364337188484,-0.014149525564344633,4.231391111353234e-05,6.709615301023477e-05,6.83826028102815e-05
-0.4175,1.128683074737564,-0.01317973747904523,3.887355232380725e-05,6.16939601499569e-05,6.307850376477779e-05
-0.4125,1.1288217093189603,-0.01220215618635203,3.5361763582498774e-05,5.618329447568557e-05,5.769641220905124e-05
-0.4075,1.1289521995760823,-0.01121684702084522,3.177902357380202e-05,5.0565350022252266e-05,5.2238159898202884e-05
-0.40249999999999997,1.1290744090475935,-0.010223878092795997,2.8125901014868444e-05,4.484142000847715e-05,4.670553935220596e-05
-0.39749999999999996,1.1291882027321662,-0.009223320264276165,2.440330614527516e-05,3.901309617426563e-05,4.110014721870528e-05
-0.39249999999999996,1.1292934471224285,-0.008215247123989846,2.061121016385796e-05,3.3080199888151904e-05,3.542191248851425e-05
-0.38749999999999996,1.1293900102383738,-0.007199734961084185,1.674916554678286e-05,2.704136482279533e-05,2.9669433265737157e-05
-0.38249999999999995,1.1294777616600649,-0.006176862737891422,1.281738634480884e-05,2.089596245014266e-05,2.3841429155764064e-05
-0.37749999999999995,1.1295565725597325,-0.005146712061430567,8.815953862372553e-06,1.4643203991305849e-05,1.7936479861207708e-05
-0.37250000000000005,1.1296263157333237,-0.0041093671538627915,4.744821216068789e-06,8.282100903000825e-06,1.1952979296407608e-05
-0.36750000000000005,1.1296868656314885,-0.0030649148218691983,6.03607784345175e-07,1.8111524430434078e-06,5.8888905103579935e-06
-0.36250000000000004,1.1297380983900331,-0.0020134444249690067,-3.608815978743236e-06,-4.77231334095737e-06,-2.58829785017524e-07
-0.35750000000000004,1.1297798918600084,-0.0009550478426692286,-7.89658635956767e-06,-1.1475593491559291e-05,-6.497260601527373e-06
-0.35250000000000004,1.1298121256378117,0.0001101805596521778,-1.2272900283923666e-05,-1.8320435307478226e-05,-1.2848243481078772e-05
-0.34750000000000003,1.1298346810900743,0.0011821439594465902,-1.668930320720841e-05,-2.52329256542903e-05,-1.9249112651371682e-05
-0.3425,1.1298474413813868,0.0022607431232633864,-2.116549027979787e-05,-3.224394590144822e-05,-2.572620445507713e-05
-0.3375,1.129850291506685,0.0033458764369362903,-2.5708058822831594e-05,-3.936468859645835e-05,-3.229040775513389e-05
-0.3325,1.1298431183164819,0.004437439943347231,-3.0316741550880077e-05,-4.659566615962151e-05,-3.8943313658218474e-05
-0.3275,1.1298258105425911,0.005535327381223431,-3.4991276818792414e-05,-5.393738863726899e-05,-4.5686559329566166e-05
-0.3225,1.1297982588238895,0.006639430224316332,-3.973141113222281e-05,-6.139038112745171e-05,-5.252184560663771e-05
-0.3175,1.1297603557316105,0.007749637721511623,-4.453689944698568e-05,-6.89551848881759e-05,-5.945094079704778e-05
-0.3125,1.1297119957944617,0.008865836938121877,-4.940750547804305e-05,-7.663235843409915e-05,-6.647568465153348e-05
-0.3075,1.1296530755245708,0.009987912799280919,-5.434300202497869e-05,-8.442247866992433e-05,-7.359799256291527e-05
-0.3025,1.1295834934474613,0.01111574813842957,-5.934317131575301e-05,-9.232614206198168e-05,-8.081986000304664e-05
-0.2975,1.1295031501455453,0.012249223759794014,-6.44078053696247e-05,-0.00010034396584640364,-8.814336720725182e-05
-0.2925,1.1294119483412668,0.01338821853943437,-6.953670637922755e-05,-0.0001084765892663198,-9.557068410939143e-05
-0.2875,1.1293097930868934,0.014532609627912701,-7.472968711050068e-05,-0.00011672467481627417,-0.00010310407551375456
-0.2825,1.129196592220757,0.015682272905008267,-7.998657131609928e-05,-0.00012508890943699075,-0.00011074590644704058
-0.27749999999999997,1.1290722574442509,0.016837084020102495,-8.530719415053037e-05,-0.0001335700055226519,-0.00011849864753362138
-0.27249999999999996,1.1289367067487264,0.017996920704937025,-9.069140255917349e-05,-0.0001421687014305119,-0.00012636488002290837
-0.26749999999999996,1.1287898695809164,0.019161667666850537,-9.613905558092884e-05,-0.0001508857608450822,-0.0001343472996748539
-0.26249999999999996,1.1286316971826524,0.020331226357624913,-0.000101650024442829,-0.0001597219697418269,-0.0001424487179426067
-0.25749999999999995,1.1284621820090561,0.021505533297927718,-0.00010722419221451288,-0.00016867812869842392,-0.00015067205761813406
-0.25249999999999995,1.1282813918662014,0.02268459227680443,-0.00011286145260233041,-0.00017775503682721105,-0.00015902033819363158
-0.24750000000000005,1.128089525928211,0.02386852718255426,-0.00011856170716153542,-0.00018695346168577393,-0.00016749664364308306
-0.24250000000000005,1.1278870001659536,0.02505766258102551,-0.00012432485975757588,-0.00019627408745037775,-0.00017610406244720792
-0.23750000000000004,1.1276745676202282,0.026252637191059858,-0.0001301508065049723,-0.00020571743207151418,-0.00018484558723959213
-0.23250000000000004,1.127453472997507,0.027454549807246553,-0.0001360394187056649,-0.00021528372414592362,-0.00019372396075051026
-0.22750000000000004,1.1272256305000976,0.02866512726856589,-0.00014199051565426716,-0.00022497273315771055,-0.00020274145746361215
-0.22250000000000003,1.1269937994102195,0.029886890498274997,-0.0001480038238719583,-0.00023478355369401747,-0.00021189959817013025
-0.21750000000000003,1.1267617168067015,0.03112328033663678,-0.0001540789198014884,-0.00024471435548386727,-0.0002211988080716306
-0.21250000000000002,1.126534136284982,0.03237869492244646,-0.0001602151547084205,-0.00025476212531053247,-0.00023063804706647715
-0.20750000000000002,1.126316722124167,0.03365839084075022,-0.00016641156379465456,-0.0002649224407387595,-0.0002402144597610757
-0.2025,1.1261157650049236,0.034968215890119766,-0.0001726667662204411,-0.00027518932440003663,-0.0002499231068630003
-0.1975,1.1259377186774797,0.036314172690148284,-0.00017897886807962302,-0.0002855552263957368,-0.00025975684258875087
-0.1925,1.1257886009597946,0.03770185386996123,-0.00018534538493074218,-0.00029601116824993503,-0.0002697063899786696
-0.1875,1.1256733451296423,0.039135829952640415,-0.00019176320243382772,-0.0003065470556399527,-0.0002797606372203904
-0.1825,1.1255952147109303,0.040619096608835406,-0.00019822859142157773,-0.0003171521342363615,-0.0002899071384154435
-0.1775,1.1255553945230308,0.0421526879485292,-0.0002047372867988205,-0.00032781553209195553,-0.000300132761482509
-0.1725,1.1255528406076476,0.04373553401369282,-0.00021128462898868747,-0.000338526812259146,-0.00031042439545294107
-0.16749999999999998,1.125584418513736,0.04536459044835721,-0.00021786575465949663,-0.00034927645683435093,-0.0003207696181604786
-0.16249999999999998,1.1256452986418257,0.04703521087172586,-0.00022447581336013868,-0.0003600562192033571,-0.00033115723633659477
-0.15749999999999997,1.1257295264871507,0.048741684400169676,-0.0002311101813138795,-0.00037085931004726225,-0.0003415776396313732
-0.15249999999999997,1.1258306581740543,0.050477834836548836,-0.00023776464446936973,-0.00038168041613693694,-0.0003520229490937019
-0.14749999999999996,1.125942352740085,0.05223757908117094,-0.0002444355296277599,-0.00039251558005928247,-0.0003624869783623631
-0.14249999999999996,1.1260588381667478,0.05401536646977699,-0.00025111977304053806,-0.00040336198722827323,-0.0003729650532993104
-0.13749999999999996,1.1261752076170233,0.05580645801559006,-0.00025781492739047424,-0.00041421771144678395,-0.00038345374843431085
-0.13249999999999995,1.1262875431168322,0.05760704300450664,-0.0002645191177035406,-0.00042508146363337405,-0.0003939505966969308
-0.12749999999999995,1.126392895638282,0.05941422028670565,-0.000271230962587883,-0.00043595237456075766,-0.0004044538165578225
-0.12250000000000005,1.1264891677394335,0.06122588778872729,-0.00027794947867802895,-0.00044682982675853104,-0.00041496208361336634
-0.11750000000000005,1.1265749474739553,0.06304058615160742,-0.00028467398393930416,-0.00045771333731654286,-0.00042547435711252695
-0.11250000000000004,1.1266493340444268,0.06485733461656586,-0.0002914040110000121,-0.00046860248447176184,-0.00043598975941176526
-0.10750000000000004,1.1267117821396302,0.06667548452113291,-0.00029813923654898304,-0.0004794968668903113,-0.00044650749911284986
-0.10250000000000004,1.1267619780968894,0.06849460276990553,-0.0003048794283623678,-0.0004903960844153564,-0.0004570268261619925
-0.09750000000000003,1.1267997502231113,0.07031438746903895,-0.00031162440842001773,-0.000501299731133842,-0.00046754700797592603
-0.09250000000000003,1.1268250090026055,0.07213461169734138,-0.00031837402896749915,-0.0005122073944403623,-0.00047806731806068883
-0.08750000000000002,1.1268377101508398,0.07395508878297699,-0.000325128157996373,-0.0005231186563547618,-0.0004885870313140074
-0.08250000000000002,1.126837833373784,0.07577565236314311,-0.00033188667100195066,-0.0005340330952349451,-0.0004991054225106542
-0.07750000000000001,1.126825370980399,0.07759614571759876,-0.00033864944660284466,-0.0005449502871748366,-0.0005096217661006336
-0.07250000000000001,1.1268003221826375,0.07941641645520525,-0.00034541636436288,-0.0005558698069548422,-0.0005201353364443508
-0.0675,1.1267626904303885,0.08123631405697766,-0.00035218730378026105,-0.0005667912286331198,-0.0005306454081367204
-0.0625,1.1267124822475276,0.08305568883212913,-0.00035896214385245365,-0.0005777141259072538,-0.0005411512563135488
-0.057499999999999996,1.126649706756991,0.08487439152286937,-0.00036574076290543883,-0.0005886380723492714,-0.0005516521569247325
-0.05249999999999999,1.126574375499373,0.08669227318575984,-0.0003725230385360006,-0.0005995626415784659,-0.0005621473869837346
-0.04749999999999999,1.1264865023674258,0.08850918518246176,-0.00037930884759901416,-0.0006104874074066203,-0.0005726362248042168
-0.04249999999999998,1.1263861035828144,0.09032497921056389,-0.00038609806621144776,-0.0006214119439720829,-0.0005831179502307866
-0.03749999999999998,1.1262731976869478,0.09213950734795637,-0.00039289056976221366,-0.0006323358258697022,-0.0005935918448673318
-0.03249999999999997,1.126147805535936,0.09395262210137618,-0.00039968623292402437,-0.000643258628279341,-0.0006040571923044351
-0.02749999999999997,1.1260099502964402,0.09576417645606801,-0.00040648492966601093,-0.0006541799270939018,-0.0006145132783464011
-0.022499999999999964,1.1258596574414503,0.0975740239256386,-0.00041328653326674236,-0.0006650992990471559,-0.0006249593912380386
-0.01749999999999996,1.1256969547457218,0.09938201860184277,-0.00042009091632756534,-0.0006760163218414483,-0.0006353948218912384
-0.012499999999999956,1.1255218722808074,0.10118801520422324,-0.00042689795078626203,-0.000686930574275292,-0.0006458188641112948
-0.007499999999999951,1.1253344424096636,0.10299186912957721,-0.00043370750793103705,-0.0006978416363708303,-0.0006562308148229477
-0.0024999999999999467,1.125134699780828,0.10479343650123077,-0.00044051945841486087,-0.0007087490895011538,-0.0006666299742960893
0.0024999999999999467,1.124922681322163,0.10659257421810642,-0.0004473336722701829,-0.0007196525165174616,-0.0006770156463710966
0.007500000000000062,1.1246984262341624,0.10838914000356856,-0.0004541500189240501,-0.0007305515018760408,-0.0006873871386837365
0.012499999999999956,1.1244619759828198,0.11018299245403101,-0.00046096836721363403,-0.00074144563176504,-0.0006977437628895935
0.01750000000000007,1.1242133742920541,0.11197399108731147,-0.00046778858540220307,-0.0007523344942310259,-0.0007080848348879672
0.022499999999999964,1.1239526671356868,0.11376199639071757,-0.0004746105411955542,-0.0007632176793053015,-0.0007184096750451896
0.02750000000000008,1.1236799027289721,0.11554686986884971,-0.00048143410175892386,-0.0007740947791299566,-0.0007287176084173082
0.03249999999999997,1.1233951315196713,0.11732847409110217,-0.0004882591337344028,-0.0007849653880836252,-0.0007390079649720635
0.03750000000000009,1.1230984061786704,0.11910667273884973,-0.0004950855032588708,-0.000795829102906944,-0.0007492800798101269
0.04249999999999998,1.122789781590136,0.12088133065230197,-0.0005019130759824686,-0.0008066855228276608,-0.0007595332933855139
0.0475000000000001,1.1224693148412064,0.12265231387700758,-0.0005087417170876396,-0.000817534249685396,-0.0007697669517251279
0.05249999999999999,1.1221370652112113,0.12441948970999518,-0.0005155712913087395,-0.0008283748880559994,-0.0007799804066473547
0.05750000000000011,1.121793094160424,0.12618272674552808,-0.0005224016629522499,-0.0008392070453754958,-0.0007901730159796547
0.0625,1.1214374653183468,0.12794189492044644,-0.0005292326959176044,-0.0008500303320635603,-0.00080034414377505
0.0674999999999999,1.1210702444715925,0.12969686555902166,-0.0005360642537186845,-0.0008608443616464586,-0.000810493160527412
0.07250000000000001,1.120691499551626,0.13144751141704947,-0.0005428961995060889,-0.0008716487508791372,-0.0008206194433851888
0.0774999999999999,1.1203013006234785,0.1331937067241095,-0.0005497283960906482,-0.0008824431198653853,-0.0008307223763624642
0.08250000000000002,1.1198997198797438,0.1349353272199013,-0.0005565607059699031,-0.0008932270921718033,-0.0008408013505430819
0.08749999999999991,1.1194868316553324,0.1366722501700156,-0.0005633929913637666,-0.0009040002949201782,-0.0008508557642625262
0.09250000000000003,1.1190627125149852,0.13840435431198359,-0.0005702251142803363,-0.00091476235880554,-0.0008608850232152641
0.09749999999999992,1.118627441577073,0.14013151957703798,-0.0005770569366780874,-0.0009255129178711083,-0.0008708885403200975
0.10250000000000004,1.1181811015555,0.1418536261320635,-0.0005838883209203799,-0.0009362516085328381,-0.000880865734840188
0.10749999999999993,1.1177237818510806,0.14357055148271197,-0.0005907191310651637,-0.0009469780664230695,-0.0008908160293376137
0.11250000000000004,1.1172555871436387,0.14528216237296193,-0.0005975492363990256,-0.0009576919172650697,-0.0009007388406994392
0.11749999999999994,1.1167766598783666,0.14698829353860668,-0.0006043785206408966,-0.0009683927523564355,-0.000910633555869306
0.12250000000000005,1.1162872357910403,0.1486886951923426,-0.0006112069046066182,-0.000979080066652922,-0.0009204994703892906
0.12749999999999995,1.1157877733895671,0.15038291049297797,-0.0006180343988926879,-0.000989753111196371,-0.0009303356416993591
0.13250000000000006,1.1152792392173605,0.15207000548047045,-0.0006248612193810811,-0.0010004105606636062,-0.0009401405582840288
0.13749999999999996,1.1147637016390115,0.15374800671065098,-0.0006316880259059312,-0.0010110498050314182,-0.0009499114340249037
0.14250000000000007,1.1142454982826693,0.15541279517357298,-0.0006385163865308731,-0.0010216655220591949,-0.0009596427846035731
0.14749999999999996,1.1137334024387116,0.1570560529933399,-0.0006453496263014722,-0.0010322469571187095,-0.0009693237116754294
0.15250000000000008,1.113244411654525,0.1586616713371696,-0.0006521942809232798,-0.001042773027413899,-0.0009789330085108595
0.15749999999999997,1.112809972998608,0.16019984633419643,-0.000659062416318815,-0.0010532040188172432,-0.0009884308464071362
0.1625000000000001,1.1124855367824114,0.16161801745530952,-0.0006659750388658466,-0.0010634683810350706,-0.0009977455275981427
0.16749999999999998,1.1123640790773361,0.16282804703272877,-0.0006729666044080387,-0.0010734432371259858,-0.0010067538798131832
0.1725000000000001,1.1125932607233475,0.1636899809996367,-0.000680090055070899,-0.001082928273841148,-0.0010152548794307647
0.1775,1.1133935499958885,0.16399499807402537,-0.0006874205822421812,-0.0010916156542487665,-0.0010229389961402312
0.1825000000000001,1.1150700916454157,0.16345455532305916,-0.0006950540852625616,-0.0010990648237232728,-0.001029361872682459
0.1875,1.118004029658851,0.16170955668738268,-0.0007030930590624242,-0.0011047012281877723,-0.0010339409854959666
0.1924999999999999,1.1226018124028514,0.1583801318050335,-0.0007116099555836138,-0.001107868757221454,-0.001036004782901906
0.1975,1.1291827886024897,0.15317429024311371,-0.0007205811003415252,-0.0011079645238240203,-0.001034923266260411
0.2024999999999999,1.1378121888288193,0.14604673991677616,-0.0007298016105922353,-0.0011046497639718334,-0.001030315907979422
0.20750000000000002,1.1481447449104771,0.13734265462700446,-0.0007388250994932479,-0.0010980561849823502,-0.001022260580433339
0.2124999999999999,1.1593953318202483,0.12781513337980716,-0.0007469953683342082,-0.001088847283205784,-0.0010113671480314966
0.21750000000000003,1.1705164141199613,0.11844710365844861,-0.000753602578863656,-0.0010780464837760403,-0.000998626009713567
0.22249999999999992,1.1805190237664203,0.11014763435337817,-0.0007581016736954279,-0.0010667101483065578,-0.0009850998952713077
0.22750000000000004,1.1887537300947353,0.10349803197475013,-0.0007602670576583743,-0.0010556403215431513,-0.0009716423838362328
0.23249999999999993,1.1950077712100977,0.09867402744687404,-0.000760204551152907,-0.0010452726278889224,-0.0009587753955510483
0.23750000000000004,1.1994223672920887,0.09553057721109845,-0.0007582471761912518,-0.0010357271005819947,-0.0009467203282956713
0.24249999999999994,1.2023323163972965,0.09375178709072562,-0.0007548176075375141,-0.001026928737785319,-0.0009354995566646928
0.24750000000000005,1.2041221847512862,0.09298148496417627,-0.0007503216284068852,-0.0010187194441277868,-0.0009250360506985753
0.25249999999999995,1.2051380027314382,0.0929018384379084,-0.0007450923217067432,-0.0010109307051172545,-0.0009152213380258137
0.25750000000000006,1.2056508874539524,0.09326491226986276,-0.0007393752929882602,-0.0010034189148087546,-0.0009059516100281491
0.26249999999999996,1.205853844244089,0.09389463732703912,-0.0007333372260477625,-0.0009960760690851734,-0.0008971419992437114
0.26750000000000007,1.2058743075328464,0.09467493404590155,-0.0007270834691959189,-0.0009888276640207603,-0.0008887288371887001
0.27249999999999996,1.205791143044557,0.09553404320409456,-0.0007206762541434999,-0.0009816256277329057,-0.0008806665702515408
0.2775000000000001,1.2056503517806518,0.09643016037005626,-0.000714149799677347,-0.0009744405524897149,-0.0008729231285146989
0.2825,1.2054773026639067,0.09734027764296171,-0.0007075213325263163,-0.0009672551310119825,-0.0008654755884784423
0.2875000000000001,1.2052852602595,0.09825241396403105,-0.0007007984126874365,-0.0009600593466517932,-0.0008583068143765124
0.2925,1.20508083011893,0.09916065606089482,-0.0006939834345825701,-0.0009528472942263152,-0.0008514031535034272
0.2975000000000001,1.2048671770292876,0.10006222801019928,-0.0006870762013677862,-0.0009456152527127109,-0.0008447529960787359
0.3025,1.2046457943555366,0.10095588012784032,-0.0006800752997216966,-0.0009383606046061196,-0.0008383459435011906
0.3075000000000001,1.204417411332486,0.10184106275671642,-0.0006729787864899346,-0.0009310812725930809,-0.0008321723588472387
0.3125,1.2041824276887458,0.10271753043275089,-0.000665784509803347,-0.0009237754452792813,-0.0008262231357311609
0.3174999999999999,1.2039411084144247,0.10358516446293953,-0.0006584902501637126,-0.0009164414517274442,-0.000820489581857687
0.3225,1.203693665588716,0.10444389835531397,-0.0006510937794825939,-0.0009090777070519605,-0.0008149633585382191
0.3274999999999999,1.2034402907635044,0.10529368828068222,-0.0006435928857676451,-0.0009016826896966219,-0.0008096364458940996
0.3325,1.2031811671732906,0.10613450190912903,-0.0006359853848483561,-0.0008942549319396516,-0.0008045011193070652
0.3374999999999999,1.2029164742386809,0.106966314264901,-0.0006282691280637077,-0.0008867930155187788,-0.0007995499306374439
0.3425,1.2026463892834305,0.107789106116394,-0.0006204420095957969,-0.0008792955690644282,-0.0007947756914622163
0.3474999999999999,1.2023710882720675,0.1086028632536417,-0.0006125019753108352,-0.0008717612661848007,-0.0007901714572623175
0.35250000000000004,1.2020907461923769,0.10940757608413818,-0.0006044470345935566,-0.0008641888239909525,-0.0007857305121950371
0.35749999999999993,1.2018055372912215,0.11020323935788849,-0.000596275276813651,-0.0008565770021643987,-0.000781446354280303
0.36250000000000004,1.201515635235378,0.11098985195792717,-0.0005879848944435793,-0.0008489246025431148,-0.0007773126806636934
0.36749999999999994,1.2012212132255415,0.11176741673200792,-0.0005795742158740061,-0.0008412304689489567,-0.0007733233722720228
0.37250000000000005,1.200922444077125,0.11253594035354894,-0.0005710417537789428,-0.0008334934873241066,-0.0007694724770307174
0.37749999999999995,1.200619500275743,0.1132954332042326,-0.0005623862805004939,-0.0008257125874122732,-0.0007657541908742811
0.38250000000000006,1.2003125540125548,0.11404590927267412,-0.0005536069525043095,-0.0008178867484389568,-0.00076216283511991
0.38749999999999996,1.2000017772032183,0.11478738606493168,-0.0005447035402407672,-0.0008100150112727213,-0.0007586928238271959
0.39250000000000007,1.1996873414933549,0.11551988452366231,-0.000535677145316628,-0.0008020964758139572,-0.0007553385537690709
0.39749999999999996,1.1993694182514383,0.11624342895356736,-0.0005265363866019521,-0.0007941293339014028,-0.0007520929211826303
0.4025000000000001,1.199048178538664,0.11695804695243613,-0.0005173502497267517,-0.0007861214242998492,-0.0007489469228719298
0.4075,1.1987237930716081,0.11766376934551322,-0.0005083156962015791,-0.0007780958471346574,-0.0007458815704494081
0.4125000000000001,1.1983964322159038,0.11836063011926976,-0.0004997199695531224,-0.0007700652418499163,-0.0007428492599471079
0.4175,1.198066266004366,0.11904866635388985,-0.0004917874482670654,-0.0007619983394141416,-0.0007397656547148205
0.4225000000000001,1.1977334641292554,0.11972791815712114,-0.0004845532277399398,-0.000753820812094919,-0.000736527455291151
0.4275,1.1973981958827309,0.12039842860087312,-0.00047786974449419954,-0.0007454491059129655,-0.0007330421596756923
0.4325000000000001,1.1970606300670792,0.12106024365884664,-0.0004715099377461854,-0.0007368227421761615,-0.000729246414221824
0.4375,1.1967209349078802,0.12171341214247615,-0.0004652687437235392,-0.0007279132676623592,-0.0007251055170165182
0.4424999999999999,1.1963792779832139,0.12235798563344107,-0.0004590086896054817,-0.0007187147099849041,-0.0007206025227132295
0.4475,1.1960358261626018,0.12299401841202193,-0.0004526565261067398,-0.0007092301465097429,-0.000715727450316594
0.4524999999999999,1.195690745544683,0.12362156738085103,-0.0004461805404944484,-0.0006994631063487466,-0.0007104711152268787
0.4575,1.1953442013869944,0.12424069198341453,-0.0004395696502534118,-0.0006894145873710024,-0.0007048230147261935
0.4624999999999999,1.1949963580258756,0.12485145411640994,-0.00043282082039759376,-0.0006790831484659548,-0.0006987712067335595
0.4675,1.194647378786241,0.12545391803481507,-0.0004259333284106306,-0.0006684658415703574,-0.0006923027097868348
0.4724999999999999,1.194297425880578,0.12604815024820254,-0.0004189067379395301,-0.0006575589824205051,-0.0006854038315806544
0.47750000000000004,1.1939466602955833,0.12663421940633032,-0.0004117403870879049,-0.0006463585766440247,-0.0006780603289055153
0.48249999999999993,1.1935952416640319,0.12721219617126373,-0.00040443334597171584,-0.0006348605041572672,-0.0006702574557067707
0.48750000000000004,1.1932433281187582,0.12778215307217627,-0.0003969844689251883,-0.0006230605837159529,-0.0006619799604463237
0.49249999999999994,1.1928910761245348,0.12834416433749915,-0.00038939244353813435,-0.0006109545905322523,-0.0006532120665979021
0.49750000000000005,1.192538640281233,0.12889830569695726,-0.0003816558235917578,-0.0005985382593007451,-0.0006439374497613503
0.5025,1.192186173085982,0.1294446541418392,-0.00037377305022058256,-0.0005858072839966171,-0.0006341392152400024
0.5075000000000001,1.1918338246277245,0.1299832876204303,-0.000365742465898375,-0.0005727573175499342,-0.0006237998765826644
0.5125,1.1914817421480934,0.1305142846108042,-0.0003575623240126947,-0.0005593839720317221,-0.0006129013348917672
0.5175000000000001,1.1911300692886087,0.1310377234088572,-0.000349230795594219,-0.0005456828195520355,-0.0006014248588226067
0.5225,1.190778944519538,0.13155368067017975,-0.0003407459740913281,-0.0005316493941728723,-0.000589351065508651
0.5275000000000001,1.1904284973621233,0.13206222793141004,-0.00033210587853958534,-0.0005172791954962155,-0.0005766599031974914
0.5325,1.1900788387522296,0.13256342275805136,-0.000323308454826521,-0.0005025676956734165,-0.0005633306378395552
0.5375000000000001,1.1897300364668995,0.13305728618566168,-0.0003143515738417659,-0.0004875103545590717,-0.0005493418496927008
0.5425,1.1893820544024276,0.13354374698580687,-0.0003052330239325915,-0.00047210265457860477,-0.0005346714547772922
0.5475000000000001,1.189034609275924,0.1340225101373107,-0.0002959504929805304,-0.00045634018081009456,-0.0005192967841330725
0.5525,1.1886868498131555,0.13449276233237123,-0.0002865015325832275,-0.00044021879790748426,-0.0005031947884208116
0.5575000000000001,1.1883366776525128,0.13495254848676622,-0.0002768834944766726,-0.00042373502105670153,-0.00048634249676660687
0.5625,1.1879793908820684,0.13539752607908176,-0.0002670934313166115,-0.000406886751361387,-0.0004687179589920829
0.5674999999999999,1.1876051317154586,0.13581862066430983,-0.0002571279684992752,-0.0003896746526729496,-0.0004503020491881766
0.5725,1.187194372128556,0.13619787750920911,-0.0002469831950198022,-0.00037210458424827357,-0.00043108170509368547
0.5774999999999999,1.1867104335708825,0.13650158347503588,-0.00023665470970018625,-0.0003541916520437371,-0.0004110553983283101
0.5825,1.1860879484990317,0.13666964536202947,-0.00022613811784453933,-0.00033596655322934606,-0.00039024181303540126
0.5874999999999999,1.1852165077663765,0.13660050245030814,-0.00021543052121744834,-0.00031748487405232654,-0.0003686927346679109
0.5925,1.1839199963277245,0.13613196636209515,-0.00020453388002471585,-0.00029883970991884557,-0.0003465108129589793
0.5974999999999999,1.1819351210800007,0.1350210577295432,-0.00019346149569838037,-0.00028017717220394744,-0.0003238718459446998
0.6025,1.1788984566295457,0.13293113783442712,-0.00018224908228256395,-0.0002617127015672351,-0.00030104909727752237
0.6074999999999999,1.1743604235549618,0.12944292210452957,-0.00017097147146914065,-0.00024374332410607177,-0.00027843349352004403
0.6125,1.1678537687221784,0.12411471436977765,-0.00015976390320183154,-0.00022664727628124993,-0.0002565385430984772
0.6174999999999999,1.1590410050472257,0.1166156928797164,-0.0001488416906583647,-0.00021085955696542496,-0.00023597454476228274
0.6225,1.1479275198879333,0.10692377997589426,-0.00013850390270569123,-0.0001968142821035056,-0.00021737837913537756
0.6275,1.1350461589637297,0.0955059608738632,-0.00012910148224455306,-0.0001848575541718481,-0.00020129986162262283
0.6325000000000001,1.1214531053956973,0.08333189774605876,-0.00012096101125926854,-0.00017515704436838077,-0.00018807392918801212
0.6375,1.1084436070666888,0.071623150572813,-0.00011428794466842161,-0.00016765126050094368,-0.00017773348752132248
0.6425000000000001,1.0971136142927904,0.061440026919993576,-0.00010910256538480015,-0.0001620701428344243,-0.00017001179448572745
0.6475,1.0880420440337548,0.053364453149368954,-0.00010524832446761935,-0.00015801835906946606,-0.00016443639965539974
0.6525000000000001,1.081257472537779,0.04745037127451736,-0.00010246095030579662,-0.00015507693855103488,-0.00016046400885453278
0.6575,1.0764205891258112,0.043389563568940026,-0.00010045147189351364,-0.00015287916418065407,-0.000157593855049318
0.6625000000000001,1.0730518737058539,0.04073006696880206,-9.89650533269957e-05,-0.00015114441059777963,-0.00015542792284772516
0.6675,1.0706923712463436,0.03903396923255529,-9.780607591087874e-05,-0.0001496786287270522,-0.00015368261140978395
0.6725000000000001,1.0689773210714737,0.03795121112602553,-9.683870802880453e-05,-0.00014835806766397893,-0.0001521724439647447
0.6775,1.0676491072984322,0.03723379545988323,-9.597579030751342e-05,-0.0001471090701995163,-0.00015078449661810506
0.6825000000000001,1.0665410035830207,0.036720940455416046,-9.516504026876009e-05,-0.00014589048527014235,-0.00014945428056316453
0.6875,1.0655526317884487,0.03631574952180677,-9.437699016384605e-05,-0.00014468072347486325,-0.00014814716238367037
0.6924999999999999,1.0646273709247314,0.03596353845946734,-9.359603150707739e-05,-0.00014346921024480203,-0.00014684569167204266
0.6975,1.0637352128000213,0.035635327195395784,-9.281443686128303e-05,-0.00014225119746890457,-0.00014554170085199854
0.7024999999999999,1.062861212307633,0.03531669700195587,-9.202868803768497e-05,-0.0001410248358775897,-0.00014423173914708486
0.7075,1.061998390021273,0.035000933994572395,-9.123738030152261e-05,-0.00013978963206211586,-0.00014291461012759182
0.7124999999999999,1.0611437085035194,0.034685136416692915,-9.044010589862983e-05,-0.00013854568719456125,-0.0001415901288529306
0.7175,1.0602959584103553,0.03436816358848384,-8.963689790124311e-05,-0.00013729334461386262,-0.00014025853348744547
0.7224999999999999,1.059454729583705,0.034049628290932166,-8.882797069878228e-05,-0.0001360330354898419,-0.00013892022245086066
0.7275,1.0586199512276213,0.033729430496656214,-8.801360582434737e-05,-0.00013476521244629508,-0.00013757564064201738
0.7324999999999999,1.0577917109173767,0.03340754689357478,-8.719410310927728e-05,-0.00013349031728456093,-0.0001362252264547209
0.7375,1.0569702044243914,0.03308392759460991,-8.636975770125588e-05,-0.00013220875745930703,-0.00013486937750961008
0.7424999999999999,1.0561557473936125,0.032758429084279964,-8.554084431748363e-05,-0.0001309208791826227,-0.00013350841518162417
0.7475,1.0553488181880817,0.03243075344826058,-8.470759986014772e-05,-0.00012962693095506706,-0.00013214253813164766
0.7525,1.0545501159550703,0.032100385568755795,-8.387019987152552e-05,-0.00012832701453469056,-0.00013077176029949552
0.7575000000000001,1.0537606204173817,0.031766532691845456,-8.302872657557066e-05,-0.00012702102324468144,-0.000129395833001482
0.7625,1.0529816371274299,0.031428079287331774,-8.218312820204262e-05,-0.00012570857107192706,-0.00012801415556658373
0.7675000000000001,1.0522148088264993,0.03108357521754832,-8.13331716746087e-05,-0.00012438892021304093,-0.00012662568451891106
0.7725,1.0514620738601028,0.03073127564059582,-8.047839361165734e-05,-0.00012306091879780274,-0.00012522885672783786
0.7775000000000001,1.0507255588223268,0.030369245247621378,-7.961805742758364e-05,-0.00012172296316294457,-0.00012382154551051594
0.7825,1.0500074052822157,0.029995527136683773,-7.875112624212195e-05,-0.00012037299887317515,-0.00012240106852304302
0.7875000000000001,1.0493095474889962,0.02960835997968183,-7.787626132930827e-05,-0.00011900857078427588,-0.00012096426115129497
0.7925,1.048633474749872,0.02920641066443544,-7.699185330528346e-05,-0.00011762692492614302,-0.00011950761908097463
0.7975000000000001,1.0479800228893452,0.02878897901042248,-7.60960882053362e-05,-0.00011622515523034964,-0.00011802750056819285
0.8025,1.0473492389788377,0.02835613124263798,-7.518704396178369e-05,-0.00011480037855052788,-0.00011652036586784926
0.8075000000000001,1.046740350750766,0.027908731291789324,-7.426280622508778e-05,-0.00011334991475418015,-0.00011498302203229571
0.8125,1.0461518495851096,0.027448360968518416,-7.332158786510828e-05,-0.00011187144698115462,-0.0001134128387892144
0.8174999999999999,1.0455816702594598,0.026977145214846208,-7.236183530005553e-05,-0.00011036314108724677,-0.00011180790642595316
0.8225,1.0450274297560769,0.026497519159532325,-7.138230746811603e-05,-0.00010882371170565606,-0.0001101671181449271
0.8274999999999999,1.0444866775661863,0.026011983454664506,-7.038211901228728e-05,-0.00010725243281756123,-0.00010849017391272824
0.8325,1.0439571132584502,0.02552289122167027,-6.936074639509907e-05,-0.00010564910035712667,-0.00010677751642372042
0.8374999999999999,1.043436741073265,0.025032296315183136,-6.831800220683376e-05,-0.00010401396089936121,-0.00010503021917025394
0.8425,1.0429239502565057,0.02454187409798387,-6.72539873015932e-05,-0.00010234762285869806,-0.00010324985018503109
0.8474999999999999,1.0424175274235903,0.024052908708768594,-6.616903189635986e-05,-0.00010065096519295702,-0.00010143833314166742
0.8525,1.041916618890304,0.023566329370115748,-6.506363566060659e-05,-9.89250546594125e-05,-9.95978219266454e-05
0.8574999999999999,1.041420665041802,0.023082774189612142,-6.393841403697607e-05,-9.71710778305279e-05,-9.773059782204861e-05
0.8625,1.0409293265977089,0.02260266203069533,-6.279405470485772e-05,-9.539028971450387e-05,-9.583899205323898e-05
0.8674999999999999,1.040442416766629,0.022126258740467822,-6.163128516546927e-05,-9.358397773015751e-05,-9.392533185325084e-05
0.8725,1.039959846602106,0.021653730547450203,-6.045085040709487e-05,-9.175343814097863e-05,-9.199190569943417e-05
0.8775,1.039481585375592,0.021185182820841607,-5.925349859447772e-05,-8.989996161325917e-05,-9.004094266877256e-05
0.8825000000000001,1.0390076343248746,0.02072068577261675,-5.803997251842159e-05,-8.802482489337944e-05,-8.80746013174172e-05
0.8875,1.038538010636812,0.02026029015982084,-5.681100482643169e-05,-8.612928627612123e-05,-8.609496449349289e-05
0.8925000000000001,1.0380727384035962,0.019804036168865155,-5.556731554145399e-05,-8.421458325514055e-05,-8.410403758012337e-05
0.8975,1.0376118438858728,0.01935195808726011,-5.43096108640545e-05,-8.2281931345972e-05,-8.210374858431109e-05
0.9025000000000001,1.0371553532105178,0.018904086593552187,-5.3038582644881495e-05,-8.033252350056102e-05,-8.009594915177452e-05
0.9075,1.03670329133551,0.01846044980792073,-5.175490818493446e-05,-7.836752980507227e-05,-7.808241601484912e-05
0.9125000000000001,1.0362556816240969,0.018021073747415538,-5.0459250187697056e-05,-7.638809730979838e-05,-7.606485262869365e-05
0.9175,1.0358125456903042,0.017585982516807833,-4.915225677972808e-05,-7.439534992255989e-05,-7.404489088267037e-05
0.9225000000000001,1.0353739033566092,0.017155198390986472,-4.783456156310304e-05,-7.239038833671207e-05,-7.202409283777835e-05
0.9275,1.034939772654808,0.016728741856444008,-4.6506783684714696e-05,-7.037428998237816e-05,-7.000395246962017e-05
0.9325000000000001,1.0345101698425558,0.01630663163878534,-4.5169527916676154e-05,-6.834810899670031e-05,-6.798589740820685e-05
0.9375,1.034085109425436,0.01588888472614265,-4.3823384745932566e-05,-6.631287621189907e-05,-6.597129067059345e-05
0.9424999999999999,1.03366460418111,0.015475516391820753,-4.24689304728181e-05,-6.426959916125863e-05,-6.396143238416175e-05
0.9475,1.0332486651844484,0.015066540217188206,-4.11067273184021e-05,-6.221926210299918e-05,-6.195756149870791e-05
0.9524999999999999,1.0328373018333072,0.014661968115080923,-3.973732353907113e-05,-6.0162826060124205e-05,-5.9960857484750274e-05
0.9575,1.0324305218748389,0.014261810353765067,-3.8361253545244005e-05,-5.8101228872356314e-05,-5.7972442014673113e-05
0.9624999999999999,1.0320283314322871,0.013866075581447942,-3.6979038022625e-05,-5.603538525821617e-05,-5.5993380624484395e-05
0.9675,1.0316307350322282,0.013474770851310441,-3.559118406348443e-05,-5.3966186896505906e-05,-5.4024684359185074e-05
0.9724999999999999,1.0312377356322298,0.01308790164703113,-3.419818531067935e-05,-5.189450253042881e-05,-5.206731140234443e-05
0.9775,1.030849334648891,0.01270547190877364,-3.2800522115056835e-05,-4.982117809445704e-05,-5.0122168688185164e-05
0.9824999999999999,1.0304655319862164,0.012327484059627247,-3.139866180562242e-05,-4.7747036982136946e-05,-4.819011354039662e-05
0.9875,1.0300863260642492,0.011953939032514687,-2.9993059106381724e-05,-4.56728804891258e-05,-4.6271955344168735e-05
0.9924999999999999,1.0297117138479432,0.01158483629752723,-2.8584156296444685e-05,-4.359948793842952e-05,-4.436845704903694e-05
0.9975,1.0293416908763693,0.011220173889537024,-2.7172382827375567e-05,-4.152761616073437e-05,-4.248033638979824e-05
