-0.9975,1.5,2.3841378272388642e-64,-7.949179295363525e-67,-1.323858713135203e-66,-1.8450655432101503e-66
-0.9925,1.5,2.1386971634395233e-62,-7.1943335088038234e-65,-1.1981383628444829e-64,-1.669782212687428e-64
-0.9875,1.5,1.764703357833438e-60,-5.967900837696182e-63,-9.93885006527146e-63,-1.3850900503523483e-62
-0.9825,1.5,1.3564206788470231e-58,-4.607240295691632e-61,-7.672800261763118e-61,-1.0692687264651875e-60
-0.9775,1.5,9.69213579818994e-57,-3.3078508922252006e-59,-5.508803983568309e-59,-7.676807881897251e-59
-0.9725,1.5,6.32796619119226e-55,-2.1735166188667517e-57,-3.619696839276072e-57,-5.0440900036272315e-57
-0.9675,1.5,3.832626388492114e-53,-1.3241072936880155e-55,-2.205110612751916e-55,-3.072762906302098e-55
-0.9625,1.5,2.1732208466498297e-51,-7.549299959064634e-54,-1.2572219761931018e-53,-1.7518597790833565e-53
-0.9575,1.5,1.1843343924110084e-49,-4.12867730463411e-52,-6.875668405182498e-52,-9.580643177986807e-52
-0.9525,1.5,6.223882400872228e-48,-2.176866721596342e-50,-3.6252223614011254e-50,-5.051350305054376e-50
-0.9475,1.5,3.2327683633846543e-46,-1.1320110105965841e-48,-1.885180676617894e-48,-2.6267756919634956e-48
-0.9425,1.5,1.6452082051653682e-44,-5.771928859999052e-47,-9.61219663264057e-47,-1.3393337736629477e-46
-0.9375,1.5,8.42768216401051e-43,-2.955144392250388e-45,-4.921307371621121e-45,-6.857207728761101e-45
-0.9325,1.5,4.2284565075257296e-41,-1.4855043969393369e-43,-2.4738600740920616e-43,-3.446977452508834e-43
-0.9275,1.5,2.113152616103861e-39,-7.427024605016477e-42,-1.2368466278488778e-41,-1.723367772552818e-41
-0.9225,1.5,1.0093809621806662e-37,-3.5630109288388666e-40,-5.933579055056569e-40,-8.267430628761012e-40
-0.9175,1.5,4.282900444849672e-36,-1.5306094952377784e-38,-2.548941546229714e-38,-3.5513177596160307e-38
-0.9125,1.5,1.7759767255553966e-34,-6.366478419652227e-37,-1.0602133719544897e-36,-1.4771150728366265e-36
-0.9075,1.5,7.288092213013797e-33,-2.6160097641116905e-35,-4.3564507094627944e-35,-6.069467076083313e-35
-0.9025,1.5,2.69354763112941e-31,-9.788727022008508e-34,-1.6301052069659412e-33,-2.2709610350702637e-33
-0.8975,1.5,1.003236346345562e-29,-3.644708630584181e-32,-6.069484320226225e-32,-8.455577924307468e-32
-0.8925,1.5,3.6807782932435218e-28,-1.33966935888953e-30,-2.2309302633004606e-30,-3.1079492843494372e-30
-0.8875,1.5,1.2080483939292546e-26,-4.461857156864595e-29,-7.430178551413058e-29,-1.0350445008104292e-28
-0.8825000000000001,1.5,4.727083213216866e-25,-1.708502668657264e-27,-2.845152747850491e-27,-3.963717743893823e-27
-0.8775,1.5,1.739720641127955e-23,-6.327766734503597e-26,-1.0537539934438558e-25,-1.4680117172786885e-25
-0.8725,1.5,5.276841384949083e-22,-1.970853987484669e-24,-3.2819696078175924e-24,-4.571658829316817e-24
-0.8674999999999999,1.5,2.4311599085807024e-20,-8.634307278636038e-23,-1.4378806581655239e-22,-2.003327167553331e-22
-0.8625,1.5,7.987561624862108e-19,-2.9456323176862705e-21,-4.9052792829719535e-21,-6.833338862879577e-21
-0.8575,1.5,1.924919577068413e-17,-7.470242700003265e-20,-1.2439478995038605e-19,-1.732475644909316e-19
-0.8525,1.4999999999999998,2.591284500557148e-16,-1.1547484539163186e-18,-1.9226926222582624e-18,-2.6761474847965826e-18
-0.8475,1.4999999999999987,1.1785452489431635e-15,-6.2027133228423485e-18,-1.0325821953697427e-17,-1.435684369056633e-17
-0.8425,1.4999999999999944,4.5285131522528875e-15,-2.616373451881229e-17,-4.355026595088379e-17,-6.050941253231056e-17
-0.8375,1.4999999999999798,1.638085745596591e-14,-9.897578153931e-17,-1.6473661473410298e-16,-2.2879609196612473e-16
-0.8325,1.4999999999999305,5.6559258811513547e-14,-3.546869618962203e-16,-5.903046257835684e-16,-8.195203964080437e-16
-0.8275,1.4999999999997684,1.8870670421500397e-13,-1.2161063463574583e-15,-2.0238650972085076e-15,-2.808950467884705e-15
-0.8225,1.4999999999992528,6.091606162113818e-13,-4.018392624845002e-15,-6.687231221934937e-15,-9.279319557609958e-15
-0.8175,1.4999999999976645,1.903835900438453e-12,-1.2859666739614941e-14,-2.1399696163033243e-14,-2.968823454541756e-14
-0.8125,1.4999999999929285,5.763798935109845e-12,-3.988911472716594e-14,-6.637666810884402e-14,-9.206505781187615e-14
-0.8075,1.4999999999792522,1.691028892967646e-11,-1.199645049092928e-13,-1.9961647775577298e-13,-2.76805710854393e-13
-0.8025,1.4999999999409892,4.809507384161881e-11,-3.4993765422069945e-13,-5.822589419222984e-13,-8.07216613289239e-13
-0.7975,1.4999999998372444,1.3264511101413637e-10,-9.904431188726834e-13,-1.6479196089263417e-12,-2.2840217592289623e-12
-0.7925,1.4999999995645719,3.548599210343804e-10,-2.7209213311086986e-12,-4.526916705639033e-12,-6.272657756381538e-12
-0.7875,1.4999999988696784,9.211422522261975e-10,-7.257564336928545e-12,-1.207414598811178e-11,-1.6725710620642375e-11
-0.7825,1.499999997152159,2.32072589414858e-09,-1.8801389544644492e-11,-3.1277597301517986e-11,-4.331460696729022e-11
-0.7775,1.4999999930341137,5.676321656618079e-09,-4.731998865084282e-11,-7.871632139301874e-11,-1.0897626693074687e-10
-0.7725,1.49999998345379,1.348250894702831e-08,-1.1573982398630788e-10,-1.925211395895305e-10,-2.6644311982336696e-10
-0.7675,1.4999999618237423,3.110613756285896e-08,-2.7518794677328804e-10,-4.577191600787686e-10,-6.332517529362795e-10
-0.7625,1.499999914420639,6.972703941229435e-08,-6.36219523158275e-10,-1.058154988844028e-09,-1.4634217375465943e-09
-0.7575000000000001,1.4999998135633106,1.5189442368388868e-07,-1.4306599334802222e-09,-2.379302917859436e-09,-3.2893032570616798e-09
-0.7525,1.499999605193443,3.2164127660747957e-07,-3.1299497591745045e-09,-5.2049916176274165e-09,-7.192808981036379e-09
-0.7475,1.4999991871119567,6.622069463010418e-07,-6.663907904964032e-09,-1.108100653769873e-08,-1.53063490483056e-08
-0.7424999999999999,1.4999983723059924,1.3258971187520954e-06,-1.3811171033430994e-08,-2.296394021827699e-08,-3.170600198209517e-08
-0.7375,1.4999968296083692,2.582393440480779e-06,-2.7871601349780156e-08,-4.633845751681732e-08,-6.394803098537945e-08
-0.7324999999999999,1.4999939916569311,4.893672474712754e-06,-5.478286823957882e-08,-9.107228643201545e-08,-1.2561723638593393e-07
-0.7275,1.4999889183661959,9.025115660760657e-06,-1.0490662361405403e-07,-1.7438309761115718e-07,-2.403978338231658e-07
-0.7224999999999999,1.4999801038540972,1.6202601844386524e-05,-1.9577782094666817e-07,-3.2540440343974184e-07,-4.483295295369537e-07
-0.7175,1.4999652172705844,2.8323323871885826e-05,-3.5617051691555046e-07,-5.919367651676409e-07,-8.150425556403461e-07
-0.7125,1.4999407746485027,4.822262711578906e-05,-6.318635654861213e-07,-1.0500207052812244e-06,-1.4448267203412165e-06
-0.7075,1.4999017508097081,7.998946650449077e-05,-1.0934612572077208e-06,-1.8169216610036645e-06,-2.498316056353006e-06
-0.7025,1.4998411576173791,0.00012930904290745543,-1.8465052524633315e-06,-3.0679230320582085e-06,-4.215291247095367e-06
-0.6975,1.499749635913479,0.000203794088394745,-3.0438782474382914e-06,-5.056937582127338e-06,-6.942558441565827e-06
-0.6925,1.4996151296117624,0.0003132491506067602,-4.900136822336023e-06,-8.140355046485335e-06,-1.1166036969686104e-05
-0.6875,1.4994227258642574,0.00046979977370649115,-7.70694102181518e-06,-1.2802778647711238e-05,-1.7545129906150973e-05
-0.6825,1.4991547481469352,0.0006878162298390681,-1.184823109526214e-05,-1.9682462521753064e-05,-2.6946298234484535e-05
-0.6775,1.4987911735709447,0.0009835742117981524,-1.7813336660362955e-05,-2.9593504915314667e-05,-4.0471734340515065e-05
-0.6725,1.4983104091797428,0.0013746246494223257,-2.6205914695253524e-05,-4.3541375363636314e-05,-5.9478407159866405e-05
-0.6675,1.4976904074870547,0.0018788890092396443,-3.774662053401431e-05,-6.272834620589761e-05,-8.55827884393024e-05
-0.6625,1.4969100383823037,0.0025135474547751135,-5.326779870435658e-05,-8.854598119088127e-05,-0.00012064743060448798
-0.6575,1.4959505768127852,0.003293833719741504,-7.36992396611059e-05,-0.000122553010322508,-0.00016674724938221837
-0.6525000000000001,1.4947971282810442,0.004231880471929326,-0.00010004509272443116,-0.0001664385540124703,-0.00022611567057249923
-0.6475,1.4934398082228175,0.005335763526868893,-0.00013335318168223144,-0.0002219724928764536,-0.00030107336379131886
-0.6425000000000001,1.491874520055844,0.006608869985084841,-0.00017467902213859663,-0.0002909464894399541,-0.00039394465288112153
-0.6375,1.4901032343900915,0.008049668913873698,-0.0002250475863107063,-0.0003751104453675813,-0.0005069684315997796
-0.6325000000000001,1.4881337456819577,0.00965190393880171,-0.00028541616419881083,-0.0004761098000309637,-0.0006422112174352258
-0.6275,1.4859789565801298,0.01140516776103521,-0.00035664148907429727,-0.0005954289536519981,-0.0008014897280366428
-0.6225,1.483655800019371,0.013295770562525821,-0.0004394536881802075,-0.0007343452830527659,-0.0009863091460320865
-0.6174999999999999,1.4811839454417575,0.015307784901914962,-0.0005344387196106122,-0.0008938968789267512,-0.0011978212946627783
-0.6125,1.4785844453446277,0.017424141454211513,-0.0006420299330880084,-0.0010748655093513798,-0.0014368046215257715
-0.6074999999999999,1.4758784642923675,0.019627660783333545,-0.0007625084118686036,-0.001277774661724445,-0.0017036655462399103
-0.6025,1.4730862009809476,0.02190193125883064,-0.000896010947333716,-0.001502901063415102,-0.001998458693224948
-0.5974999999999999,1.4702260729265557,0.024231975931204724,-0.001042543948488857,-0.00175029699914983,-0.0023209220383133525
-0.5925,1.4673141906917202,0.026604685453933644,-0.0012020013235553633,-0.002019820122505377,-0.002670522171529119
-0.5875,1.4643641106901772,0.029009024820938485,-0.001374184371541375,-0.002311167312245216,-0.0030465047279124775
-0.5825,1.4613868269015018,0.031436045186593944,-0.0015588219358603419,-0.00262390939392966,-0.0034479454743400265
-0.5775,1.4583909444007184,0.03387874653195799,-0.0017555894287425244,-0.002957524124439818,-0.003873798402421789
-0.5725,1.4553829714668112,0.0363318423203294,-0.00196412575906562,-0.00331142558667499,-0.004322938270417381
-0.5675,1.4523676704511514,0.03879147485091805,-0.0021840476197080563,-0.003684988928574665,-0.004794196168122205
-0.5625,1.4493484177038904,0.041254922033243456,-0.0024149609620438086,-0.004077570092418554,-0.0052863876900473405
-0.5575,1.4463275363719708,0.043720325432501254,-0.0026564697733973994,-0.004488520742682399,-0.005798334091693895
-0.5525,1.4433065797019242,0.046186458211354205,-0.0029081824670814343,-0.00491719898260764,-0.006328877331226163
-0.5475,1.4402865541936354,0.048652542015681546,-0.003169716300032816,-0.00536297665976142,-0.006876890180114565
-0.5425,1.4372680800583395,0.05111811518632412,-0.003440700267937605,-0.005825244137382657,-0.007441282677711946
-0.5375,1.434251490325965,0.053582951463712045,-0.00372077691625519,-0.006303413406263156,-0.008021006184860038
-0.5325,1.4312368697155597,0.05604702854530395,-0.00400960347332099,-0.006796920391668093,-0.008615056244705899
-0.5275000000000001,1.4282240305884115,0.05851054902236559,-0.004306852682383832,-0.0073052273284734065,-0.009222475462373852
-0.5225,1.4252124168192117,0.06097402166211321,-0.004612213702768435,-0.007827826183079442,-0.009842357731124591
-0.5175000000000001,1.422200918430402,0.06343841774492322,-0.004925393480905186,-0.008364244325332284,-0.010473855400453409
-0.5125,1.4191875719990088,0.06590542383730254,-0.005246119067494992,-0.008914054006134688,-0.011116191407384958
-0.5075000000000001,1.4161691165533643,0.0683778169789263,-0.005574141475904588,-0.00947688764733684,-0.011768678933504053
-0.5025,1.4131403752214196,0.07085998801087973,-0.005909241824477765,-0.010052461415847987,-0.01243075169675925
-0.49750000000000005,1.410093443313774,0.07335863024600817,-0.006251240651379751,-0.010640609881803638,-0.013102008345523029
-0.49250000000000005,1.4070166878522918,0.0758835904397655,-0.0066000113875259,-0.01124133453308286,-0.01378227431831731
-0.48750000000000004,1.4038936042494017,0.07844884491878132,-0.006955498958873251,-0.011854868280641567,-0.014471683645201022
-0.48250000000000004,1.400701631532187,0.08107351683896906,-0.007317744292630589,-0.012481756613839655,-0.01517078120930886
-0.47750000000000004,1.397411090621185,0.0837827971785341,-0.007686915053529908,-0.013122953649873198,-0.015880642831926695
-0.47250000000000003,1.3939844657125668,0.08660858481849477,-0.008063342187850172,-0.013779928099263532,-0.01660300636876479
-0.4675,1.3903762758232954,0.08958963756003141,-0.008447560805246418,-0.014454770589903356,-0.01734040239942435
-0.4625,1.386533760541771,0.09277104428769216,-0.008840352665201563,-0.015150290618885242,-0.018096269055363302
-0.4575,1.3823985177818325,0.0962028998293688,-0.009242786247452872,-0.015870089571596028,-0.018875033284182163
-0.4525,1.3779090862713212,0.09993818469716152,-0.009656249368279572,-0.016618596593903436,-0.019682141463423362
-0.4475,1.3730042883506077,0.10402999942449623,-0.010082468900204098,-0.017401057015578394,-0.020524026242761235
-0.4425,1.3676269840476931,0.10852844038164183,-0.010523512649425946,-0.018223468202173777,-0.021408003396940305
-0.4375,1.3617277837118478,0.11347749056692433,-0.010981769951298419,-0.019092464162589067,-0.022342101000528625
-0.4325,1.3552682572023176,0.11891230734856467,-0.01145990989820767,-0.020015156545295572,-0.023334831543355434
-0.4275,1.3482232672636547,0.12485721598712571,-0.011960818887833383,-0.020998944440965277,-0.024394923906231672
-0.4225,1.3405822168915227,0.13132458496192254,-0.012487521789508493,-0.022051307768702812,-0.025531035240827515
-0.4175,1.3323491890576182,0.1383146046492718,-0.013043092918761351,-0.023179598748985432,-0.026751462477805157
-0.4125,1.3235421243119132,0.14581585384676518,-0.013630563771893684,-0.024390843505432042,-0.028063870002078672
-0.4075,1.3141912939999687,0.15380644622922635,-0.014252835462948699,-0.025691561842821786,-0.02947504475947586
-0.40249999999999997,1.3043373724602578,0.16225551056114176,-0.014912586289900262,-0.027087611913604374,-0.030990689715300165
-0.39749999999999996,1.2940293974068169,0.1711247683926808,-0.015612252798965071,-0.028584134746654798,-0.03261525169256107
-0.39249999999999996,1.2833228556659213,0.18037001444530834,-0.016354006170259065,-0.030185475437636205,-0.034351781998187586
-0.38749999999999996,1.2722780594267336,0.18994236206194046,-0.017139630663729036,-0.03189498445582046,-0.036201839547955285
-0.38249999999999995,1.2609589037911475,0.1997891749486572,-0.01797041912294619,-0.033714838866898314,-0.03816541662070541
-0.37749999999999995,1.24943203462741,0.20985465712856452,-0.01884716505848946,-0.03564596205799898,-0.040240853769279814
-0.37250000000000005,1.2377664077032668,0.220080113585273,-0.019770210447433014,-0.03768797874869787,-0.042424731812643245
-0.36750000000000005,1.2260331823412345,0.23040392659692363,-0.02073949171630772,-0.03983913463954807,-0.04471174896421439
-0.36250000000000004,1.2143058615782545,0.24076132116793106,-0.02175456541948457,-0.04209616669996777,-0.047094594334949585
-0.35750000000000004,1.2026605609174066,0.2510840222884651,-0.022814619690632105,-0.04445414307404165,-0.04956382565081249
-0.35250000000000004,1.1911762537833614,0.2612999418912963,-0.023918479638067515,-0.0469062954169614,-0.052107759612206546
-0.34750000000000003,1.179934800415216,0.27133307722501215,-0.02506460937708581,-0.049443864196306545,-0.054712390324144086
-0.3425,1.1690205197820298,0.2811038532638236,-0.026251109032510662,-0.052055981584065956,-0.057361362928327456
-0.3375,1.1585190212357843,0.290530189934444,-0.027475703059316754,-0.054729627460842686,-0.06003604348706441
-0.3325,1.148514996501431,0.2995295981064601,-0.028735715822225158,-0.05744970740630883,-0.06271573911964295
-0.3275,1.1390887206493192,0.30802256882469803,-0.030028031389481943,-0.060199311277865104,-0.06537812922053503
-0.3225,1.1303111712250182,0.31593736866720146,-0.031349037730025335,-0.06296020917949317,-0.06799996145115994
-0.3175,1.122237989042995,0.3232160466904495,-0.03269456210548457,-0.06571361904108143,-0.07055803583292457
-0.3125,1.114902969537522,0.32982099467792814,-0.03405981479902735,-0.06844122955143557,-0.07303044050606929
-0.3075,1.1083122948596207,0.33574087465813796,-0.03543937048518322,-0.07112638580788147,-0.07539791812923648
-0.3025,1.1024410802100186,0.3409943491682449,-0.03682722502519608,-0.07375526133215152,-0.07764515508506235
-0.2975,1.0972337302030692,0.34563010603215716,-0.03821696200808275,-0.07631778502111862,-0.07976173648875222
-0.2925,1.0926088868213457,0.3497223608167857,-0.03960204130399051,-0.07880810510450979,-0.08174253944251797
-0.2875,1.0884684931918849,0.35336225832958756,-0.04097618307652536,-0.08122447196400927,-0.08358745871556676
-0.2825,1.0847091579498718,0.35664692346382076,-0.04233377935049901,-0.08356858100364072,-0.08530053804316988
-0.27749999999999997,1.0812332203977868,0.3596686995219167,-0.043670242906624177,-0.08584456936066527,-0.08688874198016773
-0.27249999999999996,1.0779571060500002,0.36250694350105345,-0.04498221528007076,-0.08805793703124781,-0.08836067550982989
-0.26749999999999996,1.0748156279501622,0.3652237173118523,-0.04626759902339114,-0.09021463538479436,-0.08972551661105059
-0.26249999999999996,1.0717622781572889,0.3678633626273166,-0.0475254335444255,-0.09232046095334094,-0.09099230532296627
-0.25749999999999995,1.0687666286838984,0.37045489681880367,-0.04875567388415309,-0.09438076889769187,-0.0921695972004611
-0.25249999999999995,1.0658103713550693,0.37301576017449345,-0.0499589436524763,-0.09640043114923524,-0.09326539431428353
-0.24750000000000005,1.06288331872956,0.375555636570482,-0.05113631913410361,-0.09838393025810482,-0.09428723304503832
-0.24250000000000005,1.0599801590773528,0.3780795767094968,-0.052289174269816906,-0.100335492323033,-0.0952423228113323
-0.23750000000000004,1.0570982216701879,0.38059017182762095,-0.05341908993139518,-0.10225919753826833,-0.09613766775807593
-0.23250000000000004,1.05423614910341,0.3830888769257537,-0.054527814118498795,-0.1041590432481977,-0.09698014179035035
-0.22750000000000004,1.0513932246037623,0.3855767318681231,-0.05561725382876233,-0.10603896009645665,-0.09777651447806722
-0.22250000000000003,1.0485691042818643,0.38805473227647114,-0.05668948118589653,-0.10790279447286427,-0.09853343932983613
-0.21750000000000003,1.0457637742997075,0.39052403857987833,-0.05774674158124649,-0.1097542728696556,-0.09925741982262899
-0.21250000000000002,1.0429776296233033,0.392986138891075,-0.058791456909116656,-0.11159696021493803,-0.09995476641622866
-0.20750000000000002,1.0402116258175191,0.39544302588361585,-0.05982622110117762,-0.11343421838488671,-0.10063155275121323
-0.2025,1.0374674836247457,0.39789741253173544,-0.060853787985063454,-0.1152691654513379,-0.10129357350807358
-0.1975,1.034747933999842,0.40035298938102526,-0.06187705327681531,-0.11710463237626537,-0.10194630155694284
-0.1925,1.032056986689861,0.4028147093390116,-0.06289903336801601,-0.1189431124247763,-0.10259483914811034
-0.1875,1.0294001945618962,0.40528907071147585,-0.06392284315658257,-0.12078669880011696,-0.10324385757565568
-0.1825,1.0267848734433658,0.40778435516539546,-0.06495167241267938,-0.12263700538353293,-0.10389752227395685
-0.1775,1.0242202275336627,0.41031076705644054,-0.06598875331901637,-0.12449506020714723,-0.10455940610672435
-0.1725,1.0217173276360154,0.4128804179665134,-0.06703730045975699,-0.12636114929776815,-0.10523240311453826
-0.16749999999999998,1.0192888969015157,0.41550710885455105,-0.06810039365527629,-0.1282345743701424,-0.10591866696802622
-0.16249999999999998,1.016948877809114,0.41820588348773274,-0.06918077616965711,-0.1301132856520328,-0.10661960757260588
-0.15749999999999997,1.0147117831223045,0.42099235914388294,-0.07028056984806742,-0.13199337946681727,-0.1073359765739555
-0.15249999999999997,1.012591868070007,0.42388187869464194,-0.07140096536405097,-0.13386851779609613,-0.10806805030126063
-0.14749999999999996,1.0106021946497301,0.4268885640547619,-0.07254200573538838,-0.13572941776062236,-0.10881587913804394
-0.14249999999999996,1.008753685026006,0.43002437588740633,-0.07370260184659763,-0.137563630134221,-0.10957953144819914
-0.13749999999999996,1.007054273724269,0.4332982916669527,-0.07488086594468459,-0.1393558273861231,-0.11035924158171363
-0.13249999999999995,1.0055082638890933,0.4367157012634923,-0.07607472826600019,-0.14108872639097672,-0.11115539173248835
-0.12749999999999995,1.0041159703339948,0.4402780887868307,-0.07728266527902689,-0.14274459763083303,-0.11196831346746976
-0.12250000000000005,1.0028736941562229,0.4439830283677641,-0.07850428824993311,-0.1443071228451056,-0.11279796313637684
-0.11750000000000005,1.0017740268790312,0.44782447867015884,-0.0797405670019264,-0.14576323217871517,-0.11364357472285186
-0.11250000000000004,1.0008064357817934,0.45179332440274883,-0.08099358988176152,-0.1471045327500595,-0.11450340204369691
-0.10750000000000004,0.9999580460185307,0.4558780885471005,-0.08226592928764619,-0.1483280395746141,-0.11537462800465265
-0.10250000000000004,0.9992145163785496,0.4600657286770602,-0.0835598168880187,-0.14943609750199593,-0.11625345957546175
-0.09750000000000003,0.9985609063209034,0.4643424337621362,-0.08487638068513287,-0.1504355752767614,-0.11713536919833874
-0.09250000000000003,0.9979824492895201,0.4686943512176278,-0.08621514942494718,-0.1513365597961516,-0.11801540752438208
-0.08750000000000002,0.9974651748492672,0.47310819365269713,-0.08757392149410895,-0.1521508450895098,-0.11888850668029935
-0.08250000000000002,0.9969963524673735,0.4775716966861577,-0.0889489761971331,-0.15289049381713393,-0.11974971242810963
-0.07750000000000001,0.9965647566564383,0.48207391989923326,-0.09033551837567183,-0.15356667235914592,-0.12059431473894609
-0.07250000000000001,0.9961607730078897,0.4866054000460843,-0.09172821311488459,-0.1541888587744763,-0.12141787629278372
-0.0675,0.995776376247022,0.49115817774205417,-0.09312168212066925,-0.15476442848121277,-0.12221617882245238
-0.0625,0.9954050156385651,0.4957257257061383,-0.09451087820728289,-0.1552985561473902,-0.12298511575743937
-0.057499999999999996,0.9950414417288285,0.5003028087318403,-0.09589130646801482,-0.15579434047883506,-0.12372055859095393
-0.05249999999999999,0.9946815036483466,0.5048853038706113,-0.09725910272798373,-0.15625305647701676,-0.12441821798888006
-0.04749999999999999,0.9943219398527835,0.5094700050222147,-0.09861100373683254,-0.15667445648215758,-0.12507351271659262
-0.04249999999999998,0.9939601785465846,0.5140544304154496,-0.09994424979549706,-0.1570570654279571,-0.12568145236163664
-0.03749999999999998,0.9935941578545567,0.5186366453299975,-0.10125645484291242,-0.15739843863529002,-0.12623653450099037
-0.03249999999999997,0.9932221703750849,0.5232151065565644,-0.10254546839610071,-0.15769536781026763,-0.1267326534310547
-0.02749999999999997,0.9928427320375106,0.5277885298463789,-0.1038092434295094,-0.15794403202444385,-0.12716301558487347
-0.022499999999999964,0.9924544709125281,0.5323557768767332,-0.10504571678722678,-0.15814009684418526,-0.12752005609317288
-0.01749999999999996,0.9920560272309125,0.5369157535304209,-0.10625270411479626,-0.15827876851341727,-0.12779535150705087
-0.012499999999999956,0.991645950434206,0.541467305559208,-0.10742780840207732,-0.15835481278697022,-0.12797952544541566
-0.007499999999999951,0.9912225712265124,0.5460090894693176,-0.1085683387928896,-0.15836255053251458,-0.12806214683742076
-0.0024999999999999467,0.9907838143979337,0.5505393836555416,-0.10967123364149226,-0.1582958449931649,-0.12803162457318767
0.0024999999999999467,0.9903268992137064,0.5550557847101788,-0.11073297874812038,-0.1581480990771327,-0.1278751080567194
0.007500000000000062,0.9898478456617461,0.5595547030328143,-0.11174950838468085,-0.1579122859897529,-0.12757841099381073
0.012499999999999956,0.9893406642959266,0.5640305261566592,-0.11271607314059821,-0.15758104402824039,-0.12712598664414362
0.01750000000000007,0.9887960536926427,0.5684742523116497,-0.11362705467568701,-0.15714687745631087,-0.12650099766254982
0.022499999999999964,0.9881993655838814,0.5728713035442546,-0.11447570330319091,-0.15660252039135691,-0.12568554303057897
0.02750000000000008,0.9875275361912952,0.5771980962352994,-0.11525377111486565,-0.15594153808460745,-0.12466112751437348
0.03249999999999997,0.986744657742426,0.5814167577232572,-0.11595101470379687,-0.15515925451024082,-0.12340948147290175
0.03750000000000009,0.9857959587713298,0.5854670938874991,-0.11655455601182603,-0.15425409348829625,-0.12191384994715188
0.04249999999999998,0.98460035698076,0.5892544617438769,-0.11704813567856567,-0.15322937304742246,-0.12016084583109128
0.0475000000000001,0.9830428212444663,0.5926314453804941,-0.11741140667985699,-0.15209543748367182,-0.11814285341198744
0.05249999999999999,0.980970259353138,0.5953699218147052,-0.1176196633850491,-0.15087162652230854,-0.11586068195397317
0.05750000000000011,0.978199792232694,0.5971178271479395,-0.1176448895314153,-0.14958674612523148,-0.113325543221163
0.0625,0.9745577371085904,0.5973312614480096,-0.11745986314276194,-0.14827509674517553,-0.11055824280857716
0.0674999999999999,0.9699816345955291,0.5951683121750783,-0.11704824007282327,-0.14696254761148483,-0.10758166003987842
0.07250000000000001,0.9647269467864077,0.5893344874040387,-0.11642411009790908,-0.14563489796080914,-0.1044011922055258
0.0774999999999999,0.9596815792985353,0.5779186407494074,-0.11566046593987818,-0.14418605498482293,-0.10097207334644363
0.08250000000000002,0.9565954499565332,0.5584542873398027,-0.11490745870647337,-0.14237658160858957,-0.0971758657516908
0.08749999999999991,0.9576271000968747,0.5288255812630386,-0.11434488845549856,-0.13990538331580454,-0.09287586783939614
0.09250000000000003,0.9636559916115158,0.4894737109918778,-0.11402498883612759,-0.13668740907073115,-0.08810618048275178
0.09749999999999992,0.9726259870923517,0.44521599615473345,-0.11374060069136649,-0.1331084217620595,-0.08322804268800785
0.10250000000000004,0.9806593356947405,0.40346534065422063,-0.11316620287591396,-0.1298189376271862,-0.0787687150775629
0.10749999999999993,0.9851827537233669,0.3699214826879533,-0.1121521724052596,-0.127255448491854,-0.0750907690142626
0.11250000000000004,0.9861943663260261,0.3464082320003806,-0.11080628873706345,-0.12547371074166758,-0.07227722110674985
0.11749999999999994,0.9850928958071755,0.33184881697025886,-0.1093490481289983,-0.12431447781633286,-0.07023680650784803
0.12250000000000005,0.9832742886246975,0.3240699473805058,-0.10796500286556655,-0.12358936792245377,-0.06882894974402104
0.12749999999999995,0.9815853494636191,0.32095072081606046,-0.10675115396063325,-0.1231590440816672,-0.06792572239521813
0.13250000000000006,0.9803711631024448,0.32084419222353294,-0.10573224489809087,-0.12293853103679997,-0.06742725165015753
0.13749999999999996,0.9796797588441987,0.3226099391755957,-0.10489293286265243,-0.1228801665007997,-0.06725898123166459
0.14250000000000007,0.9794285513325158,0.3255102025845559,-0.10420261240974338,-0.12295727445472132,-0.06736525647530328
0.14749999999999996,0.9795001304402342,0.3290882011412469,-0.10362904686582224,-0.12315364244238677,-0.06770376573201649
0.15250000000000008,0.9797863694393993,0.33306916255608776,-0.10314406679639329,-0.12345781917953566,-0.06824154001057924
0.15749999999999997,0.9802033661063304,0.3372907372528282,-0.10272499312271433,-0.12386038813829714,-0.06895223858598133
0.1625000000000001,0.9806924057575933,0.34165789353971,-0.10235418072438435,-0.12435284803457305,-0.06981434718835025
0.16749999999999998,0.9812154802635191,0.3461151545061929,-0.1020179582040907,-0.12492727328222697,-0.07080999002633877
0.1725000000000001,0.9817496430635303,0.35063005239036077,-0.10170554894995136,-0.1255762984624251,-0.07192413885286104
0.1775,0.9822820708530102,0.3551834081266678,-0.10140819096041266,-0.12629319290615043,-0.0731440675616924
0.1825000000000001,0.9828064849126176,0.3597635323080797,-0.1011185001011723,-0.12707191061396383,-0.07445894721066083
0.1875,0.9833212004782572,0.364362340591393,-0.10083006717751967,-0.12790703732302325,-0.07585949367194694
0.1924999999999999,0.983829582640872,0.368971353681581,-0.10053732596937955,-0.1287934808702127,-0.07733753111352212
0.1975,0.9843460955441511,0.37357352280807643,-0.10023595336262783,-0.12972539914989362,-0.07888509514417424
0.2024999999999999,0.9849192696924048,0.3781189269228688,-0.09992478984234154,-0.130692643597935,-0.08049185209287385
0.20750000000000002,0.985709591430156,0.38244575442558615,-0.09961260415038709,-0.13166896286906685,-0.08213676682999696
0.2124999999999999,0.9872458298506801,0.3860219979320842,-0.09934045624046109,-0.1325732610826594,-0.08376071124744319
0.21750000000000003,0.9912368077239818,0.38712698644029,-0.09925250342880888,-0.1331474896102705,-0.08517931169757459
0.22249999999999992,1.0028668025815464,0.3805292189352356,-0.09979747555833748,-0.1326218620605186,-0.08583945096518115
0.22750000000000004,1.035160608085056,0.3531264962932717,-0.10211483061752306,-0.12917410701778778,-0.08440109751138651
0.23249999999999993,1.1073013306429969,0.28676836660893007,-0.10778095378369192,-0.12065848036536712,-0.07915680876064526
0.23750000000000004,1.21719252416571,0.18787245314383366,-0.11589619617945304,-0.10843949250600565,-0.07075435407451137
0.24249999999999994,1.324449097176077,0.09721193542368077,-0.12196707315980082,-0.09707986361987016,-0.0623006139802886
0.24750000000000005,1.3971852251395673,0.04054563590816829,-0.12318775139334147,-0.0884112078352675,-0.05530484426151476
0.25249999999999995,1.4371170329377683,0.013196610497551347,-0.1205762900006184,-0.08191795869363423,-0.049691107804614526
0.25750000000000006,1.4577593552898158,0.002393750373891409,-0.11608504507885456,-0.07689617210600504,-0.04516045640882975
0.26249999999999996,1.4691832672454845,-0.0006648518169487898,-0.11090638755474277,-0.07282829112082384,-0.0414419050995482
0.26750000000000007,1.476579177556628,-0.00039313150618272157,-0.10565479017484787,-0.06945967003172653,-0.038357241023626976
0.27249999999999996,1.482266285974652,0.001260133675034601,-0.10063261873209856,-0.06666212268722672,-0.03577400875521295
0.2775000000000001,1.4872181496696721,0.0034831646693203053,-0.09598213724828812,-0.06435737467538759,-0.033592589815802244
0.2825,1.491833258984371,0.005947795087970686,-0.0917527903285867,-0.062486232607760046,-0.031747113634512436
0.2875000000000001,1.4962756567595572,0.008523287387025418,-0.08792731257883683,-0.060991003295100384,-0.030202256957115852
0.2925,1.500615429396762,0.011157517003466127,-0.08445709523064558,-0.05982071197593837,-0.02894775504303332
0.2975000000000001,1.5048849012807108,0.013829119733590972,-0.08128965129247907,-0.058934130422454364,-0.02798595530163499
0.3025,1.5091010086049914,0.016528614927079327,-0.07837930744903202,-0.05829446123975403,-0.027319911949453175
0.3075000000000001,1.5132735034528286,0.019251157662672033,-0.07570283875604363,-0.057874784732294134,-0.026949120001027543
0.3125,1.517408665204201,0.021993762003760395,-0.07325831532569804,-0.05765528995324952,-0.02686789768093523
0.3174999999999999,1.521510550581228,0.024754286468080464,-0.07107055719129513,-0.05762896664012401,-0.02706795490520391
0.3225,1.5255823655877032,0.027531003221414656,-0.06917688919334583,-0.057793171798729254,-0.027539142013480705
0.3274999999999999,1.5296278847884786,0.030322394863018937,-0.06759944675652182,-0.05813197936769804,-0.02826898224266118
0.3325,1.5336520345107876,0.03312712000332748,-0.06632720384306454,-0.0586129104042155,-0.029246072208275683
0.3374999999999999,1.5376614712012846,0.035944013795551254,-0.06529521471176235,-0.059183972846421025,-0.030461086565797737
0.3425,1.5416640066641605,0.038772150384045294,-0.06438999716346036,-0.059781331070459416,-0.03190349739775385
0.3474999999999999,1.5456665767351772,0.04161094758590893,-0.06349315417967177,-0.06035020142192862,-0.03355379982577907
0.35250000000000004,1.5496732543824687,0.0444602263648909,-0.06253158109224799,-0.060863655637962685,-0.03537661754600279
0.35749999999999993,1.5536846863048803,0.04732018305635602,-0.061500427729587775,-0.06133062202647595,-0.03732587492295445
0.36250000000000004,1.5576996738010795,0.05019123616458662,-0.06043590981844843,-0.06177583191167859,-0.03935117625832574
0.36749999999999994,1.561716799219138,0.053073921137071066,-0.059382524190863734,-0.062226883308186695,-0.041412538019639615
0.37250000000000005,1.5657355214132491,0.055968833676165224,-0.05836858325591994,-0.06270644124317255,-0.04348928514267782
0.37749999999999995,1.569756490290961,0.05887662509898171,-0.05739860233575048,-0.06323075435483469,-0.04558022242887998
0.38250000000000006,1.5737813909667837,0.06179804425018868,-0.05645809586937705,-0.06381134307393,-0.04769755957647807
0.38749999999999996,1.577812709160255,0.06473403646322973,-0.055522886950508596,-0.06445710413070344,-0.0498592099015234
0.39250000000000007,1.5818536718029423,0.0676859293905504,-0.054567290844305734,-0.06517567673299397,-0.05208283485030788
0.39749999999999996,1.5859084703187003,0.0706557481103967,-0.05356903447844595,-0.06597401004527303,-0.05438269579961978
0.4025000000000001,1.5899827921975032,0.07364670513786187,-0.052511204004645325,-0.06685845217386674,-0.05676875068645883
0.4075,1.594084657825434,0.07666390320368767,-0.05138250576916261,-0.06783462428724231,-0.05924685322350142
0.4125000000000001,1.5982255470248135,0.07971526689750158,-0.05017718371951887,-0.0689071353517474,-0.06181901314428194
0.4175,1.602421774479948,0.08281267979228768,-0.048895547862596846,-0.07007901366121436,-0.06448307263511521
0.4225000000000001,1.6066960228883482,0.08597324500348415,-0.04754545626826203,-0.07135068647307154,-0.0672316632712359
0.4275,1.6110788681885728,0.0892205139903441,-0.04614437518586493,-0.0727184746509001,-0.07005082276949984
0.4325000000000001,1.6156100439969998,0.09258545491542694,-0.044721024690583006,-0.07417284632232551,-0.07291900622186294
0.4375,1.6203391165913998,0.09610688194305109,-0.04331538826869013,-0.0756969588399754,-0.07580724055998492
0.4424999999999999,1.6253252151914876,0.09983106925476048,-0.041976211277910395,-0.07726613672083964,-0.07868080088307829
0.4475,1.6306355261860266,0.10381035115188172,-0.040755951771466924,-0.0788487685783805,-0.0815022064889402
0.4524999999999999,1.636342435901946,0.10810066559574753,-0.039704119396028845,-0.08040868612306057,-0.08423483735142648
0.4575,1.6425194721468936,0.11275820659083792,-0.038860592456051044,-0.08190858848990083,-0.08684628539248393
0.4624999999999999,1.6492364787274372,0.11783555708668049,-0.03825054545490035,-0.08331372487868953,-0.08931071560177077
0.4675,1.6565546640824582,0.12337781414254195,-0.03788206680855613,-0.08459499793029783,-0.09160988658350884
0.4724999999999999,1.6645222197252176,0.12941924316868397,-0.037746690414904596,-0.08573089145383628,-0.09373288008107483
0.47750000000000004,1.67317108721725,0.13598089708578964,-0.03782228225660004,-0.08670801946378566,-0.0956748759264972
0.48249999999999993,1.6825152074886156,0.14306944136343902,-0.038077276553478874,-0.08752046523330406,-0.09743543180807927
0.48750000000000004,1.6925502956270038,0.1506771978971747,-0.03847520332485048,-0.08816831139115085,-0.09901670495146643
0.49249999999999994,1.7032549310424363,0.15878322305708972,-0.03897868469204529,-0.08865582535633902,-0.10042193783880926
0.49750000000000005,1.714592591660137,0.16735511096061909,-0.039552433711571265,-0.08898969626397624,-0.1016543802381594
0.5025,1.726514206372478,0.17635117438728082,-0.04016512634580125,-0.08917758422899452,-0.102716681532401
0.5075000000000001,1.7389608346904586,0.1857226886335354,-0.040790257840285206,-0.08922709846229955,-0.10361068840215357
0.5125,1.7518661721771183,0.19541596000349465,-0.04140622218036249,-0.08914520418536187,-0.10433753178690522
0.5175000000000001,1.765158689780106,0.20537407166572086,-0.04199588665202619,-0.08893798392625106,-0.10489787724274006
0.5225,1.7787633184745577,0.21553824383370818,-0.04254590557870846,-0.08861064514804097,-0.10529223013541503
0.5275000000000001,1.7926026734644813,0.22584881124589237,-0.043045959500403075,-0.08816766406513378,-0.1055212169069965
0.5325,1.8065978705980112,0.2362458659147707,-0.04348804178070282,-0.08761297440347347,-0.10558579565215731
0.5375000000000001,1.8206690242394952,0.24666963968830405,-0.043865857883114104,-0.08695014062070588,-0.10548737849692227
0.5425,1.8347355361431579,0.2570607142258339,-0.04417435964809057,-0.08618248939759177,-0.10522787277681014
0.5475000000000001,1.8487162946213516,0.26736015049141376,-0.04440940905098415,-0.08531320217239903,-0.1048096654110691
0.5525,1.8625299067872707,0.27750962953658065,-0.04456755155909084,-0.08434538676976654,-0.10423558155563031
0.5575000000000001,1.8760950859471084,0.2874516931279988,-0.04464587526454925,-0.08328214397974981,-0.10350884226823032
0.5625,1.8893313109308763,0.29713016671741604,-0.0446419344593749,-0.08212662957805349,-0.10263302906424696
0.5674999999999999,1.9021598615340123,0.3064908366191044,-0.044553720979819814,-0.08088209492639592,-0.10161204389889604
0.5725,1.9145053095987488,0.315482434895544,-0.044379670095854674,-0.07955188157414599,-0.10045004099541828
0.5774999999999999,1.9262975029027076,0.3240579554872915,-0.04411868858460645,-0.07813935213722949,-0.09915130785465982
0.5825,1.937474014060962,0.3321762802568232,-0.04377019171913801,-0.07664775704377508,-0.09772008553305221
0.5874999999999999,1.9479829378855538,0.3398040330668191,-0.04333413514526472,-0.07508005514907881,-0.09616033620793533
0.5925,1.9577858141824154,0.3469175079396005,-0.04281102847979292,-0.07343871760129099,-0.09447548155334745
0.5974999999999999,1.9668603453966034,0.35350444497539396,-0.04220192013218972,-0.07172554597777124,-0.09266814389450978
0.6025,1.9752024975877542,0.35956537378266934,-0.04150834659662584,-0.06994153003140617,-0.09073992286662448
0.6074999999999999,1.9828275534431021,0.3651142320210649,-0.04073224359302587,-0.0680867616493365,-0.08869123518901684
0.6125,1.9897697579601101,0.37017801696427294,-0.03987582087128296,-0.0661604128219037,-0.0865212362917667
0.6174999999999999,1.9960803724114167,0.37479534848131446,-0.03894140745858012,-0.06416077734281705,-0.08422783129422957
0.6225,2.0018242089216725,0.37901399801214164,-0.03793127939629698,-0.06208536831199204,-0.08180777031219684
0.6275,2.0070749994480725,0.38288763104443213,-0.03684748645143295,-0.05993105645251289,-0.0792568109085286
0.6325000000000001,2.011910180066473,0.38647216600864887,-0.03569169621766718,-0.05769422903712133,-0.07656992117254116
0.6375,2.0164057705306533,0.38982221957554003,-0.03446507214619953,-0.055370947586316305,-0.07374149297081829
0.6425000000000001,2.0206319604226355,0.39298805948073995,-0.033168196309055806,-0.05295708552075756,-0.0707655377842739
0.6475,2.024649783786212,0.39601332578950027,-0.03180103945991985,-0.05044843430830018,-0.067635846805156
0.6525000000000001,2.0285089126224842,0.3989335366201253,-0.030362972386848007,-0.04784077689967977,-0.06434611072133245
0.6575,2.0322461538562426,0.4017750840372552,-0.02885280559596704,-0.04512993896783979,-0.060890010973857864
0.6625000000000001,2.035883645815089,0.40455401636129823,-0.02726883990125311,-0.04231184174798927,-0.057261313362340346
0.6675,2.0394247987770426,0.4072732413690559,-0.025608908051352883,-0.039382598252188206,-0.05345402096524451
0.6725000000000001,2.0428441517174534,0.4099154822686549,-0.023870385739781362,-0.03633872513642314,-0.04946268729967539
0.6775,2.0460632871541704,0.4124265135116086,-0.02205014841892164,-0.033177600480563486,-0.04528307346179931
0.6825000000000001,2.048896141606325,0.41467706741641935,-0.020144451929845885,-0.02989840878841204,-0.0409134908880456
0.6875,2.0509282245382643,0.4163786410592977,-0.01814873984519191,-0.02650401727301343,-0.036357459354866874
0.6924999999999999,2.0512564143328875,0.416901736164834,-0.016057500876829348,-0.02300456135957885,-0.03162878443161368
0.6975,2.047951623363699,0.41489838671439183,-0.013864747451314333,-0.01942394518812639,-0.026760768927351287
0.7024999999999999,2.0370532563742985,0.4075851586618409,-0.011567114681093796,-0.015810588597639577,-0.0218214612588418
0.7075,2.0111385906417523,0.38967307500265735,-0.009175331817012763,-0.012252147843453772,-0.016934590747051233
0.7124999999999999,1.9589963235857153,0.35288988165006396,-0.006745760606705824,-0.008887980787542415,-0.01229740492074823
0.7175,1.8715132483105232,0.28961310762153814,-0.004435969313458972,-0.005904399162722327,-0.008174100680296332
0.7224999999999999,1.7571883857622732,0.20404448004948578,-0.0025199258704507936,-0.003500561582340995,-0.0048471743686811525
0.7275,1.6479830139788054,0.11917219880737535,-0.0012290216043158576,-0.001818561874710509,-0.0025181065663924377
0.7324999999999999,1.572200574164575,0.058605774533474826,-0.0005344767804834878,-0.0008360809061264308,-0.0011576494474895263
0.7375,1.531490199452236,0.025632708026090332,-0.0002181231315522848,-0.0003529081484970277,-0.0004886459986206927
0.7424999999999999,1.5129001849068946,0.010509161318726324,-8.62734594778225e-05,-0.00014186909533681923,-0.00019644649593316462
0.7475,1.5051143040141484,0.004167362280596313,-3.353404920626192e-05,-5.552898926230416e-05,-7.689751172139409e-05
0.7525,1.501990026579422,0.001621690483277077,-1.2873508909632583e-05,-2.1377704533012993e-05,-2.9607176816175077e-05
0.7575000000000001,1.5007642428590091,0.0006228095751739542,-4.887681709650387e-06,-8.125646747763223e-06,-1.1254921909392689e-05
0.7625,1.5002901570274676,0.0002364645198680594,-1.835057825897373e-06,-3.052118056949516e-06,-4.228037645258939e-06
0.7675000000000001,1.5001089067928106,8.87555105047923e-05,-6.80768650023772e-07,-1.1324861805378016e-06,-1.5690159716203571e-06
0.7725,1.5000403792229822,3.290831335042017e-05,-2.492743005789447e-07,-4.147139982660843e-07,-5.746504845976472e-07
0.7775000000000001,1.5000147721916313,1.2039270960927945e-05,-8.997804182665561e-08,-1.4970251197112883e-07,-2.0746659392799547e-07
0.7825,1.5000053252180803,4.340108984153676e-06,-3.197353062446026e-08,-5.319840043805567e-08,-7.373686142129445e-08
0.7875000000000001,1.5000018889258628,1.539524188395148e-06,-1.1169552603684697e-08,-1.85847705475208e-08,-2.5763968620704938e-08
0.7925,1.5000006583238674,5.365619928613468e-07,-3.830591451080738e-09,-6.373825239525543e-09,-8.8374539061114e-09
0.7975000000000001,1.500000225099075,1.834691234885176e-07,-1.2879059419121281e-09,-2.143044882987747e-09,-2.9718791456831715e-09
0.8025,1.500000075403723,6.145981280429682e-08,-4.239481087841773e-10,-7.054604176081102e-10,-9.784671927982258e-10
0.8075000000000001,1.5000000247112784,2.01420166930911e-08,-1.3645776624671184e-10,-2.2707590191817173e-10,-3.1500595784384447e-10
0.8125,1.5000000079124027,6.449491568390034e-09,-4.289591194848061e-11,-7.13841012166892e-11,-9.904287090917696e-11
0.8174999999999999,1.5000000024722473,2.015201133707963e-09,-1.3154376672885156e-11,-2.1891149410983388e-11,-3.0378323257400594e-11
0.8225,1.500000000752902,6.137255518877565e-10,-3.930925611744443e-12,-6.541926570962515e-12,-9.079743602265531e-12
0.8274999999999999,1.50000000022324,1.8197722792852048e-10,-1.1435367343429314e-12,-1.9031512679699547e-12,-2.6418783127748694e-12
0.8325,1.5000000000643794,5.2480760361248885e-11,-3.235348411799949e-13,-5.384636052083203e-13,-7.475945060535179e-13
0.8374999999999999,1.50000000001804,1.4706263260562673e-11,-8.894243862677619e-14,-1.480322040294314e-13,-2.055582289911918e-13
0.8425,1.5000000000049072,4.00056669563484e-12,-2.3737216026317272e-14,-3.950832583099542e-14,-5.487001180301867e-14
0.8474999999999999,1.5000000000012947,1.05548909836898e-12,-6.144575001020106e-15,-1.0227326323501764e-14,-1.4206100138174018e-14
0.8525,1.500000000000331,2.6980798033009255e-13,-1.540431368345217e-15,-2.564037438669369e-15,-3.5620935658629085e-15
0.8574999999999999,1.500000000000082,6.677113068914158e-14,-3.732577766865147e-16,-6.213050761575209e-16,-8.633108452740596e-16
0.8625,1.5000000000000195,1.6003826931175953e-14,-8.741092746600902e-17,-1.4550555612258825e-16,-2.0222975311881709e-16
0.8674999999999999,1.5000000000000044,3.710407232748018e-15,-1.9640902648126268e-17,-3.269626901648165e-17,-4.5456578905653026e-17
0.8725,1.5000000000000009,7.773414802846901e-16,-3.7194228238993e-18,-6.192532634663246e-18,-8.615769332644638e-18
0.8775,1.5000000000000002,1.0593674937041967e-16,-4.1063568103327124e-19,-6.83793213337628e-19,-9.52342963286645e-19
0.8825000000000001,1.5,4.372478617370388e-18,-1.6072466545606228e-20,-2.6765137090140705e-20,-3.7286264671180016e-20
0.8875,1.5,1.3070240990186866e-19,-4.572730166988093e-22,-7.615110330708649e-22,-1.0610511483675057e-21
0.8925000000000001,1.5,2.429421623452261e-21,-9.03765696869773e-24,-1.5050048760525423e-23,-2.096469657175471e-23
0.8975,1.5,7.830633120767423e-23,-2.814071023429882e-25,-4.686288577031685e-25,-6.529047736053895e-25
0.9025000000000001,1.5,1.945979624652502e-24,-6.820763886347227e-27,-1.135885522601317e-26,-1.5827051349078953e-26
0.9075,1.5,3.7640309429927094e-26,-1.336018231308982e-28,-2.2248995410948987e-28,-3.099952592071219e-28
0.9125000000000001,1.5,8.34904611734234e-28,-2.9166162361066368e-30,-4.8571563730088515e-30,-6.767914628236998e-30
0.9175,1.5,1.5588683613428755e-29,-5.504965015697147e-32,-9.1675685870317e-32,-1.2773447764884675e-31
0.9225000000000001,1.5,3.283985430323436e-31,-1.1487465313310543e-33,-1.913051740588364e-33,-2.66561709480245e-33
0.9275,1.5,6.236116730599924e-33,-2.19248343727212e-35,-3.6512154078827503e-35,-5.087453163779944e-35
0.9325000000000001,1.5,1.2558286381499361e-34,-4.379442225880642e-37,-7.293275093944608e-37,-1.0162515510188361e-36
0.9375,1.5,2.3112697536273336e-36,-8.050320048929848e-39,-1.34065682287047e-38,-1.868100558847444e-38
0.9424999999999999,1.5,4.210774853110915e-38,-1.4522574776528256e-40,-2.418529125170465e-40,-3.37017875583596e-40
0.9475,1.5,6.7943962788477466e-40,-2.337720741811527e-42,-3.893149815407128e-42,-5.4250951587200133e-42
0.9524999999999999,1.5,1.0622832779282709e-41,-3.6517370272411824e-44,-6.08146256792433e-44,-8.474510643350274e-44
0.9575,1.5,1.6349683055762757e-43,-5.6722111703790515e-46,-9.446221509649348e-46,-1.3162796433542099e-45
0.9624999999999999,1.5,2.8398925399429864e-45,-9.798966567922657e-48,-1.63187911636504e-47,-2.2739956872390792e-47
0.9675,1.5,4.619752910067762e-47,-1.5807539341689256e-49,-2.632538904749233e-49,-3.668538155921664e-49
0.9724999999999999,1.5,6.7119706158141154e-49,-2.2838714278592384e-51,-3.8035056889943234e-51,-5.3004586594658555e-51
0.9775,1.5,8.978603083044984e-51,-3.0413715528514666e-53,-5.06504599671093e-53,-7.058648893201672e-53
0.9824999999999999,1.5,1.1167724003542241e-52,-3.775553724538431e-55,-6.287751760535601e-55,-8.762708901361509e-55
0.9875,1.5,1.3487371569066765e-54,-4.515691097385289e-57,-7.520422081856796e-57,-1.0481040359755442e-56
0.9924999999999999,1.5,1.35969149236927e-56,-4.512325413090806e-59,-7.5148662437922495e-59,-1.0473702640085548e-58
0.9975,1.5,1.1306142065924814e-58,-3.7462684782349314e-61,-6.23907573339519e-61,-8.695654620974933e-61
