-0.9975,1.0530867084946727,0.13316717299179626,-0.11737804999298808
-0.9925,1.0534311963462506,0.13284620118996485,-0.11729883497805758
-0.9875,1.0538474601682075,0.1324688837493714,-0.11714148938363066
-0.9825,1.0542885594574427,0.13207798754951694,-0.1169287104589701
-0.9775,1.0547441421602015,0.1316813197128921,-0.11667865185843039
-0.9725,1.055210594206231,0.13128086796974966,-0.11640365698675373
-0.9675,1.0556860356087732,0.1308774606644116,-0.11611185867382837
-0.9625,1.0561693020907612,0.13047158058428623,-0.11580858892846436
-0.9575,1.0566596307379668,0.1300635496654387,-0.11549735014979193
-0.9525,1.0571565098930245,0.1296535955472652,-0.11518045403596106
-0.9475,1.0576595900521335,0.12924188661900535,-0.11485943802173129
-0.9425,1.0581686272641235,0.12882855365198742,-0.11453533653891593
-0.9375,1.0586834465563848,0.12841370381699593,-0.11420885802791161
-0.9325,1.0592039182389055,0.12799742992823826,-0.1138805007927588
-0.9275,1.0597299425982687,0.12757981662043072,-0.11355062915273154
-0.9225,1.0602614400939896,0.12716094455180124,-0.11321952380425464
-0.9175,1.0607983451882965,0.1267408933468573,-0.11288741542817211
-0.9125,1.0613406025990273,0.12631974375002805,-0.11255450741836383
-0.9075,1.0618881651933865,0.12589757930459264,-0.11222099156025989
-0.9025,1.0624409930196603,0.1254744877703269,-0.11188705915928301
-0.8975,1.0629990531573916,0.12505056242889306,-0.11155290925591826
-0.8925,1.0635623201883138,0.12462590338604856,-0.11121875500180636
-0.8875,1.0641307771732431,0.12420061895688207,-0.11088482890358846
-0.8825000000000001,1.064704417079543,0.12377482721039532,-0.11055138739914402
-0.8775,1.0652832446506906,0.12334865775122206,-0.11021871506937723
-0.8725,1.0658672787524255,0.12292225382941357,-0.10988712867830142
-0.8674999999999999,1.0664565552759735,0.12249577489580406,-0.10955698115513005
-0.8625,1.0670511307338795,0.12206939976306556,-0.10922866557068828
-0.8575,1.0676510867522468,0.12164333059331417,-0.10890261910648892
-0.8525,1.0682565357453657,0.12121779801157842,-0.10857932695981405
-0.8475,1.0688676281490013,0.12079306773437198,-0.1082593260644796
-0.8425,1.0694845616705306,0.1203694491877736,-0.10794320842754225
-0.8375,1.070107593056312,0.11994730663913057,-0.10763162378109153
-0.8325,1.0707370528300788,0.11952707333278212,-0.10732528112228634
-0.8275,1.0713733632558158,0.11910926893905595,-0.10702494856632047
-0.8225,1.0720170593529879,0.11869452022612416,-0.10673145077761054
-0.8175,1.0726688120831969,0.1182835841870233,-0.10644566309876492
-0.8125,1.073329451821574,0.11787737188194655,-0.10616850140488955
-0.8075,1.0739999889909735,0.11747697004939789,-0.10590090672717829
-0.8025,1.074681627453286,0.11708365626952853,-0.10564382387726659
-0.7975,1.0753757652255214,0.1166989024215169,-0.10539817371958463
-0.7925,1.076083976720455,0.11632436075287954,-0.1051648194139632
-0.7875,1.076807971420387,0.115961827480932,-0.10494452786627519
-0.7825,1.0775495259834644,0.11561318078100426,-0.10473792869256397
-0.7775,1.0783103902983227,0.11528029333949645,-0.10454547405704331
-0.7725,1.0790921726027023,0.11496492404995602,-0.10436740356035829
-0.7675,1.0798962137025752,0.11466859818656801,-0.10420371868522438
-0.7625,1.080723464484822,0.11439248946352294,-0.10405417094830277
-0.7575000000000001,1.081574383140583,0.11413731965244653,-0.1039182667684807
-0.7525,1.0824488678909634,0.11390329098574556,-0.10379529021764869
-0.7475,1.0833462371936473,0.11369006307185196,-0.10368434252801476
-0.7424999999999999,1.084265262850483,0.11349677988629224,-0.10358439489322764
-0.7375,1.0852042533356312,0.1133221447119223,-0.10349434918168969
-0.7324999999999999,1.0861611767216295,0.11316453329962066,-0.10341310008585013
-0.7275,1.087133806548742,0.11302212968588761,-0.10333959220097631
-0.7224999999999999,1.0881198711777815,0.1128930663087989,-0.10327286656512666
-0.7175,1.089117188099619,0.112775550818666,-0.10321209306282376
-0.7125,1.090123768925511,0.11266796590636924,-0.10315658738552244
-0.7075,1.091137887154616,0.11256893444844185,-0.10310581347438894
-0.7025,1.09215810771478,0.11247734878561985,-0.10305937412594399
-0.6975,1.093183283175845,0.11239236856106197,-0.10301699345657622
-0.6925,1.0942125253851929,0.11231339523421865,-0.1029784951373718
-0.6875,1.0952451626927944,0.11224003278340111,-0.10294377985089981
-0.6825,1.0962806921903405,0.11217204346101495,-0.10291280453176992
-0.6775,1.0973187342015964,0.11210930543937009,-0.1028855649129917
-0.6725,1.0983589934929996,0.11205177659591871,-0.10286208194846
-0.6675,1.0994012290713706,0.11199946624109243,-0.10284239196753457
-0.6625,1.1004452324685514,0.11195241473596039,-0.10282653999117587
-0.6575,1.1014908132406387,0.11191067983538922,-0.1028145754719051
-0.6525000000000001,1.1025377899499411,0.1118743281509229,-0.10280654973902847
-0.6475,1.1035859849392529,0.1118434301588187,-0.10280251455306165
-0.6425000000000001,1.1046352215160125,0.11181805746253787,-0.1028025213299092
-0.6375,1.1056853225504677,0.11179828137862217,-0.10280662074123112
-0.6325000000000001,1.1067361098418669,0.1117841722415214,-0.10281486251152852
-0.6275,1.1077874038712374,0.1117757990702802,-0.10282729531103307
-0.6225,1.1088390237345458,0.11177322940401559,-0.10284396669208316
-0.6174999999999999,1.1098907871539325,0.1117765292104042,-0.10286492304397064
-0.6125,1.1109425105203876,0.11178576282356745,-0.10289020955523957
-0.6074999999999999,1.1119940089483613,0.11180099289314786,-0.10291987017897998
-0.6025,1.1130450963348195,0.1118222803376387,-0.10295394759947325
-0.5974999999999999,1.1140955854201022,0.11184968429956792,-0.1029924831996474
-0.5925,1.11514528784972,0.11188326210179966,-0.10303551702919266
-0.5875,1.1161940142368079,0.11192306920477006,-0.103083087773315
-0.5825,1.1172415742251367,0.1119691591646335,-0.10313523272214024
-0.5775,1.1182877765526225,0.11202158359234139,-0.10319198774079169
-0.5725,1.1193324291152893,0.1120803921136827,-0.10325338724016546
-0.5675,1.120375339031644,0.11214563233031838,-0.10331946414842627
-0.5625,1.1214163127074164,0.11221734978183924,-0.10339024988324773
-0.5575,1.1224551559006273,0.11229558790887713,-0.10346577432481809
-0.5525,1.1234916737869372,0.11238038801729802,-0.1035460657896339
-0.5475,1.1245256710252358,0.11247178924350426,-0.10363115100510135
-0.5425,1.1255569518234323,0.11256982852087133,-0.10372105508496475
-0.5375,1.1265853200044007,0.11267454054734485,-0.10381580150558128
-0.5325,1.1276105790720423,0.11278595775422022,-0.1039154120830596
-0.5275000000000001,1.1286325322774242,0.11290411027612825,-0.10401990695127869
-0.5225,1.1296509826849515,0.11302902592224785,-0.10412930454080359
-0.5175000000000001,1.1306657332385368,0.11316073014876427,-0.10424362155871218
-0.5125,1.1316765868277268,0.11329924603259259,-0.1043628729693475
-0.5075000000000001,1.1326833463537427,0.11344459424638338,-0.10448707197600846
-0.5025,1.1336858147954079,0.11359679303482641,-0.10461623000359034
-0.49750000000000005,1.1346837952749116,0.11375585819226627,-0.1047503566821875
-0.49250000000000005,1.1356770911233838,0.1139218030416449,-0.10488945983166678
-0.48750000000000004,1.1366655059462405,0.11409463841478017,-0.10503354544722163
-0.48250000000000004,1.137648843688263,0.1142743726339948,-0.10518261768591478
-0.47750000000000004,1.1386269086983825,0.11446101149510166,-0.10533667885421664
-0.47250000000000003,1.1395995057941308,0.11465455825175573,-0.10549572939654545
-0.4675,1.1405664403257296,0.11485501360117846,-0.10565976788481442
-0.4625,1.141527518239784,0.115062375671261,-0.10582879100899038
-0.4575,1.1424825461425512,0.11527664000904933,-0.10600279356866661
-0.4525,1.1434313313627542,0.1154977995706157,-0.106181768465653
-0.4475,1.144373682013912,0.1157258447123178,-0.10636570669758459
-0.4425,1.1453094070561591,0.11596076318344611,-0.10655459735254884
-0.4375,1.1462383163575258,0.11620254012025975,-0.10674842760473205
-0.4325,1.1471602207546558,0.116451158041408,-0.10694718271108315
-0.4275,1.1480749321129369,0.116706596844736,-0.10715084600899288
-0.4225,1.148982263386017,0.116968833805471,-0.10735939891498618
-0.4175,1.1498820286746878,0.1172378435757831,-0.10757282092442323
-0.4125,1.15077404328511,0.11751359818571537,-0.10779108961220576
-0.4075,1.1516581237863635,0.11779606704547667,-0.1080141806344826
-0.40249999999999997,1.1525340880672987,0.11808521694908973,-0.10824206773134924
-0.39749999999999996,1.1534017553926743,0.1183810120793841,-0.10847472273053452
-0.39249999999999996,1.1542609464585591,0.11868341401432689,-0.10871211555206751
-0.38749999999999996,1.1551114834469873,0.11899238173467779,-0.1089542142139161
-0.38249999999999995,1.1559531900798443,0.1193078716329603,-0.10920098483858975
-0.37749999999999995,1.1567858916719742,0.11962983752373435,-0.10945239166069647
-0.37250000000000005,1.1576094151834928,0.11995823065515875,-0.1097083970354445
-0.36750000000000005,1.1584235892712915,0.12029299972183005,-0.10996896144807931
-0.36250000000000004,1.159228244339724,0.1206340908788826,-0.11023404352424404
-0.35750000000000004,1.1600232125904597,0.12098144775733602,-0.11050360004125279
-0.35250000000000004,1.1608083280715,0.12133501148067362,-0.11077758594026574
-0.34750000000000003,1.1615834267253415,0.1216947206826353,-0.11105595433935259
-0.3425,1.162348346436281,0.12206051152621053,-0.11133865654743323
-0.3375,1.1631029270768567,0.12243231772381111,-0.11162564207908234
-0.3325,1.163847010553413,0.12281007055860835,-0.11191685867018462
-0.3275,1.1645804408507903,0.12319369890701577,-0.11221225229442722
-0.3225,1.1653030640761248,0.12358312926229896,-0.11251176718061615
-0.3175,1.1660147285017652,0.12397828575929297,-0.11281534583080173
-0.3125,1.1667152846072926,0.1243790902002097,-0.11312292903920022
-0.3075,1.1674045851206465,0.12478546208151428,-0.11343445591189552
-0.3025,1.168082485058352,0.1251973186218512,-0.1137498638873076
-0.2975,1.1687488417648453,0.12561457479100063,-0.11406908875741294
-0.2925,1.1694035149509003,0.126037143339843,-0.11439206468970105
-0.2875,1.1700463667311511,0.12646493483131435,-0.11471872424985288
-0.2825,1.170677261660713,0.12689785767232878,-0.11504899842512586
-0.27749999999999997,1.1712960667709016,0.12733581814664918,-0.1153828166484308
-0.27249999999999996,1.1719026516040512,0.1277787204486851,-0.1157201068230844
-0.26749999999999996,1.1724968882474331,0.1282264667181964,-0.11606079534822361
-0.26249999999999996,1.173078651366279,0.12867895707588137,-0.11640480714486486
-0.25749999999999995,1.173647818235905,0.12913608965983092,-0.11675206568259504
-0.25249999999999995,1.1742042687729468,0.12959776066282358,-0.1171024930068773
-0.24750000000000005,1.1747478855657039,0.13006386437044395,-0.11745600976695729
-0.24250000000000005,1.175278553903598,0.13053429320000204,-0.11781253524435474
-0.23750000000000004,1.1757961618057493,0.1310089377402325,-0.11817198738192519
-0.23250000000000004,1.1763006000486749,0.13148768679175404,-0.11853428281347739
-0.22750000000000004,1.176791762193112,0.13197042740826637,-0.11889933689393092
-0.22250000000000003,1.1772695446099741,0.1324570449384659,-0.11926706372999962
-0.21750000000000003,1.1777338465054397,0.13294742306865842,-0.11963737621138662
-0.21250000000000002,1.1781845699451838,0.13344144386604836,-0.12001018604247563
-0.20750000000000002,1.1786216198777535,0.13393898782268504,-0.12038540377450513
-0.2025,1.179044904157094,0.13443993390004505,-0.12076293883821076
-0.1975,1.1794543335642325,0.1349441595742304,-0.12114269957692135
-0.1925,1.1798498218281208,0.13545154088176325,-0.12152459328009586
-0.1875,1.1802312856456472,0.13596195246595744,-0.12190852621728683
-0.1825,1.1805986447008199,0.1364752676238461,-0.12229440367251644
-0.1775,1.1809518216831294,0.1369913583536477,-0.12268212997905252
-0.1725,1.1812907423050938,0.13751009540274947,-0.12307160855457021
-0.16749999999999998,1.181615335318994,0.13803134831619038,-0.12346274193668759
-0.16249999999999998,1.1819255325328046,0.1385549854856232,-0.12385543181886073
-0.15749999999999997,1.1822212688253242,0.13908087419873946,-0.12424957908662629
-0.15249999999999997,1.1825024821605126,0.13960888068913596,-0.12464508385417938
-0.14749999999999996,1.1827691136010396,0.14013887018660545,-0.1250418455012724
-0.14249999999999996,1.1830211073210501,0.1406707069678338,-0.125439762710425
-0.13749999999999996,1.1832584106181516,0.1412042544074843,-0.12583873350443045
-0.13249999999999995,1.1834809739246286,0.14173937502965195,-0.12623865528414807
-0.12749999999999995,1.1836887508178886,0.14227593055966972,-0.1266394248665689
-0.12250000000000005,1.1838816980301463,0.14281378197624864,-0.12704093852314258
-0.11750000000000005,1.184059775457347,0.14335278956393444,-0.12744309201835452
-0.11250000000000004,1.1842229461673377,0.14389281296586287,-0.12784578064854057
-0.10750000000000004,1.1843711764072877,0.14443371123679696,-0.12824889928092842
-0.10250000000000004,1.1845044356103631,0.14497534289642824,-0.12865234239289353
-0.09750000000000003,1.1846226964016586,0.14551756598292506,-0.12905600411141893
-0.09250000000000003,1.1847259346033923,0.14606023810671043,-0.12945977825274638
-0.08750000000000002,1.1848141292393652,0.14660321650445254,-0.12986355836220856
-0.08250000000000002,1.184887262538687,0.14714635809325152,-0.13026723775423024
-0.07750000000000001,1.1849453199387763,0.14768951952500403,-0.13067070955248733
-0.07250000000000001,1.184988290087631,0.1482325572409299,-0.13107386673021215
-0.0675,1.1850161648453768,0.14877532752624295,-0.1314766021506343
-0.0625,1.1850289392850946,0.14931768656494954,-0.1318788086075446
-0.057499999999999996,1.1850266116929271,0.14985949049475808,-0.13228037886597174
-0.05249999999999999,1.1850091835674672,0.1504005954620811,-0.13268120570295952
-0.04749999999999999,1.1849766596184308,0.15094085767711443,-0.13308118194843305
-0.04249999999999998,1.184929047764614,0.15148013346897465,-0.13348020052614268
-0.03749999999999998,1.1848663591311346,0.15201827934087908,-0.13387815449467363
-0.03249999999999997,1.1847886080459618,0.1525551520253502,-0.1342749370885092
-0.02749999999999997,1.1846958120357303,0.15309060853942624,-0.13467044175913614
-0.022499999999999964,1.1845879918208428,0.15362450623986232,-0.1350645622161794
-0.01749999999999996,1.1844651713098575,0.15415670287830213,-0.13545719246855475
-0.012499999999999956,1.1843273775931629,0.15468705665640362,-0.13584822686562564
-0.007499999999999951,1.1841746409359375,0.15521542628090068,-0.1362375601383527
-0.0024999999999999467,1.184006994770395,0.15574167101858172,-0.13662508744042223
0.0024999999999999467,1.1838244756873122,0.15626565075116708,-0.13701070438934157
0.007500000000000062,1.1836271234268385,0.1567872260300674,-0.1373943071074867
0.012499999999999956,1.1834149808685892,0.15730625813100238,-0.13777579226308984
0.01750000000000007,1.1831880940210147,0.157822609108462,-0.13815505711115192
0.022499999999999964,1.1829465120100473,0.15833614184999148,-0.1385319995342678
0.02750000000000008,1.1826902870670248,0.15884672013027837,-0.1389065180833474
0.03249999999999997,1.1824194745158854,0.15935420866502306,-0.1392785120182204
0.03750000000000009,1.1821341327596309,0.15985847316457347,-0.13964788134810804
0.04249999999999998,1.1818343232660617,0.16035938038730133,-0.14001452687194801
0.0475000000000001,1.1815201105527724,0.16085679819270135,-0.14037835021855574
0.05249999999999999,1.1811915621714109,0.16135059559419082,-0.1407392538866074
0.05750000000000011,1.1808487486911954,0.16184064281158905,-0.14109714128442777
0.0625,1.1804917436816886,0.1623268113232546,-0.14145191676956628
0.0674999999999999,1.180120623694821,0.16280897391785934,-0.14180348568814558
0.07250000000000001,1.1797354682461654,0.16328700474577476,-0.14215175441396383
0.0774999999999999,1.1793363597954556,0.1637607793700507,-0.1424966303873351
0.08250000000000002,1.1789233837263469,0.16423017481696217,-0.1428380221536481
0.08749999999999991,1.1784966283254157,0.16469506962610045,-0.14317583940162695
0.09250000000000003,1.1780561847603928,0.1651553438999866,-0.14350999300127387
0.09749999999999992,1.1776021470576283,0.16561087935318153,-0.1438403950414763
0.10250000000000004,1.1771346120787847,0.16606155936087,-0.14416695886725805
0.10749999999999993,1.1766536794967526,0.1665072690068938,-0.14448959911665654
0.11250000000000004,1.1761594517707892,0.16694789513120836,-0.1448082317572041
0.11749999999999994,1.175652034120872,0.167383326376739,-0.14512277412199548
0.12250000000000005,1.1751315345012694,0.1678134532356107,-0.14543314494531973
0.12749999999999995,1.1745980635733175,0.16823816809472583,-0.14573926439783608
0.13250000000000006,1.1740517346774106,0.16865736528066433,-0.14604105412127255
0.13749999999999996,1.1734926638041916,0.16907094110387924,-0.14633843726262658
0.14250000000000007,1.172920969564948,0.16947879390216336,-0.14663133850784513
0.14749999999999996,1.1723367731612067,0.16988082408335758,-0.14691968411496373
0.15250000000000008,1.1717401983535247,0.17027693416727666,-0.14720340194668077
0.15749999999999997,1.1711313714294784,0.17066702882682408,-0.14748242150234636
0.1625000000000001,1.1705104211708441,0.1710510149282697,-0.14775667394934203
0.16749999999999998,1.169877478819972,0.17142880157066198,-0.14802609215382978
0.1725000000000001,1.1692326780453504,0.1718003001243489,-0.14829061071084618
0.1775,1.1685761549063605,0.17216542426857967,-0.14855016597372003
0.1825000000000001,1.1679080478172217,0.1725240900281582,-0.14880469608279004
0.1875,1.1672284975101246,0.17287621580912416,-0.1490541409933991
0.1924999999999999,1.1665376469975566,0.17322172243343126,-0.14929844250314184
0.1975,1.1658356415338151,0.1735605331725973,-0.1495375442783436
0.2024999999999999,1.1651226285757161,0.1738925737802967,-0.14977139187974586
0.20750000000000002,1.1643987577424917,0.17421777252387113,-0.14999993278737617
0.2124999999999999,1.1636641807748875,0.17453606021472878,-0.1502231164245791
0.21750000000000003,1.1629190514934569,0.17484737023760621,-0.15044089418118545
0.22249999999999992,1.162163525756055,0.17515163857866708,-0.15065321943579646
0.22750000000000004,1.16139776141454,0.17544880385240963,-0.15086004757716107
0.23249999999999993,1.1606219182706838,0.17573880732735944,-0.15106133602462327
0.23750000000000004,1.1598361580312966,0.17602159295051872,-0.1512570442476174
0.24249999999999994,1.1590406442625705,0.17629710737054968,-0.15144713378419
0.24750000000000005,1.1582355423436528,0.17656529995966544,-0.15163156825852592
0.25249999999999995,1.1574210194194492,0.17682612283420449,-0.1518103133974583
0.25750000000000006,1.1565972443526693,0.17707953087386627,-0.15198333704594097
0.26249999999999996,1.1557643876751216,0.17732548173958168,-0.1521506091814636
0.26750000000000007,1.1549226215382646,0.1775639358899995,-0.15231210192738948
0.27249999999999996,1.1540721196630297,0.17779485659656388,-0.15246778956519608
0.2775000000000001,1.153213057288918,0.17801820995716378,-0.15261764854560134
0.2825,1.152345611122391,0.1782339649083328,-0.15276165749855553
0.2875000000000001,1.1514699592845596,0.17844209323598006,-0.15289979724208388
0.2925,1.1505862812581906,0.17864256958463348,-0.15303205078996
0.2975000000000001,1.14969475783404,0.17883537146517794,-0.1531584033581977
0.3025,1.148795571056531,0.1790204792610711,-0.1532788423703433
0.3075000000000001,1.147888904168788,0.17919787623302136,-0.15339335746155633
0.3125,1.1469749415570483,0.1793675485221132,-0.1535019404814632
0.3174999999999999,1.1460538686944628,0.179529485151366,-0.15360458549577355
0.3225,1.145125872084308,0.179683678025714,-0.153701288786646
0.3274999999999999,1.1441911392026272,0.1798301219303966,-0.15379204885179384
0.3325,1.1432498584403181,0.17996881452774843,-0.15387686640232115
0.3374999999999999,1.1423022190446919,0.1800997563523806,-0.15395574435928056
0.3425,1.1413484110605199,0.18022295080474576,-0.15402868784894608
0.3474999999999999,1.1403886252705957,0.180338404143081,-0.15409570419679458
0.35250000000000004,1.1394230531358323,0.18044612547372454,-0.15415680292019096
0.35749999999999993,1.1384518867349185,0.18054612673980147,-0.15421199571977418
0.36250000000000004,1.1374753187035622,0.1806384227082782,-0.15426129646954043
0.36749999999999994,1.1364935421733438,0.1807230309553864,-0.154304721205624
0.37250000000000005,1.135506750710207,0.18079997185041471,-0.15434228811377437
0.37749999999999995,1.1345151382526162,0.18086926853787458,-0.15437401751553328
0.38250000000000006,1.133518899049406,0.18093094691804232,-0.15439993185311165
0.38749999999999996,1.132518227597355,0.18098503562588533,-0.15442005567297412
0.39250000000000007,1.1315133185785111,0.18103156600837939,-0.1544344156081344
0.39749999999999996,1.1305043667973012,0.18107057210022648,-0.15444304035916961
0.4025000000000001,1.1294915671174564,0.18110209059798518,-0.15444596067396243
0.4075,1.1284751143987841,0.18112616083262567,-0.15444320932617978
0.4125000000000001,1.1274552034338199,0.1811428247405243,-0.15443482109250126
0.4175,1.1264320288843948,0.18115212683291418,-0.15442083272860876
0.4225000000000001,1.1254057852181494,0.1811541141638099,-0.15440128294395264
0.4275,1.124376666645033,0.18114883629642578,-0.15437621237530944
0.4325000000000001,1.1233448670538202,0.181136345268109,-0.1543456635591491
0.4375,1.122310579948683,0.1811166955538114,-0.15430968090282998
0.4424999999999999,1.1212739983858544,0.1810899440281251,-0.1542683106546416
0.4475,1.1202353149104207,0.18105614992590693,-0.15422160087271788
0.4524999999999999,1.1191947214932805,0.1810153748015212,-0.15416960139284158
0.4575,1.1181524094683064,0.18096768248673104,-0.154112363795167
0.4624999999999999,1.1171085694697516,0.18091313904726822,-0.15404994136988417
0.4675,1.1160633913699354,0.18085181273811596,-0.1539823890818536
0.4724999999999999,1.115017064217251,0.18078377395753872,-0.15390976353423816
0.47750000000000004,1.1139697761745309,0.1807090951998951,-0.15383212293116283
0.48249999999999993,1.1129217144578116,0.18062785100727227,-0.15374952703943348
0.48750000000000004,1.111873065275537,0.18054011791997995,-0.15366203714934568
0.49249999999999994,1.1108240137682388,0.18044597442594468,-0.1535697160346167
0.49750000000000005,1.1097747439487335,0.18034550090904727,-0.1534726279114772
0.5025,1.1087254386428786,0.18023877959644516,-0.1533708383969549
0.5075000000000001,1.1076762794309223,0.1801258945049249,-0.153264414466389
0.5125,1.1066274465894907,0.18000693138633073,-0.15315342441021262
0.5175000000000001,1.1055791190342492,0.17988197767211422,-0.15303793779003985
0.5225,1.1045314742632772,0.1797511224170555,-0.15291802539409904
0.5275000000000001,1.103484688301196,0.1796144562422023,-0.15279375919205068
0.5325,1.1024389356440858,0.1794720712770779,-0.15266521228923124
0.5375000000000001,1.1013943892052338,0.17932406110120855,-0.15253245888036496
0.5425,1.100351220261744,0.17917052068502093,-0.15239557420278485
0.5475000000000001,1.0993095984020536,0.17901154633016303,-0.15225463448920612
0.5525,1.0982696914743852,0.1788472356092995,-0.1521097169200955
0.5575000000000001,1.0972316655361765,0.17867768730543673,-0.15196089957567913
0.5625,1.0961956848045151,0.17850300135082986,-0.15180826138763442
0.5674999999999999,1.095161911607622,0.17832327876552667,-0.15165188209050876
0.5725,1.0941305063374078,0.17813862159560287,-0.15149184217291103
0.5774999999999999,1.0931016274031402,0.17794913285114294,-0.15132822282851965
0.5825,1.0920754311862535,0.1777549164440226,-0.15116110590695178
0.5874999999999999,1.091052071996328,0.1775560771255466,-0.15099057386453962
0.5925,1.090031702028271,0.17735272042399747,-0.15081670971505762
0.5974999999999999,1.0890144713207306,0.17714495258215093,-0.15063959698044554
0.6025,1.0880005277157636,0.1769328804948105,-0.15045931964157194
0.6074999999999999,1.0869900168197888,0.17671661164641864,-0.1502759620890823
0.6125,1.0859830819658507,0.17649625404879515,-0.15008960907437488
0.6174999999999999,1.0849798641772146,0.17627191617906074,-0.1499003456607495
0.6225,1.0839805021323186,0.17604370691779458,-0.1497082571747704
0.6275,1.0829851321311021,0.17581173548748227,-0.14951342915788715
0.6325000000000001,1.081993888062734,0.1755761113913034,-0.14931594731835413
0.6375,1.0810069013747536,0.1753369443523116,-0.14911589748349133
0.6425000000000001,1.0800243010436488,0.17509434425305712,-0.1489133655523261
0.6475,1.0790462135468817,0.174848421075701,-0.14870843744865542
0.6525000000000001,1.0780727628363802,0.174599284842669,-0.14850119907456857
0.6575,1.07710407031351,0.17434704555789157,-0.14829173626446748
0.6625000000000001,1.0761402548055443,0.17409181314866826,-0.14808013473962198
0.6675,1.0751814325436693,0.17383369740818105,-0.1478664800632958
0.6725000000000001,1.074227717142591,0.17357280793864055,-0.1476508575964762
0.6775,1.0732792195819343,0.1733092540949426,-0.14743335245423647
0.6825000000000001,1.0723360481898814,0.1730431449284593,-0.14721404946274555
0.6875,1.0713983086301255,0.17277458913000293,-0.1469930331169117
0.6924999999999999,1.0704661038945684,0.17250369496973644,-0.14677038753856353
0.6975,1.0695395343069516,0.17223057022922253,-0.14654619643489625
0.7024999999999999,1.0686186975479144,0.171955322115864,-0.1463205430565066
0.7075,1.0677036887215514,0.17167805714108336,-0.14609351015351044
0.7124999999999999,1.0667946004997164,0.17139888092858535,-0.1458651799266133
0.7175,1.0658915234058723,0.17111789789542045,-0.14563563396700954
0.7224999999999999,1.0649945463376784,0.17083521071413235,-0.14540495317382024
0.7275,1.0641037574777406,0.1705509194182571,-0.14517321762939964
0.7324999999999999,1.063219245802607,0.1702651199583424,-0.1449405064001661
0.7375,1.0623411034632253,0.16997790195917556,-0.14470689721284286
0.7424999999999999,1.0614694293602116,0.16968934538568523,-0.14447246593315824
0.7475,1.0606043342512261,0.1693995158168006,-0.14423728574778355
0.7525,1.0597459476765914,0.16910845808010988,-0.14400142592453274
0.7575000000000001,1.058894426844467,0.16881618814140517,-0.1437649500073885
0.7625,1.0580499673593777,0.16852268338850196,-0.14352791330117268
0.7675000000000001,1.057212815309523,0.16822787179434778,-0.14329035952649308
0.7725,1.0563832797816763,0.16793162085758542,-0.14305231658886772
0.7775000000000001,1.0555617444152092,0.16763372763399412,-0.14281379151220386
0.7825,1.0547486762362956,0.1673339114972836,-0.14257476473364272
0.7875000000000001,1.053944629840088,0.1670318113996934,-0.14233518413089527
0.7925,1.0531502451098627,0.16672698925358204,-0.14209495932977667
0.7975000000000001,1.052366237131672,0.1664189405794439,-0.14185395698478542
0.8025,1.0515933777664752,0.16610711278412058,-0.14161199780203035
0.8075000000000001,1.050832469385398,0.1657909304406258,-0.1413688560493467
0.8125,1.0500843123944685,0.16546982589718767,-0.14112426215483076
0.8174999999999999,1.0493496691704292,0.16514327264081216,-0.14087790873508574
0.8225,1.0486292277020006,0.1648108182633637,-0.14062946004504687
0.8274999999999999,1.0479235684373145,0.16447211375484677,-0.14037856445028501
0.8325,1.0472331375238633,0.16412693622013985,-0.14012486915090766
0.8374999999999999,1.046558228842775,0.16377520292230016,-0.13986803609485676
0.8425,1.0458989761284947,0.16341697565083857,-0.1396077578564184
0.8474999999999999,1.045255355231079,0.16305245559767784,-0.13934377224914557
0.8525,1.0446271954357853,0.1626819699915043,-0.13907587458923765
0.8574999999999999,1.0440141978820774,0.1623059525268102,-0.13880392679714093
0.8625,1.0434159586297966,0.16192492003213516,-0.13852786287373886
0.8674999999999999,1.0428319938276644,0.16153944784066301,-0.13824769065644094
0.8725,1.042261764695006,0.1611501460167316,-0.13796349009635842
0.8775,1.0417047005250004,0.16075763806399015,-0.1376754085598821
0.8825000000000001,1.0411602185288944,0.16036254312205941,-0.13738365382387585
0.8875,1.0406277399463113,0.15996546206377968,-0.13708848549995897
0.8925000000000001,1.0401067023582222,0.15956696741750814,-0.13679020560245347
0.8975,1.0395965685075037,0.15916759670111752,-0.1364891488892388
0.9025000000000001,1.0390968321469034,0.158767848571309,-0.1361856734816603
0.9075,1.0386070215144267,0.15836818114085385,-0.13588015213404434
0.9125000000000001,1.0381267010167559,0.15796901185988013,-0.13557296439574715
0.9175,1.037655471621784,0.1575707184549463,-0.1352644898036891
0.9225000000000001,1.0371929703564022,0.1571736405366996,-0.13495510217141446
0.9275,1.0367388692005848,0.1567780815987356,-0.13464516501216295
0.9325000000000001,1.0362928735779688,0.15638431122297297,-0.1343350281664015
0.9375,1.0358547205712334,0.15599256737551456,-0.13402502583949608
0.9424999999999999,1.0354241769346137,0.15560305872277086,-0.13371547658527977
0.9475,1.0350010369262956,0.155215966924942,-0.13340668650059664
0.9524999999999999,1.0345851199231868,0.15483144887795272,-0.1330989584669427
0.9575,1.034176267679745,0.15444963887999308,-0.13279261363559797
0.9624999999999999,1.0337743408948146,0.15407065069782025,-0.13248803851992294
0.9675,1.03337921434578,0.15369457950423307,-0.13218578631557287
0.9724999999999999,1.0329907690444167,0.15332150368787664,-0.131886793487475
0.9775,1.0326088786846523,0.15295148709402973,-0.1315928414494879
0.9824999999999999,1.03223339154263,0.15258458975426847,-0.1313075393587396
0.9875,1.0318641984137562,0.1522209917306809,-0.13103842086257825
0.9924999999999999,1.0315027004510053,0.15186256787851102,-0.13080151781037622
0.9975,1.0311717378986043,0.1515329562016715,-0.13063269467647495
