-0.9975,2.0,0.0,0.0,0.0,0.0,0.0
-0.9925,2.0,0.0,0.0,0.0,0.0,0.0
-0.9875,2.0,0.0,0.0,0.0,0.0,0.0
-0.9825,2.0,0.0,0.0,0.0,0.0,0.0
-0.9775,2.0,0.0,0.0,0.0,0.0,0.0
-0.9725,2.0,0.0,0.0,0.0,0.0,0.0
-0.9675,2.0,0.0,0.0,0.0,0.0,0.0
-0.9625,2.0,0.0,0.0,0.0,0.0,0.0
-0.9575,2.0,0.0,0.0,0.0,0.0,0.0
-0.9525,2.0,0.0,0.0,0.0,0.0,0.0
-0.9475,2.0,0.0,0.0,0.0,0.0,0.0
-0.9425,2.0,0.0,0.0,0.0,0.0,0.0
-0.9375,2.0,0.0,0.0,0.0,0.0,0.0
-0.9325,2.0,0.0,0.0,0.0,0.0,0.0
-0.9275,2.0,1.1341618351634975e-51,-2.6543536830900637e-53,-3.651487544834678e-53,-4.622673743715377e-53,-4.0782210368922554e-53
-0.9225,2.0,3.2445059797730673e-48,-7.601579538499415e-50,-1.0455492694283897e-49,-1.3234182168213036e-49,-1.167169952156833e-49
-0.9175,2.0,8.868732757250147e-45,-2.0779689004009222e-46,-2.8580928310190163e-46,-3.6176414787656056e-46,-3.1904786404417392e-46
-0.9125,2.0,7.021287869258516e-42,-1.6496919466204342e-43,-2.2680880176042808e-43,-2.8696410683028176e-43,-2.528701792748145e-43
-0.9075,2.0,1.753275958576012e-39,-4.154473026793613e-41,-5.704600883294292e-41,-7.20841664593572e-41,-6.335956328814416e-41
-0.9025,2.0,9.799956023476038e-37,-2.3063803228246008e-38,-3.1701347988487705e-38,-4.0098984463529106e-38,-3.53171674102741e-38
-0.8975,2.0,2.2611796853176136e-34,-5.363462649957736e-36,-7.363557486845491e-36,-9.303242382685444e-36,-8.174725480438037e-36
-0.8925,2.0,4.305587221709362e-32,-1.0242229389866018e-33,-1.4055476166472708e-33,-1.7749932989343936e-33,-1.5583199267404956e-33
-0.8875,2.0,7.884291203297351e-30,-1.8767876218477306e-31,-2.5752576976424786e-31,-3.2518085536544634e-31,-2.8542760606625577e-31
-0.8825000000000001,2.0,1.4083307021165664e-27,-3.353848174313302e-29,-4.6017250076258895e-29,-5.8102662644597e-29,-5.099303021307175e-29
-0.8775,2.0,2.5218591901123046e-25,-6.005410796467222e-27,-8.239903811928034e-27,-1.0403982065168935e-26,-9.131016031626415e-27
-0.8725,2.0,4.5034177489489396e-23,-1.072468525022104e-24,-1.4715023577378168e-24,-1.8579557359948097e-24,-1.6306050808614909e-24
-0.8674999999999999,2.0,7.967853792395363e-21,-1.8978136901894356e-22,-2.603871384069901e-22,-3.287632792074894e-22,-2.885199017385078e-22
-0.8625,2.0,4.794501560400419e-19,-1.180558688134102e-20,-1.611881603521604e-20,-2.0250375229082113e-20,-1.7595979794651734e-20
-0.8575,2.0,6.897231965086577e-17,-1.6499976755166998e-18,-2.262209164230458e-18,-2.8540669787471655e-18,-2.5012491451204277e-18
-0.8525,1.9999999999999993,3.924110657139748e-16,-1.1146819285192336e-17,-1.4914091010942782e-17,-1.833889967370641e-17,-1.5263362623308665e-17
-0.8475,1.999999999999997,2.1290913424572187e-15,-6.628106165803554e-17,-8.726578940380803e-17,-1.0527368694064829e-16,-8.483708654828444e-17
-0.8425,1.9999999999999853,1.0277569911670287e-14,-3.30431607161018e-16,-4.31962111875379e-16,-5.163555266722196e-16,-4.1105325974835076e-16
-0.8375,1.9999999999999334,4.663228914356056e-14,-1.535613646465679e-15,-1.9983388633649176e-15,-2.3750107634958444e-15,-1.8745184924611788e-15
-0.8325,1.9999999999997162,1.9868515624187864e-13,-6.6965184386920865e-15,-8.677570282884136e-15,-1.0257944080039279e-14,-8.029908509706849e-15
-0.8275,1.9999999999988634,7.955891152480132e-13,-2.7456343390722235e-14,-3.5427040757126195e-14,-4.1648573707936994e-14,-3.2324603020289256e-14
-0.8225,1.9999999999957072,3.0040313200823067e-12,-1.0621645589283044e-13,-1.3644148417349963e-13,-1.5946860006352827e-13,-1.2267370327871015e-13
-0.8175,1.999999999984678,1.0720664304424366e-11,-3.8858832940973873e-13,-4.968559513213667e-13,-5.771454271306025e-13,-4.399157043844464e-13
-0.8125,1.999999999948202,3.623623745885744e-11,-1.3472650384151418e-12,-1.7143699136777655e-12,-1.9785438422305574e-12,-1.4937954231265423e-12
-0.8075,1.9999999998338356,1.1622241668547863e-10,-4.435267177388687e-12,-5.615656976247671e-12,-6.436902328159575e-12,-4.812012780645992e-12
-0.8025,1.9999999994933069,3.543347502590386e-10,-1.3888504658611522e-11,-1.749357340954157e-11,-1.990798620343903e-11,-1.4730421187678755e-11
-0.7975,1.999999998528946,1.0285106564721852e-09,-4.143507838168688e-11,-5.190875707241903e-11,-5.862555085125927e-11,-4.2917673830204584e-11
-0.7925,1.9999999959277468,2.8465629732892013e-09,-1.179551563996982e-10,-1.469400417302304e-10,-1.6462525956594947e-10,-1.1918457431527313e-10
-0.7875,1.9999999892361509,7.522345186696559e-09,-3.208624222110686e-10,-3.973635535152359e-10,-4.414214504293335e-10,-3.1590256387314216e-10
-0.7825,1.9999999727984066,1.900521955723609e-08,-8.351310963941381e-10,-1.0279176510117573e-09,-1.1316637740890135e-09,-8.001715689959786e-10
-0.7775,1.9999999341962633,4.59636627701356e-08,-2.0824454531128773e-09,-2.546790622566403e-09,-2.777250433565134e-09,-1.9392050562496957e-09
-0.7725,1.9999998474386438,1.0653348202312055e-07,-4.980788854977931e-09,-6.050726164376773e-09,-6.5319715756798744e-09,-4.501519916659232e-09
-0.7675,1.9999996606393513,2.3690368294395639e-07,-1.1440038375752725e-08,-1.3800418663792674e-08,-1.4739349941381331e-08,-1.001954061459582e-08
-0.7625,1.9999992749511892,5.059839697057447e-07,-2.526048485898635e-08,-3.024954188281885e-08,-3.194252048025911e-08,-2.1405517795978825e-08
-0.7575000000000001,1.999998510597759,1.039035149714887e-06,-5.367904799795441e-08,-6.3788426272309e-08,-6.655045527285681e-08,-4.393494495242408e-08
-0.7525,1.9999970553498174,2.05347410329762e-06,-1.0989253613706019e-07,-1.295397316334563e-07,-1.3342691310443956e-07,-8.671658024720801e-08
-0.7475,1.9999943913093188,3.909685152731305e-06,-2.169569303873784e-07,-2.5359072207766726e-07,-2.576644013627022e-07,-1.6473670912772167e-07
-0.7424999999999999,1.9999896980601146,7.178114894111414e-06,-4.1348115651988096e-07,-4.790236648635334e-07,-4.797151935404731e-07,-3.0147651662343e-07
-0.7375,1.99998173465567,1.2720829152433351e-05,-7.614577129449024e-07,-8.739637825044492e-07,-8.618359109319659e-07,-5.31940840570891e-07
-0.7324999999999999,1.99996870960996,2.178102965210904e-05,-1.3563556497597869e-06,-1.5415615347985047e-06,-1.4954410054764125e-06,-9.057078164191591e-07
-0.7275,1.9999481562887331,3.6068298895452016e-05,-2.3392166926477756e-06,-2.6313502288376014e-06,-2.5084746734869077e-06,-1.489345742645609e-06
-0.7224999999999999,1.9999168390976103,5.782180931548011e-05,-3.9099557512923966e-06,-4.350811141093661e-06,-4.071381553880184e-06,-2.367315333473843e-06
-0.7175,1.9998707209912012,8.983024551041727e-05,-6.3404437069273235e-06,-6.975344476797907e-06,-6.399828945856333e-06,-3.640379828398916e-06
-0.7125,1.9998050221828456,0.00013538776560109085,-9.98537619611319e-06,-1.0854356318463072e-05,-9.75219271566221e-06,-5.420682467458174e-06
-0.7075,1.9997143913744437,0.00019817144473104956,-1.5288582565055495e-05,-1.641102900511369e-05,-1.4420138832437836e-05,-7.823083989332915e-06
-0.7025,1.9995931940879108,0.00028203744819304643,-2.2782477724878512e-05,-2.4133713837364776e-05,-2.071150168689571e-05,-1.0953066514295641e-05
-0.6975,1.9994359001284063,0.0003907489813017342,-3.307891741370668e-05,-3.455783758719277e-05,-2.8926017881732865e-05,-1.4892384833111305e-05
-0.6925,1.9992375287317214,0.0005276654118212874,-4.685077716897133e-05,-4.823865892672445e-05,-3.9326080795322577e-05,-1.9684468293545218e-05
-0.6875,1.9989940918034406,0.000695434476645822,-6.480498457519997e-05,-6.571689227268012e-05,-5.2106154655623085e-05,-2.532209159540512e-05
-0.6825,1.998702968541712,0.0008957342103117093,-8.764921498205776e-05,-8.748076200370776e-05,-6.73654019435028e-05,-3.1739828620721214e-05
-0.6775,1.9983631517502742,0.0011291060519354017,-0.00011605567689542137,-0.00011392906911654864,-8.50881036205637e-05,-3.881319431807904e-05
-0.6725,1.9979753265129256,0.001394906108262997,-0.00015062606669028955,-0.000145340055639919,-0.00010513547469696892,-4.636525553760265e-05
-0.6675,1.997541770991101,0.0016913810608712235,-0.00019186169401197412,-0.0001818501455897589,-0.0001272506613698726,-5.4180106108336635e-05
-0.6625,1.9970660998545893,0.002015853676783121,-0.00024014198094790882,-0.00022344516118876105,-0.00015107645590269045,-6.202129835090394e-05
-0.6575,1.9965528959624925,0.002364985416173379,-0.00029571320721984184,-0.0002699646875380207,-0.0001761831109814127,-6.965242902497257e-05
-0.6525000000000001,1.9960072900225445,0.002735073944860048,-0.0003586878146203051,-0.00032111831129477404,-0.0002021020709461599,-7.685679979524178e-05
-0.6475,1.9954345490301817,0.0031223428374255475,-0.0004290531285615085,-0.0003765108886755533,-0.00022836078120548113,-8.345344168180336e-05
-0.6425000000000001,1.994839723780867,0.00352318833462669,-0.0005066872739893397,-0.0004356730791603529,-0.00025451405472474027,-8.930766864262833e-05
-0.6375,1.9942273877203267,0.003934360818243852,-0.000591379507397894,-0.0004980932073215494,-0.000280168586319839,-9.433545268694787e-05
-0.6325000000000001,1.9936014789976708,0.004353073060691592,-0.0006828521681930207,-0.000563247002430482,-0.0003049987666962146,-9.850200902511446e-05
-0.6275,1.9929652395048663,0.00477704000653333,-0.0007807818671699622,-0.000630622702784236,-0.0003287535639157236,-0.0001018158151233052
-0.6225,1.9923212320380888,0.005204463674638109,-0.0008848182059658312,-0.0006997401355167481,-0.000351255575678898,-0.00010431973725627693
-0.6174999999999999,1.9916714106011046,0.005633980980825924,-0.0009945990758761728,-0.0007701634507781262,-0.0003723942101248117,-0.00010608099403194432
-0.6125,1.9910172185590806,0.006064592403766113,-0.0011097622686872342,-0.0008415080332880729,-0.0003921152799917571,-0.00010718143435482555
-0.6074999999999999,1.9903596928705527,0.006495586854240182,-0.0012299536592123822,-0.0009134426630922352,-0.0004104091824269814,-0.00010770918580386103
-0.6025,1.9896995574290117,0.006926474659487311,-0.0013548325714714256,-0.0009856882731672843,-0.0004272994573136557,-0.00010775228639575862
-0.5974999999999999,1.9890372920126693,0.0073569380848454114,-0.0014840751636702224,-0.0010580147512220773,-0.0004428330779236424,-0.00010739457553510134
-0.5925,1.9883731630023225,0.0077868090146209264,-0.0016173768589527048,-0.0011302373058085398,-0.000457073533355812,-0.00010671398311507621
-0.5875,1.9877071956153076,0.008216087884810682,-0.0017544551479107787,-0.001202214145685522,-0.00047009779493692146,-0.00010578348211481148
-0.5825,1.9870390530168571,0.00864502802006622,-0.001895054663301515,-0.0012738478054656677,-0.00048199876776494366,-0.00010467539288246796
-0.5775,1.9863677644678817,0.009074325743381198,-0.002038957453124429,-0.0013450935735668935,-0.0004928959042595036,-0.00010347043594949487
-0.5725,1.9856912144586527,0.009505477701602828,-0.002186002987063874,-0.0014159802392489937,-0.0005029582635783694,-0.00010227382556876853
-0.5675,1.9850052744997968,0.009941387883424652,-0.0023361246115310244,-0.0014866506615094613,-0.0005124461549228823,-0.00010124151538200204
-0.5625,1.9843024435362473,0.010387317506680873,-0.0024894116131429487,-0.001557431971907963,-0.0005217789137193018,-0.00010061994605217098
-0.5575,1.9835698848596757,0.010852255172538764,-0.0026462079900800906,-0.0016289464962513597,-0.0005316361231989626,-0.00010080154197561204
-0.5525,1.9827868342274526,0.011350723381776874,-0.002807259148072383,-0.0017022730763623717,-0.0005430960896303381,-0.00010239489499335038
-0.5475,1.9819215255391929,0.011904916999052051,-0.002973914318804557,-0.0017791624869824543,-0.0005578070582360991,-0.00010630249325197759
-0.5425,1.9809280304068229,0.012546894518498263,-0.0031483839758322365,-0.0018622987042993186,-0.0005781730065701985,-0.00011379039118089464
-0.5375,1.9797436839574079,0.01332035124268758,-0.003334037434860683,-0.001955580273822291,-0.0006075186407180978,-0.00012652538075655711
-0.5325,1.9782879673486664,0.014281367832943091,-0.0035357079166469713,-0.002064376231179801,-0.0006501823697178096,-0.00014654983590522698
-0.5275000000000001,1.976463707146341,0.015497539142518566,-0.0037599551741352216,-0.00219569534441256,-0.0007114791496545163,-0.00017616721075936056
-0.5225,1.9741611361634557,0.017045112877224468,-0.004015226001220119,-0.002358203785361826,-0.0007974848970163481,-0.00021772565521045506
-0.5175000000000001,1.9712647511807053,0.01900419472996083,-0.004311856943980954,-0.0025620407180634076,-0.0009146242674290639,-0.00027331273755523716
-0.5125,1.9676621595428625,0.021452592517755706,-0.004661884100941257,-0.002818413987290819,-0.0010690895550301196,-0.00034440436871703496
-0.5075000000000001,1.9632534943721442,0.024459291021702877,-0.005078658661789069,-0.003139001786192144,-0.0012661672316996993,-0.0004315346807679586
-0.5025,1.957959747270143,0.028078700059008498,-0.005576304547906347,-0.003535227965902061,-0.001509582873084138,-0.0005340599028850168
-0.49750000000000005,1.9517286192961292,0.03234663499081662,-0.006169084580746037,-0.004017505348737728,-0.0018009810892242791,-0.000650073242835548
-0.49250000000000005,1.9445371221362941,0.03727854752485956,-0.0068707551202453025,-0.004594545368754918,-0.0021396312018150533,-0.0007764937510237619
-0.48750000000000004,1.936390923593403,0.04286999873030824,-0.0076939835795100655,-0.005272814350702489,-0.0025224005762186407,-0.0009093120298072991
-0.48250000000000004,1.9273210641434346,0.049098934311231884,-0.008649882827006803,-0.006056184569069676,-0.0029439822791086654,-0.0010439431284311987
-0.47750000000000004,1.917379016106195,0.05592909035425453,-0.009747689336449535,-0.006945792536971131,-0.00339731875128064,-0.0011756212175573115
-0.47250000000000003,1.9066310959559079,0.06331383547226682,-0.010994586194912491,-0.00794008680021792,-0.0038741387734766318,-0.0012997732601962003
-0.4675,1.895153058686573,0.07119988242766169,-0.012395653138655652,-0.009035027800779605,-0.004365522803398833,-0.0014123249747178507
-0.4625,1.8830254218437712,0.07953049586604236,-0.013953915479740616,-0.010224393830900954,-0.004862426533682101,-0.0015099141368362175
-0.4575,1.870329787607892,0.08824801363981975,-0.01567046112884081,-0.011500147563960443,-0.005356115978438283,-0.0015900066936204505
-0.4525,1.8571462129606846,0.09729564787449917,-0.01754459752373838,-0.01285282383013666,-0.005838491791716341,-0.0016509260809444944
-0.4475,1.843551538524239,0.1066186266313782,-0.01957402559125107,-0.01427190809300478,-0.006302300671868042,-0.0016918143723762314
-0.4425,1.8296185178068045,0.11616478368145734,-0.021755013908170466,-0.015746184193136687,-0.006741245376176936,-0.001712546357599584
-0.4375,1.815415570726487,0.12588471595552697,-0.024082561754409936,-0.017264038013807534,-0.0071500121095568825,-0.001713616184737824
-0.4325,1.801006997895215,0.13573161964098301,-0.026550544206952777,-0.018813710217561834,-0.007524236189415532,-0.0016960126648531055
-0.4275,1.7864535187969108,0.14566089783046046,-0.029151835699837945,-0.020383496037429328,-0.007860425665046477,-0.0016610951623835708
-0.4225,1.7718130265323957,0.15562961269640865,-0.03187841071603394,-0.021961893503382075,-0.00815585958101866,-0.0016104780787536339
-0.4175,1.7571414775958911,0.16559583794151966,-0.034721421744440976,-0.0235377037849393,-0.008408474024634833,-0.0015459287178772438
-0.4125,1.7424938536894194,0.1755179552475808,-0.037671255509423816,-0.025100088930614845,-0.008616745797015808,-0.0014692809277583863
-0.4075,1.7279251421928872,0.1853539329072462,-0.04071756894698936,-0.026638593554995003,-0.008779580946482972,-0.001382365293005874
-0.40249999999999997,1.7134912818153774,0.19506062648315262,-0.043849307113879195,-0.028143138205750574,-0.00889621357297986,-0.0012869556843206544
-0.39749999999999996,1.6992500099138834,0.2045931505759798,-0.04705470492106295,-0.0296039937815102,-0.00896611966739131,-0.0011847314912045814
-0.39249999999999996,1.6852615281211092,0.21390438758763178,-0.05032127964701899,-0.031011747479808116,-0.008988949552642072,-0.0010772547808988579
-0.38749999999999996,1.671588875178443,0.22294472263599477,-0.05363581749316184,-0.0323572743141208,-0.00896448444954916,-0.0009659615966949046
-0.38249999999999995,1.6582978638997055,0.23166212056311725,-0.05698435579490573,-0.03363173187176735,-0.008892624532378029,-0.0008521666205628486
-0.37749999999999995,1.6454564109095315,0.24000268487018975,-0.0603521692131289,-0.03482659789526293,-0.008773415457443342,-0.0007370804057495981
-0.37250000000000005,1.6331330775383128,0.24791184801694557,-0.0637237731625294,-0.03593377145406423,-0.008607119761484424,-0.0006218379880844508
-0.36750000000000005,1.6213946685484886,0.2553363210459617,-0.06708295986682633,-0.03694575748004713,-0.008394337826880408,-0.0005075366143267844
-0.36250000000000004,1.6103028264680919,0.2622268577440076,-0.07041288461400744,-0.037855948302435195,-0.008136178125751781,-0.00039527846094687
-0.35750000000000004,1.5999097330022194,0.2685417477704489,-0.07369622229582143,-0.038659001986512086,-0.007834466837386173,-0.0002862116245496454
-0.35250000000000004,1.5902532850248297,0.2742507439252277,-0.07691541520185995,-0.03935129479619932,-0.007491972778123581,-0.0001815597822468245
-0.34750000000000003,1.581352411118203,0.279338883243022,-0.0800530294391307,-0.03993139605757769,-0.00711260712937806,-8.262877494893798e-05
-0.3425,1.5732034436069822,0.2838094553561182,-0.08309222624104132,-0.04040048472636741,-0.006701543812297602,9.221413840119947e-06
-0.3375,1.5657785295435713,0.2876853127954683,-0.08601733383863014,-0.04076260915369888,-0.006265203106103849,9.264646553621653e-05
-0.3325,1.5590268340234326,0.29100790457628445,-0.08881447671298015,-0.04102469726124616,-0.005811055628046284,0.00016642718442522902
-0.3275,1.5528787354547686,0.2938338676644118,-0.09147218846046898,-0.04119626085901514,-0.005347238636155611,0.00022960354678041626
-0.3225,1.547252464532311,0.29622962395080193,-0.09398191387841552,-0.0412888007711211,-0.004882025154292261,0.0002816059458262197
-0.3175,1.5420619626629741,0.29826498394593504,-0.09633830784035251,-0.04131499081174559,-0.004423232581351696,0.00032235036628369657
-0.3125,1.5372244151077732,0.30000701958398823,-0.09853926924474916,-0.041287773117071755,-0.003977681839464942,0.0003522693557560212
-0.3075,1.5326660916597719,0.30151532144550636,-0.10058570159117713,-0.04121951426490822,-0.003550808284561443,0.00037226671045844387
-0.3025,1.52832571671509,0.30283927285401263,-0.10248104982126699,-0.04112134583613644,-0.0031464839102717753,0.0003836050681104485
-0.2975,1.524155326767118,0.30401737191851513,-0.10423070508216851,-0.04100275705745019,-0.002767053525163801,0.00038775344834013044
-0.2925,1.5201191670965015,0.3050781490576924,-0.10584138175519281,-0.04087144353552904,-0.0024135376584415173,0.0003862293234885133
-0.2875,1.5161914600686708,0.30604200012808763,-0.10732055460391733,-0.040733366018111845,-0.0020859281007748675,0.00038046546473438956
-0.2825,1.51235384266304,0.30692328488732873,-0.10867600959464388,-0.04059294781413643,-0.001783501979792686,0.0003717193720851503
-0.27749999999999997,1.5085930375625018,0.30773223139715816,-0.10991552489589348,-0.04045333854552194,-0.0015050997240630697,0.00036102879880331587
-0.27249999999999996,1.5048990366869757,0.30847641987418556,-0.11104667028085788,-0.04031668712610899,-0.0012493389704884186,0.00034920594770936547
-0.26749999999999996,1.501263844648535,0.30916180810581995,-0.11207669825574351,-0.04018438811983603,-0.001014759904305906,0.0003368576383535642
-0.26249999999999996,1.4976806945377972,0.30979337054559947,-0.11301249728763463,-0.04005728509472979,-0.0007999123112818817,0.0003244185843123198
-0.25749999999999995,1.49414360132024,0.31037546149033984,-0.11386058201083919,-0.039935828382442334,-0.00060340043871573,0.00031218783648468123
-0.25249999999999995,1.4906471270524873,0.3109120053162696,-0.11462710258386588,-0.03982019229066623,-0.0004239012300642358,0.0003003622936873616
-0.24750000000000005,1.4871862646462255,0.3114065901008694,-0.1153178622461758,-0.039710359711045765,-0.0002601679050102862,0.00028906451683222254
-0.24250000000000005,1.4837563812176766,0.3118625128679786,-0.11593833715658364,-0.03960618212374557,-0.00011102671711402574,0.0002783643273012472
-0.23750000000000004,1.4803531883238494,0.31228280320106905,-0.11649369566275943,-0.03950742178689046,2.4628647903887776e-05,0.00026829485593854034
-0.23250000000000004,1.4769727229715297,0.312670238404156,-0.11698881576989206,-0.03941378137882193,0.00014784281795202832,0.0002588641421063717
-0.22750000000000004,1.473611332320495,0.3130273560081505,-0.1174283003759171,-0.03932492498242415,0.0002596037077103814,0.00025006339357176293
-0.22250000000000003,1.4702656593437724,0.3133564658893172,-0.11781649028836425,-0.03924049319765081,0.00036084647659449565,0.00024187285006036223
-0.21750000000000003,1.4669326285827153,0.3136596627739619,-0.11815747536961653,-0.039160114334673035,0.00045245655483485515,0.00023426598412654308
-0.21250000000000002,1.4636094318977568,0.3139388393631188,-0.11845510442767579,-0.03908341303229681,0.000535271967185923,0.0002272125840579218
-0.20750000000000002,1.4602935144630007,0.3141957001863571,-0.11871299464406497,-0.039010017223902335,0.0006100852305883597,0.00022068111349062943
-0.2025,1.456982561502359,0.3144317763671322,-0.11893454136774388,-0.03893956410333041,0.0006776450813569537,0.0002146406302925754
-0.1975,1.4536744865540565,0.3146484416878743,-0.11912292900101219,-0.03887170559368723,0.000738658214884532,0.00020906246434912405
-0.1925,1.4503674224374976,0.3148469306730905,-0.11928114349997286,-0.03880611375551958,0.000793791111352346,0.00020392178838437818
-0.1875,1.4470597165985517,0.3150283598603889,-0.11941198673763824,-0.0387424865477867,0.0008436718836062671,0.00019919915494620544
-0.1825,1.4437499331035288,0.31519375396965316,-0.1195180925268645,-0.038680554351959696,0.0008888918948480608,0.00019488200441371536
-0.1775,1.4404368641543175,0.31534407921567353,-0.11960194313666513,-0.038620087700559594,0.0009300065786401305,0.00019096606813178064
-0.1725,1.4371195544122048,0.31548028635900194,-0.1196658833108123,-0.038560906748786386,0.000967534387070887,0.00018745650618979328
-0.16749999999999998,1.433797341277246,0.3156033659763595,-0.11971212645589295,-0.0385028931369253,0.0010019522256410395,0.00018436855390473983
-0.16249999999999998,1.4304699130298455,0.3157144175021299,-0.11974274651543114,-0.03844600473859804,0.001033685597148038,0.00018172742589817482
-0.15749999999999997,1.4271373838482497,0.3158147314894143,-0.11975965166001279,-0.03839029292106718,0.0010630926696636705,0.00017956723694955
-0.15249999999999997,1.4238003799606678,0.3159058810468085,-0.11976454356000805,-0.03833592008056905,0.0010904439170336035,0.0001779287127488686
-0.14749999999999996,1.4204601250822664,0.31598981366061246,-0.11975887618309347,-0.03828317276206547,0.001115902137727452,0.0001768554652102459
-0.14249999999999996,1.41711850717243,0.31606892930931174,-0.11974383454468489,-0.03823246387387605,0.001139509811030419,0.0001763886510118324
-0.13749999999999996,1.4137781043300348,0.3161461262632838,-0.1197203503269886,-0.03818431788529523,0.0011611901367976703,0.00017656004105640486
-0.13249999999999995,1.4104421472231148,0.316224794047589,-0.11968915651453067,-0.03813933619284877,0.0011807642800609813,0.00017738399674630822
-0.12749999999999995,1.4071144001661633,0.31630873548784455,-0.11965086329976664,-0.03809814526196372,0.001197981787705916,0.00017884951382698692
-0.12250000000000005,1.4037989532657482,0.31640200749642255,-0.11960602304206504,-0.03806133557484836,0.0012125565297563187,0.0001809140955115543
-0.11750000000000005,1.4004999334597044,0.31650868258419235,-0.1195551514945339,-0.03802940252380019,0.0012241990755798811,0.00018350140854064137
-0.11250000000000004,1.3972211616734507,0.31663254695493165,-0.11949868691298779,-0.038002699904342234,0.0012326386450581405,0.00018650424388379208
-0.10750000000000004,1.3939658062512839,0.3167767603649093,-0.11943689122697689,-0.0379814128101943,0.0012376323936502107,0.00018979334603716724
-0.10250000000000004,1.3907361129260678,0.31694349703372193,-0.11936971790897583,-0.037965550587593065,0.0012389649293075879,0.0001932316576922076
-0.09750000000000003,1.3875333447245954,0.3171335459025459,-0.11929668178639277,-0.037954952490143565,0.0012364458828621227,0.00019669324869602548
-0.09250000000000003,1.3843581872154642,0.31734573087492646,-0.11921676560450746,-0.0379492865134295,0.0012299200813952467,0.00020008784308584338
-0.08750000000000002,1.3812121789314253,0.317575723999309,-0.11912839256078667,-0.03794799765850687,0.0012193199414924953,0.00020339741730480976
-0.08250000000000002,1.3781014732524286,0.3178131558402337,-0.11902949455339604,-0.0379501064569724,0.0012048274694061029,0.00020674478569403397
-0.07750000000000001,1.3750459886687185,0.318034415389792,-0.11891772740449177,-0.03795363021847666,0.0011873033074912447,0.000210543784703793
-0.07250000000000001,1.372100909273025,0.31818522038623664,-0.11879094419709749,-0.03795411170265576,0.0011693419759552157,0.00021584365502947937
-0.0675,1.369405705722057,0.31814012941976555,-0.11864814913709679,-0.03794112752471143,0.001157737250355433,0.00022510817091959902
-0.0625,1.3672916021129617,0.31761294901138715,-0.11849128230116285,-0.03789044845053102,0.0011689632350776946,0.00024391135366722005
-0.057499999999999996,1.3665032462679059,0.3159712845503115,-0.11832804424200277,-0.037747544662731634,0.0012406106218211753,0.00028441794264641906
-0.05249999999999999,1.3686075932455282,0.3118950109734243,-0.11817423613549136,-0.0373963584714325,0.0014528607519778088,0.00037185672824301185
-0.04749999999999999,1.3765773588630235,0.30289605844455736,-0.11804617996885831,-0.036612104819446115,0.001960563422430619,0.0005542155042899653
-0.04249999999999998,1.3950632954803812,0.28513680304036354,-0.11791051160523995,-0.03502838701830591,0.003013776811558496,0.0009083757526309682
-0.03749999999999998,1.4288105791533785,0.25490375479046035,-0.11753290267397386,-0.032223915124503386,0.004887225772047371,0.0015148392078689057
-0.03249999999999997,1.4778638398218755,0.2127613850740143,-0.11627041159754463,-0.028034559066069775,0.00762594101237804,0.00235886009175651
-0.02749999999999997,1.5336137230513123,0.16643753535873107,-0.11318179875130477,-0.02286552696978171,0.010765850032212096,0.0032130981307304015
-0.022499999999999964,1.583439202970148,0.1261896220794364,-0.10767669819764814,-0.017543943169967956,0.013455533481185028,0.0037185015341380835
-0.01749999999999996,1.6199156038288998,0.09738160382621648,-0.09995400681173719,-0.012848644176946868,0.014966529785490696,0.0036714196282731015
-0.012499999999999956,1.6431516155243235,0.07933672879761759,-0.09064969242847341,-0.009228571089971521,0.0150508913564117,0.0031630831756948763
-0.007499999999999951,1.6568305992576104,0.06881995973363886,-0.08026343116123862,-0.006806027313393041,0.013873024408444633,0.002437948480015407
-0.0024999999999999467,1.6646409476156092,0.06278650636204644,-0.0689150470638519,-0.0055005078657166875,0.011728587446115876,0.0017023958077785897
0.0024999999999999467,1.6690828157444944,0.05918936131411536,-0.056414878001940505,-0.005139612746859803,0.008844390793830436,0.0010518397805293588
0.007500000000000062,1.6715467374847628,0.05683299979241511,-0.04250604682480731,-0.0055085530033700085,0.005352368509787811,0.0004911476558615307
0.012499999999999956,1.67267508692629,0.055036570923283956,-0.027028458416848537,-0.006377292372143126,0.001334850379146405,-2.0283286337847427e-05
0.01750000000000007,1.6726373901088092,0.0533550085431025,-0.010012544521824561,-0.0075322315403866975,-0.003112951750756187,-0.0005250532431904977
0.022499999999999964,1.6712871423031381,0.05138687596626536,0.005719864919586756,-0.008303295546606942,-0.007148492260828901,-0.0010677986088735093
0.02750000000000008,1.6681801288112192,0.0485430230086408,0.019565097066728456,-0.008240027054171378,-0.010510654581435068,-0.0017333970139128986
0.03249999999999997,1.6621850619716947,0.04377721173710863,0.03202960702676209,-0.007135804198064197,-0.013146505894759837,-0.002538486784979911
0.03750000000000009,1.6510069843960289,0.03518375388339876,0.0435931866213086,-0.004815742953200076,-0.01488458972959258,-0.003411074683530822
0.04249999999999998,1.6307718628566832,0.019591306063963965,0.05441067427659896,-0.0011381025429454976,-0.015402629887222507,-0.004151281464859304
0.0475000000000001,1.5965551736860308,-0.007172384707473168,0.06416741831439718,0.0038662610023401283,-0.01435499639920495,-0.004460229346704617
0.05249999999999999,1.5456556647049433,-0.0478920761433135,0.07208507639131427,0.009741590442381206,-0.011729629701693847,-0.004037054296328378
0.05750000000000011,1.483436361746974,-0.09917785259972359,0.0774808418695828,0.015587314721690202,-0.008299410730297836,-0.0030321437468828357
0.0625,1.424282842098862,-0.14978501824228688,0.0804964125887843,0.020505827899212653,-0.005067985120719103,-0.001916630338381575
0.0674999999999999,1.381397423810921,-0.18830975453349702,0.08192285032007096,0.02390879002149202,-0.0027324911294047383,-0.0010628820948392658
0.07250000000000001,1.3574532967857513,-0.2118313832973024,0.08259509675256778,0.02587420546538336,-0.001363682542103982,-0.0005450574365783306
0.0774999999999999,1.3474986022610351,-0.22433900110810118,0.08300659322911322,0.02688278433800882,-0.0006601032889078566,-0.0002633344597562246
0.08250000000000002,1.3457880997165212,-0.2308765820458928,0.08337794735886735,0.02739929922243211,-0.00030577707810730185,-0.00010567647844186673
0.08749999999999991,1.3486099445724982,-0.23490634835602642,0.08381172406932712,0.027723418177983343,-9.654698409889425e-05,3.9362011224346134e-07
0.09250000000000003,1.3541141919983946,-0.2383353004388388,0.08437196627295125,0.02801997720956232,7.596645546669258e-05,9.312735075164645e-05
0.09749999999999992,1.3615084258030963,-0.24211356286321317,0.08510919052212802,0.02837652290640728,0.00026340056884035693,0.00018986277247893022
0.10250000000000004,1.370451596390748,-0.246655166610925,0.0860625897333111,0.02883955936071798,0.00048612776943413423,0.0002955105657999443
0.10749999999999993,1.3807043529015166,-0.2520431489732677,0.08725399453336231,0.029430327610727,0.0007454378822411976,0.00040670941039639905
0.11250000000000004,1.391956918350301,-0.25812307095306763,0.0886805322525742,0.030149526766766712,0.0010290208407293898,0.0005142016962340055
0.11749999999999994,1.4037799465305034,-0.2645702203936616,0.09031079094534156,0.030978586680685306,0.0013148729285539199,0.0006053311627904797
0.12250000000000005,1.415664313090446,-0.2709712904666401,0.09208756804400015,0.03188220006232943,0.0015762157938406212,0.0006673630497340378
0.12749999999999995,1.4271112080617072,-0.2769197997813746,0.09393728692711671,0.03281396607124784,0.0017875899475932782,0.0006910887192528157
0.13250000000000006,1.4377251742434471,-0.28209967675069636,0.09578295701518433,0.03372443918709182,0.0019305777287090464,0.0006734511790708525
0.13749999999999996,1.4472707620190046,-0.2863315291235418,0.09755616925774188,0.03456933373188208,0.0019972649328419976,0.0006181545343071625
0.14250000000000007,1.4556784570160999,-0.2895743787909231,0.09920478875662916,0.03531558508403262,0.0019905180736103246,0.0005341863228433808
0.14749999999999996,1.4630109110392973,-0.29189483909311303,0.10069548390987894,0.03594406266901714,0.0019215642597792428,0.00043312284150566623
0.15250000000000008,1.4694121133482718,-0.29342356065611325,0.10201222430642519,0.03644908476679399,0.0018062565107657975,0.0003263922160400883
0.15749999999999997,1.4750592609196398,-0.2943151891755703,0.10315258086187169,0.03683577798594672,0.0016614489445462165,0.00022333331389232
0.1625000000000001,1.4801276944378587,-0.29471986238826764,0.10412338610284622,0.03711654537654978,0.0015023737479041251,0.0001303149524267984
0.16749999999999998,1.484770769773457,-0.29476729548561664,0.1049367262234207,0.03730764567775476,0.001341268153176214,5.074088298604017e-05
0.1725000000000001,1.4891118258428198,-0.2945608208716972,0.1056067508787499,0.037426447757795744,0.0011870473825261474,-1.4412730325082789e-05
0.1775,1.4932440358397143,-0.29417779293581897,0.10614747250692776,0.037489536866571506,0.0010456350293346212,-6.586102765552044e-05
0.1825000000000001,1.497234400590445,-0.2936732588892933,0.10657151074017149,0.03751160786303184,0.0009205826996745034,-0.00010530308215167083
0.1875,1.5011292442423916,-0.29308474352709896,0.10688957836652456,0.037504977360617704,0.0008137296769559097,-0.00013485908524297796
0.1924999999999999,1.5049596486684407,-0.2924368886716354,0.1071104282874038,0.037479529226475204,0.0007257797416093014,-0.00015668430892799785
0.1975,1.5087460728484599,-0.29174535128475104,0.10724100899962667,0.03744292716381664,0.0006567571343874996,-0.0001727428953525518
0.2024999999999999,1.5125019218105034,-0.29101978728171124,0.10728667518634256,0.03740095914750354,0.0006063421175133267,-0.00018470316589193803
0.20750000000000002,1.5162361148840757,-0.29026598009873483,0.10725139981625569,0.037357914039022756,0.0005740983116187868,-0.00019391315461031138
0.2124999999999999,1.5199548294141139,-0.2894872736656976,0.10713798825520532,0.037316927283868664,0.0005596079660994833,-0.00020142167080007355
0.21750000000000003,1.5236626267557378,-0.2886854903283561,0.10694830531546591,0.03728026472371149,0.0005625342826730482,-0.00020801993959058168
0.22249999999999992,1.5273631479788368,-0.2878614941127372,0.10668351744872458,0.037249536986358946,0.0005826310950648351,-0.00021428815284640893
0.22750000000000004,1.5310595275481362,-0.2870155241203283,0.10634434007152513,0.037225851489051276,0.0006197193496952671,-0.00022063864151961534
0.23249999999999993,1.534754632282814,-0.28614738646500265,0.10593126749451874,0.03720991700918658,0.0006736484549073043,-0.00022735251170815063
0.23750000000000004,1.538451198568535,-0.2852565628126245,0.10544475263543833,0.037202118741437765,0.0007442592476987605,-0.00023460957920906799
0.24249999999999994,1.542151915109909,-0.2843422711741821,0.1048853018392233,0.03720258036467706,0.0008313628706663193,-0.0002425126500388991
0.24750000000000005,1.545859480269416,-0.28340349951625277,0.10425346179708936,0.037211224437154786,0.0009347448572535601,-0.0002511071618905184
0.25249999999999995,1.549576650219794,-0.28243902339871296,0.10354969975336895,0.03722783485825342,0.0010541961616005236,-0.00026039654677777695
0.25750000000000006,1.55330628520729,-0.281447413509252,0.10277420688824533,0.03725211755264088,0.001189564532695088,-0.00027035298058783393
0.26249999999999996,1.5570513954853094,-0.2804270361304248,0.10192667612106776,0.03728375047852066,0.001340813412832298,-0.00028092283656932127
0.26750000000000007,1.5608151857850114,-0.279376048016421,0.10100610994865125,0.03732241306179319,0.0015080738760563487,-0.0002920262470889016
0.27249999999999996,1.5646010975003408,-0.2782923858470621,0.10001069923868762,0.037367787957724816,0.0016916785337227202,-0.0003035505335218572
0.2775000000000001,1.5684128509723962,-0.2771737484005726,0.09893778685216688,0.03741953275677217,0.0018921730122617927,-0.0003153376210046253
0.2825,1.5722544964167733,-0.276017565761595,0.097783902531117,0.03747722334438888,0.002110307278081755,-0.00032716573641137185
0.2875000000000001,1.5761304917491399,-0.27482094294440546,0.09654483890253585,0.03754027215001327,0.0023470125765628316,-0.0003387257381967197
0.2925,1.580045840019549,-0.2735805538932781,0.09521573809515337,0.03760782304877769,0.0026033684459719347,-0.0003495926340717598
0.2975000000000001,1.5840063392842862,-0.2722924452514174,0.09379117185033127,0.03767862153623897,0.0028805588033948126,-0.00035919363812385183
0.3025,1.5880190220532382,-0.2709516891486929,0.09226521681369511,0.03775085649707012,0.0031798090806379378,-0.00036677585327244273
0.3075000000000001,1.592092883020549,-0.26955180651745864,0.09063154192275745,0.0378219710077345,0.0035022912082377108,-0.0003713793225194484
0.3125,1.5962399977335242,-0.26808387914419235,0.08888353179052792,0.03788844568626466,0.0038489827327926533,-0.0003718241675503879
0.3174999999999999,1.60047709916825,-0.2665352971575733,0.08701446950945702,0.03794556910638115,0.004220472033097068,-0.000366722591975054
0.3225,1.6048275817885644,-0.26488816616766336,0.08501779721644663,0.037987224158550936,0.004616713692031302,-0.0003545260498437525
0.3274999999999999,1.6093237356347518,-0.2631175309020224,0.08288746386296134,0.03800573386779074,0.005036755411406429,-0.000333613444294764
0.3325,1.6140088000363986,-0.2611897411447756,0.08061835519958142,0.0379918203074828,0.005478477095709239,-0.0003024174740933939
0.3374999999999999,1.6189382338784974,-0.2590614387350853,0.07820678009782144,0.03793472991953952,0.0059383977541767686,-0.00025957475954719016
0.3425,1.6241795261828853,-0.2566797027465889,0.07565096339483293,0.03782256248313087,0.0064116088920708626,-0.00020407481480407377
0.3474999999999999,1.6298100108939129,-0.25398377915391984,0.07295147718213314,0.03764280765051502,0.0068918779340470275,-0.0001353779417071212
0.35250000000000004,1.6359125333105935,-0.2509085168434749,0.07011154047169871,0.03738304765662787,0.007371931728649628,-5.3476145099858304e-05
0.35749999999999993,1.6425693631544405,-0.24738919630307726,0.06713713564675264,0.03703174027951247,0.007843887026736046,4.111581410014235e-05
0.36250000000000004,1.6498552783236378,-0.24336701573735828,0.06403692274393027,0.03657896859603537,0.00829975739105907,0.00014743433167782472
0.36749999999999994,1.6578310429324385,-0.23879426020227526,0.060821967447749536,0.036017045642263004,0.008731948690798474,0.0002641849887056334
0.37250000000000005,1.6665384424202607,-0.23363822787563474,0.057505321554693824,0.035340894615042084,0.00913366499148412,0.000389875354163297
0.37749999999999995,1.6759976397261778,-0.2278833065639557,0.054101497787049375,0.03454817839385462,0.009499178817535404,0.000522934185623126
0.38250000000000006,1.686207041556263,-0.22153105345639312,0.05062587049659161,0.03363920700136984,0.009823960373709372,0.0006617971365417315
0.38749999999999996,1.6971453235847223,-0.2145985619562744,0.04709404265401735,0.03261668535865048,0.010104688639099874,0.0008049514576734342
0.39250000000000007,1.7087749146752025,-0.2071156739139849,0.04352132017001512,0.03148535323576191,0.010339156585497888,0.0009509455436722483
0.39749999999999996,1.721046134715692,-0.19912167318437518,0.039922631552239345,0.03025151774210381,0.010526029656225446,0.0010983798392412048
0.4025000000000001,1.733901285592181,-0.19066201271801245,0.03631315363112757,0.028922477215588417,0.010664423712066358,0.0012458945211888646
0.4075,1.7472782318159956,-0.18178545402577717,0.0327090120739424,0.02750600830197433,0.01075349397848356,0.0013921496655344896
0.4125000000000001,1.7611132523009312,-0.17254181092702667,0.029126735741118105,0.026010217180925062,0.010792410175055863,0.001535780778183495
0.4175,1.7753430753317982,-0.1629803509066848,0.025582127659762914,0.02444362866464747,0.010780548534319694,0.0016753414300550024
0.4225000000000001,1.7899061241832912,-0.1531488113922756,0.02208971154135717,0.022815240236875232,0.010717582926761858,0.0018092608723182016
0.4275,1.8047430940558506,-0.14309293135722223,0.018662806656817854,0.021134484947227992,0.010603450481672197,0.0019358283615104146
0.4325000000000001,1.8197970100226728,-0.13285638164039193,0.015313832134908853,0.01941117048323901,0.010438289454954593,0.002053197170257142
0.4375,1.8350129052124955,-0.12248098531116405,0.012054511131951244,0.017655453256060678,0.010222431660460983,0.0021594012703884204
0.4424999999999999,1.8503372340917594,-0.11200713780419168,0.008895813375425544,0.01587784287004966,0.00995649188862246,0.0022523931526182667
0.4475,1.8657171023192503,-0.10147436066228024,0.005848156337835741,0.014089188607421121,0.009641399033738998,0.0023300820905088585
0.4524999999999999,1.881099383919297,-0.09092193417136328,0.0029213232635716393,0.01230067639027305,0.009278520248562716,0.0023903960797462126
0.4575,1.896429773193425,-0.08038957285519437,0.00012449551725634628,0.010523797748939136,0.00886976026067575,0.0024313528262354723
0.4624999999999999,1.9116518128261157,-0.06991811300662391,-0.0025336002913486574,0.00877029855851885,0.008417626748878462,0.0024511340227163564
0.4675,1.9267059432169855,-0.05955017766264368,-0.005045199967678355,0.007052054870589769,0.007925492787029783,0.0024482358434515764
0.4724999999999999,1.941528623265407,-0.0493307933230198,-0.007403185590900995,0.005380941459076582,0.007397594514796099,0.002421561244525885
0.47750000000000004,1.9560515894858626,-0.03930790304018349,-0.009601338939626539,0.0037686091152153455,0.006839174821902411,0.0023705802547571504
0.48249999999999993,1.9702013513336567,-0.029532716255521552,-0.011634361498604513,0.002226312226046594,0.006256505262370705,0.002295435821298796
0.48750000000000004,1.9838990571262687,-0.02005981002466899,-0.013497870594541507,0.0007646363692123611,0.005656838963132162,0.002197057817339321
0.49249999999999994,1.9970608882475291,-0.010946858866488107,-0.015189027828136628,-0.0006068899715014488,0.00504842870313128,0.0020773559047515973
0.49750000000000005,2.0095992040715283,-0.0022538747565693912,-0.016706447986621038,-0.0018800920893263888,0.004440243153517615,0.0019392584764032243
0.5025,2.021424666991253,0.005958193776930254,-0.01804966593802093,-0.003048361385004467,0.0038413972013810467,0.001786104227581406
0.5075000000000001,2.0324494667029955,0.013629651235690305,-0.019219952128184767,-0.004106725445796753,0.003261577393551245,0.001621915614238332
0.5125,2.0425918797416505,0.02070508464619467,-0.02022199657589372,-0.005052706041054534,0.0027122419402939605,0.0014535801262930623
0.5175000000000001,2.0517820125142645,0.027137279375429074,-0.02106362877276853,-0.005889243292658747,0.002200214285408312,0.0012868730753003831
0.5225,2.0599681699507193,0.03289133246435301,-0.021753106992406523,-0.006620143309118312,0.0017316080974164063,0.0011274030872747709
0.5275000000000001,2.067123191934361,0.037948952791232025,-0.022300535930684463,-0.00725166290093293,0.0013104155178580805,0.0009802093652780475
0.5325,2.073249827162862,0.042312068414445764,-0.022717745315013,-0.007792406466792877,0.0009380379574583606,0.0008492915625232129
0.5375000000000001,2.0783837811696264,0.046004876981015255,-0.023017833233683522,-0.008252833207495808,0.0006131870386760372,0.0007372516352752143
0.5425,2.082593323803423,0.04907359361702879,-0.023214549421526034,-0.008644584089679712,0.00033208387381690935,0.0006451062344445133
0.5475000000000001,2.085974899695444,0.051583513436271405,-0.02332157567944593,-0.008979697519050735,8.894124345453941e-05,0.0005723111451196093
0.5525,2.088645068544325,0.053613595676768655,-0.023351792630482305,-0.009269812157358465,-0.00012334921213834877,0.0005169913760767978
0.5575000000000001,2.0907300465821255,0.055249413548773406,-0.023316635482466205,-0.00952546376664852,-0.00031244855392080923,0.00047632114122658434
0.5625,2.0923547649272267,0.05657575529576647,-0.023225628282517546,-0.009755564485534515,-0.00048585700015162217,0.0004469650941733316
0.5674999999999999,2.093633429955971,0.05767021905025951,-0.02308614828452614,-0.00996711170008756,-0.0006503658678803617,0.000425487432372479
0.5725,2.094663037139508,0.05859879215218189,-0.022903421862367886,-0.010165123030595106,-0.0008117328790762347,0.00040865829576634957
0.5774999999999999,2.0955203910080127,0.05941380123230072,-0.022680707999372555,-0.010352750456342617,-0.0009745792970930466,0.000393625419047634
0.5825,2.0962622863317075,0.060154009719105395,-0.022419598421440336,-0.010531502340148121,-0.0011424610989265813,0.0003779572194703719
0.5874999999999999,2.0969279089883366,0.06084623004375981,-0.022120359485854422,-0.010701500156740483,-0.0013180439756327491,0.00035958925033728096
0.5925,2.0975423295572773,0.06150768684723378,-0.021782255360291235,-0.01086171173813879,-0.0015033125887109384,0.0003367152263999139
0.5974999999999999,2.098120113063072,0.06214846606875324,-0.02140381529392186,-0.0110101254830257,-0.0016997595392313006,0.00030765997764026264
0.6025,2.098668384487234,0.06277359803783182,-0.020983030707536342,-0.011143851755709016,-0.0019085183785465785,0.00027076156066346206
0.6074999999999999,2.0991890076815984,0.06338453858220221,-0.020517484884446092,-0.011259153852672735,-0.0021304198918943446,0.0002242798483770537
0.6125,2.0996797551307833,0.06397996179870885,-0.02000442795861268,-0.011351420696754854,-0.0023659585508755392,0.00016634326372891124
0.6174999999999999,2.1001344398600357,0.0645558419292142,-0.01944081443959914,-0.011415098836717921,-0.002615157285584369,9.494519399421217e-05
0.6225,2.1005419727259746,0.0651047957521645,-0.018823322778687174,-0.011443605489061088,-0.002877317157197923,8.006163259735174e-06
0.6275,2.1008842492666857,0.06561461560817594,-0.018148379535222168,-0.011429250185664153,-0.003150639274540824,-9.647525610142921e-05
0.6325000000000001,2.101132722146581,0.06606588886026829,-0.017412216807812204,-0.011363202074514621,-0.003431715406229512,-0.00022015407132901528
0.6375,2.101243546421393,0.06642861898028082,-0.016611001764912706,-0.011235553671405291,-0.003714907509239311,-0.00036392469158186074
0.6425000000000001,2.1011513723580784,0.0666578891666318,-0.01574109065822962,-0.011035548695773096,-0.0039916804027324585,-0.0005273458203578504
0.6475,2.1007622911809385,0.06668890085860633,-0.014799473476202606,-0.010752057960159503,-0.00425001857019248,-0.0007079236700071543
0.6525000000000001,2.0999471994110284,0.06643223652678024,-0.013784482505314244,-0.01037439618711461,-0.004474142610480712,-0.0009003363187461698
0.6575,2.0985379833342392,0.06577097266112807,-0.012696826245228493,-0.009893562522858645,-0.004644823973704145,-0.0010957772132232648
0.6625000000000001,2.096330337981815,0.06456224472719682,-0.01154096063826721,-0.009303941056459784,-0.004740637154155056,-0.001281708753154423
0.6675,2.0930982783165684,0.06264675054419422,-0.010326699615413444,-0.008605392805384146,-0.004740420365194572,-0.0014424023701280217
0.6725000000000001,2.0886254072776453,0.059869763231257825,-0.00907078143760422,-0.007805488859396159,-0.0046269619399386085,-0.0015606133317508878
0.6775,2.0827550073294936,0.056115307706879926,-0.007797866995076191,-0.0069213829912023895,-0.004391450333041169,-0.001620489512113763
0.6825000000000001,2.0754532974038007,0.05135000566654398,-0.006540248901025955,-0.0059805722025587805,-0.004037602991639446,-0.0016112945918489911
0.6875,2.0668683171713473,0.04566494199907209,-0.005335588901736348,-0.005019711624752728,-0.0035839062338509555,-0.0015308755455810145
0.6924999999999999,2.057356657624323,0.03929649812842242,-0.004222483822930255,-0.004080960359781992,-0.0030624927767070945,-0.0013874141628497495
0.6975,2.04745226556297,0.032607704788915476,-0.0032345883982900807,-0.0032061506520301855,-0.002514167703830552,-0.0011983400014852208
0.7024999999999999,2.037772976858666,0.02602572479647746,-0.0023949767238193847,-0.0024301525234018554,-0.00198073275441587,-0.0009864405224646684
0.7075,2.0288931076985106,0.01995377537723117,-0.0017126979538397888,-0.0017755075789115393,-0.001497147726335373,-0.0007745799366172231
0.7124999999999999,2.0212313054463498,0.014691426497356885,-0.0011826861111140976,-0.0012501053865840814,-0.0010862055047988072,-0.0005810748941881858
0.7175,2.014994283366695,0.010392604263552848,-0.0007887425764975579,-0.0008484036288792038,-0.0007571090450821393,-0.00041722573944312903
0.7224999999999999,2.010185917997588,0.007069386581602361,-0.0005081648098574217,-0.0005552452734873566,-0.0005075248696909798,-0.0002872634596293746
0.7275,2.0066616381150615,0.004628476608920514,-0.00031636079756535617,-0.00035058398059440116,-0.00032750651942420344,-0.00018995150516843014
0.7324999999999999,2.0041973292208315,0.0029189047563740705,-0.00019032803543499784,-0.00021362839119011467,-0.00020358590414105973,-0.0001207714410589457
0.7375,2.0025489017538933,0.001773878489067792,-0.00011063786842513316,-0.00012563810142101963,-0.00012195575950154164,-7.388490093845553e-05
0.7424999999999999,2.0014919587136144,0.0010389668347169625,-6.21196654504334e-05,-7.130284612105883e-05,-7.040524755884952e-05,-4.350554373148614e-05
0.7475,2.000841567849435,0.0005863687619249713,-3.36695641014643e-05,-3.903399003054695e-05,-3.916093542300838e-05,-2.465491752684239e-05
0.7525,2.0004572425668954,0.00031874031272583625,-1.7604312662690507e-05,-2.0600283598167932e-05,-2.0976979173468873e-05,-1.3442600805473127e-05
0.7575000000000001,2.0002391344159225,0.00016677055184301226,-8.871785252507389e-06,-1.0473100633471994e-05,-1.0814189571144642e-05,-7.047634292198778e-06
0.7625,2.0001202890212437,8.392144721725457e-05,-4.3053710963565e-06,-5.1247976529507055e-06,-5.361271551611677e-06,-3.550394948494064e-06
0.7675000000000001,2.0000581437933507,4.0579420449303e-05,-2.0099462928014086e-06,-2.4113874225958697e-06,-2.5537771186868944e-06,-1.717225712348168e-06
0.7725,2.0000269801732458,1.8836086052529208e-05,-9.01725581150993e-07,-1.0899469903722878e-06,-1.167681782494589e-06,-7.967139024394595e-07
0.7775000000000001,2.000012005839885,8.38438903420064e-06,-3.883290677852945e-07,-4.7274319925663367e-07,-5.119752011591054e-07,-3.5422378677972763e-07
0.7825,2.0000051175692652,3.574918942355331e-06,-1.6034609015736216e-07,-1.9653306323428377e-07,-2.1502370773349602e-07,-1.5076518938018678e-07
0.7875000000000001,2.0000020871300963,1.4583681339351915e-06,-6.340499788257446e-08,-7.822037924807424e-08,-8.640519464091636e-08,-6.136090289468659e-08
0.7925,2.000000813417185,5.685105379721331e-07,-2.3979620237759615e-08,-2.9766922294881007e-08,-3.318052727199321e-08,-2.385275401697779e-08
0.7975000000000001,2.000000302543128,2.115012896832605e-07,-8.662261843065134e-09,-1.0816880788548264e-08,-1.2160676707490048e-08,-8.844971692638442e-09
0.8025,2.00000010724266,7.498725658805801e-08,-2.984501099337378e-09,-3.748112939738669e-09,-4.247830189140623e-09,-3.1245129329498766e-09
0.8075000000000001,2.0000000361750447,2.5299809869565248e-08,-9.792736235111336e-10,-1.2365534232537865e-09,-1.4121242284157259e-09,-1.0499523407864022e-09
0.8125,2.0000000115936185,8.109798923413074e-09,-3.0550729655919385e-10,-3.877949541246611e-10,-4.460543003440912e-10,-3.3510592559001675e-10
0.8174999999999999,2.0000000035241117,2.4655773309102978e-09,-9.046138815593412e-11,-1.1540511824908859e-10,-1.336498465580588e-10,-1.0141147894930822e-10
0.8225,2.0000000010141212,7.096303064629769e-10,-2.5374947197773894e-11,-3.2528422398977447e-11,-3.791471370001956e-11,-2.9046041626558813e-11
0.8274999999999999,2.000000000275712,1.929598135315976e-10,-6.729003365600826e-12,-8.666113626603141e-12,-1.0163064086624906e-11,-7.857957244427597e-12
0.8325,2.000000000070661,4.9460002257526894e-11,-1.6831346693080704e-12,-2.1773730268674367e-12,-2.568341406272152e-12,-2.0035373961697372e-12
0.8374999999999999,2.000000000017029,1.1921326551752005e-11,-3.9612256113209403e-13,-5.146502968865987e-13,-6.104136580421803e-13,-4.802750160704325e-13
0.8425,2.0000000000038485,2.6946593333903524e-12,-8.747698115741775e-14,-1.1412454918762137e-13,-1.3607103889074205e-13,-1.0794970139351152e-13
0.8474999999999999,2.000000000000813,5.694157164172442e-13,-1.8068855038246116e-14,-2.3668036304732886e-14,-2.836101647798535e-14,-2.268030186771128e-14
0.8525,2.0000000000001603,1.1206429592966188e-13,-3.476858529888982e-15,-4.572085737400045e-15,-5.504939356789219e-15,-4.436759749849707e-15
0.8574999999999999,2.0000000000000293,2.048356209532186e-14,-6.213482774135009e-16,-8.203656105391771e-16,-9.925925183048424e-16,-8.061058493467031e-16
0.8625,2.000000000000005,3.5019079463359246e-15,-1.033778684363875e-16,-1.3731093810321325e-16,-1.673875647895616e-16,-1.3736647014435918e-16
0.8674999999999999,2.000000000000001,5.663279986599667e-16,-1.601044326461897e-17,-2.1451398285942943e-17,-2.6423434074847227e-17,-2.204163574614983e-17
0.8725,2.0,3.75590363781991e-17,-8.946778099759129e-19,-1.2275143088891998e-18,-1.5498303400681548e-18,-1.3600803495933465e-18
0.8775,2.0,2.133934304590511e-19,-5.082457813996846e-21,-6.973371572223217e-21,-8.804602511099818e-21,-7.72695150168095e-21
0.8825000000000001,2.0,1.2031044429398105e-21,-2.8645871582160984e-23,-3.930544458941058e-23,-4.9629759495440947e-23,-4.355942894851936e-23
0.8875,2.0,6.669394208350013e-24,-1.584769422697847e-25,-2.1751772542912356e-25,-2.7474270270255677e-25,-2.4128797704870346e-25
0.8925000000000001,2.0,3.275487287255251e-26,-7.707324860537983e-28,-1.0594047707333056e-27,-1.3400747357812206e-27,-1.1803336457714482e-27
0.8975,2.0,5.663800522596252e-29,-1.3441743836672933e-30,-1.8452852773838696e-30,-2.3311781734090537e-30,-2.048066725178214e-30
0.9025000000000001,2.0,2.55675744357959e-31,-6.011134409701108e-33,-8.263631753036352e-33,-1.0454314234134306e-32,-9.210457988794083e-33
0.9075,2.0,3.757144634950392e-34,-8.832245118873317e-36,-1.2142096154168076e-35,-1.536124353209818e-35,-1.353405995277946e-35
0.9125000000000001,2.0,5.371530866376598e-37,-1.2626005852823492e-38,-1.735782858379054e-38,-2.1960136938841896e-38,-1.934863646067005e-38
0.9175,2.0,7.500711574610501e-40,-1.7622565507349352e-41,-2.422864272862872e-41,-3.0654884820391143e-41,-2.70131680979764e-41
0.9225000000000001,2.0,9.366383094991858e-43,-2.194430826206677e-44,-3.018306527302163e-44,-3.8204695461956807e-44,-3.36942122900343e-44
0.9275,2.0,3.2374177235847676e-46,-7.576742041456102e-48,-1.0423019121775225e-47,-1.3195229679101944e-47,-1.1641112102513963e-47
0.9325000000000001,2.0,0.0,0.0,0.0,0.0,0.0
0.9375,2.0,0.0,0.0,0.0,0.0,0.0
0.9424999999999999,2.0,0.0,0.0,0.0,0.0,0.0
0.9475,2.0,0.0,0.0,0.0,0.0,0.0
0.9524999999999999,2.0,0.0,0.0,0.0,0.0,0.0
0.9575,2.0,0.0,0.0,0.0,0.0,0.0
0.9624999999999999,2.0,0.0,0.0,0.0,0.0,0.0
0.9675,2.0,0.0,0.0,0.0,0.0,0.0
0.9724999999999999,2.0,0.0,0.0,0.0,0.0,0.0
0.9775,2.0,0.0,0.0,0.0,0.0,0.0
0.9824999999999999,2.0,0.0,0.0,0.0,0.0,0.0
0.9875,2.0,0.0,0.0,0.0,0.0,0.0
0.9924999999999999,2.0,0.0,0.0,0.0,0.0,0.0
0.9975,2.0,0.0,0.0,0.0,0.0,0.0
