-0.9975,1.0270289303612274,-0.016706687827504067,0.0007004691230181985,0.00026144991013850056
-0.9925,1.0278196139664553,-0.017483327880647045,0.0007349979615542258,0.00027387984693232704
-0.9875,1.0286354462823868,-0.018281033952091283,0.000770537906747107,0.00028666688961949497
-0.9825,1.02947687344625,-0.019100219218588257,0.0008071131411152962,0.00029981931322968367
-0.9775,1.0303443399278682,-0.01994129188916506,0.0008447479123934546,0.0003133454023104217
-0.9725,1.031238287803462,-0.02080465448793147,0.0008834665068638961,0.00032725344204054675
-0.9675,1.0321591559941838,-0.021690703106325922,0.0009232932197993422,0.000341551708793267
-0.9625,1.0331073794690393,-0.022599826624476353,0.0009642523224678992,0.00035624846013831177
-0.9575,1.0340833884117602,-0.023532405901621936,0.0010063680249765554,0.0003713519242775114
-0.9525,1.0350876073513535,-0.024488812935589466,0.0010496644339949162,0.0003868702889132899
-0.9475,1.0361204542561755,-0.025469409991414668,0.001094165504088082,0.00040281168955679403
-0.9425,1.037182339591534,-0.026474548699301832,0.0011398949809718376,0.0004191841972918491
-0.9375,1.0382736653410065,-0.027504569122204954,0.0011868763344535314,0.0004359958060231895
-0.9325,1.0393948239918755,-0.028559798793396905,0.0012351326780986865,0.0004532544192530174
-0.9275,1.0405461974853776,-0.029640551724442972,0.0012846866717171343,0.00047096783644857976
-0.9225,1.041728156132858,-0.030747127383942037,0.0013355604015329024,0.000489143739082433
-0.9175,1.0429410574997355,-0.03187980964700364,0.0013877752313173695,0.0005077896764365729
-0.9125,1.0441852452610227,-0.03303886571402634,0.001441351615746654,0.0005269130512350405
-0.9075,1.045461048036857,-0.03422454499319824,0.001496308864718655,0.0005465211050433098
-0.9025,1.0467687782282298,-0.03543707793016548,0.0015526648442997235,0.0005666209030114369
-0.8975,1.0481087309008703,-0.03667667474177961,0.0016104355964470444,0.0005872193166853867
-0.8925,1.0494811828261192,-0.03794352395211789,0.0016696348560080046,0.0006083230018401982
-0.8875,1.0508863919103217,-0.03923779051031378,0.0017302734405582859,0.000629938364994178
-0.8825000000000001,1.0523245974692133,-0.04055961305202717,0.0017923584880381424,0.0006520715067740142
-0.8775,1.053796022174887,-0.041909099507502434,0.0018558925216359827,0.0006747281222153164
-0.8725,1.055300877043026,-0.04328631973782598,0.0019208723349297973,0.0006979133278944669
-0.8674999999999999,1.0568393714942428,-0.044691293240157116,0.001987287717666229,0.000721631375718792
-0.8625,1.0584117311485886,-0.04612396936572332,0.002055120087775477,0.000745885207913282
-0.8575,1.060018226260169,-0.04758419726821646,0.0021243411589974546,0.0007706758142733046
-0.8525,1.0616592130776303,-0.049071683420202246,0.0021949118497567766,0.0007960013789560966
-0.8475,1.0633351884050817,-0.050585936501323134,0.002266781711837623,0.0008218562551608644
-0.8425,1.0650468539446767,-0.05212620304839797,0.0023398892010015973,0.0008482298797773234
-0.8375,1.0667951818991228,-0.05369140218803737,0.0024141630943063895,0.0008751058226741647
-0.8325,1.0685814678991452,-0.05528007297193419,0.0024895252533756167,0.0009024612307767864
-0.8275,1.0704073535007335,-0.05689035145803426,0.0025658947306330007,0.000930266942748457
-0.8225,1.0722748005073428,-0.05851999457287037,0.002643192939063668,0.0009584884882872092
-0.8175,1.0741860048947942,-0.06016646235156297,0.0027213493130059663,0.0009870880387932172
-0.8125,1.076143249267209,-0.06182705930873676,0.0028003066601805806,0.0010160271659040829
-0.8075,1.078148707477173,-0.06349912148828168,0.002880025326059569,0.0010452700439235025
-0.8025,1.0802042292748877,-0.06518022208538615,0.0029604854116876433,0.0010747865703447828
-0.7975,1.0823111418549871,-0.06686836001369494,0.00304168659936772,0.0011045548356905682
-0.7925,1.0844701052924308,-0.0685620958880106,0.003123645578615993,0.001134562476107178
-0.7875,1.0866810491749272,-0.07026060943445651,0.003206391514741551,0.0011648066684021808
-0.7825,1.0889432006616366,-0.07196366892840127,0.003289960344821778,0.00119529281407646
-0.7775,1.0912551947022389,-0.07367152205300306,0.003374388835432782,0.0012260322234232542
-0.7725,1.0936152409252475,-0.07538473308381773,0.0034597092695247945,0.0012570392807132178
-0.7675,1.0960213130636998,-0.07710399942464784,0.003545945387319997,0.0012883286098783076
-0.7625,1.0984713272610507,-0.07882997984293567,0.0036331098734406603,0.0013199126742210233
-0.7575000000000001,1.1009632837367627,-0.08056315874773864,0.0037212033561259948,0.0013518000765427118
-0.7525,1.1034953585865623,-0.08230375893094308,0.003810214640266093,0.001383994636400473
-0.7475,1.1060659449111703,-0.08405170323016176,0.003900121770779184,0.0014164951614251175
-0.7424999999999999,1.1086736518403961,-0.0858066165635687,0.003990893512509876,0.0014492957309384432
-0.7375,1.1113172748142965,-0.08756785510265738,0.004082490904348166,0.0014823862781550394
-0.7324999999999999,1.1139957508054776,-0.08933454872519088,0.004174868654253896,0.0015157532774383775
-0.7275,1.1167081091969988,-0.09110564495511134,0.004267976247789541,0.0015493803906185548
-0.7224999999999999,1.1194534242678975,-0.09287994558361108,0.004361758717518582,0.001583248976136874
-0.7175,1.122230769907446,-0.0946561295331697,0.004456157050009115,0.0016173383977015731
-0.7125,1.1250391720047719,-0.09643275634108953,0.004551108188106184,0.001651626074826248
-0.7075,1.1278775493412918,-0.0982082437695374,0.004646544523760231,0.0016860871947792606
-0.7025,1.1307446302701558,-0.09998081125808192,0.004742392684685686,0.0017206939623715528
-0.6975,1.1336388311237249,-0.10174837990086194,0.004838571322755384,0.0017554142200592105
-0.6925,1.1365580850686399,-0.10350842177949747,0.004934987557343636,0.0017902092578813767
-0.6875,1.1394996193235145,-0.10525775939365614,0.005031531774526333,0.001825030692343572
-0.6825,1.14245969572093,-0.1069923311501784,0.00512807069982254,0.0018598164654493666
-0.6775,1.145433353367152,-0.10870696030428446,0.005224439090299591,0.0018944863164197748
-0.6725,1.1484142172969944,-0.1103951873274327,0.005320431008341337,0.0019289374758396413
-0.6675,1.1513944539590402,-0.1120492404302651,0.005415792321344744,0.001963041723024805
-0.6625,1.1543649517265142,-0.11366021540621521,0.005510216594889978,0.001996645169958333
-0.6575,1.1573157741983604,-0.11521850672601078,0.005603346639416753,0.0020295720140765146
-0.6525000000000001,1.1602368764410227,-0.11671447787348399,0.005694783418493125,0.002061632929876698
-0.6475,1.1631190021466629,-0.11813929233955102,0.005784102797329757,0.002092637786674562
-0.6425000000000001,1.1659546154118392,-0.11948576841125515,0.00587087892527976,0.0021224112108290103
-0.6375,1.1687386888096305,-0.12074909316337909,0.005954711353068426,0.0021508085143783777
-0.6325000000000001,1.1714691852245132,-0.12192724768511357,0.006035251813598581,0.0021777290550967646
-0.6275,1.1741471335015714,-0.1230210548736486,0.006112226352067453,0.002203124395055738
-0.6225,1.1767762890027247,-0.124033845658626,0.006185449294852611,0.002226999651463283
-0.6174999999999999,1.1793624612376687,-0.1249708229437538,0.006254827174619623,0.0022494078953924036
-0.6125,1.1819126547123118,-0.12583826013801017,0.0063203527067544635,0.002270438914879433
-0.6074999999999999,1.1844341901714157,-0.12664268882992574,0.006382090694020568,0.0022902047020182956
-0.6025,1.1869339512994594,-0.12739020828044334,0.006440158894762266,0.0023088243987787645
-0.5974999999999999,1.189417849823048,-0.12808600043530938,0.006494707235936486,0.0023264111273987513
-0.5925,1.1918905395108557,-0.1287340763301342,0.006545898352906067,0.002343062328790626
-0.5875,1.1943553552621706,-0.12933722999375522,0.006593891545353645,0.0023588542359532206
-0.5825,1.1968144189796943,-0.12989714477310757,0.006638831174114866,0.0023738402107381044
-0.5775,1.1992688422028603,-0.13041458689197288,0.006680839567980041,0.002388052066883329
-0.5725,1.2017189623290345,-0.13088962794996944,0.00672001383517826,0.002401503253816512
-0.5675,1.2041645667594316,-0.13132185457746956,0.006756425630938182,0.0024141928340408246
-0.5625,1.2066050794523446,-0.1317105421859535,0.00679012287389786,0.002426109436948341
-0.5575,1.2090397014291692,-0.13205478547312863,0.006821132534431037,0.002437234688533111
-0.5525,1.2114675081319943,-0.13235358871064212,0.006849463835849082,0.002447545903726009
-0.5475,1.213887512134406,-0.13260592388616582,0.006875111436336713,0.0024570180350182197
-0.5425,1.2162987009940787,-0.13281076585340865,0.006898058349509268,0.002465624987709259
-0.5375,1.2187000588376122,-0.13296711246672924,0.006918278497907875,0.002473340454721362
-0.5325,1.2210905781154413,-0.1330739956513174,0.006935738879101271,0.002480138418750733
-0.5275000000000001,1.2234692658230577,-0.13313048736699123,0.00695040136990837,0.002485993441278032
-0.5225,1.2258351467943382,-0.13313570285974735,0.006962224213838541,0.0024908808241556287
-0.5175000000000001,1.228187265520362,-0.1330888025332966,0.006971163241212074,0.002494776699711522
-0.5125,1.2305246872449134,-0.13298899312779028,0.0069771728682346944,0.0024976580830510654
-0.5075000000000001,1.2328464986987293,-0.13283552853642616,0.006980206915165654,0.0024995029054046256
-0.5025,1.2351518086364306,-0.13262771040955232,0.006980219277051126,0.002500290038348341
-0.49750000000000005,1.2374397482468187,-0.13236488861087364,0.006977164474368687,0.0024999993136537862
-0.49250000000000005,1.239709471466479,-0.13204646155333777,0.006970998105700205,0.002498611540869279
-0.48750000000000004,1.2419601552100807,-0.13167187642729256,0.006961677220244998,0.0024961085234424638
-0.48250000000000004,1.244190999524493,-0.1312406293278993,0.006949160624500393,0.002492473073611491
-0.47750000000000004,1.246401227671638,-0.1307522652868542,0.006933409134638103,0.0024876890260565184
-0.47250000000000003,1.2485900861443051,-0.1302063782129029,0.006914385783865408,0.0024817412502261948
-0.4675,1.250756844618932,-0.12960261074550977,0.00689205599226978,0.0024746156612435862
-0.4625,1.2529007958493283,-0.12894065402606392,0.006866387705215214,0.0024662992293110163
-0.4575,1.2550212555052858,-0.1282202473910532,0.006837351505214036,0.0024567799875557256
-0.4525,1.2571175619600274,-0.12744117799168017,0.006804920701277534,0.0024460470382811008
-0.4475,1.2591890760304096,-0.1266032803444258,0.006769071398988927,0.002434090557609572
-0.4425,1.2612351806737587,-0.12570643581707372,0.006729782553851006,0.002420901798524231
-0.4375,1.2632552806451736,-0.12475057205470366,0.0066870360096520825,0.0024064730923414714
-0.4325,1.2652488021190624,-0.12373566235013118,0.00664081652229286,0.0023907978486868453
-0.4275,1.2672151922786246,-0.1226617249632199,0.006591111767160271,0.002373870554114503
-0.4225,1.269153918876919,-0.12152882239341872,0.0065379123245038135,0.0023556867696075227
-0.4175,1.271064469773109,-0.12033706060977885,0.006481211634134554,0.002336243127263864
-0.4125,1.2729463524473639,-0.11908658824259481,0.006421005913906461,0.0023155373263523873
-0.4075,1.274799093497685,-0.11777759574071683,0.006357294053307688,0.0022935681284505425
-0.40249999999999997,1.276622238121576,-0.11641031449850771,0.006290077520170969,0.002270335350726551
-0.39749999999999996,1.2784153495851336,-0.1149850159563354,0.006219360325488847,0.0022458398563913137
-0.39249999999999996,1.280178008682106,-0.1135020106783317,0.006145149046631161,0.0022200835425711164
-0.38749999999999996,1.281909813185708,-0.11196164741089809,0.006067452846380295,0.002193069327293911
-0.38249999999999995,1.283610377296006,-0.11036431212525603,0.0059862834348771,0.0021648011368523984
-0.37749999999999995,1.2852793310852564,-0.1087104270472586,0.005901654993219046,0.0021352838931061866
-0.37250000000000005,1.286916319943281,-0.1070004496775407,0.005813584089483197,0.0021045235000835406
-0.36750000000000005,1.2885210040248785,-0.10523487180487108,0.005722089588330259,0.002072526829930376
-0.36250000000000004,1.2900930577011278,-0.10341421851539621,0.005627192553937563,0.002039301708287186
-0.35750000000000004,1.2916321690162895,-0.10153904720029489,0.005528916145588535,0.0020048568991824695
-0.35250000000000004,1.2931380391518772,-0.0996099465641833,0.005427285505058139,0.0019692020895307966
-0.34750000000000003,1.2946103818993249,-0.0976275356364357,0.00532232763550202,0.0019323478733149825
-0.3425,1.2960489231425647,-0.09559246278740907,0.005214071268907853,0.00189430573557611
-0.3375,1.2974534003516875,-0.09350540475139164,0.005102546724263654,0.0018550880362235421
-0.3325,1.2988235620887665,-0.09136706565792009,0.0049877857531985415,0.0018147079938103446
-0.3275,1.30015916752686,-0.08917817607292951,0.004869821366007465,0.0017731796694634104
-0.3225,1.3014599859830696,-0.08693949205104416,0.004748687645661358,0.0017305179508193733
-0.3175,1.302725796466525,-0.08465179420010198,0.004624419544842132,0.0016867385361121418
-0.3125,1.3039563872423068,-0.08231588675869353,0.0044970526515658495,0.0016418579186822293
-0.3075,1.305151555412626,-0.07993259668698623,0.004366622928758075,0.0015958933716009056
-0.3025,1.3063111065177915,-0.07750277276984094,0.004233166426420986,0.0015488629320594273
-0.2975,1.3074348541628014,-0.07502728472813638,0.004096718957065521,0.001500785384952286
-0.2925,1.3085226196837452,-0.07250702232677264,0.00395731572195189,0.001451680244348039
-0.2875,1.309574231887584,-0.06994289445075433,0.0038149908868671052,0.0014015677298680146
-0.2825,1.310589526941155,-0.06733582808377042,0.003669777096111559,0.0013504687327953876
-0.27749999999999997,1.3115683485706398,-0.06468676704900411,0.0035217049145115325,0.001298404762726754
-0.27249999999999996,1.3125105488930562,-0.06199667023177741,0.0033708021872461674,0.0012453978594787743
-0.26749999999999996,1.3134159904795437,-0.05926650876080274,0.0032170933112473632,0.0011914704462305022
-0.26249999999999996,1.3142845506927643,-0.056497261239051313,0.0030605984226166863,0.0011366450886032653
-0.25749999999999995,1.3151161299769671,-0.05368990556080773,0.002901332511932577,0.0010809441121052972
-0.25249999999999995,1.3159106665844933,-0.0508454051490992,0.0027393044633094036,0.001024389020537528
-0.24750000000000005,1.3166681610672972,-0.0479646867092793,0.002574516066292036,0.0009669996534211804
-0.24250000000000005,1.3173887144632537,-0.045048606066967915,0.002406961267103358,0.0009087930273547272
-0.23750000000000004,1.318072584011969,-0.04209789873792374,0.002236625463667676,0.000849781851655775
-0.23250000000000004,1.318720258861791,-0.03911311306879112,0.002063485477537644,0.0007899727519646972
-0.22750000000000004,1.3193325550459047,-0.03609452655294698,0.0018875100162929386,0.0007293643483010565
-0.22250000000000003,1.3199107237729717,-0.03304205047002142,0.0017086611576307119,0.0006679454271783581
-0.21750000000000003,1.320456560198776,-0.029955133975015553,0.0015268968273221676,0.0006056935680461864
-0.21250000000000002,1.3209724925840076,-0.026832685083440902,0.0013421744749853763,0.0005425746460121812
-0.20750000000000002,1.3214616262238943,-0.023673030820929412,0.0011544560979263449,0.00047854362571334583
-0.2025,1.3219277153379518,-0.020473939887891743,0.0009637134846522835,0.0004135469794654948
-0.1975,1.3223750414526543,-0.017232726596014866,0.0007699326533807012,0.0003475268323886594
-0.1925,1.322808189544991,-0.013946443801704896,0.0005731172347322165,0.00028042660447587453
-0.1875,1.3232317320110942,-0.010612156227228208,0.00037328308399195453,0.00021219776862986994
-0.1825,1.3236498516502848,-0.007227267194016804,0.00017043337080783035,0.00014280699455096558
-0.1775,1.3240659530703487,-0.003789855965841655,-3.556964547029927e-05,7.224199524613983e-05
-0.1725,1.3244823218176727,-0.0002989744192993284,-0.00024545924436173957,3.7739578527322433e-07
-0.16749999999999998,1.324899879884641,0.003245136466188341,-0.0004565683416361848,-7.264134519122593e-05
-0.16249999999999998,1.3253180880452744,0.006840972393782245,-0.0006692571443987559,-0.00014661963295609643
-0.15749999999999997,1.3257350136876125,0.010485814088995744,-0.0008839544791263493,-0.00022159653481344235
-0.15249999999999997,1.3261475378861225,0.014175904517774495,-0.0011004421501223057,-0.0002974770931470177
-0.14749999999999996,1.3265516709174043,0.017906723570398,-0.001318504411174219,-0.0003741570928549661
-0.14249999999999996,1.3269429253315663,0.021673310734283052,-0.0015379344457525992,-0.00045152948857796877
-0.13749999999999996,1.3273166889973838,0.025470588054113792,-0.0017585391272748592,-0.0005294899319352506
-0.13249999999999995,1.327668549543299,0.02929364128249984,-0.0019801418163128493,-0.0006079409664837633
-0.12749999999999995,1.327994537324537,0.03313793072154632,-0.0022025832904233452,-0.0006867946477894759
-0.12250000000000005,1.3282912730628789,0.03699941971635449,-0.0024257211236268015,-0.000765973634784377
-0.11750000000000005,1.3285560239832246,0.04087462406018157,-0.002649427958753355,-0.000845411014375876
-0.11250000000000004,1.328786685210203,0.04476059676730072,-0.002873589144989722,-0.0009250492373635585
-0.10750000000000004,1.3289817098585974,0.04865486844339952,-0.003098100163225474,-0.001004838562811175
-0.10250000000000004,1.3291400119492265,0.05255536409372425,-0.003322864162678413,-0.0010847353537944654
-0.09750000000000003,1.3292608625806526,0.05646031401785348,-0.0035477898150856205,-0.0011647004728933335
-0.09250000000000003,1.32934379378541,0.06036817126078391,-0.0037727895832287456,-0.0012446979224111532
-0.08750000000000002,1.3293885181432037,0.06427754260349101,-0.00399777841492265,-0.00132469378494129
-0.08250000000000002,1.3293948668762583,0.06818713545956558,-0.004222672817985168,-0.0014046554562428583
-0.07750000000000001,1.3293627454626618,0.07209571985827136,-0.004447390244287592,-0.0014845511262113818
-0.07250000000000001,1.3292921038116856,0.07600210297280292,-0.004671848705207102,-0.0015643494502949472
-0.0675,1.3291829174089256,0.07990511310103365,-0.004895966548601121,-0.001644019355513515
-0.0625,1.3290351760745551,0.08380359020705647,-0.0051196623415561415,-0.0017235299349542769
-0.057499999999999996,1.3288488776349445,0.0876963806970701,-0.005342854818397295,-0.0018028503966864208
-0.05249999999999999,1.3286240245604028,0.09158233475136594,-0.0055654628667626185,-0.001881950044125331
-0.04749999999999999,1.328360622284554,0.09546030510534032,-0.005787405534747214,-0.0019607982735254906
-0.04249999999999998,1.3280586784219561,0.09932914660444946,-0.006008602049186345,-0.0020393645802908246
-0.03749999999999998,1.327718202439297,0.10318771615009908,-0.006228971839639456,-0.0021176185695926616
-0.03249999999999997,1.3273392055442583,0.10703487283349426,-0.006448434565285349,-0.0021955299690015343
-0.02749999999999997,1.3269217006747274,0.11086947815676666,-0.0066669101433945435,-0.002273068642038633
-0.022499999999999964,1.3264657025336133,0.11469039629466264,-0.006884318778792688,-0.0023502046021588183
-0.01749999999999996,1.3259712276453124,0.11849649437664332,-0.007100580994090271,-0.002426908026963997
-0.012499999999999956,1.3254382944240972,0.12228664278149896,-0.007315617660616509,-0.0025031492725731503
-0.007499999999999951,1.3248669232508588,0.1260597154418868,-0.007529350030064752,-0.002578898888128334
-0.0024999999999999467,1.3242571365571518,0.12981459015835273,-0.0077416997668826575,-0.0026541276304364093
0.0024999999999999467,1.3236089589164353,0.13355014892320152,-0.007952588981449465,-0.002728806478753123
0.007500000000000062,1.3229224171427303,0.1372652782548386,-0.008161940264083768,-0.0028029066497178823
0.012499999999999956,1.3221975403970008,0.14095886954326653,-0.008369676719924099,-0.0028763996124474126
0.01750000000000007,1.3214343603015808,0.14462981940741007,-0.008575722004722428,-0.0029492571037958697
0.022499999999999964,1.320632911062957,0.14827703006491577,-0.00878000036158831,-0.0030214511437881755
0.02750000000000008,1.319793229603224,0.15189940971505098,-0.008982436658718862,-0.003092954051232702
0.03249999999999997,1.3189153557005102,0.15549587293530032,-0.009182956428147256,-0.003163738459518691
0.03750000000000009,1.317999332138697,0.15906534109224182,-0.009381485905539456,-0.003233777332603166
0.04249999999999998,1.3170452048667394,0.1626067427672633,-0.009577952071066344,-0.003303043981191358
0.0475000000000001,1.3160530231679235,0.1661190141976564,-0.009772282691374956,-0.0033715120791138918
0.05249999999999999,1.3150228398394017,0.16960109973359308,-0.009964406362679562,-0.0034391556799030876
0.05750000000000011,1.313954711382423,0.17305195231140946,-0.010154252554989586,-0.0035059492335693023
0.0625,1.3128486982038956,0.1764705339434022,-0.010341751657488216,-0.003571867603575535
0.0674999999999999,1.311704864830694,0.1798558162236454,-0.010526835025072394,-0.003636886084001041
0.07250000000000001,1.3105232801405886,0.183206780847147,-0.010709435026064376,-0.0037009804168625796
0.0774999999999999,1.3093040176212412,0.1865224201330415,-0.010889485091110993,-0.0037641268094955396
0.08250000000000002,1.3080471556905726,0.189801737523396,-0.011066919763309818,-0.0038263019517040166
0.08749999999999991,1.3067527781717878,0.19304374797682103,-0.011241674749665536,-0.003887483031852748
0.09250000000000003,1.3054209751722314,0.19624747803986795,-0.011413686974129509,-0.003947647749658792
0.09749999999999992,1.304051844999344,0.1994119650434336,-0.011582894632778385,-0.004006774319895946
0.10250000000000004,1.3026454986433846,0.2025362540872163,-0.011749237252195937,-0.004064841452804615
0.10749999999999993,1.3012020703367368,0.20561938974160687,-0.011912655752703734,-0.004121828278051408
0.11250000000000004,1.2997217418340414,0.20866039577330545,-0.01207309251791971,-0.004177714138735973
0.11749999999999994,1.2982047962005858,0.21165822905774204,-0.012230491468467613,-0.004232478100797118
0.12250000000000005,1.2966517319823456,0.21461168059320312,-0.01238479812323956,-0.004286097869401648
0.12749999999999995,1.2950634948065824,0.2175191735160089,-0.01253595958980524,-0.004338547530349017
0.13250000000000006,1.2934419257207552,0.22037837080526557,-0.012683924322664814,-0.004389793080158381
0.13749999999999996,1.2917905883799934,0.22318544997068698,-0.012828641262892765,-0.004439784009944953
0.14250000000000007,1.290116221437435,0.22593382755101762,-0.01297005752604734,-0.004488438229057114
0.14749999999999996,1.2884311602275451,0.22861202960957214,-0.013108112994636122,-0.0045356164008794825
0.15250000000000008,1.2867571582616797,0.23120032742418017,-0.013242728821636485,-0.004581080532793574
0.15749999999999997,1.2851310614255207,0.23366573703061463,-0.01337378479144784,-0.004624430931544826
0.1625000000000001,1.2836126506407086,0.2359551024735288,-0.013501077623172344,-0.004665016389686912
0.16749999999999998,1.2822945160413308,0.23798638599528163,-0.01362424876167305,-0.004701816370084606
0.1725000000000001,1.2813128276767887,0.2396391818527432,-0.013742666579227182,-0.0047333035160866625
0.1775,1.2808560501091173,0.240747102738573,-0.013855245844302734,-0.004757313220936375
0.1825000000000001,1.281165869845011,0.24109718441449934,-0.013960190774366542,-0.004770976623545218
0.1875,1.2825213805035953,0.2404443341859198,-0.014054665568847543,-0.004770811171660009
0.1924999999999999,1.2851960617006,0.2385501168920269,-0.014134443015199512,-0.0047530907629429525
0.1975,1.2893819132656588,0.23525060246826737,-0.014193672924067428,-0.004714592538491217
0.2024999999999999,1.2950915248352672,0.23054292057163409,-0.014225034856225944,-0.004653682271542981
0.20750000000000002,1.302075156156485,0.22465659017624026,-0.014220600576070361,-0.0045714452288734145
0.2124999999999999,1.309807761333044,0.21806082814714497,-0.014173551626640853,-0.004472327281887231
0.21750000000000003,1.3175819095512937,0.21137813778931527,-0.014080384166510643,-0.004363781634984175
0.22249999999999992,1.3246825276478795,0.2052289334603593,-0.013942667157843569,-0.004254851634082737
0.22750000000000004,1.3305628419782902,0.2000798546961672,-0.013767379409007232,-0.004154205985042087
0.23249999999999993,1.334941695913909,0.19616380952262175,-0.013565559938205858,-0.004068419573521227
0.23750000000000004,1.337798199502812,0.19348911204564265,-0.013349923646845344,-0.004001076933890986
0.24249999999999994,1.339296637492813,0.19190684211791048,-0.01313248346233732,-0.003952803639735465
0.24750000000000005,1.339692873666976,0.19119201493347412,-0.012922932572152514,-0.003921951121509591
0.25249999999999995,1.3392582636560513,0.19110850776331242,-0.012727987616781488,-0.0039055330913909444
0.25750000000000006,1.3382335120922393,0.19144796595449706,-0.012551490896332855,-0.0039000892041357108
0.26249999999999996,1.3368091901833572,0.1920459551554093,-0.012394936055439567,-0.003902307695696197
0.26750000000000007,1.335123969378545,0.1927831268620572,-0.012258129223271812,-0.003909375836408014
0.27249999999999996,1.3332720215686007,0.19357867866401487,-0.012139805932467872,-0.003919107082742142
0.2775000000000001,1.3313135587865303,0.19438120876434212,-0.0120381220834286,-0.003929921172211748
0.2825,1.3292850478951308,0.19515989063510486,-0.011951002091248539,-0.003940748089085131
0.2875000000000001,1.3272075369201903,0.19589728716878574,-0.011876361357493832,-0.003950907704712436
0.2925,1.3250927137552218,0.19658412169291117,-0.011812232862688708,-0.0039599960945202765
0.2975000000000001,1.322946936885593,0.19721579758798272,-0.011756828064401618,-0.003967792839966403
0.3025,1.3207737147374246,0.1977902561458494,-0.011708556985600858,-0.003974192627950146
0.3075000000000001,1.318575124020766,0.198306750411057,-0.01166602548945141,-0.003979158549154356
0.3125,1.3163525669477765,0.19876519028118825,-0.01162802144845873,-0.003982692223544626
0.3174999999999999,1.3141071495385064,0.1991658152665949,-0.01159349670457658,-0.0039848157587728476
0.3225,1.3118398590980513,0.19950904099563427,-0.011561548472881584,-0.003985561418097358
0.3274999999999999,1.3095516428988496,0.1997953911716635,-0.011531401878331406,-0.003984966002557015
0.3325,1.3072434415913083,0.2000254686117329,-0.011502394244469564,-0.003983067962118561
0.3374999999999999,1.3049162031777177,0.20019994295999136,-0.01147396123110633,-0.003979906011047274
0.3425,1.302570889067047,0.2003195450763308,-0.011445624698140406,-0.003975518534996552
0.3474999999999999,1.3002084769727436,0.20038506396166292,-0.01141698210171149,-0.0039699433951527665
0.35250000000000004,1.2978299624930736,0.20039734461851696,-0.011387697222867378,-0.0039632179197728835
0.35749999999999993,1.2954363600491596,0.20035728625667404,-0.011357492046856292,-0.003955378975789763
0.36250000000000004,1.293028703425914,0.20026584062700267,-0.01132613963516116,-0.003946463067509763
0.36749999999999994,1.290608046011939,0.20012401039674899,-0.011293457855703836,-0.003936506437355025
0.37250000000000005,1.2881754607843157,0.1999328475241929,-0.011259303857198488,-0.003925545157557913
0.37749999999999995,1.2857320400666343,0.19969345160725002,-0.011223569191121944,-0.003913615208504864
0.38250000000000006,1.28327889508149,0.19940696818838355,-0.01118617549945327,-0.0039007525426285393
0.38749999999999996,1.2808171553149872,0.19907458700298275,-0.011147070698640831,-0.0038869931341874962
0.39250000000000007,1.2783479677084735,0.19869754016189076,-0.011106225601469748,-0.00387237301584622
0.39749999999999996,1.2758724956908984,0.1982771002615418,-0.011063630949413794,-0.003856928302696323
0.4025000000000001,1.2733919180626294,0.1978145784176117,-0.011019295058667741,-0.003840695199665229
0.4075,1.2709074277424148,0.19731132221954367,-0.010973242157355215,-0.0038237099895966744
0.4125000000000001,1.2684202303959158,0.1967687136035788,-0.010925510305958884,-0.00380600902464693
0.4175,1.2659315429627325,0.1961881666435197,-0.010876147130819398,-0.0037876287642404425
0.4225000000000001,1.2634425920796104,0.19557112526241835,-0.010825203530496694,-0.003768605866031366
0.4275,1.260954612381978,0.19491906087065902,-0.010772728368790894,-0.00374897726547421
0.4325000000000001,1.2584688446788637,0.19423346993348947,-0.010718767245102808,-0.00372878016269693
0.4375,1.2559865340266747,0.19351587146746185,-0.010663365367615921,-0.003708051900552161
0.4424999999999999,1.2535089277428892,0.1927678044657751,-0.010606571658076196,-0.0036868297957815275
0.4475,1.2510372733888393,0.19199082525725808,-0.010548441036432675,-0.003665151003625696
0.4524999999999999,1.2485728167274184,0.19118650480835558,-0.010489033736198533,-0.0036430524556108667
0.4575,1.246116799647126,0.19035642597867602,-0.010428412368826748,-0.0036205708601862482
0.4624999999999999,1.2436704580439872,0.18950218073878589,-0.010366638089002468,-0.0035977427331701827
0.4675,1.2412350196604562,0.1886253673562342,-0.010303766828060796,-0.0035746044305632677
0.4724999999999999,1.2388117018869507,0.18772758755395094,-0.010239845901996407,-0.0035511921726699386
0.47750000000000004,1.2364017095335211,0.18681044364443475,-0.010174910845904597,-0.0035275420614454427
0.48249999999999993,1.234006232577021,0.18587553564289297,-0.010108982156811433,-0.0035036900986242236
0.48750000000000004,1.2316264438849176,0.1849244583619193,-0.010042061623496388,-0.003479672212798994
0.49249999999999994,1.229263496912042,0.1839587984886708,-0.009974127962124647,-0.003455524302453619
0.49750000000000005,1.2269185233613629,0.18298013164218335,-0.009905131497741445,-0.0034312823008283647
0.5025,1.2245926307935118,0.18199001940240328,-0.009834987618598613,-0.0034069822677404655
0.5075000000000001,1.2222869001591252,0.18099000629109277,-0.009763568686502083,-0.0033826605124169466
0.5125,1.2200023832038835,0.17998161666010273,-0.009690694017414547,-0.0033583537483371463
0.5175000000000001,1.217740099631272,0.17896635138066982,-0.009616117454386598,-0.0033340992724497404
0.5225,1.2155010337263283,0.17794568405993322,-0.009539511937907662,-0.0033099351392728324
0.5275000000000001,1.2132861296435205,0.17692105605497535,-0.009460450333168129,-0.0032859002494648694
0.5325,1.2110962832484262,0.1758938683583446,-0.009378381595394697,-0.0032620341615331775
0.5375000000000001,1.2089323251534854,0.17486546546268447,-0.009292601142340281,-0.0032383762083576777
0.5425,1.2067949820689243,0.1738370994301035,-0.00920221406701675,-0.003214963064472465
0.5475000000000001,1.2046847873987194,0.17280984753928794,-0.0091060896016042,-0.0031918231296981267
0.5525,1.2026018797326365,0.17178442721494083,-0.009002805134483066,-0.0031689648032421254
0.5575000000000001,1.2005455686897673,0.17076079742877323,-0.008890578305875316,-0.0031463537784913007
0.5625,1.198513448648988,0.16973734445464783,-0.00876718668994435,-0.0031238719070751085
0.5674999999999999,1.1964996926643041,0.16870931261864738,-0.008629877048965277,-0.003101247365418944
0.5725,1.194491965888007,0.16766596117073496,-0.008475271241873632,-0.003077943939830846
0.5774999999999999,1.1924661966693137,0.16658573934711723,-0.008299285058180122,-0.0030529984768033072
0.5825,1.190378326817998,0.16542865677560584,-0.00809709106627206,-0.003024803581368513
0.5874999999999999,1.1881523083654861,0.16412514645207563,-0.007863177909309935,-0.002990852423127971
0.5925,1.1856643203876933,0.1625613411367718,-0.0075915852566674664,-0.0029474990417418354
0.5974999999999999,1.1827248971814075,0.16056221834446266,-0.007276420354325509,-0.0028898424617757198
0.6025,1.1790639696394127,0.15787704705646605,-0.006912774892042316,-0.002811907056392981
0.6074999999999999,1.1743291402536817,0.15417640918726924,-0.006498131091766857,-0.0027073329992575532
0.6125,1.1681140095912885,0.14907615471659103,-0.006034224490997819,-0.002570743903069819
0.6174999999999999,1.1600365888952204,0.14220720367907627,-0.0055290577139881225,-0.00239973656140788
0.6225,1.1498772302281772,0.1333417455858749,-0.004998323734402773,-0.0021970012254108814
0.6275,1.1377485440183364,0.12255395741876876,-0.004465081784905823,-0.0019715790887306073
0.6325000000000001,1.1242125052483507,0.11033969935777735,-0.003956639631461395,-0.0017381263910931715
0.6375,1.110233137148545,0.0975884668373135,-0.003498788461879621,-0.001513765828792368
0.6425000000000001,1.0969255749957911,0.08535948507028626,-0.0031094952837716345,-0.0013135632695371532
0.6475,1.0852137049201254,0.07455590750655956,-0.0027951770698586504,-0.0011467896933207895
0.6525000000000001,1.0755915203246698,0.0656831290448859,-0.002551286501351835,-0.0010157212465760593
0.6575,1.068097357642827,0.05880816755887514,-0.00236618871454852,-0.0009170294734877857
0.6625000000000001,1.0624526147857267,0.053684332071444206,-0.002225785249340749,-0.0008444003655830845
0.6675,1.0582434205203803,0.04992524307109288,-0.0021169278874898184,-0.0007909212306906336
0.6725000000000001,1.055058001689689,0.047139926573756194,-0.002029083612041643,-0.0007505408918387826
0.6775,1.0525569209968775,0.0450034889960123,-0.0019546541668228144,-0.0007186307653637249
0.6825000000000001,1.050491706466785,0.043277080848278415,-0.0018885797476170406,-0.0006919733643089614
0.6875,1.0486956058252899,0.04180005039566072,-0.0018277061926266307,-0.0006684941932626678
0.6924999999999999,1.0470643004225744,0.04047182599782058,-0.001770177841868529,-0.0006469386095349609
0.6975,1.0455363914304432,0.039233273849850016,-0.0017149589267163176,-0.0006265902124783431
0.7024999999999999,1.044077680113949,0.03805157763136299,-0.001661498286674682,-0.0006070610920979419
0.7075,1.0426700426949478,0.03690949721631447,-0.0016095141991413326,-0.0005881511356765328
0.7124999999999999,1.0413042643340316,0.03579843223172298,-0.0015588661243204564,-0.0005697611657658749
0.7175,1.0399757726121583,0.03471428359586331,-0.0015094832229155617,-0.0005518430683130476
0.7224999999999999,1.0386822722797946,0.03365515419584294,-0.0014613269763853079,-0.0005343730218949991
0.7275,1.037422520295247,0.03262015397069619,-0.0014143728112604725,-0.0005173380197761682
0.7324999999999999,1.0361957330077178,0.03160881704808081,-0.001368601588880865,-0.00050072948644339
0.7375,1.0350013193013903,0.030620833436003626,-0.0013239958701456026,-0.0004845404157831585
0.7424999999999999,1.0338387707762806,0.029655930915624032,-0.0012805383275435016,-0.00046876413455526747
0.7475,1.032707622761394,0.02871382367462342,-0.0012382110432685592,-0.00045339376128442787
0.7525,1.031607444907569,0.02779418891144699,-0.001196995133368698,-0.00043842194237127355
0.7575000000000001,1.0305378422606313,0.02689665543318151,-0.0011568704765612815,-0.0004238407000010829
0.7625,1.0294984576465718,0.02602079909190768,-0.0011178154855433979,-0.0004096413449384964
0.7675000000000001,1.028488970389793,0.02516614457734801,-0.0010798069348854525,-0.00039581445980963506
0.7725,1.0275090884056304,0.024332174577751577,-0.0010428198963921846,-0.0003823499772236607
0.7775000000000001,1.0265585323162378,0.023518347017003945,-0.0010068278451809624,-0.0003692373751892253
0.7825,1.025637012091753,0.022724119685090798,-0.0009718029903981332,-0.00035646599531622
0.7875000000000001,1.024744198785314,0.021948979675749037,-0.0009377168539838962,-0.0003440254621520517
0.7925,1.0238796957666052,0.02119247326864379,-0.0009045410733338102,-0.0003319061518968706
0.7975000000000001,1.023043014868608,0.020454230901149464,-0.0008722483490690647,-0.0003200996350643428
0.8025,1.0222335625770624,0.019733982153751488,-0.0008408134120189845,-0.00030859900951757206
0.8075000000000001,1.0214506397058636,0.019031557336752936,-0.0008102138590825035,-0.00029739905311420455
0.8125,1.0206934552763824,0.018346874960042937,-0.0007804307161914086,-0.00028649615792044155
0.8174999999999999,1.019961152299851,0.017679917356179332,-0.0007514486292599469,-0.0002758880526878599
0.8225,1.019252840724393,0.01703069914371117,-0.0007232556513668549,-0.0002655733645506495
0.8274999999999999,1.0185676316375925,0.0163992343820775,-0.0006958426691860383,-0.00025555110200818187
0.8325,1.0179046671633145,0.015785507930038408,-0.0006692025743946304,-0.0002458201508982188
0.8374999999999999,1.0172631421108342,0.01518945491907412,-0.0006433293212931591,-0.0002363788621243736
0.8425,1.0166423157128965,0.014610949996947615,-0.0006182170139877729,-0.0002272247803571492
0.8474999999999999,1.0160415140075767,0.014049805797644383,-0.000593859139072089,-0.00021835452706172722
0.8525,1.0154601250101756,0.013505778514539577,-0.0005702480141663843,-0.00020976381953265175
0.8574999999999999,1.0148975895288832,0.012978577749817699,-0.0005473744730527261,-0.00020144758736527187
0.8625,1.0143533903650632,0.012467877923051214,-0.0005252277666047254,-0.0001934001412473207
0.8674999999999999,1.0138270419838018,0.011973329170387011,-0.0005037956322837473,-0.00018561535390977248
0.8725,1.0133180818840188,0.01149456651475351,-0.0004830644749425647,-0.00017808682476554104
0.8775,1.0128260641181417,0.011031216860770923,-0.00046301960491117216,-0.00017080801310434443
0.8825000000000001,1.0123505548620781,0.01058290391348794,-0.00044364549058213644,-0.0001637723359546901
0.8875,1.011891129647237,0.010149251407335426,-0.00042492599674492107,-0.0001569732340970283
0.8925000000000001,1.0114473717868786,0.00972988511092604,-0.00040684459291576635,-0.00015040421317271793
0.8975,1.0110188715776738,0.009324434025310566,-0.0003893845258628198,-0.00014405886736273518
0.9025000000000001,1.0106052259593854,0.008932531092089784,-0.0003725289569670627,-0.00013793089198136852
0.9075,1.0102060384209444,0.008553813623163013,-0.00035626106847732057,-0.00013201408961501936
0.9125000000000001,1.0098209190255691,0.0081879235800737,-0.00034056414398575465,-0.00012630237280695974
0.9175,1.0094494844851982,0.007834507773631484,-0.00032542162843099653,-0.00012078976504051013
0.9225000000000001,1.009091358249333,0.007493218019846656,-0.00031081717229045525,-0.00011547040094693077
0.9275,1.0087461705923528,0.007163711269339029,-0.00029673466377387364,-0.00011033852617927249
0.9325000000000001,1.0084135586927447,0.006845649718011762,-0.00028315825200313525,-0.00010538849713804816
0.9375,1.0080931667019635,0.006538700902512307,-0.00027007236345455156,-0.00010061478061420752
0.9424999999999999,1.0077846458024,0.006242537782204562,-0.00025746171337216506,-9.601195336498448e-05
0.9475,1.0074876542546274,0.0059568388086654435,-0.00024531131342301715,-9.157470162107762e-05
0.9524999999999999,1.0072018574343227,0.005681287983450193,-0.00023360647653543373,-8.729782052003942e-05
0.9575,1.006926927859338,0.00541557490475933,-0.00022233281961557037,-8.317621346171447e-05
0.9624999999999999,1.0066625452074196,0.005159394803589232,-0.00021147626465567852,-7.920489138364825e-05
0.9675,1.006408396325061,0.004912448569915547,-0.00020102303861360365,-7.537897195632012e-05
0.9724999999999999,1.00616417522798,0.004674442769429241,-0.0001909596723444864,-7.169367869947618e-05
0.9775,1.005929583093696,0.004445089651319334,-0.00018127299879328173,-6.814434002185537e-05
0.9824999999999999,1.0057043282466709,0.00422410714757812,-0.00017195015060361614,-6.472638818730189e-05
0.9875,1.005488126136463,0.004011218864284035,-0.0001629785572595778,-6.143535821070075e-05
0.9924999999999999,1.005280699309346,0.0038061540652864624,-0.00015434594184840424,-5.8266886687348064e-05
0.9975,1.0050817773737728,0.003608647648752154,-0.00014604031751120548,-5.521671055972679e-05
