-0.9975,1.5,0.0,0.0
-0.9925,1.5,0.0,0.0
-0.9875,1.5,0.0,0.0
-0.9825,1.5,0.0,0.0
-0.9775,1.5,0.0,0.0
-0.9725,1.5,0.0,0.0
-0.9675,1.5,0.0,0.0
-0.9625,1.5,0.0,0.0
-0.9575,1.5,0.0,0.0
-0.9525,1.5,0.0,0.0
-0.9475,1.5,0.0,0.0
-0.9425,1.5,0.0,0.0
-0.9375,1.5,0.0,0.0
-0.9325,1.5,0.0,0.0
-0.9275,1.5,0.0,0.0
-0.9225,1.5,0.0,0.0
-0.9175,1.5,0.0,0.0
-0.9125,1.5,0.0,0.0
-0.9075,1.5,0.0,0.0
-0.9025,1.5,0.0,0.0
-0.8975,1.5,0.0,0.0
-0.8925,1.5,0.0,0.0
-0.8875,1.5,0.0,0.0
-0.8825000000000001,1.5,0.0,0.0
-0.8775,1.5,0.0,0.0
-0.8725,1.5,0.0,0.0
-0.8674999999999999,1.5,0.0,0.0
-0.8625,1.5,4.2948183788308274e-36,-8.431873802863776e-39
-0.8575,1.5,1.2543056534813265e-32,-2.4646948180936203e-35
-0.8525,1.5,1.0906881428293948e-29,-2.146843862059006e-32
-0.8475,1.5,3.726850778678407e-27,-7.358794351993002e-30
-0.8425,1.5,1.1016958898230066e-24,-2.1602335150908272e-27
-0.8375,1.5,2.9552993034311087e-22,-5.62282395216174e-25
-0.8325,1.5,3.267279197431308e-20,-5.881971132878108e-23
-0.8275,1.5,8.06762317755736e-18,-9.616613807997961e-21
-0.8225,1.4999999999999998,2.099840802058927e-16,-1.7072342710551463e-19
-0.8175,1.4999999999999982,1.3794503206533154e-15,-1.2041188621561581e-18
-0.8125,1.4999999999999902,7.972160204476117e-15,-7.25285834489917e-18
-0.8075,1.4999999999999485,4.2059686992913453e-14,-3.93000621885924e-17
-0.8025,1.4999999999997522,2.0219856881587536e-13,-1.9343632194584954e-16
-0.7975,1.4999999999989075,8.91859824064711e-13,-8.737070136658659e-16
-0.7925,1.499999999995546,3.6360125445346798e-12,-3.649777744026414e-15
-0.7875,1.4999999999831233,1.3777151189076482e-11,-1.417985710513337e-14
-0.7825,1.4999999999402962,4.87380764640732e-11,-5.147270718477948e-14
-0.7775,1.4999999998020228,1.6161420143615886e-10,-1.752775895265478e-13
-0.7725,1.499999999382456,5.041159326139645e-10,-5.61916685314294e-13
-0.7675,1.4999999981822305,1.4838811147345182e-09,-1.701397701362402e-12
-0.7625,1.4999999949362617,4.133606923272334e-09,-4.879623543393306e-12
-0.7575000000000001,1.4999999866157143,1.0925734667056124e-08,-1.3291020746301475e-11
-0.7525,1.4999999663531887,2.7466082341983467e-08,-3.4464380879334665e-11
-0.7475,1.499999919375374,6.581390931214174e-08,-8.526853888690784e-11
-0.7424999999999999,1.4999998154790455,1.5062346720960295e-07,-2.0170119897384273e-10
-0.7375,1.4999995958937322,3.2986732180555305e-07,-4.570496757074858e-10
-0.7324999999999999,1.4999991516359923,6.925043021323063e-07,-9.938816941710262e-10
-0.7275,1.499998289886612,1.3959229297975515e-06,-2.077579869290676e-09
-0.7224999999999999,1.4999966848459134,2.7060530110956954e-06,-4.181464308651296e-09
-0.7175,1.4999938103608812,5.052353291848601e-06,-8.115372630937068e-09
-0.7125,1.4999888537688577,9.098127101795982e-06,-1.5210040887816526e-08
-0.7075,1.4999806140775418,1.5823618510859223e-05,-2.7567758413983215e-08
-0.7025,1.499967392630376,2.6615237623005364e-05,-4.838465210837168e-08
-0.6975,1.499946890088058,4.334962885964336e-05,-8.234112359176686e-08
-0.6925,1.4999161286370502,6.845715420279439e-05,-1.3604474698938322e-07
-0.6875,1.4998714211934665,0.00010494703715141311,-2.184957178938916e-07
-0.6825,1.4998084084177352,0.00015637719697848577,-3.4153115882214646e-07
-0.6775,1.4997221785744606,0.00022675652414753968,-5.201943699944488e-07
-0.6725,1.4996074747222443,0.0003203759541428247,-7.729716213681368e-07
-0.6675,1.4994589798042532,0.00044157603928651507,-1.1218446088520023e-06
-0.6625,1.4992716555473637,0.0005944706619758422,-1.5921218725474949e-06
-0.6575,1.4990410989212541,0.0007826564262167287,-2.2120358032642473e-06
-0.6525000000000001,1.4987638732843263,0.0010089426476234966,-3.01211983675895e-06
-0.6475,1.4984377721542157,0.0012751361925977646,-4.024408230268559e-06
-0.6425000000000001,1.498061981968011,0.0015819085547910553,-5.281523409338763e-06
-0.6375,1.4976371246098283,0.0019287608321060827,-6.815729237617893e-06
-0.6325000000000001,1.4971651778887403,0.002314088113181619,-8.658030589340128e-06
-0.6275,1.4966492890205136,0.0027353310622179215,-1.083739049216512e-05
-0.6225,1.4960935093531635,0.0031891917598000797,-1.3380118148977332e-05
-0.6174999999999999,1.495502486024568,0.003671884782428034,-1.630945803115537e-05
-0.6125,1.4948811473267876,0.004179393593748622,-1.9645386119024346e-05
-0.6074999999999999,1.4942344140073587,0.004707705987974154,-2.340459797570881e-05
-0.6025,1.4935669602567117,0.005253009201315957,-2.760065733234001e-05
-0.5974999999999999,1.4928830378274358,0.005811833677397008,-3.224426452278526e-05
-0.5925,1.4921863666123585,0.006381142707732247,-3.73436014107971e-05
-0.5875,1.4914800865769358,0.0069583720444051774,-4.290471238725899e-05
-0.5825,1.4907667599773562,0.0075414284596917605,-4.893188804578903e-05
-0.5775,1.49004840930294,0.0081286590983558,-5.542802773170823e-05
-0.5725,1.4893265746470226,0.008718804909940479,-6.239496824252016e-05
-0.5675,1.4886023729261095,0.009310952526987321,-6.983377837615958e-05
-0.5625,1.4878765387995365,0.009904501088341343,-7.774503383859773e-05
-0.5575,1.4871494214114196,0.010499165236661969,-8.612910669539305e-05
-0.5525,1.4864209006698181,0.011095044092444757,-9.49865318313977e-05
-0.5475,1.4856901714354076,0.011692798645132275,-0.0001043185541889065
-0.5425,1.484955325992795,0.012293994846308309,-0.0001141280185955148
-0.5375,1.4842126507364288,0.01290168165078328,-0.00012442083948725746
-0.5325,1.4834555530261255,0.013521273382575097,-0.00013520837557368042
-0.5275000000000001,1.4826730631748943,0.014161782185864565,-0.00014651112060852032
-0.5225,1.4818479285041353,0.01483738748330027,-0.0001583641823611573
-0.5175000000000001,1.4809544371295877,0.015569230575867897,-0.0001708250268874725
-0.5125,1.479956266664385,0.01638719365587574,-0.00018398388361926739
-0.5075000000000001,1.4788048105516094,0.017331293823608842,-0.00019797701942218473
-0.5025,1.4774385326003188,0.0184522431043529,-0.00021300280073477228
-0.49750000000000005,1.4757838723998626,0.019810748815246113,-0.00022934010592557535
-0.49250000000000005,1.4737580280578397,0.021475289056974416,-0.0002473682830752744
-0.48750000000000004,1.4712735909801313,0.023518384089383695,-0.0002675875352586357
-0.48250000000000004,1.4682445824566739,0.026011727937592957,-0.00029063840053073414
-0.47750000000000004,1.4645930752193004,0.02902083871511157,-0.0003173188841891929
-0.47250000000000003,1.4602554035312898,0.032600027779947284,-0.00034859776743843384
-0.4675,1.4551870391954682,0.036788425507265625,-0.00038562261783022395
-0.4625,1.4493655106480796,0.04160755958405216,-0.0004297210425045665
-0.4575,1.4427911616746991,0.04706064690169456,-0.00048239377965477186
-0.4525,1.4354859513980494,0.05313343909090458,-0.0005452983836903701
-0.4475,1.4274907830217207,0.05979623680854327,-0.0006202226067070457
-0.4425,1.4188619712213255,0.06700659248733215,-0.0007090471691954853
-0.4375,1.4096674324389988,0.07471224210307566,-0.0008136984445530202
-0.4325,1.3999830596133696,0.08285390301165835,-0.0009360925830558986
-0.4275,1.3898895811674414,0.0913677015132218,-0.0010780736410560315
-0.4225,1.379470048896923,0.10018711518060511,-0.0012413491995502965
-0.4175,1.3688079763822538,0.10924441142260954,-0.0014274275967389274
-0.4125,1.3579860664944918,0.11847162934210673,-0.0016375611416389751
-0.4075,1.3470854196927695,0.12780118970843288,-0.0018726994579487096
-0.40249999999999997,1.3361850951114773,0.1371662347790803,-0.002133456433698368
-0.39749999999999996,1.3253618942489824,0.14650080321259504,-0.0024200931907635203
-0.39249999999999996,1.3146902445659032,0.1557399413823813,-0.0027325181572468524
-0.38749999999999996,1.3042420723754105,0.1648198448253912,-0.0030703038740501156
-0.38249999999999995,1.294086568656084,0.17367811395524946,-0.0034327187531725525
-0.37749999999999995,1.2842897676795606,0.1822541962949128,-0.0038187707780441634
-0.37250000000000005,1.2749138780776248,0.19049007172103274,-0.004227259219645535
-0.36750000000000005,1.266016331507877,0.19833121517892266,-0.004656829926933477
-0.36250000000000004,1.2576485477094408,0.20572784069391728,-0.005106029689428571
-0.35750000000000004,1.2498544575976085,0.21263639007294263,-0.005573355578094091
-0.35250000000000004,1.2426688767859535,0.21902118067696227,-0.006057296021087636
-0.34750000000000003,1.2361158755358743,0.22485607390247386,-0.006556361590380381
-0.3425,1.2302073383819765,0.2301259786258152,-0.007069104936371363
-0.3375,1.2249419348903956,0.23482797442805808,-0.0075941308251444095
-0.3325,1.2203047187253278,0.23897184139102953,-0.008130098573080238
-0.3275,1.21626752565993,0.24257982652128374,-0.008675720087210239
-0.3225,1.2127902513804762,0.2456855626401416,-0.009229757002567132
-0.3175,1.2098229682403618,0.24833217289600812,-0.009791019972582022
-0.3125,1.2073087098606288,0.25056972011473505,-0.010358372101452235
-0.3075,1.205186643581418,0.25245226580468977,-0.010930737073802385
-0.3025,1.2033952905515424,0.2540348623024093,-0.011507111118906522
-0.2975,1.201875456892003,0.25537079877870505,-0.012086576926269564
-0.2925,1.2005726044771132,0.25650936024475773,-0.012668317264309937
-0.2875,1.1994384975654553,0.2574942566980703,-0.013251626400536235
-0.2825,1.1984320835523552,0.25836276422418597,-0.013835918336161487
-0.27749999999999997,1.1975196746240433,0.25914551766135857,-0.014420732078505357
-0.27249999999999996,1.196674572615489,0.25986682353312096,-0.015005735382102769
-0.26749999999999996,1.1958763145638034,0.2605453290091198,-0.015590729352708225
-0.26249999999999996,1.195109715042081,0.2611948839430461,-0.016175656880172334
-0.25749999999999995,1.1943638540769959,0.2618254584139831,-0.01676061798264856
-0.25249999999999995,1.193631119167278,0.26244401564836417,-0.017345894786678896
-0.24750000000000005,1.1929063678557654,0.263055279328863,-0.01793198802177216
-0.24250000000000005,1.1921862410701694,0.263662368105023,-0.0185196655472793
-0.23750000000000004,1.1914686307170825,0.2642672952328226,-0.019110021525164698
-0.23250000000000004,1.1907522883081425,0.26487134719231253,-0.019704542413909353
-0.22750000000000004,1.1900365532425545,0.265475363149958,-0.02030517308909783
-0.22250000000000003,1.1893211774015835,0.26607993928718154,-0.020914373346361422
-0.21750000000000003,1.1886062244726239,0.2666855803711165,-0.021535152244682165
-0.21250000000000002,1.187892025825674,0.2672928171743417,-0.022171065807485277
-0.20750000000000002,1.1871791782806917,0.2679023036147302,-0.022826163227228326
-0.2025,1.186468571769715,0.26851490247145565,-0.023504868608354417
-0.1975,1.1857614362647533,0.26913176360096003,-0.024211789929994516
-0.1925,1.1850593973979766,0.26975439394035644,-0.02495145442045875
-0.1875,1.1843645292925264,0.2703847144656824,-0.0257279794626666
-0.1825,1.1836793918846131,0.27102509599911095,-0.026544699411739883
-0.1775,1.1830070392735035,0.27167836379776233,-0.02740377964345512
-0.1725,1.1823509862564237,0.27234776074109057,-0.028305857743634737
-0.16749999999999998,1.1817151229186782,0.27303686111738074,-0.029249755972370253
-0.16249999999999998,1.1811035723229262,0.27374943166520377,-0.030232307418022027
-0.15749999999999997,1.1805204937868647,0.27448924335204844,-0.031248329894978954
-0.15249999999999997,1.179969843108486,0.2752598454875691,-0.03229076710853554
-0.14749999999999996,1.179455109945593,0.27606432175321693,-0.033350997615830345
-0.14249999999999996,1.1789790595862664,0.2769050538534897,-0.034419291373887446
-0.13749999999999996,1.178543509835954,0.27778352109413385,-0.03548537444606204
-0.13249999999999995,1.1781491725412598,0.2787001621009829,-0.0365390479129451
-0.12749999999999995,1.177795583234073,0.27965431776402466,-0.03757079966115143
-0.12250000000000005,1.1774811326676409,0.28064426288598415,-0.03857234875594245
-0.11750000000000005,1.1772032031127604,0.28166731914916643,-0.039537071359264236
-0.11250000000000004,1.1769584038288923,0.28272002516837347,-0.040460273091696565
-0.10750000000000004,1.176742898651311,0.28379832107889225,-0.041339292804570736
-0.10250000000000004,1.176552829342504,0.28489768413665545,-0.04217344390943278
-0.09750000000000003,1.1763848670693093,0.2860131245228739,-0.04296381883377098
-0.09250000000000003,1.1762369776705677,0.28713891034810946,-0.043712997666288694
-0.08750000000000002,1.1761095717850238,0.2882678282766774,-0.04442471255407097
-0.08250000000000002,1.1760073367123063,0.2893896897524363,-0.04510352510649611
-0.07750000000000001,1.1759422210596353,0.2904886509779175,-0.04575457626869081
-0.07250000000000001,1.1759382701046102,0.29153872009346066,-0.0463834688872988
-0.0675,1.176039281635369,0.2924965825703107,-0.04699634449968188
-0.0625,1.1763205290859216,0.2932906225930833,-0.047600218419645714
-0.057499999999999996,1.176905964365507,0.2938048655171829,-0.04820363803159438
-0.05249999999999999,1.1779920791481961,0.2938567894076196,-0.0488177173056598
-0.04749999999999999,1.179878340699567,0.29316915347029343,-0.04945754844326767
-0.04249999999999998,1.1830006239454318,0.29133931235693517,-0.050143842644866356
-0.03749999999999998,1.1879565040392113,0.28781665193758227,-0.05090431156275707
-0.03249999999999997,1.1954981497277937,0.28191111371287825,-0.05177366871361795
-0.02749999999999997,1.2064524308886413,0.2728704131065696,-0.05279027107093671
-0.022499999999999964,1.2215229976660809,0.2600658940271531,-0.05398698671197428
-0.01749999999999996,1.2409661377169312,0.2432868578137312,-0.055375509356333306
-0.012499999999999956,1.2642356617034507,0.223040312168398,-0.05692869864000508
-0.007499999999999951,1.2898141336240017,0.20064413076060264,-0.058572429106875414
-0.0024999999999999467,1.3154371126582425,0.17793733364035214,-0.06019830728811601
0.0024999999999999467,1.3386745519955525,0.1566790705618593,-0.06169521771411827
0.007500000000000062,1.3575400843547687,0.1379581645826313,-0.06298109762089177
0.012499999999999956,1.37077683593785,0.12191056065156866,-0.0640151457047255
0.01750000000000007,1.3777450891185825,0.1077899785218687,-0.06478644240203739
0.022499999999999964,1.3781166767243436,0.09424652012844886,-0.065291275970176
0.02750000000000008,1.3716549857260207,0.07967871537094756,-0.06551653172676224
0.03249999999999997,1.3582696755117696,0.06263443736022417,-0.06544165878596087
0.03750000000000009,1.338371163203657,0.042281280238411496,-0.06506154403205837
0.04249999999999998,1.3133251945889777,0.018860451715387548,-0.064418690337754
0.0475000000000001,1.2856013191689877,-0.006149247599930479,-0.0636202402647919
0.05249999999999999,1.2582864952333412,-0.03043663110245499,-0.06281807166351078
0.05750000000000011,1.234128769461288,-0.05173817507591012,-0.06215752938935274
0.0625,1.2147375662075677,-0.06865235555277954,-0.06172962149583579
0.0674999999999999,1.2004187289511339,-0.08089808195429338,-0.06155697438299453
0.07250000000000001,1.1905591325362275,-0.08903048112646082,-0.06161175153545316
0.0774999999999999,1.1841599934787705,-0.09397317774947295,-0.06184349436575612
0.08250000000000002,1.1802267724554636,-0.09666042780379377,-0.06219995192557829
0.08749999999999991,1.1779539460485757,-0.09786539423917401,-0.06263704073105261
0.09250000000000003,1.1767667236386417,-0.09816369733036272,-0.06312115571550196
0.09749999999999992,1.1762955363444252,-0.09796237651172937,-0.06362786439694589
0.10250000000000004,1.1763318531414337,-0.09754817729020822,-0.06413956662492187
0.10749999999999993,1.1767873504042503,-0.09713346776285058,-0.06464330952080596
0.11250000000000004,1.1776627623285116,-0.0968923114044494,-0.06512912962502869
0.11749999999999994,1.1790254471193782,-0.09698527378267713,-0.06558890983828476
0.12250000000000005,1.1809918891480806,-0.09757319660929423,-0.06601558233802708
0.12749999999999995,1.1837105768630103,-0.09882004342712639,-0.06640245998563504
0.13250000000000006,1.1873409953265648,-0.10088454763367286,-0.06674249743334848
0.13749999999999996,1.1920258530961356,-0.1039008055512103,-0.06702737725764242
0.14250000000000007,1.1978565367469576,-0.10794989719751545,-0.06724650641064617
0.14749999999999996,1.204836269762644,-0.11302823358763124,-0.06738627835347744
0.15250000000000008,1.2128504829039723,-0.11902249702852609,-0.06743020101396043
0.15749999999999997,1.221656749220524,-0.1257030406586833,-0.06736050747985635
0.1625000000000001,1.2309039240213813,-0.13274430377937263,-0.06716146598145928
0.16749999999999998,1.2401807238121343,-0.13977146705124902,-0.06682382799581463
0.1725000000000001,1.2490815987488664,-0.1464211670255961,-0.06634908798023763
0.1775,1.2572697245349387,-0.15239750378062508,-0.06575200795018543
0.1825000000000001,1.2645186464846296,-0.1575072016471863,-0.06506041443501565
0.1875,1.2707242595594332,-0.16166762125139678,-0.0643122955906448
0.1924999999999999,1.2758906948240172,-0.16489191936860745,-0.06355112063328952
0.1975,1.280100940259062,-0.16726156779511725,-0.06282066670971569
0.2024999999999999,1.2834838104581872,-0.1688965556009227,-0.062160466765787604
0.20750000000000002,1.2861853932059193,-0.16993018686643108,-0.06160254349934153
0.2124999999999999,1.2883485928327962,-0.17049134660516732,-0.06116963572590394
0.21750000000000003,1.2901009594879,-0.17069416586176445,-0.060874795599248625
0.22249999999999992,1.291549200657972,-0.17063354690892607,-0.06072206005183261
0.22750000000000004,1.292778269135733,-0.17038464762186387,-0.06070784177616161
0.23249999999999993,1.2938531350095144,-0.17000465484066696,-0.06082269949162699
0.23750000000000004,1.294821826362971,-0.16953561281595012,-0.06105320059213891
0.24249999999999994,1.2957188102913693,-0.1690075037983435,-0.06138366024463093
0.24750000000000005,1.296568178664378,-0.1684411205244453,-0.061797615995070304
0.25249999999999995,1.2973863811875768,-0.16785051078344138,-0.06227896634755776
0.25750000000000006,1.2981844266876583,-0.16724492690008116,-0.06281275868728743
0.26249999999999996,1.2989695770481902,-0.16663029962738396,-0.06338565216232038
0.26750000000000007,1.299746610651885,-0.16601029690576105,-0.063986103717025
0.27249999999999996,1.3005187526910893,-0.1653870393927274,-0.06460433243572147
0.2775000000000001,1.301288372306114,-0.1647615385370527,-0.06523211305659211
0.2825,1.3020575406108421,-0.1641339076786348,-0.06586243936361123
0.2875000000000001,1.3028285348065536,-0.1635033780197641,-0.06648908731720601
0.2925,1.3036043641285595,-0.16286813348032483,-0.06710610011801925
0.2975000000000001,1.3043893831065814,-0.1622249647051913,-0.06770721496553755
0.3025,1.3051900443646833,-0.16156873585495554,-0.06828525428210674
0.3075000000000001,1.3060158235029586,-0.1608916612529262,-0.06883151134631305
0.3125,1.3068803188306002,-0.16018240510805565,-0.0693351694022321
0.3174999999999999,1.3078024864482394,-0.1594250477576821,-0.06978280178184623
0.3225,1.308807917119961,-0.15859800486144676,-0.0701580058828246
0.3274999999999999,1.3099300012552708,-0.1576730361472402,-0.07044122394459765
0.3325,1.3112107739553915,-0.15661452683517219,-0.07060979724594865
0.3374999999999999,1.3127012005475678,-0.1553792523130521,-0.0706382875165616
0.3425,1.3144606730023352,-0.1539168281027479,-0.07049908121743105
0.3474999999999999,1.3165555528487718,-0.15217098996790637,-0.07016327126909214
0.35250000000000004,1.3190567178607358,-0.15008174157953602,-0.06960178976566342
0.35749999999999993,1.3220362311154013,-0.1475882640012637,-0.0687867468627799
0.36250000000000004,1.3255634179133162,-0.14463233276351425,-0.0676929167598886
0.36749999999999994,1.3297007655343391,-0.14116187327098972,-0.06629930117160465
0.37250000000000005,1.3345001153831453,-0.13713423797274693,-0.06459069221810443
0.37749999999999995,1.3399995789397032,-0.13251882554246888,-0.06255914843152449
0.38250000000000006,1.3462214872160643,-0.12729877481309804,-0.06020528902594485
0.38749999999999996,1.353171510741848,-0.1214716239867217,-0.05753930433470858
0.39250000000000007,1.3608389070829954,-0.11504898791545293,-0.05458157799649287
0.39749999999999996,1.3691977049775728,-0.10805543629556368,-0.05136282348774353
0.4025000000000001,1.3782085424516028,-0.10052683152312125,-0.04792365751892753
0.4075,1.3878208461331236,-0.09250840297870871,-0.04431356693970035
0.4125000000000001,1.3979750607635608,-0.08405280545736857,-0.040589272490045764
0.4175,1.4086046942205526,-0.07521835147688521,-0.03681254753453155
0.4225000000000001,1.4196380161352022,-0.06606753861878814,-0.0330476063196411
0.4275,1.4309993231568972,-0.056665927755258354,-0.029358226840949145
0.4325000000000001,1.4426097522478363,-0.047081373728713405,-0.025804810860216895
0.4375,1.4543876811413323,-0.03738356895789522,-0.02244160204484517
0.4424999999999999,1.466248801824449,-0.027643830867211262,-0.019314278898181523
0.4475,1.4781059901629097,-0.01793504236127575,-0.016458111240136093
0.4524999999999999,1.4898691249077178,-0.008331636913804287,-0.013896819745764495
0.4575,1.501445034342361,0.0010904966081257592,-0.011642212708792806
0.4624999999999999,1.5127377692746247,0.010254330154131151,-0.00969460041433681
0.4675,1.523649414442368,0.019082387293895275,-0.00804391430118908
0.4724999999999999,1.5340816494412586,0.027497965216184046,-0.006671394554413917
0.47750000000000004,1.5439382418015806,0.035427026644385066,-0.005551663655091573
0.48249999999999993,1.5531285803608217,0.042800846762444035,-0.004654979951462481
0.48750000000000004,1.5615722172663697,0.04955939592740658,-0.003949466399623184
0.49249999999999994,1.5692041715253664,0.055655276249231014,-0.0034031336051593944
0.49750000000000005,1.5759804698764737,0.061057819738230684,-0.002985558401697543
0.5025,1.5818831153091668,0.06575673813966916,-0.002669132453497391
0.5075000000000001,1.586923477356022,0.069764563667383,-0.002429851831876669
0.5125,1.591143112611321,0.07311712795642275,-0.0022476705618489426
0.5175000000000001,1.5946113415857086,0.07587156549836972,-0.0021064825133262958
0.5225,1.5974195245353249,0.07810179652811314,-0.0019938225937920304
0.5275000000000001,1.599672748865782,0.07989203412586683,-0.0019003884123516045
0.5325,1.6014803057757552,0.08132937412468132,-0.0018194785206753256
0.5375000000000001,1.6029466323772728,0.08249676134526499,-0.001746426484637543
0.5425,1.6041641999686338,0.08346747925657863,-0.0016780865267751733
0.5475000000000001,1.6052092204802755,0.08430184102848341,-0.0016124018396291412
0.5525,1.6061402680136931,0.08504615757532184,-0.0015480654906295127
0.5575000000000001,1.6069992509805646,0.08573354128882181,-0.001484268784372347
0.5625,1.6078138040794745,0.08638581643056413,-0.0014205235428813563
0.5674999999999999,1.6086001250681616,0.08701577154561786,-0.0013565419096528595
0.5725,1.6093654636922006,0.08762913204828555,-0.0012921581247078888
0.5774999999999999,1.6101097396166373,0.0882258428406723,-0.0012272794296519683
0.5825,1.6108260089219675,0.08880044169675247,-0.0011618564934755978
0.5874999999999999,1.6114996603294407,0.089341431128733,-0.0010958667278038003
0.5925,1.6121063069706363,0.0898296225557501,-0.0010293062734418451
0.5974999999999999,1.612608391123074,0.09023546603736246,-0.0009621882558793986
0.6025,1.6129506019003048,0.09051544140437719,-0.0008945462098176055
0.6074999999999999,1.6130543913944058,0.09060772805177783,-0.0008264424533215994
0.6125,1.6128122373861298,0.09042764828205581,-0.0007579816887150822
0.6174999999999999,1.6120829071170646,0.08986384511594345,-0.0006893301717196109
0.6225,1.6106898528380518,0.0887768332598321,-0.000620740273506577
0.6275,1.6084259175284459,0.08700238392132603,-0.0005525789236007283
0.6325000000000001,1.6050683709617142,0.08436289483230203,-0.0004853560195893819
0.6375,1.6004080923937993,0.08068982626281214,-0.000419745409197664
0.6425000000000001,1.5942941580443057,0.07585843986347834,-0.00035658717747585043
0.6475,1.5866890033577152,0.06983148221488272,-0.0002968576659238704
0.6525000000000001,1.5777202440425937,0.06270134400742072,-0.00024159622407816554
0.6575,1.567707299973297,0.05471359480917767,-0.00019178832258683919
0.6625000000000001,1.5571416136937597,0.046254443722453256,-0.00014822285858579785
0.6675,1.5466139623555863,0.03779543189026319,-0.00011135982449392591
0.6725000000000001,1.536706793962827,0.029808021035049655,-8.125052942389854e-05
0.6775,1.5278885264060373,0.022677087975312517,-5.7538057075128536e-05
0.6825000000000001,1.5204459927249105,0.016643387794688998,-3.953603709046144e-05
0.6875,1.514471141979162,0.01178973999312663,-2.63560960261977e-05
0.6924999999999999,1.5098935808903817,0.00806545192493972,-1.7043517124651778e-05
0.6975,1.5065365342474226,0.005331114327314891,-1.0688522455605796e-05
0.7024999999999999,1.5041740494695122,0.003405352291326315,-6.4978064727913495e-06
0.7075,1.5025758282560167,0.002101891124782646,-3.826705174854584e-06
0.7124999999999999,1.5015353889986207,0.0012530516276039218,-2.181321128476461e-06
0.7175,1.5008833403711812,0.0007209658304299877,-1.2022487754892254e-06
0.7224999999999999,1.5004900086840225,0.0003999566099252941,-6.399115500365907e-07
0.7275,1.5002617667257447,0.00021366711959143882,-3.28476382440545e-07
0.7324999999999999,1.5001344794083884,0.0001097711586308554,-1.623676434562238e-07
0.7375,1.500066337859302,5.41502254005984e-05,-7.71628303580864e-08
0.7424999999999999,1.5000313696152596,2.5606649569669726e-05,-3.5195214327820975e-08
0.7475,1.500014194582746,1.1586974060992611e-05,-1.5379042927426457e-08
0.7525,1.5000061343578597,5.007486769309842e-06,-6.425316824732318e-09
0.7575000000000001,1.500002526703359,2.062566276061807e-06,-2.5613446006454647e-09
0.7625,1.5000009897231659,8.079232263910486e-07,-9.720059574889806e-10
0.7675000000000001,1.500000367791989,3.002348674728263e-07,-3.502965570909856e-10
0.7725,1.5000001293242344,1.0557014313890242e-07,-1.1956745665317447e-10
0.7775000000000001,1.5000000429037474,3.502342391868305e-08,-3.8541905140234377e-11
0.7825,1.5000000133864213,1.0927728677570354e-08,-1.1694923515473324e-11
0.7875000000000001,1.500000003914228,3.1953132747346967e-09,-3.328503975258271e-12
0.7925,1.5000000010683379,8.721228673493961e-10,-8.849978236805669e-13
0.7975000000000001,1.5000000002709504,2.2118741057676921e-10,-2.1882679350215912e-13
0.8025,1.500000000063525,5.1858089365327e-11,-5.005701659306516e-14
0.8075000000000001,1.500000000013686,1.1172442067077392e-11,-1.0529887618036642e-14
0.8125,1.5000000000026905,2.196368789061061e-12,-2.0226186511075354e-15
0.8174999999999999,1.5000000000004785,3.907510402325458e-13,-3.518078403738486e-16
0.8225,1.5000000000000762,6.229721450653999e-14,-5.484715064816512e-17
0.8274999999999999,1.5000000000000107,8.726695340954526e-15,-7.519465378381394e-18
0.8325,1.5000000000000013,1.0263701455554982e-15,-8.599893098524572e-19
0.8374999999999999,1.5000000000000002,9.163490537605192e-17,-7.059693578292665e-20
0.8425,1.5,8.323693282883968e-19,-1.2493063660058895e-21
0.8474999999999999,1.5,2.7481503252106387e-21,-5.030673507913082e-24
0.8525,1.5,3.267762997309315e-24,-6.337490176085492e-27
0.8574999999999999,1.5,3.463617211474711e-27,-6.783547386528256e-30
0.8625,1.5,1.1816446623206705e-30,-2.3185311044515414e-33
0.8674999999999999,1.5,0.0,0.0
0.8725,1.5,0.0,0.0
0.8775,1.5,0.0,0.0
0.8825000000000001,1.5,0.0,0.0
0.8875,1.5,0.0,0.0
0.8925000000000001,1.5,0.0,0.0
0.8975,1.5,0.0,0.0
0.9025000000000001,1.5,0.0,0.0
0.9075,1.5,0.0,0.0
0.9125000000000001,1.5,0.0,0.0
0.9175,1.5,0.0,0.0
0.9225000000000001,1.5,0.0,0.0
0.9275,1.5,0.0,0.0
0.9325000000000001,1.5,0.0,0.0
0.9375,1.5,0.0,0.0
0.9424999999999999,1.5,0.0,0.0
0.9475,1.5,0.0,0.0
0.9524999999999999,1.5,0.0,0.0
0.9575,1.5,0.0,0.0
0.9624999999999999,1.5,0.0,0.0
0.9675,1.5,0.0,0.0
0.9724999999999999,1.5,0.0,0.0
0.9775,1.5,0.0,0.0
0.9824999999999999,1.5,0.0,0.0
0.9875,1.5,0.0,0.0
0.9924999999999999,1.5,0.0,0.0
0.9975,1.5,0.0,0.0
